"","date","nhs_region","rh"
0,"2019-01-01","London",0.969127605065888
1,"2019-01-01","South East",0.932758422389969
2,"2019-01-01","South West",0.916411062576379
3,"2019-01-01","Midlands",0.952455333033674
4,"2019-01-01","North East and Yorkshire",0.938596078179616
5,"2019-01-01","East of England",0.956373642798635
6,"2019-01-01","North West",0.931609343385666
7,"2019-01-02","London",0.919621355928775
8,"2019-01-02","South East",0.879271454593003
9,"2019-01-02","South West",0.878951310539945
10,"2019-01-02","Midlands",0.90267943332213
11,"2019-01-02","North East and Yorkshire",0.935064766835366
12,"2019-01-02","East of England",0.92893950790241
13,"2019-01-02","North West",0.895328185215787
14,"2019-01-03","London",0.897458108422896
15,"2019-01-03","South East",0.88928158728679
16,"2019-01-03","South West",0.917981855887818
17,"2019-01-03","Midlands",0.921050784068716
18,"2019-01-03","North East and Yorkshire",0.938682836858508
19,"2019-01-03","East of England",0.892744446246073
20,"2019-01-03","North West",0.906758815638783
21,"2019-01-04","London",0.970038098928777
22,"2019-01-04","South East",0.943885081543485
23,"2019-01-04","South West",0.944678005592915
24,"2019-01-04","Midlands",0.97259661858479
25,"2019-01-04","North East and Yorkshire",0.974123161056459
26,"2019-01-04","East of England",0.962182847581907
27,"2019-01-04","North West",0.966701977711244
28,"2019-01-05","London",0.903924387802553
29,"2019-01-05","South East",0.888365868261464
30,"2019-01-05","South West",0.858164887355208
31,"2019-01-05","Midlands",0.916673093940383
32,"2019-01-05","North East and Yorkshire",0.950339053395284
33,"2019-01-05","East of England",0.922794159006741
34,"2019-01-05","North West",0.937632592658202
35,"2019-01-06","London",0.959494768948656
36,"2019-01-06","South East",0.927315487200305
37,"2019-01-06","South West",0.932960397515466
38,"2019-01-06","Midlands",0.952052207239315
39,"2019-01-06","North East and Yorkshire",0.945028235152334
40,"2019-01-06","East of England",0.94574052552887
41,"2019-01-06","North West",0.929315801473649
42,"2019-01-07","London",0.896703913666131
43,"2019-01-07","South East",0.881042086097994
44,"2019-01-07","South West",0.85797983519741
45,"2019-01-07","Midlands",0.854561591059004
46,"2019-01-07","North East and Yorkshire",0.849106077184214
47,"2019-01-07","East of England",0.884425125522973
48,"2019-01-07","North West",0.843657166403111
49,"2019-01-08","London",0.948153012059247
50,"2019-01-08","South East",0.928840415715181
51,"2019-01-08","South West",0.922108543406304
52,"2019-01-08","Midlands",0.934003744022578
53,"2019-01-08","North East and Yorkshire",0.932305258767654
54,"2019-01-08","East of England",0.931262677759428
55,"2019-01-08","North West",0.903259175986038
56,"2019-01-09","London",0.933641141203636
57,"2019-01-09","South East",0.922036453960597
58,"2019-01-09","South West",0.933227400852115
59,"2019-01-09","Midlands",0.920369424539432
60,"2019-01-09","North East and Yorkshire",0.91512486890322
61,"2019-01-09","East of England",0.922520475640167
62,"2019-01-09","North West",0.919200192097871
63,"2019-01-10","London",0.909078493502032
64,"2019-01-10","South East",0.906710245160942
65,"2019-01-10","South West",0.902705928764509
66,"2019-01-10","Midlands",0.88884729842095
67,"2019-01-10","North East and Yorkshire",0.859303347366254
68,"2019-01-10","East of England",0.896772182535906
69,"2019-01-10","North West",0.877796679068558
70,"2019-01-11","London",0.851367400927009
71,"2019-01-11","South East",0.8430726341353
72,"2019-01-11","South West",0.844161848693384
73,"2019-01-11","Midlands",0.82925427957893
74,"2019-01-11","North East and Yorkshire",0.807376885072836
75,"2019-01-11","East of England",0.85535860815895
76,"2019-01-11","North West",0.827730692156313
77,"2019-01-12","London",0.855503458987125
78,"2019-01-12","South East",0.860153882749148
79,"2019-01-12","South West",0.870143872397388
80,"2019-01-12","Midlands",0.834672318122278
81,"2019-01-12","North East and Yorkshire",0.839141002338982
82,"2019-01-12","East of England",0.840940419462764
83,"2019-01-12","North West",0.869562572880785
84,"2019-01-13","London",0.891261946896121
85,"2019-01-13","South East",0.880166298681639
86,"2019-01-13","South West",0.86886319922605
87,"2019-01-13","Midlands",0.885549838418231
88,"2019-01-13","North East and Yorkshire",0.855722040170348
89,"2019-01-13","East of England",0.883786041290326
90,"2019-01-13","North West",0.889966064681887
91,"2019-01-14","London",0.843375187409755
92,"2019-01-14","South East",0.838472277368745
93,"2019-01-14","South West",0.859745212999193
94,"2019-01-14","Midlands",0.838800233519858
95,"2019-01-14","North East and Yorkshire",0.822607070573962
96,"2019-01-14","East of England",0.839668048951843
97,"2019-01-14","North West",0.834413011254645
98,"2019-01-15","London",0.94243142829799
99,"2019-01-15","South East",0.93892752960306
100,"2019-01-15","South West",0.945023618342545
101,"2019-01-15","Midlands",0.902678297471761
102,"2019-01-15","North East and Yorkshire",0.846154403835396
103,"2019-01-15","East of England",0.922751135438596
104,"2019-01-15","North West",0.879841375049919
105,"2019-01-16","London",0.90264334961767
106,"2019-01-16","South East",0.920102497929592
107,"2019-01-16","South West",0.918061888440676
108,"2019-01-16","Midlands",0.815156345127461
109,"2019-01-16","North East and Yorkshire",0.7743336528464
110,"2019-01-16","East of England",0.880410973301021
111,"2019-01-16","North West",0.817626924422654
112,"2019-01-17","London",0.909793480378956
113,"2019-01-17","South East",0.907762364592008
114,"2019-01-17","South West",0.891725947246554
115,"2019-01-17","Midlands",0.859926141123263
116,"2019-01-17","North East and Yorkshire",0.904532597866517
117,"2019-01-17","East of England",0.899350887884837
118,"2019-01-17","North West",0.897633964896489
119,"2019-01-18","London",0.816489770101401
120,"2019-01-18","South East",0.814172131432931
121,"2019-01-18","South West",0.822538894626016
122,"2019-01-18","Midlands",0.829920240537781
123,"2019-01-18","North East and Yorkshire",0.854937100050409
124,"2019-01-18","East of England",0.843936064956148
125,"2019-01-18","North West",0.861141727669083
126,"2019-01-19","London",0.827921698638215
127,"2019-01-19","South East",0.829884598987815
128,"2019-01-19","South West",0.852279998334378
129,"2019-01-19","Midlands",0.83827903860887
130,"2019-01-19","North East and Yorkshire",0.836484284141145
131,"2019-01-19","East of England",0.822091307143409
132,"2019-01-19","North West",0.860677393167267
133,"2019-01-20","London",0.850526381515169
134,"2019-01-20","South East",0.848582605213028
135,"2019-01-20","South West",0.874158281127358
136,"2019-01-20","Midlands",0.898993557711159
137,"2019-01-20","North East and Yorkshire",0.894392783374074
138,"2019-01-20","East of England",0.861646016910159
139,"2019-01-20","North West",0.908387587727079
140,"2019-01-21","London",0.902219871649623
141,"2019-01-21","South East",0.88684543755855
142,"2019-01-21","South West",0.889543442076837
143,"2019-01-21","Midlands",0.891609393213791
144,"2019-01-21","North East and Yorkshire",0.875001279668524
145,"2019-01-21","East of England",0.891615191983843
146,"2019-01-21","North West",0.878509715470255
147,"2019-01-22","London",0.877113077562112
148,"2019-01-22","South East",0.853232400850125
149,"2019-01-22","South West",0.870417660304241
150,"2019-01-22","Midlands",0.870066569277555
151,"2019-01-22","North East and Yorkshire",0.845136616318801
152,"2019-01-22","East of England",0.897220736591745
153,"2019-01-22","North West",0.867528737100072
154,"2019-01-23","London",0.83841939395161
155,"2019-01-23","South East",0.818819731237271
156,"2019-01-23","South West",0.866457759212461
157,"2019-01-23","Midlands",0.820342565282583
158,"2019-01-23","North East and Yorkshire",0.756268201512336
159,"2019-01-23","East of England",0.837849436007518
160,"2019-01-23","North West",0.810815867845063
161,"2019-01-24","London",0.823187782388948
162,"2019-01-24","South East",0.845229590665552
163,"2019-01-24","South West",0.822865067909348
164,"2019-01-24","Midlands",0.774372636240984
165,"2019-01-24","North East and Yorkshire",0.770778769351407
166,"2019-01-24","East of England",0.793719005830587
167,"2019-01-24","North West",0.795731344967853
168,"2019-01-25","London",0.832844261091024
169,"2019-01-25","South East",0.843219140341634
170,"2019-01-25","South West",0.881184010988905
171,"2019-01-25","Midlands",0.859579247883317
172,"2019-01-25","North East and Yorkshire",0.826572771831299
173,"2019-01-25","East of England",0.83080424990167
174,"2019-01-25","North West",0.864727527820118
175,"2019-01-26","London",0.843539149493751
176,"2019-01-26","South East",0.869553946729319
177,"2019-01-26","South West",0.861120451127952
178,"2019-01-26","Midlands",0.805920009503521
179,"2019-01-26","North East and Yorkshire",0.797653095225447
180,"2019-01-26","East of England",0.836602487403237
181,"2019-01-26","North West",0.832110951820931
182,"2019-01-27","London",0.842581382590741
183,"2019-01-27","South East",0.847050243738187
184,"2019-01-27","South West",0.832647618627556
185,"2019-01-27","Midlands",0.76915423872473
186,"2019-01-27","North East and Yorkshire",0.77381640839608
187,"2019-01-27","East of England",0.828149689859014
188,"2019-01-27","North West",0.787342919163667
189,"2019-01-28","London",0.831608035940923
190,"2019-01-28","South East",0.842700467316008
191,"2019-01-28","South West",0.842348904196874
192,"2019-01-28","Midlands",0.810332029176208
193,"2019-01-28","North East and Yorkshire",0.831371579155778
194,"2019-01-28","East of England",0.830108968241369
195,"2019-01-28","North West",0.832193636060712
196,"2019-01-29","London",0.792841284035226
197,"2019-01-29","South East",0.819084009098547
198,"2019-01-29","South West",0.858862292409041
199,"2019-01-29","Midlands",0.79228243709552
200,"2019-01-29","North East and Yorkshire",0.773978695483615
201,"2019-01-29","East of England",0.785492465336377
202,"2019-01-29","North West",0.850631134567238
203,"2019-01-30","London",0.839719885691073
204,"2019-01-30","South East",0.85605717533228
205,"2019-01-30","South West",0.8493628788286
206,"2019-01-30","Midlands",0.846205293619591
207,"2019-01-30","North East and Yorkshire",0.867794069710611
208,"2019-01-30","East of England",0.846867893353935
209,"2019-01-30","North West",0.892821190062902
210,"2019-01-31","London",0.836701805698228
211,"2019-01-31","South East",0.859229930456864
212,"2019-01-31","South West",0.87196545415673
213,"2019-01-31","Midlands",0.830143948768385
214,"2019-01-31","North East and Yorkshire",0.829257451822421
215,"2019-01-31","East of England",0.838600917107621
216,"2019-01-31","North West",0.860770870746215
217,"2019-02-01","London",0.800071147953357
218,"2019-02-01","South East",0.792257242204973
219,"2019-02-01","South West",0.784745037033604
220,"2019-02-01","Midlands",0.811587895675877
221,"2019-02-01","North East and Yorkshire",0.803516708441022
222,"2019-02-01","East of England",0.806194836260081
223,"2019-02-01","North West",0.808651361236223
224,"2019-02-02","London",0.788668065090863
225,"2019-02-02","South East",0.801481888022877
226,"2019-02-02","South West",0.819590133215338
227,"2019-02-02","Midlands",0.825357667009071
228,"2019-02-02","North East and Yorkshire",0.829132203511064
229,"2019-02-02","East of England",0.788731486444198
230,"2019-02-02","North West",0.832259895260439
231,"2019-02-03","London",0.769462903269346
232,"2019-02-03","South East",0.780535860387888
233,"2019-02-03","South West",0.824432742442668
234,"2019-02-03","Midlands",0.793201439353146
235,"2019-02-03","North East and Yorkshire",0.804089226743532
236,"2019-02-03","East of England",0.775166493765707
237,"2019-02-03","North West",0.820886848145547
238,"2019-02-04","London",0.789275421233492
239,"2019-02-04","South East",0.810495559569568
240,"2019-02-04","South West",0.865014801043529
241,"2019-02-04","Midlands",0.846125963457199
242,"2019-02-04","North East and Yorkshire",0.817558903588305
243,"2019-02-04","East of England",0.794000710240095
244,"2019-02-04","North West",0.864261475498192
245,"2019-02-05","London",0.894290156872558
246,"2019-02-05","South East",0.89107208090901
247,"2019-02-05","South West",0.908159383318844
248,"2019-02-05","Midlands",0.91971743721408
249,"2019-02-05","North East and Yorkshire",0.867436053290789
250,"2019-02-05","East of England",0.876594738269314
251,"2019-02-05","North West",0.909133112342455
252,"2019-02-06","London",0.940331350879205
253,"2019-02-06","South East",0.939828830044887
254,"2019-02-06","South West",0.950085211978509
255,"2019-02-06","Midlands",0.922027306699993
256,"2019-02-06","North East and Yorkshire",0.940707735359115
257,"2019-02-06","East of England",0.923902283095363
258,"2019-02-06","North West",0.943049385455826
259,"2019-02-07","London",0.868032500194999
260,"2019-02-07","South East",0.88485476991358
261,"2019-02-07","South West",0.916454851932749
262,"2019-02-07","Midlands",0.889014576095857
263,"2019-02-07","North East and Yorkshire",0.904950150174622
264,"2019-02-07","East of England",0.869470086105612
265,"2019-02-07","North West",0.923806580644887
266,"2019-02-08","London",0.839982646790398
267,"2019-02-08","South East",0.842815171668723
268,"2019-02-08","South West",0.860303188100204
269,"2019-02-08","Midlands",0.865868926901693
270,"2019-02-08","North East and Yorkshire",0.900397145450888
271,"2019-02-08","East of England",0.848805152168495
272,"2019-02-08","North West",0.9332905418478
273,"2019-02-09","London",0.929661628305082
274,"2019-02-09","South East",0.931243393039559
275,"2019-02-09","South West",0.940168370439535
276,"2019-02-09","Midlands",0.920074167618249
277,"2019-02-09","North East and Yorkshire",0.926970827843277
278,"2019-02-09","East of England",0.914538582218542
279,"2019-02-09","North West",0.933387125644287
280,"2019-02-10","London",0.903368310782677
281,"2019-02-10","South East",0.899749771426685
282,"2019-02-10","South West",0.933793214919319
283,"2019-02-10","Midlands",0.895502959749961
284,"2019-02-10","North East and Yorkshire",0.869781123312995
285,"2019-02-10","East of England",0.901089696512983
286,"2019-02-10","North West",0.932217074782571
287,"2019-02-11","London",0.832609504523795
288,"2019-02-11","South East",0.847447883192424
289,"2019-02-11","South West",0.869576241001534
290,"2019-02-11","Midlands",0.811021700806977
291,"2019-02-11","North East and Yorkshire",0.811958300560245
292,"2019-02-11","East of England",0.819725307865074
293,"2019-02-11","North West",0.861585314886364
294,"2019-02-12","London",0.879567896404964
295,"2019-02-12","South East",0.88570595621062
296,"2019-02-12","South West",0.900130682719918
297,"2019-02-12","Midlands",0.850160631249643
298,"2019-02-12","North East and Yorkshire",0.823804922923533
299,"2019-02-12","East of England",0.854071204484454
300,"2019-02-12","North West",0.838589824982575
301,"2019-02-13","London",0.735133802832003
302,"2019-02-13","South East",0.765540600981245
303,"2019-02-13","South West",0.799481569079072
304,"2019-02-13","Midlands",0.708803306792592
305,"2019-02-13","North East and Yorkshire",0.730048127933173
306,"2019-02-13","East of England",0.714695093081895
307,"2019-02-13","North West",0.754255063778322
308,"2019-02-14","London",0.937057664811784
309,"2019-02-14","South East",0.94309487298423
310,"2019-02-14","South West",0.931364215631488
311,"2019-02-14","Midlands",0.923557746339249
312,"2019-02-14","North East and Yorkshire",0.909958540594067
313,"2019-02-14","East of England",0.930287559044325
314,"2019-02-14","North West",0.925223757717793
315,"2019-02-15","London",0.730232570786804
316,"2019-02-15","South East",0.744186080749924
317,"2019-02-15","South West",0.749901620963643
318,"2019-02-15","Midlands",0.726530502065706
319,"2019-02-15","North East and Yorkshire",0.751125250850418
320,"2019-02-15","East of England",0.729786128075477
321,"2019-02-15","North West",0.756541805746995
322,"2019-02-16","London",0.855352995960677
323,"2019-02-16","South East",0.845939121676574
324,"2019-02-16","South West",0.84173224769872
325,"2019-02-16","Midlands",0.837078851589373
326,"2019-02-16","North East and Yorkshire",0.810424289340795
327,"2019-02-16","East of England",0.847084558889817
328,"2019-02-16","North West",0.834794113038509
329,"2019-02-17","London",0.866134019708897
330,"2019-02-17","South East",0.863826917960352
331,"2019-02-17","South West",0.89581552986503
332,"2019-02-17","Midlands",0.86017854089677
333,"2019-02-17","North East and Yorkshire",0.829803989759703
334,"2019-02-17","East of England",0.853675440343126
335,"2019-02-17","North West",0.867712257003424
336,"2019-02-18","London",0.911477833917195
337,"2019-02-18","South East",0.913902120849645
338,"2019-02-18","South West",0.922432787533795
339,"2019-02-18","Midlands",0.928190984714824
340,"2019-02-18","North East and Yorkshire",0.942244338868417
341,"2019-02-18","East of England",0.913024838137066
342,"2019-02-18","North West",0.954146114470072
343,"2019-02-19","London",0.630406920456879
344,"2019-02-19","South East",0.65938865753618
345,"2019-02-19","South West",0.70309684175135
346,"2019-02-19","Midlands",0.683127846001648
347,"2019-02-19","North East and Yorkshire",0.766581132998616
348,"2019-02-19","East of England",0.617027143056994
349,"2019-02-19","North West",0.744991613622702
350,"2019-02-20","London",0.73379112158112
351,"2019-02-20","South East",0.75786725904616
352,"2019-02-20","South West",0.791311991046677
353,"2019-02-20","Midlands",0.71187120618364
354,"2019-02-20","North East and Yorkshire",0.773452321997617
355,"2019-02-20","East of England",0.693284399896104
356,"2019-02-20","North West",0.757582194037849
357,"2019-02-21","London",0.865095587436253
358,"2019-02-21","South East",0.850266295748328
359,"2019-02-21","South West",0.848370588215989
360,"2019-02-21","Midlands",0.868860948169246
361,"2019-02-21","North East and Yorkshire",0.907436976746295
362,"2019-02-21","East of England",0.853166325052612
363,"2019-02-21","North West",0.905630550881067
364,"2019-02-22","London",0.85241557345399
365,"2019-02-22","South East",0.869778474877269
366,"2019-02-22","South West",0.915016859311013
367,"2019-02-22","Midlands",0.89489371037827
368,"2019-02-22","North East and Yorkshire",0.879201351651667
369,"2019-02-22","East of England",0.847192510207349
370,"2019-02-22","North West",0.900995947183263
371,"2019-02-23","London",0.90734563590432
372,"2019-02-23","South East",0.907201773996348
373,"2019-02-23","South West",0.943719879485782
374,"2019-02-23","Midlands",0.922762119076706
375,"2019-02-23","North East and Yorkshire",0.889933827477629
376,"2019-02-23","East of England",0.898098037872914
377,"2019-02-23","North West",0.895723819181805
378,"2019-02-24","London",0.885118355473875
379,"2019-02-24","South East",0.879285800514189
380,"2019-02-24","South West",0.858954622130178
381,"2019-02-24","Midlands",0.833642535236458
382,"2019-02-24","North East and Yorkshire",0.768591647758271
383,"2019-02-24","East of England",0.868682851753698
384,"2019-02-24","North West",0.770529965044363
385,"2019-02-25","London",0.721089699010558
386,"2019-02-25","South East",0.739604450074089
387,"2019-02-25","South West",0.774556942345282
388,"2019-02-25","Midlands",0.744930795215055
389,"2019-02-25","North East and Yorkshire",0.726402388614745
390,"2019-02-25","East of England",0.71880699435321
391,"2019-02-25","North West",0.742562616092515
392,"2019-02-26","London",0.794974246456087
393,"2019-02-26","South East",0.806792674995735
394,"2019-02-26","South West",0.842516636342567
395,"2019-02-26","Midlands",0.780079806972558
396,"2019-02-26","North East and Yorkshire",0.763458234053161
397,"2019-02-26","East of England",0.776875689916782
398,"2019-02-26","North West",0.761536970263369
399,"2019-02-27","London",0.884331187747332
400,"2019-02-27","South East",0.880118479910445
401,"2019-02-27","South West",0.890198701888494
402,"2019-02-27","Midlands",0.889682773729539
403,"2019-02-27","North East and Yorkshire",0.899150528710259
404,"2019-02-27","East of England",0.876689007181622
405,"2019-02-27","North West",0.893756948375123
406,"2019-02-28","London",0.751866809134478
407,"2019-02-28","South East",0.761558858004185
408,"2019-02-28","South West",0.785812861115547
409,"2019-02-28","Midlands",0.838388233630948
410,"2019-02-28","North East and Yorkshire",0.836040599210411
411,"2019-02-28","East of England",0.771641755802668
412,"2019-02-28","North West",0.85965701003865
413,"2019-03-01","London",0.832215004503319
414,"2019-03-01","South East",0.841500678433303
415,"2019-03-01","South West",0.876040296307633
416,"2019-03-01","Midlands",0.861957513893165
417,"2019-03-01","North East and Yorkshire",0.822172666425428
418,"2019-03-01","East of England",0.821134861152698
419,"2019-03-01","North West",0.882839934233099
420,"2019-03-02","London",0.712100793450286
421,"2019-03-02","South East",0.743354339936945
422,"2019-03-02","South West",0.780614489105916
423,"2019-03-02","Midlands",0.694282118023016
424,"2019-03-02","North East and Yorkshire",0.769744034621751
425,"2019-03-02","East of England",0.696139888507112
426,"2019-03-02","North West",0.790249191060124
427,"2019-03-03","London",0.725109862866868
428,"2019-03-03","South East",0.723828600579003
429,"2019-03-03","South West",0.737129425179715
430,"2019-03-03","Midlands",0.802439903400677
431,"2019-03-03","North East and Yorkshire",0.833597190370661
432,"2019-03-03","East of England",0.762361403662293
433,"2019-03-03","North West",0.823402186245262
434,"2019-03-04","London",0.626056976400014
435,"2019-03-04","South East",0.64461048427353
436,"2019-03-04","South West",0.678759190685039
437,"2019-03-04","Midlands",0.671467261386816
438,"2019-03-04","North East and Yorkshire",0.713661358263278
439,"2019-03-04","East of England",0.629517360587451
440,"2019-03-04","North West",0.743312512736388
441,"2019-03-05","London",0.780032140235013
442,"2019-03-05","South East",0.798696310989467
443,"2019-03-05","South West",0.813040899649814
444,"2019-03-05","Midlands",0.773014872281624
445,"2019-03-05","North East and Yorkshire",0.772809287572248
446,"2019-03-05","East of England",0.775394640696305
447,"2019-03-05","North West",0.80083380287293
448,"2019-03-06","London",0.833062277866007
449,"2019-03-06","South East",0.848059143622243
450,"2019-03-06","South West",0.848277505208811
451,"2019-03-06","Midlands",0.795802403860523
452,"2019-03-06","North East and Yorkshire",0.74883119703387
453,"2019-03-06","East of England",0.80723782814905
454,"2019-03-06","North West",0.78686501006309
455,"2019-03-07","London",0.750593801504147
456,"2019-03-07","South East",0.753658110389166
457,"2019-03-07","South West",0.753342744846538
458,"2019-03-07","Midlands",0.760449977020414
459,"2019-03-07","North East and Yorkshire",0.774122948188943
460,"2019-03-07","East of England",0.751916679431484
461,"2019-03-07","North West",0.779519265825006
462,"2019-03-08","London",0.687222380074841
463,"2019-03-08","South East",0.703468398705797
464,"2019-03-08","South West",0.728785537289297
465,"2019-03-08","Midlands",0.729261262251859
466,"2019-03-08","North East and Yorkshire",0.729995281471898
467,"2019-03-08","East of England",0.694727946409903
468,"2019-03-08","North West",0.794129306069687
469,"2019-03-09","London",0.733632504889721
470,"2019-03-09","South East",0.755673538717004
471,"2019-03-09","South West",0.76868005474448
472,"2019-03-09","Midlands",0.74990641340414
473,"2019-03-09","North East and Yorkshire",0.742184466734786
474,"2019-03-09","East of England",0.743536434184077
475,"2019-03-09","North West",0.759536072552718
476,"2019-03-10","London",0.668600434281592
477,"2019-03-10","South East",0.699952851034816
478,"2019-03-10","South West",0.753536866325653
479,"2019-03-10","Midlands",0.702936219162957
480,"2019-03-10","North East and Yorkshire",0.690584197069115
481,"2019-03-10","East of England",0.677428474883664
482,"2019-03-10","North West",0.698280366418895
483,"2019-03-11","London",0.817499109541635
484,"2019-03-11","South East",0.843171537837729
485,"2019-03-11","South West",0.910155666314153
486,"2019-03-11","Midlands",0.884134284283503
487,"2019-03-11","North East and Yorkshire",0.867155972400132
488,"2019-03-11","East of England",0.792427449997741
489,"2019-03-11","North West",0.890702017134304
490,"2019-03-12","London",0.830472078172748
491,"2019-03-12","South East",0.845424374768188
492,"2019-03-12","South West",0.816672638713355
493,"2019-03-12","Midlands",0.807343466392184
494,"2019-03-12","North East and Yorkshire",0.787577680394042
495,"2019-03-12","East of England",0.81276483769077
496,"2019-03-12","North West",0.8383112907654
497,"2019-03-13","London",0.849973736668913
498,"2019-03-13","South East",0.871474983807054
499,"2019-03-13","South West",0.841548861997349
500,"2019-03-13","Midlands",0.816852748431891
501,"2019-03-13","North East and Yorkshire",0.832242578392954
502,"2019-03-13","East of England",0.826981244432526
503,"2019-03-13","North West",0.861424778018638
504,"2019-03-14","London",0.884883844796515
505,"2019-03-14","South East",0.897340077674613
506,"2019-03-14","South West",0.870898989046642
507,"2019-03-14","Midlands",0.836691489891827
508,"2019-03-14","North East and Yorkshire",0.837947734964802
509,"2019-03-14","East of England",0.869006399938676
510,"2019-03-14","North West",0.849532304071954
511,"2019-03-15","London",0.92088244709644
512,"2019-03-15","South East",0.924664696200675
513,"2019-03-15","South West",0.879790655495458
514,"2019-03-15","Midlands",0.838455274118503
515,"2019-03-15","North East and Yorkshire",0.803785445076472
516,"2019-03-15","East of England",0.928892779154925
517,"2019-03-15","North West",0.778454769392962
518,"2019-03-16","London",0.844650285063388
519,"2019-03-16","South East",0.859427942097126
520,"2019-03-16","South West",0.852970759514352
521,"2019-03-16","Midlands",0.859948762944613
522,"2019-03-16","North East and Yorkshire",0.823139060464461
523,"2019-03-16","East of England",0.86281363100339
524,"2019-03-16","North West",0.787768228580733
525,"2019-03-17","London",0.737150928190921
526,"2019-03-17","South East",0.749770683464824
527,"2019-03-17","South West",0.792867265988386
528,"2019-03-17","Midlands",0.84755188423188
529,"2019-03-17","North East and Yorkshire",0.898475002255165
530,"2019-03-17","East of England",0.778551814093314
531,"2019-03-17","North West",0.877142457251657
532,"2019-03-18","London",0.60269422137842
533,"2019-03-18","South East",0.642357066001322
534,"2019-03-18","South West",0.665719981236047
535,"2019-03-18","Midlands",0.67894165140247
536,"2019-03-18","North East and Yorkshire",0.719793106631258
537,"2019-03-18","East of England",0.648762944292162
538,"2019-03-18","North West",0.662073757186937
539,"2019-03-19","London",0.899133408401018
540,"2019-03-19","South East",0.892980081644889
541,"2019-03-19","South West",0.841402075154128
542,"2019-03-19","Midlands",0.856504722355836
543,"2019-03-19","North East and Yorkshire",0.855178643644202
544,"2019-03-19","East of England",0.881192632069423
545,"2019-03-19","North West",0.848201425809783
546,"2019-03-20","London",0.889559116791091
547,"2019-03-20","South East",0.881880515571202
548,"2019-03-20","South West",0.852840716199561
549,"2019-03-20","Midlands",0.882277002917762
550,"2019-03-20","North East and Yorkshire",0.915543032800608
551,"2019-03-20","East of England",0.886470971318296
552,"2019-03-20","North West",0.861836855089996
553,"2019-03-21","London",0.86015073191453
554,"2019-03-21","South East",0.850133311495013
555,"2019-03-21","South West",0.828754626402593
556,"2019-03-21","Midlands",0.869422424627348
557,"2019-03-21","North East and Yorkshire",0.883306230497621
558,"2019-03-21","East of England",0.861474829311319
559,"2019-03-21","North West",0.848260002387489
560,"2019-03-22","London",0.788463664808691
561,"2019-03-22","South East",0.78371321455105
562,"2019-03-22","South West",0.771299936724733
563,"2019-03-22","Midlands",0.785114281423998
564,"2019-03-22","North East and Yorkshire",0.79466318846887
565,"2019-03-22","East of England",0.783665896968795
566,"2019-03-22","North West",0.759272852713369
567,"2019-03-23","London",0.768318258683273
568,"2019-03-23","South East",0.79265836931772
569,"2019-03-23","South West",0.82581513722288
570,"2019-03-23","Midlands",0.796992465929984
571,"2019-03-23","North East and Yorkshire",0.860507619911535
572,"2019-03-23","East of England",0.775745134113954
573,"2019-03-23","North West",0.830681287426371
574,"2019-03-24","London",0.928937046957579
575,"2019-03-24","South East",0.919763640634038
576,"2019-03-24","South West",0.891578675679579
577,"2019-03-24","Midlands",0.940642364650551
578,"2019-03-24","North East and Yorkshire",0.920471999574827
579,"2019-03-24","East of England",0.918628843144835
580,"2019-03-24","North West",0.906645947768472
581,"2019-03-25","London",0.924442696943271
582,"2019-03-25","South East",0.898154724300784
583,"2019-03-25","South West",0.894571585198149
584,"2019-03-25","Midlands",0.89025257008249
585,"2019-03-25","North East and Yorkshire",0.901137382546358
586,"2019-03-25","East of England",0.918509659083433
587,"2019-03-25","North West",0.862351049160662
588,"2019-03-26","London",0.775994036966751
589,"2019-03-26","South East",0.805975352829489
590,"2019-03-26","South West",0.814616264708754
591,"2019-03-26","Midlands",0.782793119185082
592,"2019-03-26","North East and Yorkshire",0.845319053758986
593,"2019-03-26","East of England",0.768640178368239
594,"2019-03-26","North West",0.783753526084591
595,"2019-03-27","London",0.826306391514638
596,"2019-03-27","South East",0.825715426247705
597,"2019-03-27","South West",0.827045270764972
598,"2019-03-27","Midlands",0.83755985205207
599,"2019-03-27","North East and Yorkshire",0.827361051623076
600,"2019-03-27","East of England",0.816850545004467
601,"2019-03-27","North West",0.835629514146624
602,"2019-03-28","London",0.823416078009328
603,"2019-03-28","South East",0.824575092144333
604,"2019-03-28","South West",0.869324777842092
605,"2019-03-28","Midlands",0.850163208350774
606,"2019-03-28","North East and Yorkshire",0.821998265737736
607,"2019-03-28","East of England",0.80790225117303
608,"2019-03-28","North West",0.825457230911311
609,"2019-03-29","London",0.790213146002966
610,"2019-03-29","South East",0.803238384443699
611,"2019-03-29","South West",0.832730672637752
612,"2019-03-29","Midlands",0.798925609742287
613,"2019-03-29","North East and Yorkshire",0.792534488726799
614,"2019-03-29","East of England",0.775010931177792
615,"2019-03-29","North West",0.822117485937077
616,"2019-03-30","London",0.749738092470363
617,"2019-03-30","South East",0.781015215048109
618,"2019-03-30","South West",0.770800598876475
619,"2019-03-30","Midlands",0.731712560094213
620,"2019-03-30","North East and Yorkshire",0.733103437584044
621,"2019-03-30","East of England",0.773300106717881
622,"2019-03-30","North West",0.738725205232566
623,"2019-03-31","London",0.884943255105352
624,"2019-03-31","South East",0.871124148505768
625,"2019-03-31","South West",0.849060122076642
626,"2019-03-31","Midlands",0.859021377175898
627,"2019-03-31","North East and Yorkshire",0.850049605804498
628,"2019-03-31","East of England",0.901976148487868
629,"2019-03-31","North West",0.76997321712564
630,"2019-04-01","London",0.82094549006417
631,"2019-04-01","South East",0.835868783660358
632,"2019-04-01","South West",0.856705690237017
633,"2019-04-01","Midlands",0.855593678103974
634,"2019-04-01","North East and Yorkshire",0.904804207214876
635,"2019-04-01","East of England",0.816238690943268
636,"2019-04-01","North West",0.898626985593345
637,"2019-04-02","London",0.806481723767173
638,"2019-04-02","South East",0.82608878747205
639,"2019-04-02","South West",0.849666770881279
640,"2019-04-02","Midlands",0.840651053782218
641,"2019-04-02","North East and Yorkshire",0.803726824160241
642,"2019-04-02","East of England",0.827173888131279
643,"2019-04-02","North West",0.873029690511945
644,"2019-04-03","London",0.764263537418338
645,"2019-04-03","South East",0.794772106325721
646,"2019-04-03","South West",0.776364055485028
647,"2019-04-03","Midlands",0.793363169346783
648,"2019-04-03","North East and Yorkshire",0.747778957421909
649,"2019-04-03","East of England",0.79289237414838
650,"2019-04-03","North West",0.818930690373535
651,"2019-04-04","London",0.861846651249134
652,"2019-04-04","South East",0.839740138171476
653,"2019-04-04","South West",0.843414584079393
654,"2019-04-04","Midlands",0.855834899094903
655,"2019-04-04","North East and Yorkshire",0.821792485312984
656,"2019-04-04","East of England",0.885147314866034
657,"2019-04-04","North West",0.898903525365033
658,"2019-04-05","London",0.784985110657454
659,"2019-04-05","South East",0.781045817019432
660,"2019-04-05","South West",0.822922234150379
661,"2019-04-05","Midlands",0.859034637814019
662,"2019-04-05","North East and Yorkshire",0.894650900407205
663,"2019-04-05","East of England",0.817681242303553
664,"2019-04-05","North West",0.861783361926801
665,"2019-04-06","London",0.838692959803983
666,"2019-04-06","South East",0.841315355918069
667,"2019-04-06","South West",0.837209406055298
668,"2019-04-06","Midlands",0.836514062138857
669,"2019-04-06","North East and Yorkshire",0.83267440907141
670,"2019-04-06","East of England",0.844355954718646
671,"2019-04-06","North West",0.883439426727963
672,"2019-04-07","London",0.734936473898775
673,"2019-04-07","South East",0.759713949890212
674,"2019-04-07","South West",0.783927025317096
675,"2019-04-07","Midlands",0.781934619437415
676,"2019-04-07","North East and Yorkshire",0.776625399643124
677,"2019-04-07","East of England",0.765730433459162
678,"2019-04-07","North West",0.840964981920374
679,"2019-04-08","London",0.768845051735055
680,"2019-04-08","South East",0.797380980179701
681,"2019-04-08","South West",0.797246794488202
682,"2019-04-08","Midlands",0.808902383669687
683,"2019-04-08","North East and Yorkshire",0.797582040047498
684,"2019-04-08","East of England",0.783630159817744
685,"2019-04-08","North West",0.833764533973241
686,"2019-04-09","London",0.71976079508349
687,"2019-04-09","South East",0.72299089456348
688,"2019-04-09","South West",0.737155155495466
689,"2019-04-09","Midlands",0.73689245720123
690,"2019-04-09","North East and Yorkshire",0.731175901022773
691,"2019-04-09","East of England",0.741807634706911
692,"2019-04-09","North West",0.800264240941046
693,"2019-04-10","London",0.725023655444821
694,"2019-04-10","South East",0.731133330654293
695,"2019-04-10","South West",0.756102158403524
696,"2019-04-10","Midlands",0.732858082820948
697,"2019-04-10","North East and Yorkshire",0.736473134722668
698,"2019-04-10","East of England",0.735720430388905
699,"2019-04-10","North West",0.791077789908876
700,"2019-04-11","London",0.716956041849945
701,"2019-04-11","South East",0.759635834563676
702,"2019-04-11","South West",0.800552782230981
703,"2019-04-11","Midlands",0.742378328000993
704,"2019-04-11","North East and Yorkshire",0.748079693659328
705,"2019-04-11","East of England",0.72487942080719
706,"2019-04-11","North West",0.788138580435012
707,"2019-04-12","London",0.711479706603995
708,"2019-04-12","South East",0.759732155500306
709,"2019-04-12","South West",0.80024275288648
710,"2019-04-12","Midlands",0.75045097144653
711,"2019-04-12","North East and Yorkshire",0.742499173154652
712,"2019-04-12","East of England",0.737343387807555
713,"2019-04-12","North West",0.805625483742857
714,"2019-04-13","London",0.71799035946914
715,"2019-04-13","South East",0.766190482852612
716,"2019-04-13","South West",0.782078296679087
717,"2019-04-13","Midlands",0.788099803309456
718,"2019-04-13","North East and Yorkshire",0.820343228644374
719,"2019-04-13","East of England",0.76308627913503
720,"2019-04-13","North West",0.868062625388275
721,"2019-04-14","London",0.777666771296965
722,"2019-04-14","South East",0.779623390524741
723,"2019-04-14","South West",0.777008424528512
724,"2019-04-14","Midlands",0.714738047084589
725,"2019-04-14","North East and Yorkshire",0.717419479925518
726,"2019-04-14","East of England",0.754077110613846
727,"2019-04-14","North West",0.67619790157617
728,"2019-04-15","London",0.746401058689124
729,"2019-04-15","South East",0.756373693598741
730,"2019-04-15","South West",0.73037267802
731,"2019-04-15","Midlands",0.722086874480959
732,"2019-04-15","North East and Yorkshire",0.719121296237246
733,"2019-04-15","East of England",0.729235256632295
734,"2019-04-15","North West",0.747752901539635
735,"2019-04-16","London",0.798490410876275
736,"2019-04-16","South East",0.81327250778094
737,"2019-04-16","South West",0.802128063046721
738,"2019-04-16","Midlands",0.783357862670253
739,"2019-04-16","North East and Yorkshire",0.769922059567268
740,"2019-04-16","East of England",0.778932979520992
741,"2019-04-16","North West",0.764382214197098
742,"2019-04-17","London",0.734090513155211
743,"2019-04-17","South East",0.719619588392552
744,"2019-04-17","South West",0.686886910853814
745,"2019-04-17","Midlands",0.699595173060632
746,"2019-04-17","North East and Yorkshire",0.740604724931381
747,"2019-04-17","East of England",0.733556383450651
748,"2019-04-17","North West",0.698571131900429
749,"2019-04-18","London",0.75538972136759
750,"2019-04-18","South East",0.775006129617366
751,"2019-04-18","South West",0.803169135227748
752,"2019-04-18","Midlands",0.773052790286379
753,"2019-04-18","North East and Yorkshire",0.80090851526478
754,"2019-04-18","East of England",0.776539731380461
755,"2019-04-18","North West",0.760081188910362
756,"2019-04-19","London",0.817565715655177
757,"2019-04-19","South East",0.845317983494512
758,"2019-04-19","South West",0.857633451271951
759,"2019-04-19","Midlands",0.841846659315203
760,"2019-04-19","North East and Yorkshire",0.858823746979565
761,"2019-04-19","East of England",0.834896030881639
762,"2019-04-19","North West",0.828847032263677
763,"2019-04-20","London",0.934795078619998
764,"2019-04-20","South East",0.943626150535925
765,"2019-04-20","South West",0.936257158513027
766,"2019-04-20","Midlands",0.926692167460663
767,"2019-04-20","North East and Yorkshire",0.890063939439302
768,"2019-04-20","East of England",0.921136059608152
769,"2019-04-20","North West",0.854795073491425
770,"2019-04-21","London",0.822502852452072
771,"2019-04-21","South East",0.849552046505258
772,"2019-04-21","South West",0.838167135351212
773,"2019-04-21","Midlands",0.796436755200419
774,"2019-04-21","North East and Yorkshire",0.841045786922252
775,"2019-04-21","East of England",0.827900640505882
776,"2019-04-21","North West",0.827882106361533
777,"2019-04-22","London",0.880173300511224
778,"2019-04-22","South East",0.919544700995757
779,"2019-04-22","South West",0.952613966525548
780,"2019-04-22","Midlands",0.920251643526445
781,"2019-04-22","North East and Yorkshire",0.902805085032988
782,"2019-04-22","East of England",0.868779768645633
783,"2019-04-22","North West",0.893331454619184
784,"2019-04-23","London",0.660339904208373
785,"2019-04-23","South East",0.657498759040079
786,"2019-04-23","South West",0.66225624761011
787,"2019-04-23","Midlands",0.607944007316394
788,"2019-04-23","North East and Yorkshire",0.62037956894489
789,"2019-04-23","East of England",0.673549688695879
790,"2019-04-23","North West",0.616706977738053
791,"2019-04-24","London",0.663567699784202
792,"2019-04-24","South East",0.691113050353016
793,"2019-04-24","South West",0.753558890890488
794,"2019-04-24","Midlands",0.65762985160154
795,"2019-04-24","North East and Yorkshire",0.677824249076812
796,"2019-04-24","East of England",0.680385772246311
797,"2019-04-24","North West",0.619351463088843
798,"2019-04-25","London",0.763410829174665
799,"2019-04-25","South East",0.805765929223743
800,"2019-04-25","South West",0.894598259196663
801,"2019-04-25","Midlands",0.793983302969888
802,"2019-04-25","North East and Yorkshire",0.771275977102365
803,"2019-04-25","East of England",0.758484520758401
804,"2019-04-25","North West",0.775183062620205
805,"2019-04-26","London",0.866674192821418
806,"2019-04-26","South East",0.854413722445782
807,"2019-04-26","South West",0.867090862292678
808,"2019-04-26","Midlands",0.860212016694825
809,"2019-04-26","North East and Yorkshire",0.878066077088192
810,"2019-04-26","East of England",0.885228064044282
811,"2019-04-26","North West",0.860531942069828
812,"2019-04-27","London",0.767466185133346
813,"2019-04-27","South East",0.801831484945235
814,"2019-04-27","South West",0.854940703953396
815,"2019-04-27","Midlands",0.800729328640849
816,"2019-04-27","North East and Yorkshire",0.879173897109634
817,"2019-04-27","East of England",0.788704528104522
818,"2019-04-27","North West",0.872671656877688
819,"2019-04-28","London",0.741793521465253
820,"2019-04-28","South East",0.807548632045675
821,"2019-04-28","South West",0.890771918460999
822,"2019-04-28","Midlands",0.83576065377122
823,"2019-04-28","North East and Yorkshire",0.878090761341071
824,"2019-04-28","East of England",0.768130783404828
825,"2019-04-28","North West",0.909225658090783
826,"2019-04-29","London",0.805718485726764
827,"2019-04-29","South East",0.813872848590871
828,"2019-04-29","South West",0.794751523699785
829,"2019-04-29","Midlands",0.785486542426426
830,"2019-04-29","North East and Yorkshire",0.810533407645029
831,"2019-04-29","East of England",0.824704333253797
832,"2019-04-29","North West",0.859798351201589
833,"2019-04-30","London",0.712379480084039
834,"2019-04-30","South East",0.761023017938686
835,"2019-04-30","South West",0.763879515244412
836,"2019-04-30","Midlands",0.748004999174333
837,"2019-04-30","North East and Yorkshire",0.744345859256926
838,"2019-04-30","East of England",0.733527909099513
839,"2019-04-30","North West",0.731278000462011
840,"2019-05-01","London",0.640224898519117
841,"2019-05-01","South East",0.66194170435221
842,"2019-05-01","South West",0.701660700102656
843,"2019-05-01","Midlands",0.674229302409057
844,"2019-05-01","North East and Yorkshire",0.738776151284757
845,"2019-05-01","East of England",0.681398423495422
846,"2019-05-01","North West",0.667380010123729
847,"2019-05-02","London",0.637518637349545
848,"2019-05-02","South East",0.652969670922687
849,"2019-05-02","South West",0.635644515767301
850,"2019-05-02","Midlands",0.649996820361189
851,"2019-05-02","North East and Yorkshire",0.749791654468636
852,"2019-05-02","East of England",0.670827112419915
853,"2019-05-02","North West",0.615482212476658
854,"2019-05-03","London",0.728004656031289
855,"2019-05-03","South East",0.732222542323925
856,"2019-05-03","South West",0.697744874422656
857,"2019-05-03","Midlands",0.688129516806411
858,"2019-05-03","North East and Yorkshire",0.752736679599788
859,"2019-05-03","East of England",0.743704138561391
860,"2019-05-03","North West",0.669256687329843
861,"2019-05-04","London",0.718511004726449
862,"2019-05-04","South East",0.720128380241717
863,"2019-05-04","South West",0.737722739246691
864,"2019-05-04","Midlands",0.759632512241679
865,"2019-05-04","North East and Yorkshire",0.799848972013451
866,"2019-05-04","East of England",0.753759357123115
867,"2019-05-04","North West",0.73284898559506
868,"2019-05-05","London",0.654500498556447
869,"2019-05-05","South East",0.67016867534645
870,"2019-05-05","South West",0.682335809505854
871,"2019-05-05","Midlands",0.685734729369333
872,"2019-05-05","North East and Yorkshire",0.769177700290899
873,"2019-05-05","East of England",0.712465201665367
874,"2019-05-05","North West",0.685706176449226
875,"2019-05-06","London",0.739699226744714
876,"2019-05-06","South East",0.727218535598011
877,"2019-05-06","South West",0.705855571568525
878,"2019-05-06","Midlands",0.749704937544289
879,"2019-05-06","North East and Yorkshire",0.794328902958448
880,"2019-05-06","East of England",0.762642618169866
881,"2019-05-06","North West",0.723576225558493
882,"2019-05-07","London",0.81162476728484
883,"2019-05-07","South East",0.816182524624264
884,"2019-05-07","South West",0.837248063038379
885,"2019-05-07","Midlands",0.765547316366675
886,"2019-05-07","North East and Yorkshire",0.729094947479527
887,"2019-05-07","East of England",0.801011716435743
888,"2019-05-07","North West",0.766944891413086
889,"2019-05-08","London",0.731911463341566
890,"2019-05-08","South East",0.749133669272258
891,"2019-05-08","South West",0.752427981501537
892,"2019-05-08","Midlands",0.717105412119915
893,"2019-05-08","North East and Yorkshire",0.720182538832454
894,"2019-05-08","East of England",0.763563569358076
895,"2019-05-08","North West",0.751680305078393
896,"2019-05-09","London",0.816891706524979
897,"2019-05-09","South East",0.829177559593572
898,"2019-05-09","South West",0.838180779495793
899,"2019-05-09","Midlands",0.849645856859269
900,"2019-05-09","North East and Yorkshire",0.854746015135865
901,"2019-05-09","East of England",0.810166763315294
902,"2019-05-09","North West",0.867551457745484
903,"2019-05-10","London",0.78822912719937
904,"2019-05-10","South East",0.806226656056059
905,"2019-05-10","South West",0.862359629359698
906,"2019-05-10","Midlands",0.87825983991932
907,"2019-05-10","North East and Yorkshire",0.905095056563189
908,"2019-05-10","East of England",0.792373966842468
909,"2019-05-10","North West",0.909820641846006
910,"2019-05-11","London",0.827023872162758
911,"2019-05-11","South East",0.814209693329106
912,"2019-05-11","South West",0.757947339766692
913,"2019-05-11","Midlands",0.778181306413263
914,"2019-05-11","North East and Yorkshire",0.759550454484115
915,"2019-05-11","East of England",0.823168642983291
916,"2019-05-11","North West",0.756572110583854
917,"2019-05-12","London",0.795360920964545
918,"2019-05-12","South East",0.7979908463229
919,"2019-05-12","South West",0.850265344767847
920,"2019-05-12","Midlands",0.811414276669876
921,"2019-05-12","North East and Yorkshire",0.786720731442867
922,"2019-05-12","East of England",0.7845270372422
923,"2019-05-12","North West",0.802242906929902
924,"2019-05-13","London",0.827703789873647
925,"2019-05-13","South East",0.829560405472235
926,"2019-05-13","South West",0.838458024803249
927,"2019-05-13","Midlands",0.829807519046821
928,"2019-05-13","North East and Yorkshire",0.741028431741521
929,"2019-05-13","East of England",0.81297630748683
930,"2019-05-13","North West",0.803834931993323
931,"2019-05-14","London",0.617785400794535
932,"2019-05-14","South East",0.653146917133685
933,"2019-05-14","South West",0.708659023897768
934,"2019-05-14","Midlands",0.724041906966482
935,"2019-05-14","North East and Yorkshire",0.819346077442138
936,"2019-05-14","East of England",0.683960505391606
937,"2019-05-14","North West",0.756087258127056
938,"2019-05-15","London",0.819352465771109
939,"2019-05-15","South East",0.845963458454691
940,"2019-05-15","South West",0.888178566055959
941,"2019-05-15","Midlands",0.908288984893057
942,"2019-05-15","North East and Yorkshire",0.926426124327034
943,"2019-05-15","East of England",0.839952054049703
944,"2019-05-15","North West",0.887357572547604
945,"2019-05-16","London",0.904762396442322
946,"2019-05-16","South East",0.870529713440417
947,"2019-05-16","South West",0.859235603697387
948,"2019-05-16","Midlands",0.905403662270279
949,"2019-05-16","North East and Yorkshire",0.8516295671032
950,"2019-05-16","East of England",0.893920804787029
951,"2019-05-16","North West",0.830276885485251
952,"2019-05-17","London",0.795570829254766
953,"2019-05-17","South East",0.796138448231999
954,"2019-05-17","South West",0.802843090683229
955,"2019-05-17","Midlands",0.835322319298751
956,"2019-05-17","North East and Yorkshire",0.78482636909503
957,"2019-05-17","East of England",0.81597138201707
958,"2019-05-17","North West",0.807354615122287
959,"2019-05-18","London",0.809785537665805
960,"2019-05-18","South East",0.776629073338435
961,"2019-05-18","South West",0.68841470888248
962,"2019-05-18","Midlands",0.736138740051388
963,"2019-05-18","North East and Yorkshire",0.763193987471958
964,"2019-05-18","East of England",0.79430665791545
965,"2019-05-18","North West",0.742467757818214
966,"2019-05-19","London",0.655423940443399
967,"2019-05-19","South East",0.69016575498729
968,"2019-05-19","South West",0.660744119722377
969,"2019-05-19","Midlands",0.63011600601732
970,"2019-05-19","North East and Yorkshire",0.678624109363718
971,"2019-05-19","East of England",0.665224270547959
972,"2019-05-19","North West",0.665631149398377
973,"2019-05-20","London",0.620471920809031
974,"2019-05-20","South East",0.622680760472626
975,"2019-05-20","South West",0.60790953766609
976,"2019-05-20","Midlands",0.614107280516001
977,"2019-05-20","North East and Yorkshire",0.629950891379153
978,"2019-05-20","East of England",0.643648643441785
979,"2019-05-20","North West",0.637400083043539
980,"2019-05-21","London",0.752642272430041
981,"2019-05-21","South East",0.701695180064928
982,"2019-05-21","South West",0.657989018217038
983,"2019-05-21","Midlands",0.71849761527972
984,"2019-05-21","North East and Yorkshire",0.733646629529589
985,"2019-05-21","East of England",0.759211351389422
986,"2019-05-21","North West",0.717869054126585
987,"2019-05-22","London",0.678422856370733
988,"2019-05-22","South East",0.662748538981364
989,"2019-05-22","South West",0.654521145740775
990,"2019-05-22","Midlands",0.667570178502959
991,"2019-05-22","North East and Yorkshire",0.749834114861698
992,"2019-05-22","East of England",0.699046463236887
993,"2019-05-22","North West",0.724864125161627
994,"2019-05-23","London",0.744011903834095
995,"2019-05-23","South East",0.766779633562672
996,"2019-05-23","South West",0.848643256701245
997,"2019-05-23","Midlands",0.787952592509381
998,"2019-05-23","North East and Yorkshire",0.772219422879665
999,"2019-05-23","East of England",0.731098128919027
1000,"2019-05-23","North West",0.814659021927554
1001,"2019-05-24","London",0.763451940022894
1002,"2019-05-24","South East",0.789716912798898
1003,"2019-05-24","South West",0.825850096613324
1004,"2019-05-24","Midlands",0.780472692269811
1005,"2019-05-24","North East and Yorkshire",0.789049366379614
1006,"2019-05-24","East of England",0.777066308933157
1007,"2019-05-24","North West",0.809439615024134
1008,"2019-05-25","London",0.779414464201114
1009,"2019-05-25","South East",0.784153153419564
1010,"2019-05-25","South West",0.78968339940448
1011,"2019-05-25","Midlands",0.828548620636263
1012,"2019-05-25","North East and Yorkshire",0.86498810180932
1013,"2019-05-25","East of England",0.778550941354764
1014,"2019-05-25","North West",0.851193823014505
1015,"2019-05-26","London",0.669556575269618
1016,"2019-05-26","South East",0.712014308043277
1017,"2019-05-26","South West",0.738254838613652
1018,"2019-05-26","Midlands",0.711460158012316
1019,"2019-05-26","North East and Yorkshire",0.750436669624936
1020,"2019-05-26","East of England",0.698828018832829
1021,"2019-05-26","North West",0.751729994461093
1022,"2019-05-27","London",0.636269593486608
1023,"2019-05-27","South East",0.704182132319823
1024,"2019-05-27","South West",0.744333907622224
1025,"2019-05-27","Midlands",0.74828440802671
1026,"2019-05-27","North East and Yorkshire",0.76884907151511
1027,"2019-05-27","East of England",0.675704132035557
1028,"2019-05-27","North West",0.819911506663937
1029,"2019-05-28","London",0.81162476728484
1030,"2019-05-28","South East",0.816182524624264
1031,"2019-05-28","South West",0.837248063038379
1032,"2019-05-28","Midlands",0.765547316366675
1033,"2019-05-28","North East and Yorkshire",0.729094947479527
1034,"2019-05-28","East of England",0.801011716435743
1035,"2019-05-28","North West",0.766944891413086
1036,"2019-05-29","London",0.731911463341566
1037,"2019-05-29","South East",0.749133669272258
1038,"2019-05-29","South West",0.752427981501537
1039,"2019-05-29","Midlands",0.717105412119915
1040,"2019-05-29","North East and Yorkshire",0.720182538832454
1041,"2019-05-29","East of England",0.763563569358076
1042,"2019-05-29","North West",0.751680305078393
1043,"2019-05-30","London",0.816891706524979
1044,"2019-05-30","South East",0.829177559593572
1045,"2019-05-30","South West",0.838180779495793
1046,"2019-05-30","Midlands",0.849645856859269
1047,"2019-05-30","North East and Yorkshire",0.854746015135865
1048,"2019-05-30","East of England",0.810166763315294
1049,"2019-05-30","North West",0.867551457745484
1050,"2019-05-31","London",0.78822912719937
1051,"2019-05-31","South East",0.806226656056059
1052,"2019-05-31","South West",0.862359629359698
1053,"2019-05-31","Midlands",0.87825983991932
1054,"2019-05-31","North East and Yorkshire",0.905095056563189
1055,"2019-05-31","East of England",0.792373966842468
1056,"2019-05-31","North West",0.909820641846006
1057,"2019-06-01","London",0.827023872162758
1058,"2019-06-01","South East",0.814209693329106
1059,"2019-06-01","South West",0.757947339766692
1060,"2019-06-01","Midlands",0.778181306413263
1061,"2019-06-01","North East and Yorkshire",0.759550454484115
1062,"2019-06-01","East of England",0.823168642983291
1063,"2019-06-01","North West",0.756572110583854
1064,"2019-06-02","London",0.795360920964545
1065,"2019-06-02","South East",0.7979908463229
1066,"2019-06-02","South West",0.850265344767847
1067,"2019-06-02","Midlands",0.811414276669876
1068,"2019-06-02","North East and Yorkshire",0.786720731442867
1069,"2019-06-02","East of England",0.7845270372422
1070,"2019-06-02","North West",0.802242906929902
1071,"2019-06-03","London",0.827703789873647
1072,"2019-06-03","South East",0.829560405472235
1073,"2019-06-03","South West",0.838458024803249
1074,"2019-06-03","Midlands",0.829807519046821
1075,"2019-06-03","North East and Yorkshire",0.741028431741521
1076,"2019-06-03","East of England",0.81297630748683
1077,"2019-06-03","North West",0.803834931993323
1078,"2019-06-04","London",0.699480472937868
1079,"2019-06-04","South East",0.76040652977494
1080,"2019-06-04","South West",0.764662740982784
1081,"2019-06-04","Midlands",0.625267966534575
1082,"2019-06-04","North East and Yorkshire",0.655134213197083
1083,"2019-06-04","East of England",0.662829102860087
1084,"2019-06-04","North West",0.705981074010311
1085,"2019-06-05","London",0.843425331450771
1086,"2019-06-05","South East",0.842951437612905
1087,"2019-06-05","South West",0.834123143505151
1088,"2019-06-05","Midlands",0.792909721380323
1089,"2019-06-05","North East and Yorkshire",0.725076362596793
1090,"2019-06-05","East of England",0.818034523947305
1091,"2019-06-05","North West",0.782496734077288
1092,"2019-06-06","London",0.678556257560356
1093,"2019-06-06","South East",0.735500562940692
1094,"2019-06-06","South West",0.76172814967122
1095,"2019-06-06","Midlands",0.688059035577506
1096,"2019-06-06","North East and Yorkshire",0.684773671723432
1097,"2019-06-06","East of England",0.675253868919924
1098,"2019-06-06","North West",0.714728854771528
1099,"2019-06-07","London",0.672042980936835
1100,"2019-06-07","South East",0.723172550143245
1101,"2019-06-07","South West",0.748544456697271
1102,"2019-06-07","Midlands",0.68945795103977
1103,"2019-06-07","North East and Yorkshire",0.693249879055518
1104,"2019-06-07","East of England",0.665134344943921
1105,"2019-06-07","North West",0.72856402859785
1106,"2019-06-08","London",0.685409051642471
1107,"2019-06-08","South East",0.729283718308306
1108,"2019-06-08","South West",0.740991920807691
1109,"2019-06-08","Midlands",0.69327321242507
1110,"2019-06-08","North East and Yorkshire",0.695420175327625
1111,"2019-06-08","East of England",0.704046022663381
1112,"2019-06-08","North West",0.736466861694679
1113,"2019-06-09","London",0.76224059926768
1114,"2019-06-09","South East",0.804181165615807
1115,"2019-06-09","South West",0.853042202526927
1116,"2019-06-09","Midlands",0.81303249998927
1117,"2019-06-09","North East and Yorkshire",0.790728709961191
1118,"2019-06-09","East of England",0.777543902298925
1119,"2019-06-09","North West",0.771295329198824
1120,"2019-06-10","London",0.789982310600701
1121,"2019-06-10","South East",0.846215121776285
1122,"2019-06-10","South West",0.866446872433632
1123,"2019-06-10","Midlands",0.838535667399216
1124,"2019-06-10","North East and Yorkshire",0.887317809016668
1125,"2019-06-10","East of England",0.790428124015934
1126,"2019-06-10","North West",0.863342676360417
1127,"2019-06-11","London",0.664470236000017
1128,"2019-06-11","South East",0.667915647008
1129,"2019-06-11","South West",0.725683477045647
1130,"2019-06-11","Midlands",0.687745701728686
1131,"2019-06-11","North East and Yorkshire",0.674785766842019
1132,"2019-06-11","East of England",0.695382600057491
1133,"2019-06-11","North West",0.738998767572253
1134,"2019-06-12","London",0.698675838984776
1135,"2019-06-12","South East",0.694279375898398
1136,"2019-06-12","South West",0.682345338572605
1137,"2019-06-12","Midlands",0.690813322321813
1138,"2019-06-12","North East and Yorkshire",0.703918284757484
1139,"2019-06-12","East of England",0.72934962843014
1140,"2019-06-12","North West",0.764092407268074
1141,"2019-06-13","London",0.739942073463051
1142,"2019-06-13","South East",0.724248077038009
1143,"2019-06-13","South West",0.722993052378191
1144,"2019-06-13","Midlands",0.713367207578024
1145,"2019-06-13","North East and Yorkshire",0.706538229620199
1146,"2019-06-13","East of England",0.765567176491967
1147,"2019-06-13","North West",0.757126857716669
1148,"2019-06-14","London",0.666771044812389
1149,"2019-06-14","South East",0.6548446238583
1150,"2019-06-14","South West",0.624332955634833
1151,"2019-06-14","Midlands",0.658447861172999
1152,"2019-06-14","North East and Yorkshire",0.706299181282827
1153,"2019-06-14","East of England",0.694140177989468
1154,"2019-06-14","North West",0.75511622346981
1155,"2019-06-15","London",0.710008257414539
1156,"2019-06-15","South East",0.697154876138654
1157,"2019-06-15","South West",0.641948447567048
1158,"2019-06-15","Midlands",0.639903867094747
1159,"2019-06-15","North East and Yorkshire",0.654901384819599
1160,"2019-06-15","East of England",0.725970226589791
1161,"2019-06-15","North West",0.671908443735017
1162,"2019-06-16","London",0.639766830147852
1163,"2019-06-16","South East",0.643357667552954
1164,"2019-06-16","South West",0.670277848500504
1165,"2019-06-16","Midlands",0.7193359230655
1166,"2019-06-16","North East and Yorkshire",0.742793946393268
1167,"2019-06-16","East of England",0.703410075699022
1168,"2019-06-16","North West",0.737660694223855
1169,"2019-06-17","London",0.669101513211983
1170,"2019-06-17","South East",0.670214413973022
1171,"2019-06-17","South West",0.641017895243953
1172,"2019-06-17","Midlands",0.681663014825184
1173,"2019-06-17","North East and Yorkshire",0.701419433463409
1174,"2019-06-17","East of England",0.690603539163898
1175,"2019-06-17","North West",0.673742540645173
1176,"2019-06-18","London",0.82320803683501
1177,"2019-06-18","South East",0.831051558534077
1178,"2019-06-18","South West",0.833877179230729
1179,"2019-06-18","Midlands",0.844425020888572
1180,"2019-06-18","North East and Yorkshire",0.872338337736882
1181,"2019-06-18","East of England",0.811437697137337
1182,"2019-06-18","North West",0.863793121047026
1183,"2019-06-19","London",0.808899207123349
1184,"2019-06-19","South East",0.838016658157502
1185,"2019-06-19","South West",0.854030022678171
1186,"2019-06-19","Midlands",0.826307247519866
1187,"2019-06-19","North East and Yorkshire",0.815314383022427
1188,"2019-06-19","East of England",0.805880271684
1189,"2019-06-19","North West",0.854833365650233
1190,"2019-06-20","London",0.819476629143739
1191,"2019-06-20","South East",0.844051540005634
1192,"2019-06-20","South West",0.832965346977898
1193,"2019-06-20","Midlands",0.757281569549562
1194,"2019-06-20","North East and Yorkshire",0.765782348840165
1195,"2019-06-20","East of England",0.810564346136095
1196,"2019-06-20","North West",0.804230122311083
1197,"2019-06-21","London",0.801615528815634
1198,"2019-06-21","South East",0.812259637853963
1199,"2019-06-21","South West",0.803462434199973
1200,"2019-06-21","Midlands",0.775349126006269
1201,"2019-06-21","North East and Yorkshire",0.792151606536101
1202,"2019-06-21","East of England",0.823176854410214
1203,"2019-06-21","North West",0.794026728813993
1204,"2019-06-22","London",0.791487133728307
1205,"2019-06-22","South East",0.831573876899528
1206,"2019-06-22","South West",0.857546788317741
1207,"2019-06-22","Midlands",0.821880953486753
1208,"2019-06-22","North East and Yorkshire",0.874613284466615
1209,"2019-06-22","East of England",0.81857217463967
1210,"2019-06-22","North West",0.858507077332055
1211,"2019-06-23","London",0.81934809798542
1212,"2019-06-23","South East",0.861269038188876
1213,"2019-06-23","South West",0.904817333884651
1214,"2019-06-23","Midlands",0.826771983592924
1215,"2019-06-23","North East and Yorkshire",0.826533859859833
1216,"2019-06-23","East of England",0.817166302720783
1217,"2019-06-23","North West",0.828294942157572
1218,"2019-06-24","London",0.893632782032995
1219,"2019-06-24","South East",0.875458993830012
1220,"2019-06-24","South West",0.864476261522555
1221,"2019-06-24","Midlands",0.8774009098691
1222,"2019-06-24","North East and Yorkshire",0.89997886833328
1223,"2019-06-24","East of England",0.876298327853018
1224,"2019-06-24","North West",0.894821597879284
1225,"2019-06-25","London",0.752642272430041
1226,"2019-06-25","South East",0.701695180064928
1227,"2019-06-25","South West",0.657989018217038
1228,"2019-06-25","Midlands",0.71849761527972
1229,"2019-06-25","North East and Yorkshire",0.733646629529589
1230,"2019-06-25","East of England",0.759211351389422
1231,"2019-06-25","North West",0.717869054126585
1232,"2019-06-26","London",0.678422856370733
1233,"2019-06-26","South East",0.662748538981364
1234,"2019-06-26","South West",0.654521145740775
1235,"2019-06-26","Midlands",0.667570178502959
1236,"2019-06-26","North East and Yorkshire",0.749834114861698
1237,"2019-06-26","East of England",0.699046463236887
1238,"2019-06-26","North West",0.724864125161627
1239,"2019-06-27","London",0.744011903834095
1240,"2019-06-27","South East",0.766779633562672
1241,"2019-06-27","South West",0.848643256701245
1242,"2019-06-27","Midlands",0.787952592509381
1243,"2019-06-27","North East and Yorkshire",0.772219422879665
1244,"2019-06-27","East of England",0.731098128919027
1245,"2019-06-27","North West",0.814659021927554
1246,"2019-06-28","London",0.763451940022894
1247,"2019-06-28","South East",0.789716912798898
1248,"2019-06-28","South West",0.825850096613324
1249,"2019-06-28","Midlands",0.780472692269811
1250,"2019-06-28","North East and Yorkshire",0.789049366379614
1251,"2019-06-28","East of England",0.777066308933157
1252,"2019-06-28","North West",0.809439615024134
1253,"2019-06-29","London",0.779414464201114
1254,"2019-06-29","South East",0.784153153419564
1255,"2019-06-29","South West",0.78968339940448
1256,"2019-06-29","Midlands",0.828548620636263
1257,"2019-06-29","North East and Yorkshire",0.86498810180932
1258,"2019-06-29","East of England",0.778550941354764
1259,"2019-06-29","North West",0.851193823014505
1260,"2019-06-30","London",0.669556575269618
1261,"2019-06-30","South East",0.712014308043277
1262,"2019-06-30","South West",0.738254838613652
1263,"2019-06-30","Midlands",0.711460158012316
1264,"2019-06-30","North East and Yorkshire",0.750436669624936
1265,"2019-06-30","East of England",0.698828018832829
1266,"2019-06-30","North West",0.751729994461093
1267,"2019-07-01","London",0.636269593486608
1268,"2019-07-01","South East",0.704182132319823
1269,"2019-07-01","South West",0.744333907622224
1270,"2019-07-01","Midlands",0.74828440802671
1271,"2019-07-01","North East and Yorkshire",0.76884907151511
1272,"2019-07-01","East of England",0.675704132035557
1273,"2019-07-01","North West",0.819911506663937
1274,"2019-07-02","London",0.800464973225253
1275,"2019-07-02","South East",0.812000297556992
1276,"2019-07-02","South West",0.869631029171302
1277,"2019-07-02","Midlands",0.753918413938377
1278,"2019-07-02","North East and Yorkshire",0.679575275034734
1279,"2019-07-02","East of England",0.766302656213791
1280,"2019-07-02","North West",0.709976650524471
1281,"2019-07-03","London",0.7225266228141
1282,"2019-07-03","South East",0.733050187671447
1283,"2019-07-03","South West",0.739447731641828
1284,"2019-07-03","Midlands",0.693097543581548
1285,"2019-07-03","North East and Yorkshire",0.695279814125325
1286,"2019-07-03","East of England",0.720294143748425
1287,"2019-07-03","North West",0.760608068076089
1288,"2019-07-04","London",0.636709155990223
1289,"2019-07-04","South East",0.684328287402409
1290,"2019-07-04","South West",0.702271469916862
1291,"2019-07-04","Midlands",0.641906157320505
1292,"2019-07-04","North East and Yorkshire",0.657111673738525
1293,"2019-07-04","East of England",0.643746354298157
1294,"2019-07-04","North West",0.698852045077944
1295,"2019-07-05","London",0.550481098103392
1296,"2019-07-05","South East",0.588811202952621
1297,"2019-07-05","South West",0.604334340755104
1298,"2019-07-05","Midlands",0.56211513957195
1299,"2019-07-05","North East and Yorkshire",0.605770650776414
1300,"2019-07-05","East of England",0.594616885471318
1301,"2019-07-05","North West",0.630868335434827
1302,"2019-07-06","London",0.704648809282841
1303,"2019-07-06","South East",0.756442367922617
1304,"2019-07-06","South West",0.808831972957671
1305,"2019-07-06","Midlands",0.740124709342126
1306,"2019-07-06","North East and Yorkshire",0.742496985499313
1307,"2019-07-06","East of England",0.713163349740739
1308,"2019-07-06","North West",0.761670982415479
1309,"2019-07-07","London",0.761388290159813
1310,"2019-07-07","South East",0.782605466280297
1311,"2019-07-07","South West",0.799856358636087
1312,"2019-07-07","Midlands",0.767489965327266
1313,"2019-07-07","North East and Yorkshire",0.755741109670483
1314,"2019-07-07","East of England",0.748794819471515
1315,"2019-07-07","North West",0.790402441084819
1316,"2019-07-08","London",0.701129494057081
1317,"2019-07-08","South East",0.762458809421678
1318,"2019-07-08","South West",0.856507019221208
1319,"2019-07-08","Midlands",0.789024724488788
1320,"2019-07-08","North East and Yorkshire",0.780602955132865
1321,"2019-07-08","East of England",0.678105721204922
1322,"2019-07-08","North West",0.830908453198555
1323,"2019-07-09","London",0.631692949402118
1324,"2019-07-09","South East",0.674167616728662
1325,"2019-07-09","South West",0.672516771007036
1326,"2019-07-09","Midlands",0.609862330989779
1327,"2019-07-09","North East and Yorkshire",0.631761200248679
1328,"2019-07-09","East of England",0.661844773474699
1329,"2019-07-09","North West",0.673091406547959
1330,"2019-07-10","London",0.670793537212591
1331,"2019-07-10","South East",0.746039886513109
1332,"2019-07-10","South West",0.757625179851947
1333,"2019-07-10","Midlands",0.608820185777986
1334,"2019-07-10","North East and Yorkshire",0.659827934082204
1335,"2019-07-10","East of England",0.669801222633888
1336,"2019-07-10","North West",0.752585359742626
1337,"2019-07-11","London",0.891969311297427
1338,"2019-07-11","South East",0.892646873454655
1339,"2019-07-11","South West",0.807559049014294
1340,"2019-07-11","Midlands",0.804511071301182
1341,"2019-07-11","North East and Yorkshire",0.750701387102883
1342,"2019-07-11","East of England",0.894505023353208
1343,"2019-07-11","North West",0.766983907248628
1344,"2019-07-12","London",0.97498393245082
1345,"2019-07-12","South East",0.957843157110117
1346,"2019-07-12","South West",0.791468999216704
1347,"2019-07-12","Midlands",0.841954486036784
1348,"2019-07-12","North East and Yorkshire",0.774822289809108
1349,"2019-07-12","East of England",0.958620735736156
1350,"2019-07-12","North West",0.742839705228668
1351,"2019-07-13","London",0.908115231952793
1352,"2019-07-13","South East",0.894262735136358
1353,"2019-07-13","South West",0.846074622992594
1354,"2019-07-13","Midlands",0.810591656631695
1355,"2019-07-13","North East and Yorkshire",0.785719488631333
1356,"2019-07-13","East of England",0.888949706667867
1357,"2019-07-13","North West",0.72272233841342
1358,"2019-07-14","London",0.911873915975407
1359,"2019-07-14","South East",0.908856578884472
1360,"2019-07-14","South West",0.904147031495166
1361,"2019-07-14","Midlands",0.853752929067208
1362,"2019-07-14","North East and Yorkshire",0.763483266157833
1363,"2019-07-14","East of England",0.895060410787914
1364,"2019-07-14","North West",0.742702725223595
1365,"2019-07-15","London",0.88803241488778
1366,"2019-07-15","South East",0.88725838272893
1367,"2019-07-15","South West",0.837873107796457
1368,"2019-07-15","Midlands",0.786716619756318
1369,"2019-07-15","North East and Yorkshire",0.771613226132006
1370,"2019-07-15","East of England",0.836842248280481
1371,"2019-07-15","North West",0.751325863414701
1372,"2019-07-16","London",0.815398200338259
1373,"2019-07-16","South East",0.856469488951158
1374,"2019-07-16","South West",0.883594621053729
1375,"2019-07-16","Midlands",0.75675379580511
1376,"2019-07-16","North East and Yorkshire",0.783252801502605
1377,"2019-07-16","East of England",0.754514345153252
1378,"2019-07-16","North West",0.831351893357239
1379,"2019-07-17","London",0.769194866449258
1380,"2019-07-17","South East",0.802888723062164
1381,"2019-07-17","South West",0.83646327135231
1382,"2019-07-17","Midlands",0.8117895665554
1383,"2019-07-17","North East and Yorkshire",0.85986152133138
1384,"2019-07-17","East of England",0.78283946898533
1385,"2019-07-17","North West",0.842405157606666
1386,"2019-07-18","London",0.780548208763111
1387,"2019-07-18","South East",0.790923842898913
1388,"2019-07-18","South West",0.820318364312271
1389,"2019-07-18","Midlands",0.842149389238968
1390,"2019-07-18","North East and Yorkshire",0.864556282348532
1391,"2019-07-18","East of England",0.797978428348616
1392,"2019-07-18","North West",0.881660840795376
1393,"2019-07-19","London",0.737537313347248
1394,"2019-07-19","South East",0.76148987337738
1395,"2019-07-19","South West",0.826172039137815
1396,"2019-07-19","Midlands",0.840038036691754
1397,"2019-07-19","North East and Yorkshire",0.869551228691949
1398,"2019-07-19","East of England",0.760134474879019
1399,"2019-07-19","North West",0.885272942761019
1400,"2019-07-20","London",0.8716480707892
1401,"2019-07-20","South East",0.895115135426435
1402,"2019-07-20","South West",0.9148525275915
1403,"2019-07-20","Midlands",0.844161802786209
1404,"2019-07-20","North East and Yorkshire",0.868427416181241
1405,"2019-07-20","East of England",0.8469028706972
1406,"2019-07-20","North West",0.898903912879302
1407,"2019-07-21","London",0.657358542861645
1408,"2019-07-21","South East",0.695469474231192
1409,"2019-07-21","South West",0.734378305034358
1410,"2019-07-21","Midlands",0.651549394848354
1411,"2019-07-21","North East and Yorkshire",0.707906017396277
1412,"2019-07-21","East of England",0.644738154260806
1413,"2019-07-21","North West",0.748315312147242
1414,"2019-07-22","London",0.622125804742388
1415,"2019-07-22","South East",0.636207385327471
1416,"2019-07-22","South West",0.70194765844697
1417,"2019-07-22","Midlands",0.670078529656366
1418,"2019-07-22","North East and Yorkshire",0.710073546751282
1419,"2019-07-22","East of England",0.630000676223185
1420,"2019-07-22","North West",0.793322092511682
1421,"2019-07-23","London",0.66888707745396
1422,"2019-07-23","South East",0.71170466553449
1423,"2019-07-23","South West",0.790275553254839
1424,"2019-07-23","Midlands",0.816293787290931
1425,"2019-07-23","North East and Yorkshire",0.859152955520817
1426,"2019-07-23","East of England",0.715423068206337
1427,"2019-07-23","North West",0.876538503013913
1428,"2019-07-24","London",0.706979065705986
1429,"2019-07-24","South East",0.70559880828054
1430,"2019-07-24","South West",0.742726056317142
1431,"2019-07-24","Midlands",0.777927444643114
1432,"2019-07-24","North East and Yorkshire",0.837445561734449
1433,"2019-07-24","East of England",0.781318650438579
1434,"2019-07-24","North West",0.809550463526002
1435,"2019-07-25","London",0.639285207835788
1436,"2019-07-25","South East",0.6711101637236
1437,"2019-07-25","South West",0.734071119740832
1438,"2019-07-25","Midlands",0.726322723133567
1439,"2019-07-25","North East and Yorkshire",0.739352311440144
1440,"2019-07-25","East of England",0.701337144948174
1441,"2019-07-25","North West",0.747625090262848
1442,"2019-07-26","London",0.652286555559947
1443,"2019-07-26","South East",0.672605191810978
1444,"2019-07-26","South West",0.743269344312153
1445,"2019-07-26","Midlands",0.76461466068441
1446,"2019-07-26","North East and Yorkshire",0.79717856239264
1447,"2019-07-26","East of England",0.707427728606398
1448,"2019-07-26","North West",0.844571508464369
1449,"2019-07-27","London",0.874307739055086
1450,"2019-07-27","South East",0.854901203117722
1451,"2019-07-27","South West",0.90911850548548
1452,"2019-07-27","Midlands",0.936419826343079
1453,"2019-07-27","North East and Yorkshire",0.936175592599797
1454,"2019-07-27","East of England",0.879204378873846
1455,"2019-07-27","North West",0.94126099560137
1456,"2019-07-28","London",0.781162011625933
1457,"2019-07-28","South East",0.813360698423005
1458,"2019-07-28","South West",0.832967300214374
1459,"2019-07-28","Midlands",0.835347734843518
1460,"2019-07-28","North East and Yorkshire",0.953135505749743
1461,"2019-07-28","East of England",0.781584829988329
1462,"2019-07-28","North West",0.929182652651925
1463,"2019-07-29","London",0.817379772195423
1464,"2019-07-29","South East",0.828813089702215
1465,"2019-07-29","South West",0.860010420723886
1466,"2019-07-29","Midlands",0.810505404382329
1467,"2019-07-29","North East and Yorkshire",0.78150242249942
1468,"2019-07-29","East of England",0.827228368035143
1469,"2019-07-29","North West",0.766671418378256
1470,"2019-07-30","London",0.678873818806702
1471,"2019-07-30","South East",0.685731193081272
1472,"2019-07-30","South West",0.683604915818009
1473,"2019-07-30","Midlands",0.718004215330322
1474,"2019-07-30","North East and Yorkshire",0.744005678785923
1475,"2019-07-30","East of England",0.675859676642748
1476,"2019-07-30","North West",0.786066225559812
1477,"2019-07-31","London",0.666458804583854
1478,"2019-07-31","South East",0.675858742216502
1479,"2019-07-31","South West",0.707049827568281
1480,"2019-07-31","Midlands",0.715622622431446
1481,"2019-07-31","North East and Yorkshire",0.706453562241309
1482,"2019-07-31","East of England",0.657162059544924
1483,"2019-07-31","North West",0.723423610139731
1484,"2019-08-01","London",0.605933075217341
1485,"2019-08-01","South East",0.611465186990326
1486,"2019-08-01","South West",0.678224314110635
1487,"2019-08-01","Midlands",0.665089748238097
1488,"2019-08-01","North East and Yorkshire",0.776260294916867
1489,"2019-08-01","East of England",0.62479677386793
1490,"2019-08-01","North West",0.791938710249259
1491,"2019-08-02","London",0.580760784488327
1492,"2019-08-02","South East",0.606638746171571
1493,"2019-08-02","South West",0.651697149833884
1494,"2019-08-02","Midlands",0.612880244520469
1495,"2019-08-02","North East and Yorkshire",0.733781345467036
1496,"2019-08-02","East of England",0.612845067094128
1497,"2019-08-02","North West",0.743557933863662
1498,"2019-08-03","London",0.66645459287454
1499,"2019-08-03","South East",0.726604811936353
1500,"2019-08-03","South West",0.810673766819115
1501,"2019-08-03","Midlands",0.760385337064781
1502,"2019-08-03","North East and Yorkshire",0.83352371895154
1503,"2019-08-03","East of England",0.661379231551334
1504,"2019-08-03","North West",0.874040205735358
1505,"2019-08-04","London",0.754663944080225
1506,"2019-08-04","South East",0.787044649289883
1507,"2019-08-04","South West",0.817436959729197
1508,"2019-08-04","Midlands",0.781925263908338
1509,"2019-08-04","North East and Yorkshire",0.857337875081013
1510,"2019-08-04","East of England",0.782988204492136
1511,"2019-08-04","North West",0.833470884243577
1512,"2019-08-05","London",0.671342566422236
1513,"2019-08-05","South East",0.71735708234544
1514,"2019-08-05","South West",0.685775385278741
1515,"2019-08-05","Midlands",0.605536895647893
1516,"2019-08-05","North East and Yorkshire",0.693937638025452
1517,"2019-08-05","East of England",0.679784611099386
1518,"2019-08-05","North West",0.752688413918747
1519,"2019-08-06","London",0.817230020747578
1520,"2019-08-06","South East",0.855640293113201
1521,"2019-08-06","South West",0.845188981634551
1522,"2019-08-06","Midlands",0.770070855463566
1523,"2019-08-06","North East and Yorkshire",0.797284179128355
1524,"2019-08-06","East of England",0.758099718587846
1525,"2019-08-06","North West",0.854117037489902
1526,"2019-08-07","London",0.733963651901335
1527,"2019-08-07","South East",0.796669908958635
1528,"2019-08-07","South West",0.859218538221538
1529,"2019-08-07","Midlands",0.785514333461378
1530,"2019-08-07","North East and Yorkshire",0.791859731348018
1531,"2019-08-07","East of England",0.74092220604611
1532,"2019-08-07","North West",0.842791777934098
1533,"2019-08-08","London",0.886134381938091
1534,"2019-08-08","South East",0.885685280246189
1535,"2019-08-08","South West",0.776517975475211
1536,"2019-08-08","Midlands",0.830952353272391
1537,"2019-08-08","North East and Yorkshire",0.78980305610628
1538,"2019-08-08","East of England",0.899894015728619
1539,"2019-08-08","North West",0.820311187061682
1540,"2019-08-09","London",0.702969366020419
1541,"2019-08-09","South East",0.73170537401776
1542,"2019-08-09","South West",0.778828475785417
1543,"2019-08-09","Midlands",0.725413227282979
1544,"2019-08-09","North East and Yorkshire",0.714375176001843
1545,"2019-08-09","East of England",0.686351782716616
1546,"2019-08-09","North West",0.742983546678152
1547,"2019-08-10","London",0.721779250820678
1548,"2019-08-10","South East",0.717678765154001
1549,"2019-08-10","South West",0.745013199503962
1550,"2019-08-10","Midlands",0.713894793493944
1551,"2019-08-10","North East and Yorkshire",0.728357271817567
1552,"2019-08-10","East of England",0.706595958900264
1553,"2019-08-10","North West",0.787951822290716
1554,"2019-08-11","London",0.720393035571329
1555,"2019-08-11","South East",0.71422236443806
1556,"2019-08-11","South West",0.701182682805111
1557,"2019-08-11","Midlands",0.674051422919066
1558,"2019-08-11","North East and Yorkshire",0.756542825706579
1559,"2019-08-11","East of England",0.701098745443174
1560,"2019-08-11","North West",0.756911672048121
1561,"2019-08-12","London",0.702056449189425
1562,"2019-08-12","South East",0.69783879207763
1563,"2019-08-12","South West",0.669969757365289
1564,"2019-08-12","Midlands",0.708793014856382
1565,"2019-08-12","North East and Yorkshire",0.80072727513934
1566,"2019-08-12","East of England",0.697549402476432
1567,"2019-08-12","North West",0.781157875111984
1568,"2019-08-13","London",0.603708540621542
1569,"2019-08-13","South East",0.629101194343898
1570,"2019-08-13","South West",0.68247905069542
1571,"2019-08-13","Midlands",0.658829962744891
1572,"2019-08-13","North East and Yorkshire",0.694555068854805
1573,"2019-08-13","East of England",0.636156234111032
1574,"2019-08-13","North West",0.771064889142076
1575,"2019-08-14","London",0.634549814831879
1576,"2019-08-14","South East",0.657378126075161
1577,"2019-08-14","South West",0.675392892616675
1578,"2019-08-14","Midlands",0.625534684978196
1579,"2019-08-14","North East and Yorkshire",0.730461311832852
1580,"2019-08-14","East of England",0.64167288806753
1581,"2019-08-14","North West",0.751066773493191
1582,"2019-08-15","London",0.745214660966286
1583,"2019-08-15","South East",0.75277979219988
1584,"2019-08-15","South West",0.75517607240823
1585,"2019-08-15","Midlands",0.701989599765499
1586,"2019-08-15","North East and Yorkshire",0.775119408353943
1587,"2019-08-15","East of England",0.743463140312026
1588,"2019-08-15","North West",0.786738193311522
1589,"2019-08-16","London",0.73996103189074
1590,"2019-08-16","South East",0.77041070998117
1591,"2019-08-16","South West",0.787450226442237
1592,"2019-08-16","Midlands",0.728830165796696
1593,"2019-08-16","North East and Yorkshire",0.750408143799802
1594,"2019-08-16","East of England",0.738805319129
1595,"2019-08-16","North West",0.79499866934186
1596,"2019-08-17","London",0.718345222506781
1597,"2019-08-17","South East",0.734464095591445
1598,"2019-08-17","South West",0.710917160407504
1599,"2019-08-17","Midlands",0.68498877895488
1600,"2019-08-17","North East and Yorkshire",0.68528164454848
1601,"2019-08-17","East of England",0.717244745436256
1602,"2019-08-17","North West",0.740952860767631
1603,"2019-08-18","London",0.64417893645809
1604,"2019-08-18","South East",0.684905257535774
1605,"2019-08-18","South West",0.747615006918791
1606,"2019-08-18","Midlands",0.712699674971245
1607,"2019-08-18","North East and Yorkshire",0.746393651870884
1608,"2019-08-18","East of England",0.648566007197769
1609,"2019-08-18","North West",0.780327320966342
1610,"2019-08-19","London",0.761732921008913
1611,"2019-08-19","South East",0.787119133559071
1612,"2019-08-19","South West",0.849124954602646
1613,"2019-08-19","Midlands",0.76576036290845
1614,"2019-08-19","North East and Yorkshire",0.76069983414859
1615,"2019-08-19","East of England",0.73254079681876
1616,"2019-08-19","North West",0.799865011207892
1617,"2019-08-20","London",0.678873818806702
1618,"2019-08-20","South East",0.685731193081272
1619,"2019-08-20","South West",0.683604915818009
1620,"2019-08-20","Midlands",0.718004215330322
1621,"2019-08-20","North East and Yorkshire",0.744005678785923
1622,"2019-08-20","East of England",0.675859676642748
1623,"2019-08-20","North West",0.786066225559812
1624,"2019-08-21","London",0.666458804583854
1625,"2019-08-21","South East",0.675858742216502
1626,"2019-08-21","South West",0.707049827568281
1627,"2019-08-21","Midlands",0.715622622431446
1628,"2019-08-21","North East and Yorkshire",0.706453562241309
1629,"2019-08-21","East of England",0.657162059544924
1630,"2019-08-21","North West",0.723423610139731
1631,"2019-08-22","London",0.605933075217341
1632,"2019-08-22","South East",0.611465186990326
1633,"2019-08-22","South West",0.678224314110635
1634,"2019-08-22","Midlands",0.665089748238097
1635,"2019-08-22","North East and Yorkshire",0.776260294916867
1636,"2019-08-22","East of England",0.62479677386793
1637,"2019-08-22","North West",0.791938710249259
1638,"2019-08-23","London",0.580760784488327
1639,"2019-08-23","South East",0.606638746171571
1640,"2019-08-23","South West",0.651697149833884
1641,"2019-08-23","Midlands",0.612880244520469
1642,"2019-08-23","North East and Yorkshire",0.733781345467036
1643,"2019-08-23","East of England",0.612845067094128
1644,"2019-08-23","North West",0.743557933863662
1645,"2019-08-24","London",0.66645459287454
1646,"2019-08-24","South East",0.726604811936353
1647,"2019-08-24","South West",0.810673766819115
1648,"2019-08-24","Midlands",0.760385337064781
1649,"2019-08-24","North East and Yorkshire",0.83352371895154
1650,"2019-08-24","East of England",0.661379231551334
1651,"2019-08-24","North West",0.874040205735358
1652,"2019-08-25","London",0.754663944080225
1653,"2019-08-25","South East",0.787044649289883
1654,"2019-08-25","South West",0.817436959729197
1655,"2019-08-25","Midlands",0.781925263908338
1656,"2019-08-25","North East and Yorkshire",0.857337875081013
1657,"2019-08-25","East of England",0.782988204492136
1658,"2019-08-25","North West",0.833470884243577
1659,"2019-08-26","London",0.671342566422236
1660,"2019-08-26","South East",0.71735708234544
1661,"2019-08-26","South West",0.685775385278741
1662,"2019-08-26","Midlands",0.605536895647893
1663,"2019-08-26","North East and Yorkshire",0.693937638025452
1664,"2019-08-26","East of England",0.679784611099386
1665,"2019-08-26","North West",0.752688413918747
1666,"2019-08-27","London",0.745980228568802
1667,"2019-08-27","South East",0.793117106722087
1668,"2019-08-27","South West",0.803636057642828
1669,"2019-08-27","Midlands",0.75639686028895
1670,"2019-08-27","North East and Yorkshire",0.771701143580642
1671,"2019-08-27","East of England",0.726339756445083
1672,"2019-08-27","North West",0.804084156128361
1673,"2019-08-28","London",0.714393509094507
1674,"2019-08-28","South East",0.765365274332955
1675,"2019-08-28","South West",0.788644586811923
1676,"2019-08-28","Midlands",0.729828407616297
1677,"2019-08-28","North East and Yorkshire",0.769075826537365
1678,"2019-08-28","East of England",0.6943606414276
1679,"2019-08-28","North West",0.841797834038274
1680,"2019-08-29","London",0.737577403386474
1681,"2019-08-29","South East",0.791488921374592
1682,"2019-08-29","South West",0.836606086965787
1683,"2019-08-29","Midlands",0.727086491538895
1684,"2019-08-29","North East and Yorkshire",0.740868682528204
1685,"2019-08-29","East of England",0.701081631496901
1686,"2019-08-29","North West",0.747222767073964
1687,"2019-08-30","London",0.804986683808936
1688,"2019-08-30","South East",0.832365749120232
1689,"2019-08-30","South West",0.878879241485625
1690,"2019-08-30","Midlands",0.843238895106591
1691,"2019-08-30","North East and Yorkshire",0.839665577365321
1692,"2019-08-30","East of England",0.784601323724803
1693,"2019-08-30","North West",0.850143944655743
1694,"2019-08-31","London",0.746590850594331
1695,"2019-08-31","South East",0.781421934219773
1696,"2019-08-31","South West",0.793458710970158
1697,"2019-08-31","Midlands",0.777012818174626
1698,"2019-08-31","North East and Yorkshire",0.838206944265545
1699,"2019-08-31","East of England",0.722093910577814
1700,"2019-08-31","North West",0.861111909995532
1701,"2019-09-01","London",0.718021084846864
1702,"2019-09-01","South East",0.767699347484278
1703,"2019-09-01","South West",0.816985478138637
1704,"2019-09-01","Midlands",0.776501647494471
1705,"2019-09-01","North East and Yorkshire",0.830649335975394
1706,"2019-09-01","East of England",0.719381841830342
1707,"2019-09-01","North West",0.858168419491481
1708,"2019-09-02","London",0.751286609130497
1709,"2019-09-02","South East",0.787108651681647
1710,"2019-09-02","South West",0.77015122531084
1711,"2019-09-02","Midlands",0.72349436923745
1712,"2019-09-02","North East and Yorkshire",0.762421217572824
1713,"2019-09-02","East of England",0.715818096650908
1714,"2019-09-02","North West",0.764371081387007
1715,"2019-09-03","London",0.940232525038086
1716,"2019-09-03","South East",0.922393410593313
1717,"2019-09-03","South West",0.901883737076857
1718,"2019-09-03","Midlands",0.918018942153201
1719,"2019-09-03","North East and Yorkshire",0.932862778591254
1720,"2019-09-03","East of England",0.93858427303202
1721,"2019-09-03","North West",0.880349031954784
1722,"2019-09-04","London",0.825685583508418
1723,"2019-09-04","South East",0.816785285160647
1724,"2019-09-04","South West",0.8442669037331
1725,"2019-09-04","Midlands",0.818460917711603
1726,"2019-09-04","North East and Yorkshire",0.837095431410665
1727,"2019-09-04","East of England",0.834194950059255
1728,"2019-09-04","North West",0.859913344898594
1729,"2019-09-05","London",0.805538984767486
1730,"2019-09-05","South East",0.827583383367125
1731,"2019-09-05","South West",0.842726077702526
1732,"2019-09-05","Midlands",0.792063856469574
1733,"2019-09-05","North East and Yorkshire",0.781609743319663
1734,"2019-09-05","East of England",0.799400313017727
1735,"2019-09-05","North West",0.827288707457615
1736,"2019-09-06","London",0.813896352662611
1737,"2019-09-06","South East",0.840497348743979
1738,"2019-09-06","South West",0.832148368116116
1739,"2019-09-06","Midlands",0.793487827673357
1740,"2019-09-06","North East and Yorkshire",0.799846703392106
1741,"2019-09-06","East of England",0.799606482768469
1742,"2019-09-06","North West",0.801599535672762
1743,"2019-09-07","London",0.775714848594554
1744,"2019-09-07","South East",0.785192826379312
1745,"2019-09-07","South West",0.838361055923986
1746,"2019-09-07","Midlands",0.803161248972194
1747,"2019-09-07","North East and Yorkshire",0.796770426088281
1748,"2019-09-07","East of England",0.783157491533028
1749,"2019-09-07","North West",0.820283800242751
1750,"2019-09-08","London",0.873142419194716
1751,"2019-09-08","South East",0.835616863669936
1752,"2019-09-08","South West",0.80751733265677
1753,"2019-09-08","Midlands",0.827947991656342
1754,"2019-09-08","North East and Yorkshire",0.840037909109617
1755,"2019-09-08","East of England",0.867086091957905
1756,"2019-09-08","North West",0.839459659506506
1757,"2019-09-09","London",0.842453772070198
1758,"2019-09-09","South East",0.790552705649481
1759,"2019-09-09","South West",0.74937928078634
1760,"2019-09-09","Midlands",0.752661637514923
1761,"2019-09-09","North East and Yorkshire",0.741219521687988
1762,"2019-09-09","East of England",0.835028303081173
1763,"2019-09-09","North West",0.814579504997953
1764,"2019-09-10","London",0.910944694325872
1765,"2019-09-10","South East",0.900842989895439
1766,"2019-09-10","South West",0.900850999347764
1767,"2019-09-10","Midlands",0.905170712825312
1768,"2019-09-10","North East and Yorkshire",0.880715914171978
1769,"2019-09-10","East of England",0.896924935868652
1770,"2019-09-10","North West",0.872645312096279
1771,"2019-09-11","London",0.701319073670381
1772,"2019-09-11","South East",0.704954897523902
1773,"2019-09-11","South West",0.750779758149322
1774,"2019-09-11","Midlands",0.766052824698423
1775,"2019-09-11","North East and Yorkshire",0.757434094784652
1776,"2019-09-11","East of England",0.693808863907503
1777,"2019-09-11","North West",0.766295071071864
1778,"2019-09-12","London",0.826909633837105
1779,"2019-09-12","South East",0.797372139537056
1780,"2019-09-12","South West",0.861250453105464
1781,"2019-09-12","Midlands",0.878641535402397
1782,"2019-09-12","North East and Yorkshire",0.844251695487222
1783,"2019-09-12","East of England",0.808238069246026
1784,"2019-09-12","North West",0.876949758911672
1785,"2019-09-13","London",0.889448956679921
1786,"2019-09-13","South East",0.868340597347111
1787,"2019-09-13","South West",0.853677800832721
1788,"2019-09-13","Midlands",0.905239407173752
1789,"2019-09-13","North East and Yorkshire",0.913328303923995
1790,"2019-09-13","East of England",0.875335293861014
1791,"2019-09-13","North West",0.886357471165464
1792,"2019-09-14","London",0.865469382337244
1793,"2019-09-14","South East",0.874392160516076
1794,"2019-09-14","South West",0.92305766691101
1795,"2019-09-14","Midlands",0.864042158286098
1796,"2019-09-14","North East and Yorkshire",0.871125313877073
1797,"2019-09-14","East of England",0.826668900086688
1798,"2019-09-14","North West",0.865028166076794
1799,"2019-09-15","London",0.814864580350919
1800,"2019-09-15","South East",0.795120021654138
1801,"2019-09-15","South West",0.807400604653963
1802,"2019-09-15","Midlands",0.860335713638955
1803,"2019-09-15","North East and Yorkshire",0.917066947106468
1804,"2019-09-15","East of England",0.853525210113212
1805,"2019-09-15","North West",0.9055696111989
1806,"2019-09-16","London",0.923353494889409
1807,"2019-09-16","South East",0.900639555620121
1808,"2019-09-16","South West",0.927528320728451
1809,"2019-09-16","Midlands",0.919591346365959
1810,"2019-09-16","North East and Yorkshire",0.910996647224459
1811,"2019-09-16","East of England",0.89839997175303
1812,"2019-09-16","North West",0.90533268853605
1813,"2019-09-17","London",0.838763728885661
1814,"2019-09-17","South East",0.871982130338871
1815,"2019-09-17","South West",0.860648625513364
1816,"2019-09-17","Midlands",0.934296062653575
1817,"2019-09-17","North East and Yorkshire",0.893268507810376
1818,"2019-09-17","East of England",0.854669739607389
1819,"2019-09-17","North West",0.90490592199808
1820,"2019-09-18","London",0.739454700845224
1821,"2019-09-18","South East",0.748464347498418
1822,"2019-09-18","South West",0.770114453256982
1823,"2019-09-18","Midlands",0.766650712830488
1824,"2019-09-18","North East and Yorkshire",0.744645871727622
1825,"2019-09-18","East of England",0.725353364249275
1826,"2019-09-18","North West",0.750855931866988
1827,"2019-09-19","London",0.727603077391266
1828,"2019-09-19","South East",0.767605002827479
1829,"2019-09-19","South West",0.840041947214628
1830,"2019-09-19","Midlands",0.839977265792807
1831,"2019-09-19","North East and Yorkshire",0.796148594169521
1832,"2019-09-19","East of England",0.746298683229835
1833,"2019-09-19","North West",0.847346662556261
1834,"2019-09-20","London",0.754918221171751
1835,"2019-09-20","South East",0.785181469653157
1836,"2019-09-20","South West",0.816425706025199
1837,"2019-09-20","Midlands",0.784848822820598
1838,"2019-09-20","North East and Yorkshire",0.881259976839776
1839,"2019-09-20","East of England",0.760442668927217
1840,"2019-09-20","North West",0.866435713548641
1841,"2019-09-21","London",0.772839882250765
1842,"2019-09-21","South East",0.763932985955927
1843,"2019-09-21","South West",0.870639550625424
1844,"2019-09-21","Midlands",0.844684900841788
1845,"2019-09-21","North East and Yorkshire",0.904034972092781
1846,"2019-09-21","East of England",0.808061691014191
1847,"2019-09-21","North West",0.896179995899586
1848,"2019-09-22","London",0.902574611072037
1849,"2019-09-22","South East",0.899785927684984
1850,"2019-09-22","South West",0.918382221521169
1851,"2019-09-22","Midlands",0.865522995271108
1852,"2019-09-22","North East and Yorkshire",0.891729313134348
1853,"2019-09-22","East of England",0.875323036907818
1854,"2019-09-22","North West",0.837844583699819
1855,"2019-09-23","London",0.807946245333757
1856,"2019-09-23","South East",0.80460828194247
1857,"2019-09-23","South West",0.820711632371773
1858,"2019-09-23","Midlands",0.834739997760647
1859,"2019-09-23","North East and Yorkshire",0.862713927972505
1860,"2019-09-23","East of England",0.819063110590644
1861,"2019-09-23","North West",0.87084292892979
1862,"2019-09-24","London",0.707510505903282
1863,"2019-09-24","South East",0.682039382375432
1864,"2019-09-24","South West",0.747580764786424
1865,"2019-09-24","Midlands",0.6959631863349
1866,"2019-09-24","North East and Yorkshire",0.730007384370477
1867,"2019-09-24","East of England",0.682166313487474
1868,"2019-09-24","North West",0.721112208419276
1869,"2019-09-25","London",0.802024499392545
1870,"2019-09-25","South East",0.788379658646575
1871,"2019-09-25","South West",0.861050238178585
1872,"2019-09-25","Midlands",0.816541618971008
1873,"2019-09-25","North East and Yorkshire",0.825040113288318
1874,"2019-09-25","East of England",0.759097759189704
1875,"2019-09-25","North West",0.867213660247557
1876,"2019-09-26","London",0.889316060955784
1877,"2019-09-26","South East",0.900645313710749
1878,"2019-09-26","South West",0.896523246466168
1879,"2019-09-26","Midlands",0.812190524729062
1880,"2019-09-26","North East and Yorkshire",0.803705526461949
1881,"2019-09-26","East of England",0.863376045875243
1882,"2019-09-26","North West",0.836545540501281
1883,"2019-09-27","London",0.756266253671846
1884,"2019-09-27","South East",0.767982154109704
1885,"2019-09-27","South West",0.819606285616698
1886,"2019-09-27","Midlands",0.768382304897842
1887,"2019-09-27","North East and Yorkshire",0.74617971647827
1888,"2019-09-27","East of England",0.739045891755519
1889,"2019-09-27","North West",0.754125626232282
1890,"2019-09-28","London",0.716046982024322
1891,"2019-09-28","South East",0.714341615077513
1892,"2019-09-28","South West",0.765115170258274
1893,"2019-09-28","Midlands",0.738228504147234
1894,"2019-09-28","North East and Yorkshire",0.758179879469397
1895,"2019-09-28","East of England",0.695524866580881
1896,"2019-09-28","North West",0.814849170224294
1897,"2019-09-29","London",0.756997177309718
1898,"2019-09-29","South East",0.768868094796155
1899,"2019-09-29","South West",0.83318824568463
1900,"2019-09-29","Midlands",0.80046737474154
1901,"2019-09-29","North East and Yorkshire",0.848969979276751
1902,"2019-09-29","East of England",0.747325869839664
1903,"2019-09-29","North West",0.878236216137904
1904,"2019-09-30","London",0.810367604037373
1905,"2019-09-30","South East",0.835535082954927
1906,"2019-09-30","South West",0.881117193379764
1907,"2019-09-30","Midlands",0.885311227217556
1908,"2019-09-30","North East and Yorkshire",0.887540939148505
1909,"2019-09-30","East of England",0.82943973412849
1910,"2019-09-30","North West",0.917658661036719
1911,"2019-10-01","London",0.716731976798063
1912,"2019-10-01","South East",0.70001368408107
1913,"2019-10-01","South West",0.777382532655343
1914,"2019-10-01","Midlands",0.751570741052458
1915,"2019-10-01","North East and Yorkshire",0.784215939524759
1916,"2019-10-01","East of England",0.713482269831613
1917,"2019-10-01","North West",0.810435950669237
1918,"2019-10-02","London",0.718096518085027
1919,"2019-10-02","South East",0.71982711849613
1920,"2019-10-02","South West",0.750994342309704
1921,"2019-10-02","Midlands",0.690526642526278
1922,"2019-10-02","North East and Yorkshire",0.75065530204173
1923,"2019-10-02","East of England",0.706755763729427
1924,"2019-10-02","North West",0.786062925145306
1925,"2019-10-03","London",0.769735740749552
1926,"2019-10-03","South East",0.761555523147742
1927,"2019-10-03","South West",0.823216221955796
1928,"2019-10-03","Midlands",0.79199504349793
1929,"2019-10-03","North East and Yorkshire",0.827640358993816
1930,"2019-10-03","East of England",0.724602878113396
1931,"2019-10-03","North West",0.881388554773682
1932,"2019-10-04","London",0.85213479638479
1933,"2019-10-04","South East",0.826548396151821
1934,"2019-10-04","South West",0.771105332295988
1935,"2019-10-04","Midlands",0.771494868563223
1936,"2019-10-04","North East and Yorkshire",0.800710908221997
1937,"2019-10-04","East of England",0.839359988420635
1938,"2019-10-04","North West",0.838194683204426
1939,"2019-10-05","London",0.768912452197433
1940,"2019-10-05","South East",0.770608289598841
1941,"2019-10-05","South West",0.730228285068403
1942,"2019-10-05","Midlands",0.784822792602634
1943,"2019-10-05","North East and Yorkshire",0.813801135910633
1944,"2019-10-05","East of England",0.776145989317473
1945,"2019-10-05","North West",0.772298213659244
1946,"2019-10-06","London",0.683911452168764
1947,"2019-10-06","South East",0.693905583239285
1948,"2019-10-06","South West",0.731961720765565
1949,"2019-10-06","Midlands",0.743875735313918
1950,"2019-10-06","North East and Yorkshire",0.793166782428257
1951,"2019-10-06","East of England",0.68632589943796
1952,"2019-10-06","North West",0.803172551689163
1953,"2019-10-07","London",0.770428353065619
1954,"2019-10-07","South East",0.742130476557177
1955,"2019-10-07","South West",0.747378479495257
1956,"2019-10-07","Midlands",0.764161768809099
1957,"2019-10-07","North East and Yorkshire",0.759468013099931
1958,"2019-10-07","East of England",0.777093051697053
1959,"2019-10-07","North West",0.758652853868084
1960,"2019-10-08","London",0.868676579139462
1961,"2019-10-08","South East",0.845112548507779
1962,"2019-10-08","South West",0.871815082934316
1963,"2019-10-08","Midlands",0.860167897713148
1964,"2019-10-08","North East and Yorkshire",0.867120577797482
1965,"2019-10-08","East of England",0.83284072474508
1966,"2019-10-08","North West",0.888666886350084
1967,"2019-10-09","London",0.74225286660142
1968,"2019-10-09","South East",0.728460848785061
1969,"2019-10-09","South West",0.7323623078265
1970,"2019-10-09","Midlands",0.752802266929434
1971,"2019-10-09","North East and Yorkshire",0.774129310318868
1972,"2019-10-09","East of England",0.734242827554489
1973,"2019-10-09","North West",0.800555313159253
1974,"2019-10-10","London",0.835412976155682
1975,"2019-10-10","South East",0.813062652610244
1976,"2019-10-10","South West",0.872581596944182
1977,"2019-10-10","Midlands",0.895665070523474
1978,"2019-10-10","North East and Yorkshire",0.873114750506024
1979,"2019-10-10","East of England",0.83406217965175
1980,"2019-10-10","North West",0.897640918017421
1981,"2019-10-11","London",0.79469910838323
1982,"2019-10-11","South East",0.78865586522234
1983,"2019-10-11","South West",0.78078378845231
1984,"2019-10-11","Midlands",0.76212091997099
1985,"2019-10-11","North East and Yorkshire",0.769376388355361
1986,"2019-10-11","East of England",0.790123898380148
1987,"2019-10-11","North West",0.775936387895447
1988,"2019-10-12","London",0.904915905011062
1989,"2019-10-12","South East",0.871788565919864
1990,"2019-10-12","South West",0.896861640050931
1991,"2019-10-12","Midlands",0.906332955927642
1992,"2019-10-12","North East and Yorkshire",0.879509298254932
1993,"2019-10-12","East of England",0.888873761572429
1994,"2019-10-12","North West",0.885404070963676
1995,"2019-10-13","London",0.821564642732539
1996,"2019-10-13","South East",0.796316249536461
1997,"2019-10-13","South West",0.828549334171672
1998,"2019-10-13","Midlands",0.825115043708398
1999,"2019-10-13","North East and Yorkshire",0.812352568003783
2000,"2019-10-13","East of England",0.795955758888232
2001,"2019-10-13","North West",0.835534819130586
2002,"2019-10-14","London",0.854105429850916
2003,"2019-10-14","South East",0.846799600951497
2004,"2019-10-14","South West",0.857071066573855
2005,"2019-10-14","Midlands",0.847932932378859
2006,"2019-10-14","North East and Yorkshire",0.838048006442388
2007,"2019-10-14","East of England",0.829211592926021
2008,"2019-10-14","North West",0.861414346615528
2009,"2019-10-15","London",0.917875345169099
2010,"2019-10-15","South East",0.873396795079935
2011,"2019-10-15","South West",0.803658254623532
2012,"2019-10-15","Midlands",0.779855330757017
2013,"2019-10-15","North East and Yorkshire",0.772724173950185
2014,"2019-10-15","East of England",0.905504610478197
2015,"2019-10-15","North West",0.812459515455722
2016,"2019-10-16","London",0.907724418250666
2017,"2019-10-16","South East",0.877275561490153
2018,"2019-10-16","South West",0.912226879402396
2019,"2019-10-16","Midlands",0.907439215158442
2020,"2019-10-16","North East and Yorkshire",0.8988428855077
2021,"2019-10-16","East of England",0.896587840952394
2022,"2019-10-16","North West",0.913876058948175
2023,"2019-10-17","London",0.844805153697142
2024,"2019-10-17","South East",0.82409355400975
2025,"2019-10-17","South West",0.82694995875661
2026,"2019-10-17","Midlands",0.817282771102896
2027,"2019-10-17","North East and Yorkshire",0.810945906640144
2028,"2019-10-17","East of England",0.839476829588837
2029,"2019-10-17","North West",0.825856242655215
2030,"2019-10-18","London",0.937937023595305
2031,"2019-10-18","South East",0.913015842443481
2032,"2019-10-18","South West",0.92473136244976
2033,"2019-10-18","Midlands",0.899423326997649
2034,"2019-10-18","North East and Yorkshire",0.881659688086944
2035,"2019-10-18","East of England",0.886884698683764
2036,"2019-10-18","North West",0.83678943836402
2037,"2019-10-19","London",0.915321577491844
2038,"2019-10-19","South East",0.900375507457094
2039,"2019-10-19","South West",0.91419310410524
2040,"2019-10-19","Midlands",0.961796959585799
2041,"2019-10-19","North East and Yorkshire",0.980892019375177
2042,"2019-10-19","East of England",0.917811877355491
2043,"2019-10-19","North West",0.937027348633696
2044,"2019-10-20","London",0.954847348488939
2045,"2019-10-20","South East",0.912030109944658
2046,"2019-10-20","South West",0.909856025309531
2047,"2019-10-20","Midlands",0.901671258953596
2048,"2019-10-20","North East and Yorkshire",0.909685132404873
2049,"2019-10-20","East of England",0.941549177708613
2050,"2019-10-20","North West",0.856310692274867
2051,"2019-10-21","London",0.866481310274315
2052,"2019-10-21","South East",0.866891747038203
2053,"2019-10-21","South West",0.898368146156134
2054,"2019-10-21","Midlands",0.888950389784062
2055,"2019-10-21","North East and Yorkshire",0.870309009341225
2056,"2019-10-21","East of England",0.861286671345884
2057,"2019-10-21","North West",0.901813968944756
2058,"2019-10-22","London",0.922607565555028
2059,"2019-10-22","South East",0.900046226714711
2060,"2019-10-22","South West",0.895124268926045
2061,"2019-10-22","Midlands",0.917761693407919
2062,"2019-10-22","North East and Yorkshire",0.952860050850196
2063,"2019-10-22","East of England",0.918997501714178
2064,"2019-10-22","North West",0.944619224680656
2065,"2019-10-23","London",0.878846394435386
2066,"2019-10-23","South East",0.886801843050064
2067,"2019-10-23","South West",0.905286864338843
2068,"2019-10-23","Midlands",0.907706915285412
2069,"2019-10-23","North East and Yorkshire",0.922954967424403
2070,"2019-10-23","East of England",0.897913160859838
2071,"2019-10-23","North West",0.903531355733702
2072,"2019-10-24","London",0.837995751970135
2073,"2019-10-24","South East",0.841624666343856
2074,"2019-10-24","South West",0.837116100685989
2075,"2019-10-24","Midlands",0.822965624534576
2076,"2019-10-24","North East and Yorkshire",0.850264381267045
2077,"2019-10-24","East of England",0.818488990635504
2078,"2019-10-24","North West",0.867447228183468
2079,"2019-10-25","London",0.838080417920383
2080,"2019-10-25","South East",0.845214421707371
2081,"2019-10-25","South West",0.857627883194741
2082,"2019-10-25","Midlands",0.859531330691441
2083,"2019-10-25","North East and Yorkshire",0.866696798532967
2084,"2019-10-25","East of England",0.820684695645249
2085,"2019-10-25","North West",0.872790875988532
2086,"2019-10-26","London",0.793004979206142
2087,"2019-10-26","South East",0.810696881769289
2088,"2019-10-26","South West",0.853487675064442
2089,"2019-10-26","Midlands",0.843759043158965
2090,"2019-10-26","North East and Yorkshire",0.842923833349908
2091,"2019-10-26","East of England",0.788325652353306
2092,"2019-10-26","North West",0.896046427759729
2093,"2019-10-27","London",0.88640632216575
2094,"2019-10-27","South East",0.868104062680498
2095,"2019-10-27","South West",0.879189133342589
2096,"2019-10-27","Midlands",0.918148893086753
2097,"2019-10-27","North East and Yorkshire",0.937821457381836
2098,"2019-10-27","East of England",0.898469146060476
2099,"2019-10-27","North West",0.91788540660383
2100,"2019-10-28","London",0.89329086648627
2101,"2019-10-28","South East",0.890780763608354
2102,"2019-10-28","South West",0.931369461438335
2103,"2019-10-28","Midlands",0.903817615304982
2104,"2019-10-28","North East and Yorkshire",0.873911852387282
2105,"2019-10-28","East of England",0.869058124397226
2106,"2019-10-28","North West",0.893254779052651
2107,"2019-10-29","London",0.791205070809017
2108,"2019-10-29","South East",0.783982160052587
2109,"2019-10-29","South West",0.802694588106279
2110,"2019-10-29","Midlands",0.835603565909617
2111,"2019-10-29","North East and Yorkshire",0.903839431595232
2112,"2019-10-29","East of England",0.792358281210474
2113,"2019-10-29","North West",0.86374111759021
2114,"2019-10-30","London",0.728851436778493
2115,"2019-10-30","South East",0.733292025639747
2116,"2019-10-30","South West",0.77570626276954
2117,"2019-10-30","Midlands",0.741238120432985
2118,"2019-10-30","North East and Yorkshire",0.762758819077097
2119,"2019-10-30","East of England",0.748168836885536
2120,"2019-10-30","North West",0.768636815425372
2121,"2019-10-31","London",0.917400941917266
2122,"2019-10-31","South East",0.915123052889324
2123,"2019-10-31","South West",0.919076396439457
2124,"2019-10-31","Midlands",0.873386383007891
2125,"2019-10-31","North East and Yorkshire",0.853524231356516
2126,"2019-10-31","East of England",0.88012596629657
2127,"2019-10-31","North West",0.884456592026963
2128,"2019-11-01","London",0.914742472272478
2129,"2019-11-01","South East",0.899493804704437
2130,"2019-11-01","South West",0.922186462420307
2131,"2019-11-01","Midlands",0.908450280898945
2132,"2019-11-01","North East and Yorkshire",0.860693933679774
2133,"2019-11-01","East of England",0.913136633358588
2134,"2019-11-01","North West",0.872972144262821
2135,"2019-11-02","London",0.87962160826214
2136,"2019-11-02","South East",0.871021684894029
2137,"2019-11-02","South West",0.854687875584907
2138,"2019-11-02","Midlands",0.85470819641299
2139,"2019-11-02","North East and Yorkshire",0.893860253705851
2140,"2019-11-02","East of England",0.869969586511712
2141,"2019-11-02","North West",0.914052453796658
2142,"2019-11-03","London",0.86928755552158
2143,"2019-11-03","South East",0.848673469347726
2144,"2019-11-03","South West",0.815910802836247
2145,"2019-11-03","Midlands",0.800789932575213
2146,"2019-11-03","North East and Yorkshire",0.800378184520898
2147,"2019-11-03","East of England",0.858034034490385
2148,"2019-11-03","North West",0.825679036414921
2149,"2019-11-04","London",0.822000496931949
2150,"2019-11-04","South East",0.808938560944374
2151,"2019-11-04","South West",0.841345317826556
2152,"2019-11-04","Midlands",0.820548766440687
2153,"2019-11-04","North East and Yorkshire",0.796297888764828
2154,"2019-11-04","East of England",0.808285820292897
2155,"2019-11-04","North West",0.825108292017053
2156,"2019-11-05","London",0.829890441970074
2157,"2019-11-05","South East",0.804891882022481
2158,"2019-11-05","South West",0.783310291582703
2159,"2019-11-05","Midlands",0.844193489027064
2160,"2019-11-05","North East and Yorkshire",0.845037964298168
2161,"2019-11-05","East of England",0.837433401062502
2162,"2019-11-05","North West",0.843215296018734
2163,"2019-11-06","London",0.846303808134433
2164,"2019-11-06","South East",0.838931396780354
2165,"2019-11-06","South West",0.865478109960918
2166,"2019-11-06","Midlands",0.8749830981017
2167,"2019-11-06","North East and Yorkshire",0.879421295716831
2168,"2019-11-06","East of England",0.843780391424847
2169,"2019-11-06","North West",0.874843882001522
2170,"2019-11-07","London",0.914643721128729
2171,"2019-11-07","South East",0.883839343020755
2172,"2019-11-07","South West",0.939400282572544
2173,"2019-11-07","Midlands",0.929737068898407
2174,"2019-11-07","North East and Yorkshire",0.849562800133452
2175,"2019-11-07","East of England",0.903152961936588
2176,"2019-11-07","North West",0.823861959973904
2177,"2019-11-08","London",0.918981580304441
2178,"2019-11-08","South East",0.896794018268878
2179,"2019-11-08","South West",0.864609182657534
2180,"2019-11-08","Midlands",0.895685737464765
2181,"2019-11-08","North East and Yorkshire",0.876002554025696
2182,"2019-11-08","East of England",0.885490506268077
2183,"2019-11-08","North West",0.858538840938658
2184,"2019-11-09","London",0.880320779673747
2185,"2019-11-09","South East",0.851835358398073
2186,"2019-11-09","South West",0.835201525075147
2187,"2019-11-09","Midlands",0.929921692586455
2188,"2019-11-09","North East and Yorkshire",0.945047742430059
2189,"2019-11-09","East of England",0.863882006584793
2190,"2019-11-09","North West",0.906181089135786
2191,"2019-11-10","London",0.95686573031007
2192,"2019-11-10","South East",0.899576454763419
2193,"2019-11-10","South West",0.905785792685391
2194,"2019-11-10","Midlands",0.939902285579503
2195,"2019-11-10","North East and Yorkshire",0.934737228997166
2196,"2019-11-10","East of England",0.90954333499786
2197,"2019-11-10","North West",0.922214243203572
2198,"2019-11-11","London",0.868240052964979
2199,"2019-11-11","South East",0.855315551722045
2200,"2019-11-11","South West",0.874958495462848
2201,"2019-11-11","Midlands",0.889926191259212
2202,"2019-11-11","North East and Yorkshire",0.853166374362079
2203,"2019-11-11","East of England",0.855042989485131
2204,"2019-11-11","North West",0.86987198498314
2205,"2019-11-12","London",0.906609640992905
2206,"2019-11-12","South East",0.888253710686893
2207,"2019-11-12","South West",0.891493242331089
2208,"2019-11-12","Midlands",0.909894391045667
2209,"2019-11-12","North East and Yorkshire",0.900477375419159
2210,"2019-11-12","East of England",0.89566561369486
2211,"2019-11-12","North West",0.90103250809007
2212,"2019-11-13","London",0.863830924610019
2213,"2019-11-13","South East",0.846145258559672
2214,"2019-11-13","South West",0.821869345530998
2215,"2019-11-13","Midlands",0.837406944791467
2216,"2019-11-13","North East and Yorkshire",0.880824698023852
2217,"2019-11-13","East of England",0.86214139438413
2218,"2019-11-13","North West",0.851836290300062
2219,"2019-11-14","London",0.89726875498813
2220,"2019-11-14","South East",0.882138885044852
2221,"2019-11-14","South West",0.870066032397473
2222,"2019-11-14","Midlands",0.874798083865996
2223,"2019-11-14","North East and Yorkshire",0.861034444336934
2224,"2019-11-14","East of England",0.874454535980567
2225,"2019-11-14","North West",0.847444599018176
2226,"2019-11-15","London",0.875058150324366
2227,"2019-11-15","South East",0.856694077808093
2228,"2019-11-15","South West",0.855360211141449
2229,"2019-11-15","Midlands",0.857370733900869
2230,"2019-11-15","North East and Yorkshire",0.879781334942599
2231,"2019-11-15","East of England",0.845902731408366
2232,"2019-11-15","North West",0.877007372456628
2233,"2019-11-16","London",0.837150582614279
2234,"2019-11-16","South East",0.828040973943585
2235,"2019-11-16","South West",0.84632176540371
2236,"2019-11-16","Midlands",0.863326828996075
2237,"2019-11-16","North East and Yorkshire",0.901726854173917
2238,"2019-11-16","East of England",0.83178317443404
2239,"2019-11-16","North West",0.899558492049091
2240,"2019-11-17","London",0.888761503330503
2241,"2019-11-17","South East",0.864500406733487
2242,"2019-11-17","South West",0.84559717973413
2243,"2019-11-17","Midlands",0.871427911653054
2244,"2019-11-17","North East and Yorkshire",0.868548697312719
2245,"2019-11-17","East of England",0.884915610744328
2246,"2019-11-17","North West",0.838749406787414
2247,"2019-11-18","London",0.923841625545709
2248,"2019-11-18","South East",0.885472581160214
2249,"2019-11-18","South West",0.832355577445379
2250,"2019-11-18","Midlands",0.842213873154344
2251,"2019-11-18","North East and Yorkshire",0.857937146581791
2252,"2019-11-18","East of England",0.900387954557167
2253,"2019-11-18","North West",0.834658180224432
2254,"2019-11-19","London",0.92446545780669
2255,"2019-11-19","South East",0.895399907772778
2256,"2019-11-19","South West",0.913645971463224
2257,"2019-11-19","Midlands",0.950594220648279
2258,"2019-11-19","North East and Yorkshire",0.906371109913975
2259,"2019-11-19","East of England",0.936285268589958
2260,"2019-11-19","North West",0.927463973007154
2261,"2019-11-20","London",0.887028937890949
2262,"2019-11-20","South East",0.856141643883256
2263,"2019-11-20","South West",0.83969240811187
2264,"2019-11-20","Midlands",0.852037693230482
2265,"2019-11-20","North East and Yorkshire",0.872742444039859
2266,"2019-11-20","East of England",0.879027594969692
2267,"2019-11-20","North West",0.856662515770741
2268,"2019-11-21","London",0.900459660351985
2269,"2019-11-21","South East",0.87563944576445
2270,"2019-11-21","South West",0.852362254123219
2271,"2019-11-21","Midlands",0.915392522330016
2272,"2019-11-21","North East and Yorkshire",0.924054580078107
2273,"2019-11-21","East of England",0.899525496259941
2274,"2019-11-21","North West",0.911709300940127
2275,"2019-11-22","London",0.840284793923419
2276,"2019-11-22","South East",0.796843380990796
2277,"2019-11-22","South West",0.834991828092992
2278,"2019-11-22","Midlands",0.856370516343706
2279,"2019-11-22","North East and Yorkshire",0.83321767112933
2280,"2019-11-22","East of England",0.843289611812813
2281,"2019-11-22","North West",0.894736745392618
2282,"2019-11-23","London",0.915236396136611
2283,"2019-11-23","South East",0.883650391389941
2284,"2019-11-23","South West",0.893805945040526
2285,"2019-11-23","Midlands",0.951393348170687
2286,"2019-11-23","North East and Yorkshire",0.923446998886454
2287,"2019-11-23","East of England",0.916266117118543
2288,"2019-11-23","North West",0.917240382173629
2289,"2019-11-24","London",0.84332137973111
2290,"2019-11-24","South East",0.828186512869462
2291,"2019-11-24","South West",0.842893271381664
2292,"2019-11-24","Midlands",0.860980325088243
2293,"2019-11-24","North East and Yorkshire",0.867128189206793
2294,"2019-11-24","East of England",0.842064288386951
2295,"2019-11-24","North West",0.875226546172109
2296,"2019-11-25","London",0.833103284835982
2297,"2019-11-25","South East",0.816025371717083
2298,"2019-11-25","South West",0.844205013705865
2299,"2019-11-25","Midlands",0.849321523197816
2300,"2019-11-25","North East and Yorkshire",0.875677304612667
2301,"2019-11-25","East of England",0.830014119592642
2302,"2019-11-25","North West",0.892688108427321
2303,"2019-11-26","London",0.882593522885657
2304,"2019-11-26","South East",0.867015275263405
2305,"2019-11-26","South West",0.877037209082507
2306,"2019-11-26","Midlands",0.884602623225522
2307,"2019-11-26","North East and Yorkshire",0.919276297016962
2308,"2019-11-26","East of England",0.88765463413193
2309,"2019-11-26","North West",0.920134086552723
2310,"2019-11-27","London",0.839977977108145
2311,"2019-11-27","South East",0.850702971344326
2312,"2019-11-27","South West",0.882558096784474
2313,"2019-11-27","Midlands",0.877768909904625
2314,"2019-11-27","North East and Yorkshire",0.901073899949004
2315,"2019-11-27","East of England",0.858337923182485
2316,"2019-11-27","North West",0.90603000452559
2317,"2019-11-28","London",0.941366332685641
2318,"2019-11-28","South East",0.904844301943824
2319,"2019-11-28","South West",0.9167807442491
2320,"2019-11-28","Midlands",0.953739065292744
2321,"2019-11-28","North East and Yorkshire",0.93297657657406
2322,"2019-11-28","East of England",0.9374358583439
2323,"2019-11-28","North West",0.908727199285973
2324,"2019-11-29","London",0.942331546589018
2325,"2019-11-29","South East",0.938241960051737
2326,"2019-11-29","South West",0.96346519094325
2327,"2019-11-29","Midlands",0.964404353184789
2328,"2019-11-29","North East and Yorkshire",0.944503686993331
2329,"2019-11-29","East of England",0.936413872330927
2330,"2019-11-29","North West",0.955020494182939
2331,"2019-11-30","London",0.916332322109023
2332,"2019-11-30","South East",0.903930000401953
2333,"2019-11-30","South West",0.931738437616049
2334,"2019-11-30","Midlands",0.938936710497744
2335,"2019-11-30","North East and Yorkshire",0.898876359869756
2336,"2019-11-30","East of England",0.921829521615886
2337,"2019-11-30","North West",0.922336439791549
2338,"2019-12-01","London",0.900804239339971
2339,"2019-12-01","South East",0.882635713970513
2340,"2019-12-01","South West",0.904716442288626
2341,"2019-12-01","Midlands",0.913296603857411
2342,"2019-12-01","North East and Yorkshire",0.850406985743363
2343,"2019-12-01","East of England",0.899191332393264
2344,"2019-12-01","North West",0.907762547510542
2345,"2019-12-02","London",0.942460357281036
2346,"2019-12-02","South East",0.93120982922108
2347,"2019-12-02","South West",0.939420809974662
2348,"2019-12-02","Midlands",0.914242079438987
2349,"2019-12-02","North East and Yorkshire",0.84902081441172
2350,"2019-12-02","East of England",0.910215830444702
2351,"2019-12-02","North West",0.908875698058886
2352,"2019-12-03","London",0.966627743850993
2353,"2019-12-03","South East",0.964052070316719
2354,"2019-12-03","South West",0.969679796630928
2355,"2019-12-03","Midlands",0.947444247734967
2356,"2019-12-03","North East and Yorkshire",0.921092076930411
2357,"2019-12-03","East of England",0.958842271340904
2358,"2019-12-03","North West",0.952342493238338
2359,"2019-12-04","London",0.96715814837488
2360,"2019-12-04","South East",0.95639608465059
2361,"2019-12-04","South West",0.961176049441735
2362,"2019-12-04","Midlands",0.950347853909181
2363,"2019-12-04","North East and Yorkshire",0.888704641407054
2364,"2019-12-04","East of England",0.958832883331942
2365,"2019-12-04","North West",0.933758402084018
2366,"2019-12-05","London",0.971157491360276
2367,"2019-12-05","South East",0.946878901759153
2368,"2019-12-05","South West",0.978498314065677
2369,"2019-12-05","Midlands",0.987416762884637
2370,"2019-12-05","North East and Yorkshire",0.946145587736852
2371,"2019-12-05","East of England",0.975665494996771
2372,"2019-12-05","North West",0.96882700597429
2373,"2019-12-06","London",0.99327933275833
2374,"2019-12-06","South East",0.964082273550978
2375,"2019-12-06","South West",0.966039290728397
2376,"2019-12-06","Midlands",0.993355745988809
2377,"2019-12-06","North East and Yorkshire",0.973608109872529
2378,"2019-12-06","East of England",0.983829042704696
2379,"2019-12-06","North West",0.994891771349132
2380,"2019-12-07","London",0.970150662563432
2381,"2019-12-07","South East",0.943861177035943
2382,"2019-12-07","South West",0.962965563131537
2383,"2019-12-07","Midlands",0.987208853953518
2384,"2019-12-07","North East and Yorkshire",0.951979188889402
2385,"2019-12-07","East of England",0.972447070565647
2386,"2019-12-07","North West",0.981947810291962
2387,"2019-12-08","London",0.960480543572891
2388,"2019-12-08","South East",0.946065396834872
2389,"2019-12-08","South West",0.952247906717944
2390,"2019-12-08","Midlands",0.919687024385331
2391,"2019-12-08","North East and Yorkshire",0.853160354316837
2392,"2019-12-08","East of England",0.948740376313781
2393,"2019-12-08","North West",0.892211745997787
2394,"2019-12-09","London",0.864034415351802
2395,"2019-12-09","South East",0.873417067609866
2396,"2019-12-09","South West",0.891403370716912
2397,"2019-12-09","Midlands",0.861701580791898
2398,"2019-12-09","North East and Yorkshire",0.806158262585069
2399,"2019-12-09","East of England",0.866539205634561
2400,"2019-12-09","North West",0.848274021124919
2401,"2019-12-10","London",0.923357830209245
2402,"2019-12-10","South East",0.927746435906377
2403,"2019-12-10","South West",0.949988139389978
2404,"2019-12-10","Midlands",0.917914532851705
2405,"2019-12-10","North East and Yorkshire",0.908782099569144
2406,"2019-12-10","East of England",0.915391275365559
2407,"2019-12-10","North West",0.918613483541119
2408,"2019-12-11","London",0.955584602823587
2409,"2019-12-11","South East",0.937767467125144
2410,"2019-12-11","South West",0.944871440872814
2411,"2019-12-11","Midlands",0.963792705200406
2412,"2019-12-11","North East and Yorkshire",0.91196856842445
2413,"2019-12-11","East of England",0.965343397180446
2414,"2019-12-11","North West",0.906675117440938
2415,"2019-12-12","London",0.820796628754776
2416,"2019-12-12","South East",0.808130164864716
2417,"2019-12-12","South West",0.778480870580027
2418,"2019-12-12","Midlands",0.819090621206918
2419,"2019-12-12","North East and Yorkshire",0.816637241048004
2420,"2019-12-12","East of England",0.83064196175012
2421,"2019-12-12","North West",0.80152751922055
2422,"2019-12-13","London",0.785167402819704
2423,"2019-12-13","South East",0.790713208371301
2424,"2019-12-13","South West",0.818762417920475
2425,"2019-12-13","Midlands",0.821213724008537
2426,"2019-12-13","North East and Yorkshire",0.811605511385255
2427,"2019-12-13","East of England",0.808101908837473
2428,"2019-12-13","North West",0.836437843886896
2429,"2019-12-14","London",0.899313056882522
2430,"2019-12-14","South East",0.891151813370102
2431,"2019-12-14","South West",0.907722259382381
2432,"2019-12-14","Midlands",0.86327821467234
2433,"2019-12-14","North East and Yorkshire",0.850924991307934
2434,"2019-12-14","East of England",0.885238504306623
2435,"2019-12-14","North West",0.875592412273745
2436,"2019-12-15","London",0.863468411784975
2437,"2019-12-15","South East",0.839852216011092
2438,"2019-12-15","South West",0.83957642556914
2439,"2019-12-15","Midlands",0.847722895318108
2440,"2019-12-15","North East and Yorkshire",0.85429008410086
2441,"2019-12-15","East of England",0.852289495026194
2442,"2019-12-15","North West",0.869461153558378
2443,"2019-12-16","London",0.964284561101342
2444,"2019-12-16","South East",0.924252720175578
2445,"2019-12-16","South West",0.914485550051903
2446,"2019-12-16","Midlands",0.959551138642982
2447,"2019-12-16","North East and Yorkshire",0.937970811824536
2448,"2019-12-16","East of England",0.942420090383351
2449,"2019-12-16","North West",0.920356661692763
2450,"2019-12-17","London",0.905611689291482
2451,"2019-12-17","South East",0.863861790784306
2452,"2019-12-17","South West",0.839209968261059
2453,"2019-12-17","Midlands",0.889902468702077
2454,"2019-12-17","North East and Yorkshire",0.863202729129838
2455,"2019-12-17","East of England",0.896823036596531
2456,"2019-12-17","North West",0.895307441651676
2457,"2019-12-18","London",0.929164454365978
2458,"2019-12-18","South East",0.901324442002451
2459,"2019-12-18","South West",0.911490329988417
2460,"2019-12-18","Midlands",0.929025104830363
2461,"2019-12-18","North East and Yorkshire",0.878060488657124
2462,"2019-12-18","East of England",0.913777620633361
2463,"2019-12-18","North West",0.902832438848838
2464,"2019-12-19","London",0.927091854384652
2465,"2019-12-19","South East",0.896653127694748
2466,"2019-12-19","South West",0.910154061879177
2467,"2019-12-19","Midlands",0.91833722919486
2468,"2019-12-19","North East and Yorkshire",0.857646719463367
2469,"2019-12-19","East of England",0.919120900711085
2470,"2019-12-19","North West",0.892152780794482
2471,"2019-12-20","London",0.908997819854372
2472,"2019-12-20","South East",0.900493316791615
2473,"2019-12-20","South West",0.904914699890328
2474,"2019-12-20","Midlands",0.881832312335781
2475,"2019-12-20","North East and Yorkshire",0.875030131913651
2476,"2019-12-20","East of England",0.901337638656844
2477,"2019-12-20","North West",0.909167115092139
2478,"2019-12-21","London",0.854483114385316
2479,"2019-12-21","South East",0.85355514984069
2480,"2019-12-21","South West",0.873111216725866
2481,"2019-12-21","Midlands",0.844237944094896
2482,"2019-12-21","North East and Yorkshire",0.85598314011802
2483,"2019-12-21","East of England",0.838700763470851
2484,"2019-12-21","North West",0.880745539437572
2485,"2019-12-22","London",0.799902891742014
2486,"2019-12-22","South East",0.797656165529087
2487,"2019-12-22","South West",0.813210076926199
2488,"2019-12-22","Midlands",0.790409172933175
2489,"2019-12-22","North East and Yorkshire",0.794518428395029
2490,"2019-12-22","East of England",0.793255952919577
2491,"2019-12-22","North West",0.790541770146471
2492,"2019-12-23","London",0.746300156108417
2493,"2019-12-23","South East",0.747926127824368
2494,"2019-12-23","South West",0.759654152745908
2495,"2019-12-23","Midlands",0.775784538039238
2496,"2019-12-23","North East and Yorkshire",0.771922120743675
2497,"2019-12-23","East of England",0.74167872911001
2498,"2019-12-23","North West",0.800012694109293
2499,"2019-12-24","London",0.901993831519152
2500,"2019-12-24","South East",0.870175580343639
2501,"2019-12-24","South West",0.810199960977304
2502,"2019-12-24","Midlands",0.857704748594203
2503,"2019-12-24","North East and Yorkshire",0.872314605993297
2504,"2019-12-24","East of England",0.871454866640637
2505,"2019-12-24","North West",0.863023940733848
2506,"2019-12-25","London",0.918305883108092
2507,"2019-12-25","South East",0.906646280105532
2508,"2019-12-25","South West",0.884376941840689
2509,"2019-12-25","Midlands",0.913142666386191
2510,"2019-12-25","North East and Yorkshire",0.918484202595671
2511,"2019-12-25","East of England",0.899473842689831
2512,"2019-12-25","North West",0.901452723891196
2513,"2019-12-26","London",0.932563868084012
2514,"2019-12-26","South East",0.919105740829529
2515,"2019-12-26","South West",0.900553111992504
2516,"2019-12-26","Midlands",0.938718477335894
2517,"2019-12-26","North East and Yorkshire",0.941380080249625
2518,"2019-12-26","East of England",0.916530200586085
2519,"2019-12-26","North West",0.951409452425788
2520,"2019-12-27","London",0.939858405127895
2521,"2019-12-27","South East",0.918607058020261
2522,"2019-12-27","South West",0.929818447470377
2523,"2019-12-27","Midlands",0.977360418446791
2524,"2019-12-27","North East and Yorkshire",0.928434574252753
2525,"2019-12-27","East of England",0.930586627019846
2526,"2019-12-27","North West",0.937476659759779
2527,"2019-12-28","London",0.965028319188177
2528,"2019-12-28","South East",0.929797362291227
2529,"2019-12-28","South West",0.918389538635476
2530,"2019-12-28","Midlands",0.949170698920524
2531,"2019-12-28","North East and Yorkshire",0.893364511217556
2532,"2019-12-28","East of England",0.94487347293502
2533,"2019-12-28","North West",0.92564114122372
2534,"2019-12-29","London",0.948568135840238
2535,"2019-12-29","South East",0.930241461238065
2536,"2019-12-29","South West",0.940493531299579
2537,"2019-12-29","Midlands",0.943991106182352
2538,"2019-12-29","North East and Yorkshire",0.933372279166813
2539,"2019-12-29","East of England",0.943352570386331
2540,"2019-12-29","North West",0.940302119870155
2541,"2019-12-30","London",0.883895270639645
2542,"2019-12-30","South East",0.882936352629269
2543,"2019-12-30","South West",0.887396799458939
2544,"2019-12-30","Midlands",0.878918431964212
2545,"2019-12-30","North East and Yorkshire",0.876772158622303
2546,"2019-12-30","East of England",0.876829393006029
2547,"2019-12-30","North West",0.901362129731638
2548,"2019-12-31","London",0.879567896404964
2549,"2019-12-31","South East",0.88570595621062
2550,"2019-12-31","South West",0.900130682719918
2551,"2019-12-31","Midlands",0.850160631249643
2552,"2019-12-31","North East and Yorkshire",0.823804922923533
2553,"2019-12-31","East of England",0.854071204484454
2554,"2019-12-31","North West",0.838589824982575
2555,"2020-01-01","London",0.735133802832003
2556,"2020-01-01","South East",0.765540600981245
2557,"2020-01-01","South West",0.799481569079072
2558,"2020-01-01","Midlands",0.708803306792592
2559,"2020-01-01","North East and Yorkshire",0.730048127933173
2560,"2020-01-01","East of England",0.714695093081895
2561,"2020-01-01","North West",0.754255063778322
2562,"2020-01-02","London",0.937057664811784
2563,"2020-01-02","South East",0.94309487298423
2564,"2020-01-02","South West",0.931364215631488
2565,"2020-01-02","Midlands",0.923557746339249
2566,"2020-01-02","North East and Yorkshire",0.909958540594067
2567,"2020-01-02","East of England",0.930287559044325
2568,"2020-01-02","North West",0.925223757717793
2569,"2020-01-03","London",0.730232570786804
2570,"2020-01-03","South East",0.744186080749924
2571,"2020-01-03","South West",0.749901620963643
2572,"2020-01-03","Midlands",0.726530502065706
2573,"2020-01-03","North East and Yorkshire",0.751125250850418
2574,"2020-01-03","East of England",0.729786128075477
2575,"2020-01-03","North West",0.756541805746995
2576,"2020-01-04","London",0.855352995960677
2577,"2020-01-04","South East",0.845939121676574
2578,"2020-01-04","South West",0.84173224769872
2579,"2020-01-04","Midlands",0.837078851589373
2580,"2020-01-04","North East and Yorkshire",0.810424289340795
2581,"2020-01-04","East of England",0.847084558889817
2582,"2020-01-04","North West",0.834794113038509
2583,"2020-01-05","London",0.866134019708897
2584,"2020-01-05","South East",0.863826917960352
2585,"2020-01-05","South West",0.89581552986503
2586,"2020-01-05","Midlands",0.86017854089677
2587,"2020-01-05","North East and Yorkshire",0.829803989759703
2588,"2020-01-05","East of England",0.853675440343126
2589,"2020-01-05","North West",0.867712257003424
2590,"2020-01-06","London",0.911477833917195
2591,"2020-01-06","South East",0.913902120849645
2592,"2020-01-06","South West",0.922432787533795
2593,"2020-01-06","Midlands",0.928190984714824
2594,"2020-01-06","North East and Yorkshire",0.942244338868417
2595,"2020-01-06","East of England",0.913024838137066
2596,"2020-01-06","North West",0.954146114470072
2597,"2020-01-07","London",0.741928429731895
2598,"2020-01-07","South East",0.76015187552639
2599,"2020-01-07","South West",0.805162658187441
2600,"2020-01-07","Midlands",0.774042595789576
2601,"2020-01-07","North East and Yorkshire",0.735043389639482
2602,"2020-01-07","East of England",0.724176748727896
2603,"2020-01-07","North West",0.808109775918602
2604,"2020-01-08","London",0.816730184402157
2605,"2020-01-08","South East",0.824339569008925
2606,"2020-01-08","South West",0.834295402825068
2607,"2020-01-08","Midlands",0.851879457081243
2608,"2020-01-08","North East and Yorkshire",0.802039870134914
2609,"2020-01-08","East of England",0.7943433005239
2610,"2020-01-08","North West",0.866966914905765
2611,"2020-01-09","London",0.89634588068593
2612,"2020-01-09","South East",0.890109469225711
2613,"2020-01-09","South West",0.891510827750113
2614,"2020-01-09","Midlands",0.912561599231779
2615,"2020-01-09","North East and Yorkshire",0.875017677120231
2616,"2020-01-09","East of England",0.890471572705177
2617,"2020-01-09","North West",0.929480385164213
2618,"2020-01-10","London",0.869014286994758
2619,"2020-01-10","South East",0.873949207148037
2620,"2020-01-10","South West",0.863191007457279
2621,"2020-01-10","Midlands",0.869152306036951
2622,"2020-01-10","North East and Yorkshire",0.862527176147031
2623,"2020-01-10","East of England",0.880244689253572
2624,"2020-01-10","North West",0.892745816960341
2625,"2020-01-11","London",0.849444463705528
2626,"2020-01-11","South East",0.85596817954414
2627,"2020-01-11","South West",0.871192203927858
2628,"2020-01-11","Midlands",0.835121051901883
2629,"2020-01-11","North East and Yorkshire",0.851303650384133
2630,"2020-01-11","East of England",0.851353339536821
2631,"2020-01-11","North West",0.88558257940558
2632,"2020-01-12","London",0.796914091105352
2633,"2020-01-12","South East",0.813065550974232
2634,"2020-01-12","South West",0.843415033876882
2635,"2020-01-12","Midlands",0.783079331344779
2636,"2020-01-12","North East and Yorkshire",0.782859729122884
2637,"2020-01-12","East of England",0.792886861531071
2638,"2020-01-12","North West",0.849096313266671
2639,"2020-01-13","London",0.744489084697944
2640,"2020-01-13","South East",0.747317213170781
2641,"2020-01-13","South West",0.747255738553567
2642,"2020-01-13","Midlands",0.782489245290214
2643,"2020-01-13","North East and Yorkshire",0.822320851802199
2644,"2020-01-13","East of England",0.785369131694738
2645,"2020-01-13","North West",0.829229701554828
2646,"2020-01-14","London",0.80959203190674
2647,"2020-01-14","South East",0.848666801561668
2648,"2020-01-14","South West",0.874161852675993
2649,"2020-01-14","Midlands",0.838579684191282
2650,"2020-01-14","North East and Yorkshire",0.779016813319085
2651,"2020-01-14","East of England",0.802876420831966
2652,"2020-01-14","North West",0.853522195505727
2653,"2020-01-15","London",0.898731602793937
2654,"2020-01-15","South East",0.902839180151015
2655,"2020-01-15","South West",0.919907827387711
2656,"2020-01-15","Midlands",0.882027321259141
2657,"2020-01-15","North East and Yorkshire",0.778410493152677
2658,"2020-01-15","East of England",0.87057230940456
2659,"2020-01-15","North West",0.845665632682381
2660,"2020-01-16","London",0.948922058430835
2661,"2020-01-16","South East",0.940386329005543
2662,"2020-01-16","South West",0.956571393328537
2663,"2020-01-16","Midlands",0.955042689414361
2664,"2020-01-16","North East and Yorkshire",0.920642051380009
2665,"2020-01-16","East of England",0.933181993089754
2666,"2020-01-16","North West",0.916473416623717
2667,"2020-01-17","London",0.917619378549362
2668,"2020-01-17","South East",0.915586031821203
2669,"2020-01-17","South West",0.924347017915783
2670,"2020-01-17","Midlands",0.943358164473726
2671,"2020-01-17","North East and Yorkshire",0.963910270240643
2672,"2020-01-17","East of England",0.916831128253158
2673,"2020-01-17","North West",0.954924298769627
2674,"2020-01-18","London",0.929177670076629
2675,"2020-01-18","South East",0.914759677516593
2676,"2020-01-18","South West",0.881679714768072
2677,"2020-01-18","Midlands",0.934172057202288
2678,"2020-01-18","North East and Yorkshire",0.949318056121559
2679,"2020-01-18","East of England",0.929039099032645
2680,"2020-01-18","North West",0.923011884649647
2681,"2020-01-19","London",0.872948474617324
2682,"2020-01-19","South East",0.876652106644401
2683,"2020-01-19","South West",0.875954803460954
2684,"2020-01-19","Midlands",0.903572563436039
2685,"2020-01-19","North East and Yorkshire",0.918068586179348
2686,"2020-01-19","East of England",0.884667927958382
2687,"2020-01-19","North West",0.919927152566688
2688,"2020-01-20","London",0.788969157256957
2689,"2020-01-20","South East",0.784928775435311
2690,"2020-01-20","South West",0.780251961735483
2691,"2020-01-20","Midlands",0.792207875202916
2692,"2020-01-20","North East and Yorkshire",0.788532074502787
2693,"2020-01-20","East of England",0.794577546341807
2694,"2020-01-20","North West",0.802900741902337
2695,"2020-01-21","London",0.852658284539105
2696,"2020-01-21","South East",0.847948180421119
2697,"2020-01-21","South West",0.857963440666157
2698,"2020-01-21","Midlands",0.882728971834358
2699,"2020-01-21","North East and Yorkshire",0.903134720002443
2700,"2020-01-21","East of England",0.844858592467379
2701,"2020-01-21","North West",0.926713280681676
2702,"2020-01-22","London",0.863657706496474
2703,"2020-01-22","South East",0.839472640441858
2704,"2020-01-22","South West",0.836638154470874
2705,"2020-01-22","Midlands",0.864486826001279
2706,"2020-01-22","North East and Yorkshire",0.877749975212434
2707,"2020-01-22","East of England",0.868713150152749
2708,"2020-01-22","North West",0.907245939717023
2709,"2020-01-23","London",0.892790122009271
2710,"2020-01-23","South East",0.867681007732544
2711,"2020-01-23","South West",0.876951930602469
2712,"2020-01-23","Midlands",0.901311256558062
2713,"2020-01-23","North East and Yorkshire",0.929645183797896
2714,"2020-01-23","East of England",0.870679511423275
2715,"2020-01-23","North West",0.894228934564373
2716,"2020-01-24","London",0.945307879522351
2717,"2020-01-24","South East",0.933066427883564
2718,"2020-01-24","South West",0.869153144116051
2719,"2020-01-24","Midlands",0.876628033583253
2720,"2020-01-24","North East and Yorkshire",0.882592852153058
2721,"2020-01-24","East of England",0.878111284486857
2722,"2020-01-24","North West",0.809088308061202
2723,"2020-01-25","London",0.828687745742901
2724,"2020-01-25","South East",0.837568968589792
2725,"2020-01-25","South West",0.773488287005621
2726,"2020-01-25","Midlands",0.812211384789519
2727,"2020-01-25","North East and Yorkshire",0.825838550139633
2728,"2020-01-25","East of England",0.850201146727131
2729,"2020-01-25","North West",0.784061860078887
2730,"2020-01-26","London",0.790977887098282
2731,"2020-01-26","South East",0.804123765392941
2732,"2020-01-26","South West",0.828949387527038
2733,"2020-01-26","Midlands",0.821164455984652
2734,"2020-01-26","North East and Yorkshire",0.812513267804351
2735,"2020-01-26","East of England",0.777030295966772
2736,"2020-01-26","North West",0.836412726580031
2737,"2020-01-27","London",0.929126171871143
2738,"2020-01-27","South East",0.913376630811084
2739,"2020-01-27","South West",0.911814185315016
2740,"2020-01-27","Midlands",0.865590572623259
2741,"2020-01-27","North East and Yorkshire",0.835278238656832
2742,"2020-01-27","East of England",0.904123406052668
2743,"2020-01-27","North West",0.873540062929581
2744,"2020-01-28","London",0.80959203190674
2745,"2020-01-28","South East",0.848666801561668
2746,"2020-01-28","South West",0.874161852675993
2747,"2020-01-28","Midlands",0.838579684191282
2748,"2020-01-28","North East and Yorkshire",0.779016813319085
2749,"2020-01-28","East of England",0.802876420831966
2750,"2020-01-28","North West",0.853522195505727
2751,"2020-01-29","London",0.898731602793937
2752,"2020-01-29","South East",0.902839180151015
2753,"2020-01-29","South West",0.919907827387711
2754,"2020-01-29","Midlands",0.882027321259141
2755,"2020-01-29","North East and Yorkshire",0.778410493152677
2756,"2020-01-29","East of England",0.87057230940456
2757,"2020-01-29","North West",0.845665632682381
2758,"2020-01-30","London",0.948922058430835
2759,"2020-01-30","South East",0.940386329005543
2760,"2020-01-30","South West",0.956571393328537
2761,"2020-01-30","Midlands",0.955042689414361
2762,"2020-01-30","North East and Yorkshire",0.920642051380009
2763,"2020-01-30","East of England",0.933181993089754
2764,"2020-01-30","North West",0.916473416623717
2765,"2020-01-31","London",0.917619378549362
2766,"2020-01-31","South East",0.915586031821203
2767,"2020-01-31","South West",0.924347017915783
2768,"2020-01-31","Midlands",0.943358164473726
2769,"2020-01-31","North East and Yorkshire",0.963910270240643
2770,"2020-01-31","East of England",0.916831128253158
2771,"2020-01-31","North West",0.954924298769627
2772,"2020-02-01","London",0.929177670076629
2773,"2020-02-01","South East",0.914759677516593
2774,"2020-02-01","South West",0.881679714768072
2775,"2020-02-01","Midlands",0.934172057202288
2776,"2020-02-01","North East and Yorkshire",0.949318056121559
2777,"2020-02-01","East of England",0.929039099032645
2778,"2020-02-01","North West",0.923011884649647
2779,"2020-02-02","London",0.872948474617324
2780,"2020-02-02","South East",0.876652106644401
2781,"2020-02-02","South West",0.875954803460954
2782,"2020-02-02","Midlands",0.903572563436039
2783,"2020-02-02","North East and Yorkshire",0.918068586179348
2784,"2020-02-02","East of England",0.884667927958382
2785,"2020-02-02","North West",0.919927152566688
2786,"2020-02-03","London",0.788969157256957
2787,"2020-02-03","South East",0.784928775435311
2788,"2020-02-03","South West",0.780251961735483
2789,"2020-02-03","Midlands",0.792207875202916
2790,"2020-02-03","North East and Yorkshire",0.788532074502787
2791,"2020-02-03","East of England",0.794577546341807
2792,"2020-02-03","North West",0.802900741902337
2793,"2020-02-04","London",0.792841284035226
2794,"2020-02-04","South East",0.819084009098547
2795,"2020-02-04","South West",0.858862292409041
2796,"2020-02-04","Midlands",0.79228243709552
2797,"2020-02-04","North East and Yorkshire",0.773978695483615
2798,"2020-02-04","East of England",0.785492465336377
2799,"2020-02-04","North West",0.850631134567238
2800,"2020-02-05","London",0.839719885691073
2801,"2020-02-05","South East",0.85605717533228
2802,"2020-02-05","South West",0.8493628788286
2803,"2020-02-05","Midlands",0.846205293619591
2804,"2020-02-05","North East and Yorkshire",0.867794069710611
2805,"2020-02-05","East of England",0.846867893353935
2806,"2020-02-05","North West",0.892821190062902
2807,"2020-02-06","London",0.836701805698228
2808,"2020-02-06","South East",0.859229930456864
2809,"2020-02-06","South West",0.87196545415673
2810,"2020-02-06","Midlands",0.830143948768385
2811,"2020-02-06","North East and Yorkshire",0.829257451822421
2812,"2020-02-06","East of England",0.838600917107621
2813,"2020-02-06","North West",0.860770870746215
2814,"2020-02-07","London",0.800071147953357
2815,"2020-02-07","South East",0.792257242204973
2816,"2020-02-07","South West",0.784745037033604
2817,"2020-02-07","Midlands",0.811587895675877
2818,"2020-02-07","North East and Yorkshire",0.803516708441022
2819,"2020-02-07","East of England",0.806194836260081
2820,"2020-02-07","North West",0.808651361236223
2821,"2020-02-08","London",0.788668065090863
2822,"2020-02-08","South East",0.801481888022877
2823,"2020-02-08","South West",0.819590133215338
2824,"2020-02-08","Midlands",0.825357667009071
2825,"2020-02-08","North East and Yorkshire",0.829132203511064
2826,"2020-02-08","East of England",0.788731486444198
2827,"2020-02-08","North West",0.832259895260439
2828,"2020-02-09","London",0.769462903269346
2829,"2020-02-09","South East",0.780535860387888
2830,"2020-02-09","South West",0.824432742442668
2831,"2020-02-09","Midlands",0.793201439353146
2832,"2020-02-09","North East and Yorkshire",0.804089226743532
2833,"2020-02-09","East of England",0.775166493765707
2834,"2020-02-09","North West",0.820886848145547
2835,"2020-02-10","London",0.789275421233492
2836,"2020-02-10","South East",0.810495559569568
2837,"2020-02-10","South West",0.865014801043529
2838,"2020-02-10","Midlands",0.846125963457199
2839,"2020-02-10","North East and Yorkshire",0.817558903588305
2840,"2020-02-10","East of England",0.794000710240095
2841,"2020-02-10","North West",0.864261475498192
2842,"2020-02-11","London",0.723108377932619
2843,"2020-02-11","South East",0.689601254106061
2844,"2020-02-11","South West",0.742354736123958
2845,"2020-02-11","Midlands",0.764697301764442
2846,"2020-02-11","North East and Yorkshire",0.771415265742362
2847,"2020-02-11","East of England",0.709622050636027
2848,"2020-02-11","North West",0.812341339098686
2849,"2020-02-12","London",0.809282153990712
2850,"2020-02-12","South East",0.792568746760496
2851,"2020-02-12","South West",0.79265010802005
2852,"2020-02-12","Midlands",0.783331174197249
2853,"2020-02-12","North East and Yorkshire",0.768175630865751
2854,"2020-02-12","East of England",0.767833684407429
2855,"2020-02-12","North West",0.816031317819631
2856,"2020-02-13","London",0.708914569244243
2857,"2020-02-13","South East",0.703988060501141
2858,"2020-02-13","South West",0.748578538452895
2859,"2020-02-13","Midlands",0.754227249520495
2860,"2020-02-13","North East and Yorkshire",0.744981313680086
2861,"2020-02-13","East of England",0.74456634171
2862,"2020-02-13","North West",0.764797730017779
2863,"2020-02-14","London",0.778986732498829
2864,"2020-02-14","South East",0.765686784196564
2865,"2020-02-14","South West",0.772526388805321
2866,"2020-02-14","Midlands",0.784008324381903
2867,"2020-02-14","North East and Yorkshire",0.758765965724772
2868,"2020-02-14","East of England",0.783252983454405
2869,"2020-02-14","North West",0.774587977306424
2870,"2020-02-15","London",0.719953076212324
2871,"2020-02-15","South East",0.713539615528239
2872,"2020-02-15","South West",0.747952523335127
2873,"2020-02-15","Midlands",0.744363682006756
2874,"2020-02-15","North East and Yorkshire",0.784842100907702
2875,"2020-02-15","East of England",0.725592719212194
2876,"2020-02-15","North West",0.822337794793589
2877,"2020-02-16","London",0.844021232077244
2878,"2020-02-16","South East",0.852529395368086
2879,"2020-02-16","South West",0.868848598635838
2880,"2020-02-16","Midlands",0.844224222877233
2881,"2020-02-16","North East and Yorkshire",0.847659205338758
2882,"2020-02-16","East of England",0.821091362886599
2883,"2020-02-16","North West",0.861733903335808
2884,"2020-02-17","London",0.764923344579062
2885,"2020-02-17","South East",0.779530277906684
2886,"2020-02-17","South West",0.790293992689642
2887,"2020-02-17","Midlands",0.726612406268149
2888,"2020-02-17","North East and Yorkshire",0.71597489526532
2889,"2020-02-17","East of England",0.745754855951734
2890,"2020-02-17","North West",0.722342125134334
2891,"2020-02-18","London",0.903372151314764
2892,"2020-02-18","South East",0.890780367859727
2893,"2020-02-18","South West",0.888972253504609
2894,"2020-02-18","Midlands",0.87740107120561
2895,"2020-02-18","North East and Yorkshire",0.859335811046909
2896,"2020-02-18","East of England",0.898627963509145
2897,"2020-02-18","North West",0.869258361514664
2898,"2020-02-19","London",0.901281839587722
2899,"2020-02-19","South East",0.888488026725321
2900,"2020-02-19","South West",0.889254052786002
2901,"2020-02-19","Midlands",0.860264982420357
2902,"2020-02-19","North East and Yorkshire",0.815942750055129
2903,"2020-02-19","East of England",0.888926154510488
2904,"2020-02-19","North West",0.835150595083388
2905,"2020-02-20","London",0.789953781995801
2906,"2020-02-20","South East",0.796365724642141
2907,"2020-02-20","South West",0.779236822334267
2908,"2020-02-20","Midlands",0.76463273099231
2909,"2020-02-20","North East and Yorkshire",0.789346905878142
2910,"2020-02-20","East of England",0.78426932507589
2911,"2020-02-20","North West",0.811504349097109
2912,"2020-02-21","London",0.859147632187939
2913,"2020-02-21","South East",0.859284802412528
2914,"2020-02-21","South West",0.859350625684406
2915,"2020-02-21","Midlands",0.848457339888762
2916,"2020-02-21","North East and Yorkshire",0.834794265498143
2917,"2020-02-21","East of England",0.847487596112115
2918,"2020-02-21","North West",0.854810313241898
2919,"2020-02-22","London",0.725159023749256
2920,"2020-02-22","South East",0.743741061536186
2921,"2020-02-22","South West",0.855899458446278
2922,"2020-02-22","Midlands",0.809686258615134
2923,"2020-02-22","North East and Yorkshire",0.831042673785119
2924,"2020-02-22","East of England",0.732675840236857
2925,"2020-02-22","North West",0.874662878608239
2926,"2020-02-23","London",0.811253277030775
2927,"2020-02-23","South East",0.839906501728109
2928,"2020-02-23","South West",0.913874897153296
2929,"2020-02-23","Midlands",0.885915334095001
2930,"2020-02-23","North East and Yorkshire",0.828734892931965
2931,"2020-02-23","East of England",0.815734349118718
2932,"2020-02-23","North West",0.867774155844954
2933,"2020-02-24","London",0.900136632734366
2934,"2020-02-24","South East",0.903321575729519
2935,"2020-02-24","South West",0.869050351076504
2936,"2020-02-24","Midlands",0.87562998954795
2937,"2020-02-24","North East and Yorkshire",0.863387083586302
2938,"2020-02-24","East of England",0.901050678209214
2939,"2020-02-24","North West",0.850286681241154
2940,"2020-02-25","London",0.832780432353352
2941,"2020-02-25","South East",0.842416909771756
2942,"2020-02-25","South West",0.859156910753872
2943,"2020-02-25","Midlands",0.819602716766629
2944,"2020-02-25","North East and Yorkshire",0.795979931172368
2945,"2020-02-25","East of England",0.798829127778223
2946,"2020-02-25","North West",0.848648807241048
2947,"2020-02-26","London",0.861314938080605
2948,"2020-02-26","South East",0.881851280254823
2949,"2020-02-26","South West",0.905610476841816
2950,"2020-02-26","Midlands",0.908064300189646
2951,"2020-02-26","North East and Yorkshire",0.805682730434654
2952,"2020-02-26","East of England",0.86565579169293
2953,"2020-02-26","North West",0.860157013031006
2954,"2020-02-27","London",0.887749602713073
2955,"2020-02-27","South East",0.908538156020182
2956,"2020-02-27","South West",0.917766251292829
2957,"2020-02-27","Midlands",0.832065268851065
2958,"2020-02-27","North East and Yorkshire",0.747525844189092
2959,"2020-02-27","East of England",0.868657788647408
2960,"2020-02-27","North West",0.742573175538608
2961,"2020-02-28","London",0.737846373326766
2962,"2020-02-28","South East",0.748364205234038
2963,"2020-02-28","South West",0.727308522460952
2964,"2020-02-28","Midlands",0.767026680731734
2965,"2020-02-28","North East and Yorkshire",0.782112737084672
2966,"2020-02-28","East of England",0.772781804996768
2967,"2020-02-28","North West",0.726370446963678
2968,"2020-02-29","London",0.644988038488645
2969,"2020-02-29","South East",0.658925420176678
2970,"2020-02-29","South West",0.649289177064011
2971,"2020-02-29","Midlands",0.653324068439635
2972,"2020-02-29","North East and Yorkshire",0.721752720703267
2973,"2020-02-29","East of England",0.65430300849455
2974,"2020-02-29","North West",0.677058279485127
2975,"2020-03-01","London",0.669773747086948
2976,"2020-03-01","South East",0.661127631468685
2977,"2020-03-01","South West",0.665377380015105
2978,"2020-03-01","Midlands",0.68585012630646
2979,"2020-03-01","North East and Yorkshire",0.7140625610175
2980,"2020-03-01","East of England",0.675486522629656
2981,"2020-03-01","North West",0.689977890809334
2982,"2020-03-02","London",0.581277175668589
2983,"2020-03-02","South East",0.586927409531306
2984,"2020-03-02","South West",0.649298945754385
2985,"2020-03-02","Midlands",0.644146485321261
2986,"2020-03-02","North East and Yorkshire",0.680553382431031
2987,"2020-03-02","East of England",0.614968454092624
2988,"2020-03-02","North West",0.644147322607123
2989,"2020-03-03","London",0.868439870599207
2990,"2020-03-03","South East",0.889278425213195
2991,"2020-03-03","South West",0.883179719567377
2992,"2020-03-03","Midlands",0.842683273667705
2993,"2020-03-03","North East and Yorkshire",0.867894649685637
2994,"2020-03-03","East of England",0.860051812847489
2995,"2020-03-03","North West",0.907548867004267
2996,"2020-03-04","London",0.871817980854581
2997,"2020-03-04","South East",0.897211877698144
2998,"2020-03-04","South West",0.901016889113795
2999,"2020-03-04","Midlands",0.853196673744678
3000,"2020-03-04","North East and Yorkshire",0.849898092039134
3001,"2020-03-04","East of England",0.859668386977004
3002,"2020-03-04","North West",0.890847737233819
3003,"2020-03-05","London",0.875042146258204
3004,"2020-03-05","South East",0.894731389632696
3005,"2020-03-05","South West",0.907635540021881
3006,"2020-03-05","Midlands",0.859256014224946
3007,"2020-03-05","North East and Yorkshire",0.827855612137749
3008,"2020-03-05","East of England",0.879637656525841
3009,"2020-03-05","North West",0.870411160381
3010,"2020-03-06","London",0.833434151198946
3011,"2020-03-06","South East",0.868128427855308
3012,"2020-03-06","South West",0.853070669580139
3013,"2020-03-06","Midlands",0.804594622198863
3014,"2020-03-06","North East and Yorkshire",0.79235584088375
3015,"2020-03-06","East of England",0.827571585839759
3016,"2020-03-06","North West",0.829332404255534
3017,"2020-03-07","London",0.767595253390427
3018,"2020-03-07","South East",0.798309555649463
3019,"2020-03-07","South West",0.784718254754349
3020,"2020-03-07","Midlands",0.66968484957001
3021,"2020-03-07","North East and Yorkshire",0.681446442701428
3022,"2020-03-07","East of England",0.735687398417659
3023,"2020-03-07","North West",0.742315244791797
3024,"2020-03-08","London",0.664783178098317
3025,"2020-03-08","South East",0.680670422502807
3026,"2020-03-08","South West",0.700948132102778
3027,"2020-03-08","Midlands",0.673155250469701
3028,"2020-03-08","North East and Yorkshire",0.720394872303429
3029,"2020-03-08","East of England",0.662854960019873
3030,"2020-03-08","North West",0.768860369055382
3031,"2020-03-09","London",0.626222572806683
3032,"2020-03-09","South East",0.635704594308719
3033,"2020-03-09","South West",0.681047713342282
3034,"2020-03-09","Midlands",0.648614319255453
3035,"2020-03-09","North East and Yorkshire",0.665209433676704
3036,"2020-03-09","East of England",0.656364603298135
3037,"2020-03-09","North West",0.720402612882511
3038,"2020-03-10","London",0.830472078172748
3039,"2020-03-10","South East",0.845424374768188
3040,"2020-03-10","South West",0.816672638713355
3041,"2020-03-10","Midlands",0.807343466392184
3042,"2020-03-10","North East and Yorkshire",0.787577680394042
3043,"2020-03-10","East of England",0.81276483769077
3044,"2020-03-10","North West",0.8383112907654
3045,"2020-03-11","London",0.849973736668913
3046,"2020-03-11","South East",0.871474983807054
3047,"2020-03-11","South West",0.841548861997349
3048,"2020-03-11","Midlands",0.816852748431891
3049,"2020-03-11","North East and Yorkshire",0.832242578392954
3050,"2020-03-11","East of England",0.826981244432526
3051,"2020-03-11","North West",0.861424778018638
3052,"2020-03-12","London",0.884883844796515
3053,"2020-03-12","South East",0.897340077674613
3054,"2020-03-12","South West",0.870898989046642
3055,"2020-03-12","Midlands",0.836691489891827
3056,"2020-03-12","North East and Yorkshire",0.837947734964802
3057,"2020-03-12","East of England",0.869006399938676
3058,"2020-03-12","North West",0.849532304071954
3059,"2020-03-13","London",0.92088244709644
3060,"2020-03-13","South East",0.924664696200675
3061,"2020-03-13","South West",0.879790655495458
3062,"2020-03-13","Midlands",0.838455274118503
3063,"2020-03-13","North East and Yorkshire",0.803785445076472
3064,"2020-03-13","East of England",0.928892779154925
3065,"2020-03-13","North West",0.778454769392962
3066,"2020-03-14","London",0.844650285063388
3067,"2020-03-14","South East",0.859427942097126
3068,"2020-03-14","South West",0.852970759514352
3069,"2020-03-14","Midlands",0.859948762944613
3070,"2020-03-14","North East and Yorkshire",0.823139060464461
3071,"2020-03-14","East of England",0.86281363100339
3072,"2020-03-14","North West",0.787768228580733
3073,"2020-03-15","London",0.737150928190921
3074,"2020-03-15","South East",0.749770683464824
3075,"2020-03-15","South West",0.792867265988386
3076,"2020-03-15","Midlands",0.84755188423188
3077,"2020-03-15","North East and Yorkshire",0.898475002255165
3078,"2020-03-15","East of England",0.778551814093314
3079,"2020-03-15","North West",0.877142457251657
3080,"2020-03-16","London",0.60269422137842
3081,"2020-03-16","South East",0.642357066001322
3082,"2020-03-16","South West",0.665719981236047
3083,"2020-03-16","Midlands",0.67894165140247
3084,"2020-03-16","North East and Yorkshire",0.719793106631258
3085,"2020-03-16","East of England",0.648762944292162
3086,"2020-03-16","North West",0.662073757186937
3087,"2020-03-17","London",0.833384867096679
3088,"2020-03-17","South East",0.829770851461332
3089,"2020-03-17","South West",0.878615682548494
3090,"2020-03-17","Midlands",0.89032919503978
3091,"2020-03-17","North East and Yorkshire",0.875138736558463
3092,"2020-03-17","East of England",0.82435269378862
3093,"2020-03-17","North West",0.906704119311931
3094,"2020-03-18","London",0.906273386902092
3095,"2020-03-18","South East",0.930746674472202
3096,"2020-03-18","South West",0.961360530334939
3097,"2020-03-18","Midlands",0.938695653938807
3098,"2020-03-18","North East and Yorkshire",0.874522484498054
3099,"2020-03-18","East of England",0.908642816389779
3100,"2020-03-18","North West",0.915154354387967
3101,"2020-03-19","London",0.920704971502657
3102,"2020-03-19","South East",0.912930210334704
3103,"2020-03-19","South West",0.882863264418786
3104,"2020-03-19","Midlands",0.840561461217547
3105,"2020-03-19","North East and Yorkshire",0.777147636218596
3106,"2020-03-19","East of England",0.905803051742512
3107,"2020-03-19","North West",0.808807305162503
3108,"2020-03-20","London",0.829368321186957
3109,"2020-03-20","South East",0.820751215134162
3110,"2020-03-20","South West",0.854803892736237
3111,"2020-03-20","Midlands",0.884125380098846
3112,"2020-03-20","North East and Yorkshire",0.895024306142869
3113,"2020-03-20","East of England",0.829999331749301
3114,"2020-03-20","North West",0.89129709463867
3115,"2020-03-21","London",0.854362039161113
3116,"2020-03-21","South East",0.839759580752485
3117,"2020-03-21","South West",0.885710844889981
3118,"2020-03-21","Midlands",0.924001960224417
3119,"2020-03-21","North East and Yorkshire",0.912746324817878
3120,"2020-03-21","East of England",0.855520782265926
3121,"2020-03-21","North West",0.937079912624558
3122,"2020-03-22","London",0.83721569511171
3123,"2020-03-22","South East",0.820605389064682
3124,"2020-03-22","South West",0.847159657712912
3125,"2020-03-22","Midlands",0.851480638844782
3126,"2020-03-22","North East and Yorkshire",0.841589438506219
3127,"2020-03-22","East of England",0.850188077362043
3128,"2020-03-22","North West",0.844635910853519
3129,"2020-03-23","London",0.793345740941621
3130,"2020-03-23","South East",0.80923638445457
3131,"2020-03-23","South West",0.879570436450162
3132,"2020-03-23","Midlands",0.809737359069038
3133,"2020-03-23","North East and Yorkshire",0.80351813993051
3134,"2020-03-23","East of England",0.809242232366464
3135,"2020-03-23","North West",0.793353280345368
3136,"2020-03-24","London",0.634651961537268
3137,"2020-03-24","South East",0.66928125132887
3138,"2020-03-24","South West",0.670903161744978
3139,"2020-03-24","Midlands",0.624161228967232
3140,"2020-03-24","North East and Yorkshire",0.64450502614472
3141,"2020-03-24","East of England",0.663994645962637
3142,"2020-03-24","North West",0.668293710879086
3143,"2020-03-25","London",0.637707768526863
3144,"2020-03-25","South East",0.69447226694673
3145,"2020-03-25","South West",0.661222772068683
3146,"2020-03-25","Midlands",0.616438337473187
3147,"2020-03-25","North East and Yorkshire",0.636978775927971
3148,"2020-03-25","East of England",0.664068293349046
3149,"2020-03-25","North West",0.651124098866171
3150,"2020-03-26","London",0.610453315935289
3151,"2020-03-26","South East",0.646092265245801
3152,"2020-03-26","South West",0.679170137916938
3153,"2020-03-26","Midlands",0.716089773615888
3154,"2020-03-26","North East and Yorkshire",0.836014387107697
3155,"2020-03-26","East of England",0.677445348212412
3156,"2020-03-26","North West",0.76950228831323
3157,"2020-03-27","London",0.635515256901685
3158,"2020-03-27","South East",0.639011690237814
3159,"2020-03-27","South West",0.628897773761251
3160,"2020-03-27","Midlands",0.647225778957151
3161,"2020-03-27","North East and Yorkshire",0.74755718052733
3162,"2020-03-27","East of England",0.694162227594325
3163,"2020-03-27","North West",0.691416968141779
3164,"2020-03-28","London",0.587053574524876
3165,"2020-03-28","South East",0.644147725340777
3166,"2020-03-28","South West",0.639929130108938
3167,"2020-03-28","Midlands",0.619589944700785
3168,"2020-03-28","North East and Yorkshire",0.682304697056869
3169,"2020-03-28","East of England",0.617616904493319
3170,"2020-03-28","North West",0.773968694612634
3171,"2020-03-29","London",0.592409584740229
3172,"2020-03-29","South East",0.646461587033967
3173,"2020-03-29","South West",0.714269736431128
3174,"2020-03-29","Midlands",0.750098377113418
3175,"2020-03-29","North East and Yorkshire",0.762545690111739
3176,"2020-03-29","East of England",0.674266153081564
3177,"2020-03-29","North West",0.768824502344165
3178,"2020-03-30","London",0.617725331154581
3179,"2020-03-30","South East",0.637044487537308
3180,"2020-03-30","South West",0.629095627539982
3181,"2020-03-30","Midlands",0.626742754885377
3182,"2020-03-30","North East and Yorkshire",0.581105093016653
3183,"2020-03-30","East of England",0.622214327989861
3184,"2020-03-30","North West",0.600729045550693
3185,"2020-03-31","London",0.80012507027337
3186,"2020-03-31","South East",0.825707079401406
3187,"2020-03-31","South West",0.837421876056639
3188,"2020-03-31","Midlands",0.767748385420521
3189,"2020-03-31","North East and Yorkshire",0.74377773342772
3190,"2020-03-31","East of England",0.807583580168056
3191,"2020-03-31","North West",0.764301140149684
3192,"2020-04-01","London",0.932179049227274
3193,"2020-04-01","South East",0.936077212678728
3194,"2020-04-01","South West",0.911789251328195
3195,"2020-04-01","Midlands",0.90648832850091
3196,"2020-04-01","North East and Yorkshire",0.874641201865671
3197,"2020-04-01","East of England",0.923388760666106
3198,"2020-04-01","North West",0.881898654892982
3199,"2020-04-02","London",0.733224877251085
3200,"2020-04-02","South East",0.771061770206226
3201,"2020-04-02","South West",0.811219867858245
3202,"2020-04-02","Midlands",0.794334976950622
3203,"2020-04-02","North East and Yorkshire",0.787674192542415
3204,"2020-04-02","East of England",0.738960763376059
3205,"2020-04-02","North West",0.837816919492414
3206,"2020-04-03","London",0.78958398845777
3207,"2020-04-03","South East",0.787563045742734
3208,"2020-04-03","South West",0.782948637405372
3209,"2020-04-03","Midlands",0.797942704357767
3210,"2020-04-03","North East and Yorkshire",0.781945972189103
3211,"2020-04-03","East of England",0.816012015333891
3212,"2020-04-03","North West",0.797768040870525
3213,"2020-04-04","London",0.661359043863307
3214,"2020-04-04","South East",0.64524202085548
3215,"2020-04-04","South West",0.62535359354354
3216,"2020-04-04","Midlands",0.665348732505746
3217,"2020-04-04","North East and Yorkshire",0.744953493002611
3218,"2020-04-04","East of England",0.700760749192824
3219,"2020-04-04","North West",0.655580891321337
3220,"2020-04-05","London",0.635798669800488
3221,"2020-04-05","South East",0.659434279158371
3222,"2020-04-05","South West",0.654090414787505
3223,"2020-04-05","Midlands",0.696105718571469
3224,"2020-04-05","North East and Yorkshire",0.770890244431078
3225,"2020-04-05","East of England",0.704065392678109
3226,"2020-04-05","North West",0.700149753622254
3227,"2020-04-06","London",0.675185814820212
3228,"2020-04-06","South East",0.728829682447922
3229,"2020-04-06","South West",0.74069929909085
3230,"2020-04-06","Midlands",0.713662339055958
3231,"2020-04-06","North East and Yorkshire",0.741682597693549
3232,"2020-04-06","East of England",0.704981927261569
3233,"2020-04-06","North West",0.73033064519904
3234,"2020-04-07","London",0.794819545279571
3235,"2020-04-07","South East",0.810637852731485
3236,"2020-04-07","South West",0.833904716506841
3237,"2020-04-07","Midlands",0.77406343516811
3238,"2020-04-07","North East and Yorkshire",0.734497768157708
3239,"2020-04-07","East of England",0.760557192813483
3240,"2020-04-07","North West",0.763784966173453
3241,"2020-04-08","London",0.789641747818518
3242,"2020-04-08","South East",0.789716249668798
3243,"2020-04-08","South West",0.780066411572163
3244,"2020-04-08","Midlands",0.785538047597317
3245,"2020-04-08","North East and Yorkshire",0.785260032143699
3246,"2020-04-08","East of England",0.766407715462195
3247,"2020-04-08","North West",0.803573249937502
3248,"2020-04-09","London",0.668599138032678
3249,"2020-04-09","South East",0.687013089507805
3250,"2020-04-09","South West",0.695705970913898
3251,"2020-04-09","Midlands",0.670312636064866
3252,"2020-04-09","North East and Yorkshire",0.779425898056937
3253,"2020-04-09","East of England",0.655339373010354
3254,"2020-04-09","North West",0.760450277436071
3255,"2020-04-10","London",0.877337848854834
3256,"2020-04-10","South East",0.864106987110135
3257,"2020-04-10","South West",0.872356341133035
3258,"2020-04-10","Midlands",0.868469142800637
3259,"2020-04-10","North East and Yorkshire",0.846770851777432
3260,"2020-04-10","East of England",0.851031153515352
3261,"2020-04-10","North West",0.867382185921526
3262,"2020-04-11","London",0.830774800401675
3263,"2020-04-11","South East",0.79825148757544
3264,"2020-04-11","South West",0.766138834332411
3265,"2020-04-11","Midlands",0.793940202163523
3266,"2020-04-11","North East and Yorkshire",0.822046284462728
3267,"2020-04-11","East of England",0.82513582497801
3268,"2020-04-11","North West",0.778678439889752
3269,"2020-04-12","London",0.764703095863743
3270,"2020-04-12","South East",0.795160721719907
3271,"2020-04-12","South West",0.804312507614511
3272,"2020-04-12","Midlands",0.800261019560659
3273,"2020-04-12","North East and Yorkshire",0.795550559194844
3274,"2020-04-12","East of England",0.787404108983712
3275,"2020-04-12","North West",0.827839600395786
3276,"2020-04-13","London",0.795088186675528
3277,"2020-04-13","South East",0.803305148868728
3278,"2020-04-13","South West",0.836194537120935
3279,"2020-04-13","Midlands",0.824826782162483
3280,"2020-04-13","North East and Yorkshire",0.847722579963859
3281,"2020-04-13","East of England",0.803450714205601
3282,"2020-04-13","North West",0.83437155718617
3283,"2020-04-14","London",0.732659203268391
3284,"2020-04-14","South East",0.695835456918435
3285,"2020-04-14","South West",0.676565926331696
3286,"2020-04-14","Midlands",0.726952419117824
3287,"2020-04-14","North East and Yorkshire",0.675446031835368
3288,"2020-04-14","East of England",0.746069604358733
3289,"2020-04-14","North West",0.751922229406269
3290,"2020-04-15","London",0.675510843525872
3291,"2020-04-15","South East",0.66479423585129
3292,"2020-04-15","South West",0.722224194100757
3293,"2020-04-15","Midlands",0.696092235031041
3294,"2020-04-15","North East and Yorkshire",0.715337462968598
3295,"2020-04-15","East of England",0.708645703709415
3296,"2020-04-15","North West",0.69487189149616
3297,"2020-04-16","London",0.669692380140601
3298,"2020-04-16","South East",0.681490695979771
3299,"2020-04-16","South West",0.725747448116801
3300,"2020-04-16","Midlands",0.75306376600258
3301,"2020-04-16","North East and Yorkshire",0.823862683586485
3302,"2020-04-16","East of England",0.696674579174256
3303,"2020-04-16","North West",0.834333636994794
3304,"2020-04-17","London",0.713059486986104
3305,"2020-04-17","South East",0.736964672283754
3306,"2020-04-17","South West",0.765909206633823
3307,"2020-04-17","Midlands",0.721097323331927
3308,"2020-04-17","North East and Yorkshire",0.704948935688098
3309,"2020-04-17","East of England",0.719341426611732
3310,"2020-04-17","North West",0.783443630794268
3311,"2020-04-18","London",0.640697331366833
3312,"2020-04-18","South East",0.614475161987706
3313,"2020-04-18","South West",0.625257045028287
3314,"2020-04-18","Midlands",0.659236660674782
3315,"2020-04-18","North East and Yorkshire",0.698993212109261
3316,"2020-04-18","East of England",0.645764882500112
3317,"2020-04-18","North West",0.709599655572372
3318,"2020-04-19","London",0.652630811208207
3319,"2020-04-19","South East",0.645410277292842
3320,"2020-04-19","South West",0.682203099889577
3321,"2020-04-19","Midlands",0.663782656316671
3322,"2020-04-19","North East and Yorkshire",0.697093374384816
3323,"2020-04-19","East of England",0.667474959169863
3324,"2020-04-19","North West",0.690976775897907
3325,"2020-04-20","London",0.778318706944983
3326,"2020-04-20","South East",0.778371199426292
3327,"2020-04-20","South West",0.812030904287333
3328,"2020-04-20","Midlands",0.861660042601326
3329,"2020-04-20","North East and Yorkshire",0.876442061979445
3330,"2020-04-20","East of England",0.768334091294517
3331,"2020-04-20","North West",0.881658658211048
3332,"2020-04-21","London",0.610928128861975
3333,"2020-04-21","South East",0.649991223668832
3334,"2020-04-21","South West",0.759832361627028
3335,"2020-04-21","Midlands",0.580509466926069
3336,"2020-04-21","North East and Yorkshire",0.664711856381158
3337,"2020-04-21","East of England",0.573261588061843
3338,"2020-04-21","North West",0.693397415254995
3339,"2020-04-22","London",0.581328201502188
3340,"2020-04-22","South East",0.645842589901156
3341,"2020-04-22","South West",0.715325334432017
3342,"2020-04-22","Midlands",0.649958950093253
3343,"2020-04-22","North East and Yorkshire",0.687827459957451
3344,"2020-04-22","East of England",0.619598210904284
3345,"2020-04-22","North West",0.712172869097174
3346,"2020-04-23","London",0.722802042978065
3347,"2020-04-23","South East",0.690426797696367
3348,"2020-04-23","South West",0.652189189411419
3349,"2020-04-23","Midlands",0.648944570683858
3350,"2020-04-23","North East and Yorkshire",0.658949606875159
3351,"2020-04-23","East of England",0.733335421850368
3352,"2020-04-23","North West",0.632998307859777
3353,"2020-04-24","London",0.666507867875232
3354,"2020-04-24","South East",0.673043552985131
3355,"2020-04-24","South West",0.680977699487822
3356,"2020-04-24","Midlands",0.676416287379456
3357,"2020-04-24","North East and Yorkshire",0.671432539062818
3358,"2020-04-24","East of England",0.689642044152918
3359,"2020-04-24","North West",0.663875726412373
3360,"2020-04-25","London",0.573449538001847
3361,"2020-04-25","South East",0.589571195275662
3362,"2020-04-25","South West",0.598169840870006
3363,"2020-04-25","Midlands",0.577331446551517
3364,"2020-04-25","North East and Yorkshire",0.637351560543234
3365,"2020-04-25","East of England",0.60946320976583
3366,"2020-04-25","North West",0.639917278981388
3367,"2020-04-26","London",0.561110019379962
3368,"2020-04-26","South East",0.609623812579673
3369,"2020-04-26","South West",0.622326937075546
3370,"2020-04-26","Midlands",0.562535741141864
3371,"2020-04-26","North East and Yorkshire",0.602658139324392
3372,"2020-04-26","East of England",0.622727595815556
3373,"2020-04-26","North West",0.65877532155711
3374,"2020-04-27","London",0.675775020489765
3375,"2020-04-27","South East",0.690202562022732
3376,"2020-04-27","South West",0.637780664304474
3377,"2020-04-27","Midlands",0.600581678756728
3378,"2020-04-27","North East and Yorkshire",0.657964222732835
3379,"2020-04-27","East of England",0.726311782316917
3380,"2020-04-27","North West",0.607022814580457
3381,"2020-04-28","London",0.699480472937868
3382,"2020-04-28","South East",0.76040652977494
3383,"2020-04-28","South West",0.764662740982784
3384,"2020-04-28","Midlands",0.625267966534575
3385,"2020-04-28","North East and Yorkshire",0.655134213197083
3386,"2020-04-28","East of England",0.662829102860087
3387,"2020-04-28","North West",0.705981074010311
3388,"2020-04-29","London",0.843425331450771
3389,"2020-04-29","South East",0.842951437612905
3390,"2020-04-29","South West",0.834123143505151
3391,"2020-04-29","Midlands",0.792909721380323
3392,"2020-04-29","North East and Yorkshire",0.725076362596793
3393,"2020-04-29","East of England",0.818034523947305
3394,"2020-04-29","North West",0.782496734077288
3395,"2020-04-30","London",0.678556257560356
3396,"2020-04-30","South East",0.735500562940692
3397,"2020-04-30","South West",0.76172814967122
3398,"2020-04-30","Midlands",0.688059035577506
3399,"2020-04-30","North East and Yorkshire",0.684773671723432
3400,"2020-04-30","East of England",0.675253868919924
3401,"2020-04-30","North West",0.714728854771528
3402,"2020-05-01","London",0.672042980936835
3403,"2020-05-01","South East",0.723172550143245
3404,"2020-05-01","South West",0.748544456697271
3405,"2020-05-01","Midlands",0.68945795103977
3406,"2020-05-01","North East and Yorkshire",0.693249879055518
3407,"2020-05-01","East of England",0.665134344943921
3408,"2020-05-01","North West",0.72856402859785
3409,"2020-05-02","London",0.685409051642471
3410,"2020-05-02","South East",0.729283718308306
3411,"2020-05-02","South West",0.740991920807691
3412,"2020-05-02","Midlands",0.69327321242507
3413,"2020-05-02","North East and Yorkshire",0.695420175327625
3414,"2020-05-02","East of England",0.704046022663381
3415,"2020-05-02","North West",0.736466861694679
3416,"2020-05-03","London",0.76224059926768
3417,"2020-05-03","South East",0.804181165615807
3418,"2020-05-03","South West",0.853042202526927
3419,"2020-05-03","Midlands",0.81303249998927
3420,"2020-05-03","North East and Yorkshire",0.790728709961191
3421,"2020-05-03","East of England",0.777543902298925
3422,"2020-05-03","North West",0.771295329198824
3423,"2020-05-04","London",0.789982310600701
3424,"2020-05-04","South East",0.846215121776285
3425,"2020-05-04","South West",0.866446872433632
3426,"2020-05-04","Midlands",0.838535667399216
3427,"2020-05-04","North East and Yorkshire",0.887317809016668
3428,"2020-05-04","East of England",0.790428124015934
3429,"2020-05-04","North West",0.863342676360417
3430,"2020-05-05","London",0.593137119545409
3431,"2020-05-05","South East",0.615059830671515
3432,"2020-05-05","South West",0.658742880110512
3433,"2020-05-05","Midlands",0.61026318816821
3434,"2020-05-05","North East and Yorkshire",0.618797876174995
3435,"2020-05-05","East of England",0.603024206442033
3436,"2020-05-05","North West",0.635354380440824
3437,"2020-05-06","London",0.604763733345315
3438,"2020-05-06","South East",0.610450110121709
3439,"2020-05-06","South West",0.607020096222098
3440,"2020-05-06","Midlands",0.572490502814719
3441,"2020-05-06","North East and Yorkshire",0.579136531901618
3442,"2020-05-06","East of England",0.614805167642188
3443,"2020-05-06","North West",0.639174170739174
3444,"2020-05-07","London",0.618940865666635
3445,"2020-05-07","South East",0.647751755414528
3446,"2020-05-07","South West",0.649999238258263
3447,"2020-05-07","Midlands",0.576930228280381
3448,"2020-05-07","North East and Yorkshire",0.686002849632195
3449,"2020-05-07","East of England",0.653560990145821
3450,"2020-05-07","North West",0.607054906420888
3451,"2020-05-08","London",0.78013110513314
3452,"2020-05-08","South East",0.798514135499501
3453,"2020-05-08","South West",0.838749848244251
3454,"2020-05-08","Midlands",0.725748191866662
3455,"2020-05-08","North East and Yorkshire",0.742501677525118
3456,"2020-05-08","East of England",0.767039512070626
3457,"2020-05-08","North West",0.699169897446347
3458,"2020-05-09","London",0.859586580778519
3459,"2020-05-09","South East",0.869362197591108
3460,"2020-05-09","South West",0.894368473580391
3461,"2020-05-09","Midlands",0.838733634545238
3462,"2020-05-09","North East and Yorkshire",0.740008650793463
3463,"2020-05-09","East of England",0.868732904624324
3464,"2020-05-09","North West",0.727518830225816
3465,"2020-05-10","London",0.683316452908688
3466,"2020-05-10","South East",0.694922649891946
3467,"2020-05-10","South West",0.70291211517733
3468,"2020-05-10","Midlands",0.652331851703646
3469,"2020-05-10","North East and Yorkshire",0.681254379556562
3470,"2020-05-10","East of England",0.697223702820682
3471,"2020-05-10","North West",0.607867819100588
3472,"2020-05-11","London",0.596864756203285
3473,"2020-05-11","South East",0.606981075284413
3474,"2020-05-11","South West",0.591855933185922
3475,"2020-05-11","Midlands",0.631486074349269
3476,"2020-05-11","North East and Yorkshire",0.66254003222058
3477,"2020-05-11","East of England",0.623405195223031
3478,"2020-05-11","North West",0.611296235943648
3479,"2020-05-12","London",0.836851691013636
3480,"2020-05-12","South East",0.839731166397736
3481,"2020-05-12","South West",0.841841889096757
3482,"2020-05-12","Midlands",0.846479211506901
3483,"2020-05-12","North East and Yorkshire",0.82831251546208
3484,"2020-05-12","East of England",0.824211958471976
3485,"2020-05-12","North West",0.867686423121059
3486,"2020-05-13","London",0.758639597722122
3487,"2020-05-13","South East",0.753974150110805
3488,"2020-05-13","South West",0.724721730975652
3489,"2020-05-13","Midlands",0.720930692943808
3490,"2020-05-13","North East and Yorkshire",0.775736478030921
3491,"2020-05-13","East of England",0.762656877622387
3492,"2020-05-13","North West",0.797251368320014
3493,"2020-05-14","London",0.628524960630299
3494,"2020-05-14","South East",0.658252386170974
3495,"2020-05-14","South West",0.703839075474037
3496,"2020-05-14","Midlands",0.671487538575011
3497,"2020-05-14","North East and Yorkshire",0.684129264581068
3498,"2020-05-14","East of England",0.634560130604545
3499,"2020-05-14","North West",0.720242776852518
3500,"2020-05-15","London",0.845112193938628
3501,"2020-05-15","South East",0.837479471570472
3502,"2020-05-15","South West",0.873848811251632
3503,"2020-05-15","Midlands",0.874842674667347
3504,"2020-05-15","North East and Yorkshire",0.846594436934641
3505,"2020-05-15","East of England",0.843231892016611
3506,"2020-05-15","North West",0.835529098976621
3507,"2020-05-16","London",0.774371068246509
3508,"2020-05-16","South East",0.781774621137603
3509,"2020-05-16","South West",0.779045091267745
3510,"2020-05-16","Midlands",0.855800605273305
3511,"2020-05-16","North East and Yorkshire",0.890484509795885
3512,"2020-05-16","East of England",0.804725265352871
3513,"2020-05-16","North West",0.881553034429878
3514,"2020-05-17","London",0.700001865739951
3515,"2020-05-17","South East",0.739458316908689
3516,"2020-05-17","South West",0.799604036527855
3517,"2020-05-17","Midlands",0.757229479948163
3518,"2020-05-17","North East and Yorkshire",0.708466618737298
3519,"2020-05-17","East of England",0.716094218322945
3520,"2020-05-17","North West",0.733657749037114
3521,"2020-05-18","London",0.92342268199089
3522,"2020-05-18","South East",0.902901886031219
3523,"2020-05-18","South West",0.854347630965326
3524,"2020-05-18","Midlands",0.882860614605922
3525,"2020-05-18","North East and Yorkshire",0.840116118444384
3526,"2020-05-18","East of England",0.918373698491053
3527,"2020-05-18","North West",0.798272723518883
3528,"2020-05-19","London",0.920029521209877
3529,"2020-05-19","South East",0.892543903866699
3530,"2020-05-19","South West",0.832867015589495
3531,"2020-05-19","Midlands",0.849569191618937
3532,"2020-05-19","North East and Yorkshire",0.859348984534597
3533,"2020-05-19","East of England",0.905845081205925
3534,"2020-05-19","North West",0.780876010036677
3535,"2020-05-20","London",0.92777687307703
3536,"2020-05-20","South East",0.911078980844134
3537,"2020-05-20","South West",0.901347011340757
3538,"2020-05-20","Midlands",0.935745150608277
3539,"2020-05-20","North East and Yorkshire",0.947518875413367
3540,"2020-05-20","East of England",0.920085851950433
3541,"2020-05-20","North West",0.93871984366087
3542,"2020-05-21","London",0.761469653920744
3543,"2020-05-21","South East",0.768360373746763
3544,"2020-05-21","South West",0.765403599819309
3545,"2020-05-21","Midlands",0.796036141668786
3546,"2020-05-21","North East and Yorkshire",0.899589393642984
3547,"2020-05-21","East of England",0.764176488352301
3548,"2020-05-21","North West",0.899905395193962
3549,"2020-05-22","London",0.690513199220428
3550,"2020-05-22","South East",0.716979813525081
3551,"2020-05-22","South West",0.74257551901973
3552,"2020-05-22","Midlands",0.769785114334718
3553,"2020-05-22","North East and Yorkshire",0.844822867700112
3554,"2020-05-22","East of England",0.721552421982506
3555,"2020-05-22","North West",0.839991271138455
3556,"2020-05-23","London",0.706866604911332
3557,"2020-05-23","South East",0.706975685200095
3558,"2020-05-23","South West",0.726416338123544
3559,"2020-05-23","Midlands",0.760995563409603
3560,"2020-05-23","North East and Yorkshire",0.81273261409803
3561,"2020-05-23","East of England",0.785513626847358
3562,"2020-05-23","North West",0.741736709464484
3563,"2020-05-24","London",0.802185256619701
3564,"2020-05-24","South East",0.834349403982326
3565,"2020-05-24","South West",0.851972926567184
3566,"2020-05-24","Midlands",0.832157625722222
3567,"2020-05-24","North East and Yorkshire",0.899952142392989
3568,"2020-05-24","East of England",0.817913341756025
3569,"2020-05-24","North West",0.857760506278678
3570,"2020-05-25","London",0.743518702068462
3571,"2020-05-25","South East",0.753963017792567
3572,"2020-05-25","South West",0.784626958392513
3573,"2020-05-25","Midlands",0.750243234631414
3574,"2020-05-25","North East and Yorkshire",0.790330664485166
3575,"2020-05-25","East of England",0.728899551454284
3576,"2020-05-25","North West",0.806300041440068
3577,"2020-05-26","London",0.774910942750281
3578,"2020-05-26","South East",0.760326347570094
3579,"2020-05-26","South West",0.746407065949584
3580,"2020-05-26","Midlands",0.720869870362547
3581,"2020-05-26","North East and Yorkshire",0.727633493995616
3582,"2020-05-26","East of England",0.760702631338944
3583,"2020-05-26","North West",0.757929738747401
3584,"2020-05-27","London",0.786093456937655
3585,"2020-05-27","South East",0.81032359458216
3586,"2020-05-27","South West",0.845440443791933
3587,"2020-05-27","Midlands",0.760930520687461
3588,"2020-05-27","North East and Yorkshire",0.739768737929611
3589,"2020-05-27","East of England",0.773461475612928
3590,"2020-05-27","North West",0.789286390917399
3591,"2020-05-28","London",0.773224091859919
3592,"2020-05-28","South East",0.8068016647653
3593,"2020-05-28","South West",0.845938831405472
3594,"2020-05-28","Midlands",0.790915352257977
3595,"2020-05-28","North East and Yorkshire",0.746301903979348
3596,"2020-05-28","East of England",0.773070519186565
3597,"2020-05-28","North West",0.805238096272801
3598,"2020-05-29","London",0.595447392151857
3599,"2020-05-29","South East",0.642480669241481
3600,"2020-05-29","South West",0.689546459081749
3601,"2020-05-29","Midlands",0.628532721788918
3602,"2020-05-29","North East and Yorkshire",0.619252490492108
3603,"2020-05-29","East of England",0.60291078664611
3604,"2020-05-29","North West",0.671497958100109
3605,"2020-05-30","London",0.621337278483214
3606,"2020-05-30","South East",0.633648511255917
3607,"2020-05-30","South West",0.673474859495992
3608,"2020-05-30","Midlands",0.671183717395702
3609,"2020-05-30","North East and Yorkshire",0.679649514905457
3610,"2020-05-30","East of England",0.66505440890462
3611,"2020-05-30","North West",0.714624899660684
3612,"2020-05-31","London",0.685024075634306
3613,"2020-05-31","South East",0.648506550328207
3614,"2020-05-31","South West",0.735781550962013
3615,"2020-05-31","Midlands",0.719120757044624
3616,"2020-05-31","North East and Yorkshire",0.724812014998695
3617,"2020-05-31","East of England",0.722337343823748
3618,"2020-05-31","North West",0.734101262076747
3619,"2020-06-01","London",0.739378602471569
3620,"2020-06-01","South East",0.758359776823148
3621,"2020-06-01","South West",0.788007208453321
3622,"2020-06-01","Midlands",0.768663057232824
3623,"2020-06-01","North East and Yorkshire",0.801432716484608
3624,"2020-06-01","East of England",0.753490125303802
3625,"2020-06-01","North West",0.826008669412772
3626,"2020-06-02","London",0.80027688963719
3627,"2020-06-02","South East",0.82970198847575
3628,"2020-06-02","South West",0.849197520620224
3629,"2020-06-02","Midlands",0.836249808415628
3630,"2020-06-02","North East and Yorkshire",0.792066580753256
3631,"2020-06-02","East of England",0.819861319897881
3632,"2020-06-02","North West",0.828962503880808
3633,"2020-06-03","London",0.599229119617997
3634,"2020-06-03","South East",0.611584118884706
3635,"2020-06-03","South West",0.659076884886476
3636,"2020-06-03","Midlands",0.649031900634124
3637,"2020-06-03","North East and Yorkshire",0.67092322134688
3638,"2020-06-03","East of England",0.622907831648794
3639,"2020-06-03","North West",0.699089681570876
3640,"2020-06-04","London",0.631513174717476
3641,"2020-06-04","South East",0.645122568647618
3642,"2020-06-04","South West",0.666716976312325
3643,"2020-06-04","Midlands",0.62479459367594
3644,"2020-06-04","North East and Yorkshire",0.646500316916888
3645,"2020-06-04","East of England",0.654677092946226
3646,"2020-06-04","North West",0.716778470542596
3647,"2020-06-05","London",0.660948809785959
3648,"2020-06-05","South East",0.70090643063465
3649,"2020-06-05","South West",0.745453396748857
3650,"2020-06-05","Midlands",0.695483358834751
3651,"2020-06-05","North East and Yorkshire",0.696462893774905
3652,"2020-06-05","East of England",0.668185446361308
3653,"2020-06-05","North West",0.725299586169053
3654,"2020-06-06","London",0.660163555757645
3655,"2020-06-06","South East",0.686656958317034
3656,"2020-06-06","South West",0.69843017965094
3657,"2020-06-06","Midlands",0.663640168809402
3658,"2020-06-06","North East and Yorkshire",0.645236587348585
3659,"2020-06-06","East of England",0.6684073601849
3660,"2020-06-06","North West",0.729304699987364
3661,"2020-06-07","London",0.661285949338334
3662,"2020-06-07","South East",0.656726833221148
3663,"2020-06-07","South West",0.715233590568114
3664,"2020-06-07","Midlands",0.739704886392664
3665,"2020-06-07","North East and Yorkshire",0.71926812932308
3666,"2020-06-07","East of England",0.67939583595457
3667,"2020-06-07","North West",0.802527214343612
3668,"2020-06-08","London",0.738802691725477
3669,"2020-06-08","South East",0.70471175638447
3670,"2020-06-08","South West",0.660609938721409
3671,"2020-06-08","Midlands",0.736842383634096
3672,"2020-06-08","North East and Yorkshire",0.745042128787647
3673,"2020-06-08","East of England",0.780718823337534
3674,"2020-06-08","North West",0.730873074847497
3675,"2020-06-09","London",0.684321996203171
3676,"2020-06-09","South East",0.738108587318652
3677,"2020-06-09","South West",0.734029358347363
3678,"2020-06-09","Midlands",0.621568472918637
3679,"2020-06-09","North East and Yorkshire",0.667664024602506
3680,"2020-06-09","East of England",0.696396668692361
3681,"2020-06-09","North West",0.698488886530371
3682,"2020-06-10","London",0.649168210070092
3683,"2020-06-10","South East",0.725586009038464
3684,"2020-06-10","South West",0.821411781689688
3685,"2020-06-10","Midlands",0.689304661013538
3686,"2020-06-10","North East and Yorkshire",0.696062060225077
3687,"2020-06-10","East of England",0.647163436722797
3688,"2020-06-10","North West",0.757626392073963
3689,"2020-06-11","London",0.800495838549717
3690,"2020-06-11","South East",0.851799015178241
3691,"2020-06-11","South West",0.878178809505589
3692,"2020-06-11","Midlands",0.780649538015128
3693,"2020-06-11","North East and Yorkshire",0.76201448590852
3694,"2020-06-11","East of England",0.776581922051856
3695,"2020-06-11","North West",0.808209628900201
3696,"2020-06-12","London",0.785509610341959
3697,"2020-06-12","South East",0.840937145722547
3698,"2020-06-12","South West",0.863442722873129
3699,"2020-06-12","Midlands",0.757001450309659
3700,"2020-06-12","North East and Yorkshire",0.735075199193375
3701,"2020-06-12","East of England",0.765288225991945
3702,"2020-06-12","North West",0.81064516436578
3703,"2020-06-13","London",0.669558662678516
3704,"2020-06-13","South East",0.712727513347469
3705,"2020-06-13","South West",0.749613676816881
3706,"2020-06-13","Midlands",0.676783431063864
3707,"2020-06-13","North East and Yorkshire",0.652587668114344
3708,"2020-06-13","East of England",0.672681034326307
3709,"2020-06-13","North West",0.730473653230964
3710,"2020-06-14","London",0.649686740016768
3711,"2020-06-14","South East",0.687952872817318
3712,"2020-06-14","South West",0.70081939091635
3713,"2020-06-14","Midlands",0.668325044525363
3714,"2020-06-14","North East and Yorkshire",0.716548354284496
3715,"2020-06-14","East of England",0.675953007325969
3716,"2020-06-14","North West",0.755064555466747
3717,"2020-06-15","London",0.631745815771779
3718,"2020-06-15","South East",0.67642730393046
3719,"2020-06-15","South West",0.744869386318586
3720,"2020-06-15","Midlands",0.699873919800452
3721,"2020-06-15","North East and Yorkshire",0.706896360611043
3722,"2020-06-15","East of England",0.665413474126464
3723,"2020-06-15","North West",0.764414662377626
3724,"2020-06-16","London",0.774910942750281
3725,"2020-06-16","South East",0.760326347570094
3726,"2020-06-16","South West",0.746407065949584
3727,"2020-06-16","Midlands",0.720869870362547
3728,"2020-06-16","North East and Yorkshire",0.727633493995616
3729,"2020-06-16","East of England",0.760702631338944
3730,"2020-06-16","North West",0.757929738747401
3731,"2020-06-17","London",0.786093456937655
3732,"2020-06-17","South East",0.81032359458216
3733,"2020-06-17","South West",0.845440443791933
3734,"2020-06-17","Midlands",0.760930520687461
3735,"2020-06-17","North East and Yorkshire",0.739768737929611
3736,"2020-06-17","East of England",0.773461475612928
3737,"2020-06-17","North West",0.789286390917399
3738,"2020-06-18","London",0.773224091859919
3739,"2020-06-18","South East",0.8068016647653
3740,"2020-06-18","South West",0.845938831405472
3741,"2020-06-18","Midlands",0.790915352257977
3742,"2020-06-18","North East and Yorkshire",0.746301903979348
3743,"2020-06-18","East of England",0.773070519186565
3744,"2020-06-18","North West",0.805238096272801
3745,"2020-06-19","London",0.595447392151857
3746,"2020-06-19","South East",0.642480669241481
3747,"2020-06-19","South West",0.689546459081749
3748,"2020-06-19","Midlands",0.628532721788918
3749,"2020-06-19","North East and Yorkshire",0.619252490492108
3750,"2020-06-19","East of England",0.60291078664611
3751,"2020-06-19","North West",0.671497958100109
3752,"2020-06-20","London",0.621337278483214
3753,"2020-06-20","South East",0.633648511255917
3754,"2020-06-20","South West",0.673474859495992
3755,"2020-06-20","Midlands",0.671183717395702
3756,"2020-06-20","North East and Yorkshire",0.679649514905457
3757,"2020-06-20","East of England",0.66505440890462
3758,"2020-06-20","North West",0.714624899660684
3759,"2020-06-21","London",0.685024075634306
3760,"2020-06-21","South East",0.648506550328207
3761,"2020-06-21","South West",0.735781550962013
3762,"2020-06-21","Midlands",0.719120757044624
3763,"2020-06-21","North East and Yorkshire",0.724812014998695
3764,"2020-06-21","East of England",0.722337343823748
3765,"2020-06-21","North West",0.734101262076747
3766,"2020-06-22","London",0.739378602471569
3767,"2020-06-22","South East",0.758359776823148
3768,"2020-06-22","South West",0.788007208453321
3769,"2020-06-22","Midlands",0.768663057232824
3770,"2020-06-22","North East and Yorkshire",0.801432716484608
3771,"2020-06-22","East of England",0.753490125303802
3772,"2020-06-22","North West",0.826008669412772
3773,"2020-06-23","London",0.80539478495791
3774,"2020-06-23","South East",0.835223837256773
3775,"2020-06-23","South West",0.826252531252726
3776,"2020-06-23","Midlands",0.852615843612981
3777,"2020-06-23","North East and Yorkshire",0.890482152640383
3778,"2020-06-23","East of England",0.820255610986531
3779,"2020-06-23","North West",0.871748609513875
3780,"2020-06-24","London",0.709068481988433
3781,"2020-06-24","South East",0.774367043639
3782,"2020-06-24","South West",0.807949638121962
3783,"2020-06-24","Midlands",0.714143635650422
3784,"2020-06-24","North East and Yorkshire",0.716782080886354
3785,"2020-06-24","East of England",0.709438601707498
3786,"2020-06-24","North West",0.76942240774993
3787,"2020-06-25","London",0.664649927118569
3788,"2020-06-25","South East",0.717769490825188
3789,"2020-06-25","South West",0.751063447367076
3790,"2020-06-25","Midlands",0.730323557202492
3791,"2020-06-25","North East and Yorkshire",0.709804830690055
3792,"2020-06-25","East of England",0.713755386049218
3793,"2020-06-25","North West",0.702942284422115
3794,"2020-06-26","London",0.658842780947211
3795,"2020-06-26","South East",0.715639118244385
3796,"2020-06-26","South West",0.757618132413637
3797,"2020-06-26","Midlands",0.738813404654566
3798,"2020-06-26","North East and Yorkshire",0.773185759667991
3799,"2020-06-26","East of England",0.683789427950936
3800,"2020-06-26","North West",0.798420135061579
3801,"2020-06-27","London",0.716060970542191
3802,"2020-06-27","South East",0.751344863091673
3803,"2020-06-27","South West",0.736511288093898
3804,"2020-06-27","Midlands",0.719969916899696
3805,"2020-06-27","North East and Yorkshire",0.742982994132979
3806,"2020-06-27","East of England",0.714216313422572
3807,"2020-06-27","North West",0.779811680689664
3808,"2020-06-28","London",0.590135556349601
3809,"2020-06-28","South East",0.649211423707437
3810,"2020-06-28","South West",0.681315932838977
3811,"2020-06-28","Midlands",0.658370559243477
3812,"2020-06-28","North East and Yorkshire",0.749691214525006
3813,"2020-06-28","East of England",0.602192242499611
3814,"2020-06-28","North West",0.75906051949475
3815,"2020-06-29","London",0.573390295644661
3816,"2020-06-29","South East",0.617865288445999
3817,"2020-06-29","South West",0.666136981196928
3818,"2020-06-29","Midlands",0.615924020613249
3819,"2020-06-29","North East and Yorkshire",0.69343132260501
3820,"2020-06-29","East of England",0.571639511336443
3821,"2020-06-29","North West",0.720455325294083
3822,"2020-06-30","London",0.752642272430041
3823,"2020-06-30","South East",0.701695180064928
3824,"2020-06-30","South West",0.657989018217038
3825,"2020-06-30","Midlands",0.71849761527972
3826,"2020-06-30","North East and Yorkshire",0.733646629529589
3827,"2020-06-30","East of England",0.759211351389422
3828,"2020-06-30","North West",0.717869054126585
3829,"2020-07-01","London",0.678422856370733
3830,"2020-07-01","South East",0.662748538981364
3831,"2020-07-01","South West",0.654521145740775
3832,"2020-07-01","Midlands",0.667570178502959
3833,"2020-07-01","North East and Yorkshire",0.749834114861698
3834,"2020-07-01","East of England",0.699046463236887
3835,"2020-07-01","North West",0.724864125161627
3836,"2020-07-02","London",0.744011903834095
3837,"2020-07-02","South East",0.766779633562672
3838,"2020-07-02","South West",0.848643256701245
3839,"2020-07-02","Midlands",0.787952592509381
3840,"2020-07-02","North East and Yorkshire",0.772219422879665
3841,"2020-07-02","East of England",0.731098128919027
3842,"2020-07-02","North West",0.814659021927554
3843,"2020-07-03","London",0.763451940022894
3844,"2020-07-03","South East",0.789716912798898
3845,"2020-07-03","South West",0.825850096613324
3846,"2020-07-03","Midlands",0.780472692269811
3847,"2020-07-03","North East and Yorkshire",0.789049366379614
3848,"2020-07-03","East of England",0.777066308933157
3849,"2020-07-03","North West",0.809439615024134
3850,"2020-07-04","London",0.779414464201114
3851,"2020-07-04","South East",0.784153153419564
3852,"2020-07-04","South West",0.78968339940448
3853,"2020-07-04","Midlands",0.828548620636263
3854,"2020-07-04","North East and Yorkshire",0.86498810180932
3855,"2020-07-04","East of England",0.778550941354764
3856,"2020-07-04","North West",0.851193823014505
3857,"2020-07-05","London",0.669556575269618
3858,"2020-07-05","South East",0.712014308043277
3859,"2020-07-05","South West",0.738254838613652
3860,"2020-07-05","Midlands",0.711460158012316
3861,"2020-07-05","North East and Yorkshire",0.750436669624936
3862,"2020-07-05","East of England",0.698828018832829
3863,"2020-07-05","North West",0.751729994461093
3864,"2020-07-06","London",0.636269593486608
3865,"2020-07-06","South East",0.704182132319823
3866,"2020-07-06","South West",0.744333907622224
3867,"2020-07-06","Midlands",0.74828440802671
3868,"2020-07-06","North East and Yorkshire",0.76884907151511
3869,"2020-07-06","East of England",0.675704132035557
3870,"2020-07-06","North West",0.819911506663937
3871,"2020-07-07","London",0.864488775479696
3872,"2020-07-07","South East",0.857384574331639
3873,"2020-07-07","South West",0.891297069037778
3874,"2020-07-07","Midlands",0.923139010268915
3875,"2020-07-07","North East and Yorkshire",0.879061961273631
3876,"2020-07-07","East of England",0.881881763069719
3877,"2020-07-07","North West",0.863374244821675
3878,"2020-07-08","London",0.887435168759656
3879,"2020-07-08","South East",0.882700279732287
3880,"2020-07-08","South West",0.861581755103039
3881,"2020-07-08","Midlands",0.936951533313355
3882,"2020-07-08","North East and Yorkshire",0.949252589874656
3883,"2020-07-08","East of England",0.896691307560392
3884,"2020-07-08","North West",0.916144266804505
3885,"2020-07-09","London",0.896880842371116
3886,"2020-07-09","South East",0.889163312395945
3887,"2020-07-09","South West",0.917831083584514
3888,"2020-07-09","Midlands",0.939699498158886
3889,"2020-07-09","North East and Yorkshire",0.929613343236663
3890,"2020-07-09","East of England",0.897819734969018
3891,"2020-07-09","North West",0.902577563832756
3892,"2020-07-10","London",0.782464500162014
3893,"2020-07-10","South East",0.810594618026244
3894,"2020-07-10","South West",0.861877909237363
3895,"2020-07-10","Midlands",0.869469432578791
3896,"2020-07-10","North East and Yorkshire",0.8340083989439
3897,"2020-07-10","East of England",0.785361749593848
3898,"2020-07-10","North West",0.796601110556359
3899,"2020-07-11","London",0.79491839550504
3900,"2020-07-11","South East",0.813613975149309
3901,"2020-07-11","South West",0.821013731755699
3902,"2020-07-11","Midlands",0.81901331559371
3903,"2020-07-11","North East and Yorkshire",0.826111492525349
3904,"2020-07-11","East of England",0.781096775207098
3905,"2020-07-11","North West",0.829012717125135
3906,"2020-07-12","London",0.806978331284125
3907,"2020-07-12","South East",0.834801989268731
3908,"2020-07-12","South West",0.85647761664481
3909,"2020-07-12","Midlands",0.795944246726705
3910,"2020-07-12","North East and Yorkshire",0.786875528744344
3911,"2020-07-12","East of England",0.79547651747885
3912,"2020-07-12","North West",0.81276152565622
3913,"2020-07-13","London",0.711254187590033
3914,"2020-07-13","South East",0.76646252519068
3915,"2020-07-13","South West",0.809949875130604
3916,"2020-07-13","Midlands",0.775248962284449
3917,"2020-07-13","North East and Yorkshire",0.759942423326869
3918,"2020-07-13","East of England",0.712817868002792
3919,"2020-07-13","North West",0.784174110994912
3920,"2020-07-14","London",0.658179218328894
3921,"2020-07-14","South East",0.680948160174087
3922,"2020-07-14","South West",0.75099240278637
3923,"2020-07-14","Midlands",0.721218967174716
3924,"2020-07-14","North East and Yorkshire",0.795952931595957
3925,"2020-07-14","East of England",0.640293315353634
3926,"2020-07-14","North West",0.839143131419089
3927,"2020-07-15","London",0.666418648337768
3928,"2020-07-15","South East",0.733230172847141
3929,"2020-07-15","South West",0.835259650247542
3930,"2020-07-15","Midlands",0.734607732114684
3931,"2020-07-15","North East and Yorkshire",0.790079753295293
3932,"2020-07-15","East of England",0.641418973446315
3933,"2020-07-15","North West",0.850045127896299
3934,"2020-07-16","London",0.751590260096339
3935,"2020-07-16","South East",0.780439362593028
3936,"2020-07-16","South West",0.880574656186347
3937,"2020-07-16","Midlands",0.796278839236404
3938,"2020-07-16","North East and Yorkshire",0.800704941398726
3939,"2020-07-16","East of England",0.761160441694968
3940,"2020-07-16","North West",0.855914565289513
3941,"2020-07-17","London",0.543525263870371
3942,"2020-07-17","South East",0.596034205802055
3943,"2020-07-17","South West",0.73310165790355
3944,"2020-07-17","Midlands",0.67419644176479
3945,"2020-07-17","North East and Yorkshire",0.762998647746242
3946,"2020-07-17","East of England",0.583832727089283
3947,"2020-07-17","North West",0.832377567748896
3948,"2020-07-18","London",0.60405361872748
3949,"2020-07-18","South East",0.634996260142205
3950,"2020-07-18","South West",0.745719497606164
3951,"2020-07-18","Midlands",0.734266153817937
3952,"2020-07-18","North East and Yorkshire",0.78801648670165
3953,"2020-07-18","East of England",0.67594545537682
3954,"2020-07-18","North West",0.797246514010784
3955,"2020-07-19","London",0.688722038029371
3956,"2020-07-19","South East",0.700807276862818
3957,"2020-07-19","South West",0.756604708192162
3958,"2020-07-19","Midlands",0.816353793197901
3959,"2020-07-19","North East and Yorkshire",0.829255793082763
3960,"2020-07-19","East of England",0.753997241228386
3961,"2020-07-19","North West",0.805228891897616
3962,"2020-07-20","London",0.656771475028654
3963,"2020-07-20","South East",0.693869400390638
3964,"2020-07-20","South West",0.781470301749774
3965,"2020-07-20","Midlands",0.751267184429162
3966,"2020-07-20","North East and Yorkshire",0.799872539370954
3967,"2020-07-20","East of England",0.697552964983747
3968,"2020-07-20","North West",0.806339144772387
3969,"2020-07-21","London",0.686086349483358
3970,"2020-07-21","South East",0.728460013703479
3971,"2020-07-21","South West",0.796885514617577
3972,"2020-07-21","Midlands",0.810133312417341
3973,"2020-07-21","North East and Yorkshire",0.849454454857697
3974,"2020-07-21","East of England",0.68202156295419
3975,"2020-07-21","North West",0.860503054400806
3976,"2020-07-22","London",0.788924268676405
3977,"2020-07-22","South East",0.823144302126601
3978,"2020-07-22","South West",0.852155883528602
3979,"2020-07-22","Midlands",0.832738564929837
3980,"2020-07-22","North East and Yorkshire",0.860975061414955
3981,"2020-07-22","East of England",0.79777616784427
3982,"2020-07-22","North West",0.886725516348978
3983,"2020-07-23","London",0.73729224013223
3984,"2020-07-23","South East",0.731564705688119
3985,"2020-07-23","South West",0.668853968117933
3986,"2020-07-23","Midlands",0.665073602821714
3987,"2020-07-23","North East and Yorkshire",0.668549236886159
3988,"2020-07-23","East of England",0.741992707338421
3989,"2020-07-23","North West",0.722721825975508
3990,"2020-07-24","London",0.784524365732137
3991,"2020-07-24","South East",0.816530362405511
3992,"2020-07-24","South West",0.871642552089206
3993,"2020-07-24","Midlands",0.846113441660549
3994,"2020-07-24","North East and Yorkshire",0.851288852706674
3995,"2020-07-24","East of England",0.768521200301532
3996,"2020-07-24","North West",0.884627042274417
3997,"2020-07-25","London",0.697495631496998
3998,"2020-07-25","South East",0.713610119858603
3999,"2020-07-25","South West",0.718833705880773
4000,"2020-07-25","Midlands",0.684065055258194
4001,"2020-07-25","North East and Yorkshire",0.725226625004781
4002,"2020-07-25","East of England",0.694721770020875
4003,"2020-07-25","North West",0.776019618223178
4004,"2020-07-26","London",0.585475501426987
4005,"2020-07-26","South East",0.626650318119679
4006,"2020-07-26","South West",0.652457697576979
4007,"2020-07-26","Midlands",0.621359508494966
4008,"2020-07-26","North East and Yorkshire",0.68087526252641
4009,"2020-07-26","East of England",0.582886483639594
4010,"2020-07-26","North West",0.710572207122636
4011,"2020-07-27","London",0.648990892537893
4012,"2020-07-27","South East",0.67526024579543
4013,"2020-07-27","South West",0.705003134068745
4014,"2020-07-27","Midlands",0.712083696083244
4015,"2020-07-27","North East and Yorkshire",0.709220860064213
4016,"2020-07-27","East of England",0.646359996079282
4017,"2020-07-27","North West",0.766529582222947
4018,"2020-07-28","London",0.678873818806702
4019,"2020-07-28","South East",0.685731193081272
4020,"2020-07-28","South West",0.683604915818009
4021,"2020-07-28","Midlands",0.718004215330322
4022,"2020-07-28","North East and Yorkshire",0.744005678785923
4023,"2020-07-28","East of England",0.675859676642748
4024,"2020-07-28","North West",0.786066225559812
4025,"2020-07-29","London",0.666458804583854
4026,"2020-07-29","South East",0.675858742216502
4027,"2020-07-29","South West",0.707049827568281
4028,"2020-07-29","Midlands",0.715622622431446
4029,"2020-07-29","North East and Yorkshire",0.706453562241309
4030,"2020-07-29","East of England",0.657162059544924
4031,"2020-07-29","North West",0.723423610139731
4032,"2020-07-30","London",0.605933075217341
4033,"2020-07-30","South East",0.611465186990326
4034,"2020-07-30","South West",0.678224314110635
4035,"2020-07-30","Midlands",0.665089748238097
4036,"2020-07-30","North East and Yorkshire",0.776260294916867
4037,"2020-07-30","East of England",0.62479677386793
4038,"2020-07-30","North West",0.791938710249259
4039,"2020-07-31","London",0.580760784488327
4040,"2020-07-31","South East",0.606638746171571
4041,"2020-07-31","South West",0.651697149833884
4042,"2020-07-31","Midlands",0.612880244520469
4043,"2020-07-31","North East and Yorkshire",0.733781345467036
4044,"2020-07-31","East of England",0.612845067094128
4045,"2020-07-31","North West",0.743557933863662
4046,"2020-08-01","London",0.66645459287454
4047,"2020-08-01","South East",0.726604811936353
4048,"2020-08-01","South West",0.810673766819115
4049,"2020-08-01","Midlands",0.760385337064781
4050,"2020-08-01","North East and Yorkshire",0.83352371895154
4051,"2020-08-01","East of England",0.661379231551334
4052,"2020-08-01","North West",0.874040205735358
4053,"2020-08-02","London",0.754663944080225
4054,"2020-08-02","South East",0.787044649289883
4055,"2020-08-02","South West",0.817436959729197
4056,"2020-08-02","Midlands",0.781925263908338
4057,"2020-08-02","North East and Yorkshire",0.857337875081013
4058,"2020-08-02","East of England",0.782988204492136
4059,"2020-08-02","North West",0.833470884243577
4060,"2020-08-03","London",0.671342566422236
4061,"2020-08-03","South East",0.71735708234544
4062,"2020-08-03","South West",0.685775385278741
4063,"2020-08-03","Midlands",0.605536895647893
4064,"2020-08-03","North East and Yorkshire",0.693937638025452
4065,"2020-08-03","East of England",0.679784611099386
4066,"2020-08-03","North West",0.752688413918747
4067,"2020-08-04","London",0.79231239319543
4068,"2020-08-04","South East",0.79559997131134
4069,"2020-08-04","South West",0.804488381323184
4070,"2020-08-04","Midlands",0.736122951898224
4071,"2020-08-04","North East and Yorkshire",0.772112434937455
4072,"2020-08-04","East of England",0.767236450650895
4073,"2020-08-04","North West",0.816091096967063
4074,"2020-08-05","London",0.786452059695451
4075,"2020-08-05","South East",0.810945692608373
4076,"2020-08-05","South West",0.86024382598883
4077,"2020-08-05","Midlands",0.791993498631945
4078,"2020-08-05","North East and Yorkshire",0.794655828149779
4079,"2020-08-05","East of England",0.768176764595646
4080,"2020-08-05","North West",0.834155272731123
4081,"2020-08-06","London",0.915329605692266
4082,"2020-08-06","South East",0.915158523478344
4083,"2020-08-06","South West",0.915528193634515
4084,"2020-08-06","Midlands",0.818756590619508
4085,"2020-08-06","North East and Yorkshire",0.806275859456697
4086,"2020-08-06","East of England",0.869259168794328
4087,"2020-08-06","North West",0.857456628551802
4088,"2020-08-07","London",0.694909383139443
4089,"2020-08-07","South East",0.741154547792009
4090,"2020-08-07","South West",0.759313107312562
4091,"2020-08-07","Midlands",0.665213858764847
4092,"2020-08-07","North East and Yorkshire",0.704568259401312
4093,"2020-08-07","East of England",0.673566439410844
4094,"2020-08-07","North West",0.753083128241222
4095,"2020-08-08","London",0.649435920959295
4096,"2020-08-08","South East",0.694435003459495
4097,"2020-08-08","South West",0.770338595871719
4098,"2020-08-08","Midlands",0.698609911414101
4099,"2020-08-08","North East and Yorkshire",0.763980886470036
4100,"2020-08-08","East of England",0.642449379827653
4101,"2020-08-08","North West",0.795024436045649
4102,"2020-08-09","London",0.628829195471886
4103,"2020-08-09","South East",0.668887135893993
4104,"2020-08-09","South West",0.725766387304643
4105,"2020-08-09","Midlands",0.659206886698256
4106,"2020-08-09","North East and Yorkshire",0.694052561226225
4107,"2020-08-09","East of England",0.647728557519266
4108,"2020-08-09","North West",0.72327661566221
4109,"2020-08-10","London",0.603920519582752
4110,"2020-08-10","South East",0.631524661128452
4111,"2020-08-10","South West",0.674937787988868
4112,"2020-08-10","Midlands",0.606306501619291
4113,"2020-08-10","North East and Yorkshire",0.648378232113726
4114,"2020-08-10","East of England",0.636295338731301
4115,"2020-08-10","North West",0.7080609595022
4116,"2020-08-11","London",0.649030248225085
4117,"2020-08-11","South East",0.720344976938442
4118,"2020-08-11","South West",0.814278497949599
4119,"2020-08-11","Midlands",0.790323824245987
4120,"2020-08-11","North East and Yorkshire",0.816677862234955
4121,"2020-08-11","East of England",0.68949848448126
4122,"2020-08-11","North West",0.848416701365372
4123,"2020-08-12","London",0.711997327867541
4124,"2020-08-12","South East",0.779691253903844
4125,"2020-08-12","South West",0.859080709926279
4126,"2020-08-12","Midlands",0.845971148909711
4127,"2020-08-12","North East and Yorkshire",0.859025003836832
4128,"2020-08-12","East of England",0.719675379304585
4129,"2020-08-12","North West",0.898102556891768
4130,"2020-08-13","London",0.665958404046884
4131,"2020-08-13","South East",0.7319341558468
4132,"2020-08-13","South West",0.804342472821641
4133,"2020-08-13","Midlands",0.783022531737164
4134,"2020-08-13","North East and Yorkshire",0.766626993031607
4135,"2020-08-13","East of England",0.668660682604716
4136,"2020-08-13","North West",0.79821294227222
4137,"2020-08-14","London",0.720694158815271
4138,"2020-08-14","South East",0.764795087513178
4139,"2020-08-14","South West",0.789003227430196
4140,"2020-08-14","Midlands",0.727194053207409
4141,"2020-08-14","North East and Yorkshire",0.741058671820318
4142,"2020-08-14","East of England",0.692440445189725
4143,"2020-08-14","North West",0.771174098677366
4144,"2020-08-15","London",0.726115806622091
4145,"2020-08-15","South East",0.759278315500085
4146,"2020-08-15","South West",0.782993609696369
4147,"2020-08-15","Midlands",0.759204712697371
4148,"2020-08-15","North East and Yorkshire",0.756786647123568
4149,"2020-08-15","East of England",0.706041316652158
4150,"2020-08-15","North West",0.791267783082692
4151,"2020-08-16","London",0.597234598194511
4152,"2020-08-16","South East",0.622094459318018
4153,"2020-08-16","South West",0.68819549041351
4154,"2020-08-16","Midlands",0.70981293553579
4155,"2020-08-16","North East and Yorkshire",0.741241579638155
4156,"2020-08-16","East of England",0.610720698905748
4157,"2020-08-16","North West",0.794210275266042
4158,"2020-08-17","London",0.659869241844784
4159,"2020-08-17","South East",0.701041122512246
4160,"2020-08-17","South West",0.773002558870385
4161,"2020-08-17","Midlands",0.756982722291623
4162,"2020-08-17","North East and Yorkshire",0.803376457663308
4163,"2020-08-17","East of England",0.645966398716824
4164,"2020-08-17","North West",0.849490283551613
4165,"2020-08-18","London",0.624917942573494
4166,"2020-08-18","South East",0.694316660512411
4167,"2020-08-18","South West",0.775034262440448
4168,"2020-08-18","Midlands",0.688059545798904
4169,"2020-08-18","North East and Yorkshire",0.740905621801404
4170,"2020-08-18","East of England",0.614475125355836
4171,"2020-08-18","North West",0.792610560017714
4172,"2020-08-19","London",0.915179851479863
4173,"2020-08-19","South East",0.908468183070315
4174,"2020-08-19","South West",0.925829460653765
4175,"2020-08-19","Midlands",0.913530703670457
4176,"2020-08-19","North East and Yorkshire",0.923296608448031
4177,"2020-08-19","East of England",0.883198614953254
4178,"2020-08-19","North West",0.929243952905981
4179,"2020-08-20","London",0.705135746873568
4180,"2020-08-20","South East",0.725895828163432
4181,"2020-08-20","South West",0.771802453230923
4182,"2020-08-20","Midlands",0.733543114533616
4183,"2020-08-20","North East and Yorkshire",0.752139997699859
4184,"2020-08-20","East of England",0.709069382415841
4185,"2020-08-20","North West",0.786066987198363
4186,"2020-08-21","London",0.878549006207903
4187,"2020-08-21","South East",0.881023701289503
4188,"2020-08-21","South West",0.922936233929738
4189,"2020-08-21","Midlands",0.907188760300623
4190,"2020-08-21","North East and Yorkshire",0.897110652851532
4191,"2020-08-21","East of England",0.854955681933658
4192,"2020-08-21","North West",0.919774019583305
4193,"2020-08-22","London",0.754123618714299
4194,"2020-08-22","South East",0.783605853575691
4195,"2020-08-22","South West",0.776954140605152
4196,"2020-08-22","Midlands",0.708552706484009
4197,"2020-08-22","North East and Yorkshire",0.706170273510874
4198,"2020-08-22","East of England",0.721044026720921
4199,"2020-08-22","North West",0.730381018413917
4200,"2020-08-23","London",0.743570245997395
4201,"2020-08-23","South East",0.763692348055755
4202,"2020-08-23","South West",0.780253811808398
4203,"2020-08-23","Midlands",0.729862289508179
4204,"2020-08-23","North East and Yorkshire",0.734127059248062
4205,"2020-08-23","East of England",0.710643422950617
4206,"2020-08-23","North West",0.76112811911797
4207,"2020-08-24","London",0.721996254775893
4208,"2020-08-24","South East",0.741983010164858
4209,"2020-08-24","South West",0.771621206222429
4210,"2020-08-24","Midlands",0.740952741545368
4211,"2020-08-24","North East and Yorkshire",0.748507039021911
4212,"2020-08-24","East of England",0.719658280894818
4213,"2020-08-24","North West",0.803947406964984
4214,"2020-08-25","London",0.838763728885661
4215,"2020-08-25","South East",0.871982130338871
4216,"2020-08-25","South West",0.860648625513364
4217,"2020-08-25","Midlands",0.934296062653575
4218,"2020-08-25","North East and Yorkshire",0.893268507810376
4219,"2020-08-25","East of England",0.854669739607389
4220,"2020-08-25","North West",0.90490592199808
4221,"2020-08-26","London",0.739454700845224
4222,"2020-08-26","South East",0.748464347498418
4223,"2020-08-26","South West",0.770114453256982
4224,"2020-08-26","Midlands",0.766650712830488
4225,"2020-08-26","North East and Yorkshire",0.744645871727622
4226,"2020-08-26","East of England",0.725353364249275
4227,"2020-08-26","North West",0.750855931866988
4228,"2020-08-27","London",0.727603077391266
4229,"2020-08-27","South East",0.767605002827479
4230,"2020-08-27","South West",0.840041947214628
4231,"2020-08-27","Midlands",0.839977265792807
4232,"2020-08-27","North East and Yorkshire",0.796148594169521
4233,"2020-08-27","East of England",0.746298683229835
4234,"2020-08-27","North West",0.847346662556261
4235,"2020-08-28","London",0.754918221171751
4236,"2020-08-28","South East",0.785181469653157
4237,"2020-08-28","South West",0.816425706025199
4238,"2020-08-28","Midlands",0.784848822820598
4239,"2020-08-28","North East and Yorkshire",0.881259976839776
4240,"2020-08-28","East of England",0.760442668927217
4241,"2020-08-28","North West",0.866435713548641
4242,"2020-08-29","London",0.772839882250765
4243,"2020-08-29","South East",0.763932985955927
4244,"2020-08-29","South West",0.870639550625424
4245,"2020-08-29","Midlands",0.844684900841788
4246,"2020-08-29","North East and Yorkshire",0.904034972092781
4247,"2020-08-29","East of England",0.808061691014191
4248,"2020-08-29","North West",0.896179995899586
4249,"2020-08-30","London",0.902574611072037
4250,"2020-08-30","South East",0.899785927684984
4251,"2020-08-30","South West",0.918382221521169
4252,"2020-08-30","Midlands",0.865522995271108
4253,"2020-08-30","North East and Yorkshire",0.891729313134348
4254,"2020-08-30","East of England",0.875323036907818
4255,"2020-08-30","North West",0.837844583699819
4256,"2020-08-31","London",0.807946245333757
4257,"2020-08-31","South East",0.80460828194247
4258,"2020-08-31","South West",0.820711632371773
4259,"2020-08-31","Midlands",0.834739997760647
4260,"2020-08-31","North East and Yorkshire",0.862713927972505
4261,"2020-08-31","East of England",0.819063110590644
4262,"2020-08-31","North West",0.87084292892979
4263,"2020-09-01","London",0.754640737301762
4264,"2020-09-01","South East",0.806762959962505
4265,"2020-09-01","South West",0.897214053834164
4266,"2020-09-01","Midlands",0.783350283902597
4267,"2020-09-01","North East and Yorkshire",0.833688116042856
4268,"2020-09-01","East of England",0.796327033751721
4269,"2020-09-01","North West",0.872463063780904
4270,"2020-09-02","London",0.87541981514783
4271,"2020-09-02","South East",0.876908965775473
4272,"2020-09-02","South West",0.86952828813007
4273,"2020-09-02","Midlands",0.853849920069298
4274,"2020-09-02","North East and Yorkshire",0.769688713169292
4275,"2020-09-02","East of England",0.870987059934851
4276,"2020-09-02","North West",0.774638927412639
4277,"2020-09-03","London",0.758483994242849
4278,"2020-09-03","South East",0.795496000178918
4279,"2020-09-03","South West",0.828077346642106
4280,"2020-09-03","Midlands",0.775715136157131
4281,"2020-09-03","North East and Yorkshire",0.783744004182739
4282,"2020-09-03","East of England",0.756760667566282
4283,"2020-09-03","North West",0.843280437984916
4284,"2020-09-04","London",0.675187480159444
4285,"2020-09-04","South East",0.688394162595591
4286,"2020-09-04","South West",0.706245199444849
4287,"2020-09-04","Midlands",0.611228275431266
4288,"2020-09-04","North East and Yorkshire",0.676566147589638
4289,"2020-09-04","East of England",0.638638570515543
4290,"2020-09-04","North West",0.71372511344558
4291,"2020-09-05","London",0.6744980821757
4292,"2020-09-05","South East",0.698520584022381
4293,"2020-09-05","South West",0.74064418862816
4294,"2020-09-05","Midlands",0.654591172143214
4295,"2020-09-05","North East and Yorkshire",0.692439426809021
4296,"2020-09-05","East of England",0.635874477826806
4297,"2020-09-05","North West",0.73689329166251
4298,"2020-09-06","London",0.684405567816672
4299,"2020-09-06","South East",0.717481705396884
4300,"2020-09-06","South West",0.756185211575925
4301,"2020-09-06","Midlands",0.735858208781562
4302,"2020-09-06","North East and Yorkshire",0.651548550716423
4303,"2020-09-06","East of England",0.65863987201293
4304,"2020-09-06","North West",0.727315248926235
4305,"2020-09-07","London",0.781777950790178
4306,"2020-09-07","South East",0.824666625624791
4307,"2020-09-07","South West",0.903143960299093
4308,"2020-09-07","Midlands",0.802546013981986
4309,"2020-09-07","North East and Yorkshire",0.781707693896751
4310,"2020-09-07","East of England",0.724129355181931
4311,"2020-09-07","North West",0.852759168276295
4312,"2020-09-08","London",0.834514363607031
4313,"2020-09-08","South East",0.832158212035108
4314,"2020-09-08","South West",0.854832470049016
4315,"2020-09-08","Midlands",0.811212361702057
4316,"2020-09-08","North East and Yorkshire",0.730917413134265
4317,"2020-09-08","East of England",0.808477163661827
4318,"2020-09-08","North West",0.80111029578627
4319,"2020-09-09","London",0.737301497661838
4320,"2020-09-09","South East",0.721174241615845
4321,"2020-09-09","South West",0.738329371654754
4322,"2020-09-09","Midlands",0.767716410107148
4323,"2020-09-09","North East and Yorkshire",0.730084760210756
4324,"2020-09-09","East of England",0.729282896446519
4325,"2020-09-09","North West",0.80674358615965
4326,"2020-09-10","London",0.767925134726055
4327,"2020-09-10","South East",0.757431238230114
4328,"2020-09-10","South West",0.765822433398262
4329,"2020-09-10","Midlands",0.779879107144762
4330,"2020-09-10","North East and Yorkshire",0.727375889660956
4331,"2020-09-10","East of England",0.738762672719937
4332,"2020-09-10","North West",0.767269797070955
4333,"2020-09-11","London",0.684160981221551
4334,"2020-09-11","South East",0.686096930681091
4335,"2020-09-11","South West",0.727267114362012
4336,"2020-09-11","Midlands",0.718031322969757
4337,"2020-09-11","North East and Yorkshire",0.712589266360295
4338,"2020-09-11","East of England",0.645218285257583
4339,"2020-09-11","North West",0.735197720218042
4340,"2020-09-12","London",0.688297678405001
4341,"2020-09-12","South East",0.697616461230068
4342,"2020-09-12","South West",0.748861599455935
4343,"2020-09-12","Midlands",0.710402706448582
4344,"2020-09-12","North East and Yorkshire",0.728297743901191
4345,"2020-09-12","East of England",0.656016197459336
4346,"2020-09-12","North West",0.752381595562092
4347,"2020-09-13","London",0.778243459780974
4348,"2020-09-13","South East",0.786007963892885
4349,"2020-09-13","South West",0.842343730051231
4350,"2020-09-13","Midlands",0.857792791703721
4351,"2020-09-13","North East and Yorkshire",0.843427411460719
4352,"2020-09-13","East of England",0.778768390310876
4353,"2020-09-13","North West",0.899004683804227
4354,"2020-09-14","London",0.725094303355984
4355,"2020-09-14","South East",0.742391665886291
4356,"2020-09-14","South West",0.790947558709161
4357,"2020-09-14","Midlands",0.774291910683965
4358,"2020-09-14","North East and Yorkshire",0.781630000088761
4359,"2020-09-14","East of England",0.744746756419423
4360,"2020-09-14","North West",0.845706011729834
4361,"2020-09-15","London",0.902601541127357
4362,"2020-09-15","South East",0.868939571972873
4363,"2020-09-15","South West",0.851256403264243
4364,"2020-09-15","Midlands",0.920390712164341
4365,"2020-09-15","North East and Yorkshire",0.905029967846867
4366,"2020-09-15","East of England",0.928869432476342
4367,"2020-09-15","North West",0.860198524278524
4368,"2020-09-16","London",0.884541148611743
4369,"2020-09-16","South East",0.87287389942986
4370,"2020-09-16","South West",0.844776046164892
4371,"2020-09-16","Midlands",0.838160258796181
4372,"2020-09-16","North East and Yorkshire",0.792758542909735
4373,"2020-09-16","East of England",0.861545253892219
4374,"2020-09-16","North West",0.763383642036291
4375,"2020-09-17","London",0.805975047152316
4376,"2020-09-17","South East",0.787541864918013
4377,"2020-09-17","South West",0.802584302549503
4378,"2020-09-17","Midlands",0.778132985847849
4379,"2020-09-17","North East and Yorkshire",0.830110519282889
4380,"2020-09-17","East of England",0.757785291255055
4381,"2020-09-17","North West",0.808020307086693
4382,"2020-09-18","London",0.802621487315721
4383,"2020-09-18","South East",0.758799912767338
4384,"2020-09-18","South West",0.811170665035123
4385,"2020-09-18","Midlands",0.794167587876828
4386,"2020-09-18","North East and Yorkshire",0.791094144585897
4387,"2020-09-18","East of England",0.767021578712242
4388,"2020-09-18","North West",0.798230110242663
4389,"2020-09-19","London",0.773514729741962
4390,"2020-09-19","South East",0.747687553114652
4391,"2020-09-19","South West",0.783391803941334
4392,"2020-09-19","Midlands",0.772653972379586
4393,"2020-09-19","North East and Yorkshire",0.773361993890345
4394,"2020-09-19","East of England",0.756539117860266
4395,"2020-09-19","North West",0.764153674958829
4396,"2020-09-20","London",0.85153352821803
4397,"2020-09-20","South East",0.864360562102596
4398,"2020-09-20","South West",0.915434814266001
4399,"2020-09-20","Midlands",0.886117428283715
4400,"2020-09-20","North East and Yorkshire",0.851633780571568
4401,"2020-09-20","East of England",0.837030532651524
4402,"2020-09-20","North West",0.881293540492953
4403,"2020-09-21","London",0.888759355036721
4404,"2020-09-21","South East",0.888027224944161
4405,"2020-09-21","South West",0.896785259180358
4406,"2020-09-21","Midlands",0.845210040666759
4407,"2020-09-21","North East and Yorkshire",0.867878029438455
4408,"2020-09-21","East of England",0.855731000739761
4409,"2020-09-21","North West",0.861833449224811
4410,"2020-09-22","London",0.727169918835065
4411,"2020-09-22","South East",0.721322865823507
4412,"2020-09-22","South West",0.729775302852063
4413,"2020-09-22","Midlands",0.796136994805592
4414,"2020-09-22","North East and Yorkshire",0.85000478820244
4415,"2020-09-22","East of England",0.747034662512116
4416,"2020-09-22","North West",0.808273148341825
4417,"2020-09-23","London",0.877386772597935
4418,"2020-09-23","South East",0.879336064542308
4419,"2020-09-23","South West",0.90281312208914
4420,"2020-09-23","Midlands",0.862721320361274
4421,"2020-09-23","North East and Yorkshire",0.823975938273711
4422,"2020-09-23","East of England",0.859870476507216
4423,"2020-09-23","North West",0.819707985435837
4424,"2020-09-24","London",0.903778490833286
4425,"2020-09-24","South East",0.904846708410564
4426,"2020-09-24","South West",0.929351367037658
4427,"2020-09-24","Midlands",0.919208405528221
4428,"2020-09-24","North East and Yorkshire",0.92517797041035
4429,"2020-09-24","East of England",0.901476995272088
4430,"2020-09-24","North West",0.912095444546691
4431,"2020-09-25","London",0.919887705171021
4432,"2020-09-25","South East",0.903404531953167
4433,"2020-09-25","South West",0.936491552468014
4434,"2020-09-25","Midlands",0.965651386126051
4435,"2020-09-25","North East and Yorkshire",0.920924956267342
4436,"2020-09-25","East of England",0.943467538928843
4437,"2020-09-25","North West",0.918087363214641
4438,"2020-09-26","London",0.946693900563296
4439,"2020-09-26","South East",0.918605493906254
4440,"2020-09-26","South West",0.90472331071689
4441,"2020-09-26","Midlands",0.920453179887088
4442,"2020-09-26","North East and Yorkshire",0.877877034767502
4443,"2020-09-26","East of England",0.928269665972488
4444,"2020-09-26","North West",0.862183658933642
4445,"2020-09-27","London",0.840923714295169
4446,"2020-09-27","South East",0.820424871850761
4447,"2020-09-27","South West",0.849224061986253
4448,"2020-09-27","Midlands",0.86787984745602
4449,"2020-09-27","North East and Yorkshire",0.839283317999886
4450,"2020-09-27","East of England",0.816485865338461
4451,"2020-09-27","North West",0.836406354427998
4452,"2020-09-28","London",0.905294276070367
4453,"2020-09-28","South East",0.87364616398963
4454,"2020-09-28","South West",0.883664367992067
4455,"2020-09-28","Midlands",0.909334554390888
4456,"2020-09-28","North East and Yorkshire",0.935590161166008
4457,"2020-09-28","East of England",0.891902860490851
4458,"2020-09-28","North West",0.900648345426332
4459,"2020-09-29","London",0.769726579070687
4460,"2020-09-29","South East",0.765700203356509
4461,"2020-09-29","South West",0.814497607534405
4462,"2020-09-29","Midlands",0.81583296713566
4463,"2020-09-29","North East and Yorkshire",0.839403182372107
4464,"2020-09-29","East of England",0.7760579972632
4465,"2020-09-29","North West",0.861579032117525
4466,"2020-09-30","London",0.780680226037707
4467,"2020-09-30","South East",0.781998337867805
4468,"2020-09-30","South West",0.811534216090476
4469,"2020-09-30","Midlands",0.807479930821903
4470,"2020-09-30","North East and Yorkshire",0.793490869616178
4471,"2020-09-30","East of England",0.776114466195206
4472,"2020-09-30","North West",0.812264536271858
4473,"2020-10-01","London",0.763784690924823
4474,"2020-10-01","South East",0.769617423407269
4475,"2020-10-01","South West",0.817913674075036
4476,"2020-10-01","Midlands",0.834420179680455
4477,"2020-10-01","North East and Yorkshire",0.863586178490121
4478,"2020-10-01","East of England",0.764644287043162
4479,"2020-10-01","North West",0.889626818027121
4480,"2020-10-02","London",0.786489286028068
4481,"2020-10-02","South East",0.810335147311941
4482,"2020-10-02","South West",0.848851823338257
4483,"2020-10-02","Midlands",0.82438195371588
4484,"2020-10-02","North East and Yorkshire",0.865588090346501
4485,"2020-10-02","East of England",0.775344675649629
4486,"2020-10-02","North West",0.893821163827734
4487,"2020-10-03","London",0.733789627907128
4488,"2020-10-03","South East",0.794590184931743
4489,"2020-10-03","South West",0.830875498131105
4490,"2020-10-03","Midlands",0.764524582726476
4491,"2020-10-03","North East and Yorkshire",0.83895261529675
4492,"2020-10-03","East of England",0.729922884989747
4493,"2020-10-03","North West",0.8406043565707
4494,"2020-10-04","London",0.728425532721206
4495,"2020-10-04","South East",0.759452958161201
4496,"2020-10-04","South West",0.771253637445234
4497,"2020-10-04","Midlands",0.743849814249065
4498,"2020-10-04","North East and Yorkshire",0.820094955274218
4499,"2020-10-04","East of England",0.74060825244968
4500,"2020-10-04","North West",0.80013432746287
4501,"2020-10-05","London",0.755961591664653
4502,"2020-10-05","South East",0.796936748778289
4503,"2020-10-05","South West",0.846219826228545
4504,"2020-10-05","Midlands",0.819205003613472
4505,"2020-10-05","North East and Yorkshire",0.855007317124036
4506,"2020-10-05","East of England",0.760979995347952
4507,"2020-10-05","North West",0.90998616055087
4508,"2020-10-06","London",0.783392070692599
4509,"2020-10-06","South East",0.789118368584121
4510,"2020-10-06","South West",0.794094743125637
4511,"2020-10-06","Midlands",0.784730888533063
4512,"2020-10-06","North East and Yorkshire",0.80649128106492
4513,"2020-10-06","East of England",0.771155763797111
4514,"2020-10-06","North West",0.820163104467719
4515,"2020-10-07","London",0.81086496320046
4516,"2020-10-07","South East",0.828591057788322
4517,"2020-10-07","South West",0.880774499657619
4518,"2020-10-07","Midlands",0.773155275260044
4519,"2020-10-07","North East and Yorkshire",0.760972079080801
4520,"2020-10-07","East of England",0.78832431925443
4521,"2020-10-07","North West",0.813256866397482
4522,"2020-10-08","London",0.792582154611324
4523,"2020-10-08","South East",0.837983106983027
4524,"2020-10-08","South West",0.881979031325787
4525,"2020-10-08","Midlands",0.817037230781553
4526,"2020-10-08","North East and Yorkshire",0.825852068610826
4527,"2020-10-08","East of England",0.769741520342734
4528,"2020-10-08","North West",0.87006143193834
4529,"2020-10-09","London",0.657517235310338
4530,"2020-10-09","South East",0.681573608320158
4531,"2020-10-09","South West",0.712596986112669
4532,"2020-10-09","Midlands",0.706126752650636
4533,"2020-10-09","North East and Yorkshire",0.723777363405655
4534,"2020-10-09","East of England",0.664699882631492
4535,"2020-10-09","North West",0.776246971402835
4536,"2020-10-10","London",0.673312753341024
4537,"2020-10-10","South East",0.707338675597791
4538,"2020-10-10","South West",0.718848188753269
4539,"2020-10-10","Midlands",0.671170926805169
4540,"2020-10-10","North East and Yorkshire",0.710083575036528
4541,"2020-10-10","East of England",0.664211233099556
4542,"2020-10-10","North West",0.773481312848908
4543,"2020-10-11","London",0.698757283603117
4544,"2020-10-11","South East",0.749317415948361
4545,"2020-10-11","South West",0.835961127597303
4546,"2020-10-11","Midlands",0.828063330145328
4547,"2020-10-11","North East and Yorkshire",0.774843397477002
4548,"2020-10-11","East of England",0.725297293440724
4549,"2020-10-11","North West",0.838301685438441
4550,"2020-10-12","London",0.909583816156859
4551,"2020-10-12","South East",0.881939348548507
4552,"2020-10-12","South West",0.892720551118397
4553,"2020-10-12","Midlands",0.854151271609236
4554,"2020-10-12","North East and Yorkshire",0.75911979302673
4555,"2020-10-12","East of England",0.890514925988807
4556,"2020-10-12","North West",0.80578008920351
4557,"2020-10-13","London",0.906609640992905
4558,"2020-10-13","South East",0.888253710686893
4559,"2020-10-13","South West",0.891493242331089
4560,"2020-10-13","Midlands",0.909894391045667
4561,"2020-10-13","North East and Yorkshire",0.900477375419159
4562,"2020-10-13","East of England",0.89566561369486
4563,"2020-10-13","North West",0.90103250809007
4564,"2020-10-14","London",0.863830924610019
4565,"2020-10-14","South East",0.846145258559672
4566,"2020-10-14","South West",0.821869345530998
4567,"2020-10-14","Midlands",0.837406944791467
4568,"2020-10-14","North East and Yorkshire",0.880824698023852
4569,"2020-10-14","East of England",0.86214139438413
4570,"2020-10-14","North West",0.851836290300062
4571,"2020-10-15","London",0.89726875498813
4572,"2020-10-15","South East",0.882138885044852
4573,"2020-10-15","South West",0.870066032397473
4574,"2020-10-15","Midlands",0.874798083865996
4575,"2020-10-15","North East and Yorkshire",0.861034444336934
4576,"2020-10-15","East of England",0.874454535980567
4577,"2020-10-15","North West",0.847444599018176
4578,"2020-10-16","London",0.875058150324366
4579,"2020-10-16","South East",0.856694077808093
4580,"2020-10-16","South West",0.855360211141449
4581,"2020-10-16","Midlands",0.857370733900869
4582,"2020-10-16","North East and Yorkshire",0.879781334942599
4583,"2020-10-16","East of England",0.845902731408366
4584,"2020-10-16","North West",0.877007372456628
4585,"2020-10-17","London",0.837150582614279
4586,"2020-10-17","South East",0.828040973943585
4587,"2020-10-17","South West",0.84632176540371
4588,"2020-10-17","Midlands",0.863326828996075
4589,"2020-10-17","North East and Yorkshire",0.901726854173917
4590,"2020-10-17","East of England",0.83178317443404
4591,"2020-10-17","North West",0.899558492049091
4592,"2020-10-18","London",0.888761503330503
4593,"2020-10-18","South East",0.864500406733487
4594,"2020-10-18","South West",0.84559717973413
4595,"2020-10-18","Midlands",0.871427911653054
4596,"2020-10-18","North East and Yorkshire",0.868548697312719
4597,"2020-10-18","East of England",0.884915610744328
4598,"2020-10-18","North West",0.838749406787414
4599,"2020-10-19","London",0.923841625545709
4600,"2020-10-19","South East",0.885472581160214
4601,"2020-10-19","South West",0.832355577445379
4602,"2020-10-19","Midlands",0.842213873154344
4603,"2020-10-19","North East and Yorkshire",0.857937146581791
4604,"2020-10-19","East of England",0.900387954557167
4605,"2020-10-19","North West",0.834658180224432
4606,"2020-10-20","London",0.879034782976096
4607,"2020-10-20","South East",0.854355885794091
4608,"2020-10-20","South West",0.868989329422976
4609,"2020-10-20","Midlands",0.87691083928991
4610,"2020-10-20","North East and Yorkshire",0.856829103405353
4611,"2020-10-20","East of England",0.870912428532809
4612,"2020-10-20","North West",0.886930232693104
4613,"2020-10-21","London",0.867875377457257
4614,"2020-10-21","South East",0.853858793155243
4615,"2020-10-21","South West",0.891508496091208
4616,"2020-10-21","Midlands",0.876064427640941
4617,"2020-10-21","North East and Yorkshire",0.851356656782931
4618,"2020-10-21","East of England",0.853365138880437
4619,"2020-10-21","North West",0.8956979385335
4620,"2020-10-22","London",0.831758076271288
4621,"2020-10-22","South East",0.848748164790532
4622,"2020-10-22","South West",0.884349017733594
4623,"2020-10-22","Midlands",0.81881933544489
4624,"2020-10-22","North East and Yorkshire",0.792810590149143
4625,"2020-10-22","East of England",0.825206253056807
4626,"2020-10-22","North West",0.814600746783131
4627,"2020-10-23","London",0.82312996899469
4628,"2020-10-23","South East",0.83608768399895
4629,"2020-10-23","South West",0.868105380174795
4630,"2020-10-23","Midlands",0.765312372505848
4631,"2020-10-23","North East and Yorkshire",0.768954001305475
4632,"2020-10-23","East of England",0.76929441766284
4633,"2020-10-23","North West",0.765472317417729
4634,"2020-10-24","London",0.873364114881739
4635,"2020-10-24","South East",0.858420204705526
4636,"2020-10-24","South West",0.894007337683045
4637,"2020-10-24","Midlands",0.859169687890238
4638,"2020-10-24","North East and Yorkshire",0.853382600621536
4639,"2020-10-24","East of England",0.834873080366851
4640,"2020-10-24","North West",0.839819612162748
4641,"2020-10-25","London",0.907370941780155
4642,"2020-10-25","South East",0.871094040428365
4643,"2020-10-25","South West",0.888833697148819
4644,"2020-10-25","Midlands",0.897474014883746
4645,"2020-10-25","North East and Yorkshire",0.904222238889898
4646,"2020-10-25","East of England",0.896540830649498
4647,"2020-10-25","North West",0.898389458442945
4648,"2020-10-26","London",0.940025702754872
4649,"2020-10-26","South East",0.932055832215559
4650,"2020-10-26","South West",0.966842068055485
4651,"2020-10-26","Midlands",0.95139962744232
4652,"2020-10-26","North East and Yorkshire",0.923899858655306
4653,"2020-10-26","East of England",0.92529315281417
4654,"2020-10-26","North West",0.934454967789876
4655,"2020-10-27","London",0.876571839596877
4656,"2020-10-27","South East",0.883410632702406
4657,"2020-10-27","South West",0.8987756418458
4658,"2020-10-27","Midlands",0.8759183164639
4659,"2020-10-27","North East and Yorkshire",0.874946913004095
4660,"2020-10-27","East of England",0.875320535183121
4661,"2020-10-27","North West",0.908588408914602
4662,"2020-10-28","London",0.962316710621358
4663,"2020-10-28","South East",0.937338778008569
4664,"2020-10-28","South West",0.95359329138816
4665,"2020-10-28","Midlands",0.932445423511952
4666,"2020-10-28","North East and Yorkshire",0.875587833569361
4667,"2020-10-28","East of England",0.952011667507691
4668,"2020-10-28","North West",0.915933598695219
4669,"2020-10-29","London",0.934374575285991
4670,"2020-10-29","South East",0.909766138443302
4671,"2020-10-29","South West",0.911610682362342
4672,"2020-10-29","Midlands",0.930552266078825
4673,"2020-10-29","North East and Yorkshire",0.899865386066417
4674,"2020-10-29","East of England",0.941644788606086
4675,"2020-10-29","North West",0.922426188424426
4676,"2020-10-30","London",0.907625765898811
4677,"2020-10-30","South East",0.881052726658796
4678,"2020-10-30","South West",0.882648703856666
4679,"2020-10-30","Midlands",0.867771325719208
4680,"2020-10-30","North East and Yorkshire",0.875896930019977
4681,"2020-10-30","East of England",0.89489725940327
4682,"2020-10-30","North West",0.876642407468218
4683,"2020-10-31","London",0.796585126560669
4684,"2020-10-31","South East",0.806502702751624
4685,"2020-10-31","South West",0.856640931784404
4686,"2020-10-31","Midlands",0.824529826977963
4687,"2020-10-31","North East and Yorkshire",0.841424238427204
4688,"2020-10-31","East of England",0.826135106513527
4689,"2020-10-31","North West",0.883802900820925
4690,"2020-11-01","London",0.888806289983248
4691,"2020-11-01","South East",0.877912579547947
4692,"2020-11-01","South West",0.88644179635096
4693,"2020-11-01","Midlands",0.903430858505897
4694,"2020-11-01","North East and Yorkshire",0.914671274991901
4695,"2020-11-01","East of England",0.903392699479669
4696,"2020-11-01","North West",0.906321758448723
4697,"2020-11-02","London",0.885893326702248
4698,"2020-11-02","South East",0.877920728548265
4699,"2020-11-02","South West",0.937334929741485
4700,"2020-11-02","Midlands",0.939683459482965
4701,"2020-11-02","North East and Yorkshire",0.927791399094662
4702,"2020-11-02","East of England",0.879151449841083
4703,"2020-11-02","North West",0.932534009775584
4704,"2020-11-03","London",0.902880105613776
4705,"2020-11-03","South East",0.890713144580608
4706,"2020-11-03","South West",0.898593989827626
4707,"2020-11-03","Midlands",0.857047807603726
4708,"2020-11-03","North East and Yorkshire",0.805549266942281
4709,"2020-11-03","East of England",0.879345412260231
4710,"2020-11-03","North West",0.847885139214275
4711,"2020-11-04","London",0.901185548688755
4712,"2020-11-04","South East",0.895599057127721
4713,"2020-11-04","South West",0.911290803111016
4714,"2020-11-04","Midlands",0.902789085688682
4715,"2020-11-04","North East and Yorkshire",0.871436104021109
4716,"2020-11-04","East of England",0.900599068746231
4717,"2020-11-04","North West",0.883221159153325
4718,"2020-11-05","London",0.888431159150425
4719,"2020-11-05","South East",0.883686767126126
4720,"2020-11-05","South West",0.891263979664408
4721,"2020-11-05","Midlands",0.869125075037477
4722,"2020-11-05","North East and Yorkshire",0.849053705865055
4723,"2020-11-05","East of England",0.876207155346775
4724,"2020-11-05","North West",0.841537891563601
4725,"2020-11-06","London",0.939915739955721
4726,"2020-11-06","South East",0.922257523081529
4727,"2020-11-06","South West",0.872158469877803
4728,"2020-11-06","Midlands",0.937216271114832
4729,"2020-11-06","North East and Yorkshire",0.953044600973093
4730,"2020-11-06","East of England",0.936031652095727
4731,"2020-11-06","North West",0.935847385563408
4732,"2020-11-07","London",0.946498167527751
4733,"2020-11-07","South East",0.914401799420114
4734,"2020-11-07","South West",0.869951142754551
4735,"2020-11-07","Midlands",0.912147106645673
4736,"2020-11-07","North East and Yorkshire",0.860947583613648
4737,"2020-11-07","East of England",0.947063568018653
4738,"2020-11-07","North West",0.87211468313761
4739,"2020-11-08","London",0.859443916375177
4740,"2020-11-08","South East",0.864440561141279
4741,"2020-11-08","South West",0.856745684225711
4742,"2020-11-08","Midlands",0.808619281402783
4743,"2020-11-08","North East and Yorkshire",0.797429181814336
4744,"2020-11-08","East of England",0.833086036610778
4745,"2020-11-08","North West",0.82309155327675
4746,"2020-11-09","London",0.90637931797158
4747,"2020-11-09","South East",0.896843521420029
4748,"2020-11-09","South West",0.934882843748327
4749,"2020-11-09","Midlands",0.924778773222162
4750,"2020-11-09","North East and Yorkshire",0.91562539461003
4751,"2020-11-09","East of England",0.899438106675155
4752,"2020-11-09","North West",0.943057885407116
4753,"2020-11-10","London",0.932714676956405
4754,"2020-11-10","South East",0.913244146919698
4755,"2020-11-10","South West",0.878643644165368
4756,"2020-11-10","Midlands",0.920725772857717
4757,"2020-11-10","North East and Yorkshire",0.915015224204014
4758,"2020-11-10","East of England",0.92852064860677
4759,"2020-11-10","North West",0.874034185949756
4760,"2020-11-11","London",0.844279123118431
4761,"2020-11-11","South East",0.859680050308623
4762,"2020-11-11","South West",0.910402770219123
4763,"2020-11-11","Midlands",0.934545007528589
4764,"2020-11-11","North East and Yorkshire",0.904133403991113
4765,"2020-11-11","East of England",0.834489461523977
4766,"2020-11-11","North West",0.935362115955367
4767,"2020-11-12","London",0.867152416000279
4768,"2020-11-12","South East",0.844499072664211
4769,"2020-11-12","South West",0.857377084835483
4770,"2020-11-12","Midlands",0.929000722229909
4771,"2020-11-12","North East and Yorkshire",0.883663095263045
4772,"2020-11-12","East of England",0.866201563731971
4773,"2020-11-12","North West",0.910308712525909
4774,"2020-11-13","London",0.922577812707731
4775,"2020-11-13","South East",0.883703072839826
4776,"2020-11-13","South West",0.854312806660998
4777,"2020-11-13","Midlands",0.85985425286993
4778,"2020-11-13","North East and Yorkshire",0.84810617804494
4779,"2020-11-13","East of England",0.919383792854044
4780,"2020-11-13","North West",0.801272201640459
4781,"2020-11-14","London",0.933482031188602
4782,"2020-11-14","South East",0.907716112077046
4783,"2020-11-14","South West",0.911342172257549
4784,"2020-11-14","Midlands",0.929992068527247
4785,"2020-11-14","North East and Yorkshire",0.868351174417719
4786,"2020-11-14","East of England",0.87770756159714
4787,"2020-11-14","North West",0.904993726051992
4788,"2020-11-15","London",0.891680435014609
4789,"2020-11-15","South East",0.857937696872137
4790,"2020-11-15","South West",0.865403633338937
4791,"2020-11-15","Midlands",0.846422622695323
4792,"2020-11-15","North East and Yorkshire",0.774890655128512
4793,"2020-11-15","East of England",0.853276071247444
4794,"2020-11-15","North West",0.811938318204888
4795,"2020-11-16","London",0.81783031203728
4796,"2020-11-16","South East",0.795887917085206
4797,"2020-11-16","South West",0.79800411352074
4798,"2020-11-16","Midlands",0.849472990521141
4799,"2020-11-16","North East and Yorkshire",0.865334210694981
4800,"2020-11-16","East of England",0.83345130541663
4801,"2020-11-16","North West",0.881876903716609
4802,"2020-11-17","London",0.92446545780669
4803,"2020-11-17","South East",0.895399907772778
4804,"2020-11-17","South West",0.913645971463224
4805,"2020-11-17","Midlands",0.950594220648279
4806,"2020-11-17","North East and Yorkshire",0.906371109913975
4807,"2020-11-17","East of England",0.936285268589958
4808,"2020-11-17","North West",0.927463973007154
4809,"2020-11-18","London",0.887028937890949
4810,"2020-11-18","South East",0.856141643883256
4811,"2020-11-18","South West",0.83969240811187
4812,"2020-11-18","Midlands",0.852037693230482
4813,"2020-11-18","North East and Yorkshire",0.872742444039859
4814,"2020-11-18","East of England",0.879027594969692
4815,"2020-11-18","North West",0.856662515770741
4816,"2020-11-19","London",0.900459660351985
4817,"2020-11-19","South East",0.87563944576445
4818,"2020-11-19","South West",0.852362254123219
4819,"2020-11-19","Midlands",0.915392522330016
4820,"2020-11-19","North East and Yorkshire",0.924054580078107
4821,"2020-11-19","East of England",0.899525496259941
4822,"2020-11-19","North West",0.911709300940127
4823,"2020-11-20","London",0.840284793923419
4824,"2020-11-20","South East",0.796843380990796
4825,"2020-11-20","South West",0.834991828092992
4826,"2020-11-20","Midlands",0.856370516343706
4827,"2020-11-20","North East and Yorkshire",0.83321767112933
4828,"2020-11-20","East of England",0.843289611812813
4829,"2020-11-20","North West",0.894736745392618
4830,"2020-11-21","London",0.915236396136611
4831,"2020-11-21","South East",0.883650391389941
4832,"2020-11-21","South West",0.893805945040526
4833,"2020-11-21","Midlands",0.951393348170687
4834,"2020-11-21","North East and Yorkshire",0.923446998886454
4835,"2020-11-21","East of England",0.916266117118543
4836,"2020-11-21","North West",0.917240382173629
4837,"2020-11-22","London",0.84332137973111
4838,"2020-11-22","South East",0.828186512869462
4839,"2020-11-22","South West",0.842893271381664
4840,"2020-11-22","Midlands",0.860980325088243
4841,"2020-11-22","North East and Yorkshire",0.867128189206793
4842,"2020-11-22","East of England",0.842064288386951
4843,"2020-11-22","North West",0.875226546172109
4844,"2020-11-23","London",0.833103284835982
4845,"2020-11-23","South East",0.816025371717083
4846,"2020-11-23","South West",0.844205013705865
4847,"2020-11-23","Midlands",0.849321523197816
4848,"2020-11-23","North East and Yorkshire",0.875677304612667
4849,"2020-11-23","East of England",0.830014119592642
4850,"2020-11-23","North West",0.892688108427321
4851,"2020-11-24","London",0.840884708136109
4852,"2020-11-24","South East",0.81598945612758
4853,"2020-11-24","South West",0.836510818015692
4854,"2020-11-24","Midlands",0.861424618362277
4855,"2020-11-24","North East and Yorkshire",0.840180747185845
4856,"2020-11-24","East of England",0.841324966110283
4857,"2020-11-24","North West",0.846187034137221
4858,"2020-11-25","London",0.928829716041434
4859,"2020-11-25","South East",0.905216561608975
4860,"2020-11-25","South West",0.89546914226969
4861,"2020-11-25","Midlands",0.911159005234366
4862,"2020-11-25","North East and Yorkshire",0.900189150689184
4863,"2020-11-25","East of England",0.913507319046358
4864,"2020-11-25","North West",0.908549488189759
4865,"2020-11-26","London",0.930904496148494
4866,"2020-11-26","South East",0.890105686077045
4867,"2020-11-26","South West",0.887226372420747
4868,"2020-11-26","Midlands",0.924963424467349
4869,"2020-11-26","North East and Yorkshire",0.900735151786475
4870,"2020-11-26","East of England",0.920024462198085
4871,"2020-11-26","North West",0.884511612238362
4872,"2020-11-27","London",0.804822781789188
4873,"2020-11-27","South East",0.780135813046629
4874,"2020-11-27","South West",0.878493214370315
4875,"2020-11-27","Midlands",0.837445656026384
4876,"2020-11-27","North East and Yorkshire",0.833499983272169
4877,"2020-11-27","East of England",0.816621239672964
4878,"2020-11-27","North West",0.845855899244876
4879,"2020-11-28","London",0.923869351167923
4880,"2020-11-28","South East",0.92392971568688
4881,"2020-11-28","South West",0.937965830953185
4882,"2020-11-28","Midlands",0.913181631349739
4883,"2020-11-28","North East and Yorkshire",0.893638370906358
4884,"2020-11-28","East of England",0.911829378506491
4885,"2020-11-28","North West",0.899373016628622
4886,"2020-11-29","London",0.931275847908779
4887,"2020-11-29","South East",0.926351174397876
4888,"2020-11-29","South West",0.932832999705168
4889,"2020-11-29","Midlands",0.919846485457843
4890,"2020-11-29","North East and Yorkshire",0.904838511509241
4891,"2020-11-29","East of England",0.929252223446366
4892,"2020-11-29","North West",0.911014687269102
4893,"2020-11-30","London",0.863325740520925
4894,"2020-11-30","South East",0.851795167524859
4895,"2020-11-30","South West",0.841714604941122
4896,"2020-11-30","Midlands",0.882057628244187
4897,"2020-11-30","North East and Yorkshire",0.887002530039846
4898,"2020-11-30","East of England",0.880635351236923
4899,"2020-11-30","North West",0.899503583152292
4900,"2020-12-01","London",0.966627743850993
4901,"2020-12-01","South East",0.964052070316719
4902,"2020-12-01","South West",0.969679796630928
4903,"2020-12-01","Midlands",0.947444247734967
4904,"2020-12-01","North East and Yorkshire",0.921092076930411
4905,"2020-12-01","East of England",0.958842271340904
4906,"2020-12-01","North West",0.952342493238338
4907,"2020-12-02","London",0.96715814837488
4908,"2020-12-02","South East",0.95639608465059
4909,"2020-12-02","South West",0.961176049441735
4910,"2020-12-02","Midlands",0.950347853909181
4911,"2020-12-02","North East and Yorkshire",0.888704641407054
4912,"2020-12-02","East of England",0.958832883331942
4913,"2020-12-02","North West",0.933758402084018
4914,"2020-12-03","London",0.971157491360276
4915,"2020-12-03","South East",0.946878901759153
4916,"2020-12-03","South West",0.978498314065677
4917,"2020-12-03","Midlands",0.987416762884637
4918,"2020-12-03","North East and Yorkshire",0.946145587736852
4919,"2020-12-03","East of England",0.975665494996771
4920,"2020-12-03","North West",0.96882700597429
4921,"2020-12-04","London",0.99327933275833
4922,"2020-12-04","South East",0.964082273550978
4923,"2020-12-04","South West",0.966039290728397
4924,"2020-12-04","Midlands",0.993355745988809
4925,"2020-12-04","North East and Yorkshire",0.973608109872529
4926,"2020-12-04","East of England",0.983829042704696
4927,"2020-12-04","North West",0.994891771349132
4928,"2020-12-05","London",0.970150662563432
4929,"2020-12-05","South East",0.943861177035943
4930,"2020-12-05","South West",0.962965563131537
4931,"2020-12-05","Midlands",0.987208853953518
4932,"2020-12-05","North East and Yorkshire",0.951979188889402
4933,"2020-12-05","East of England",0.972447070565647
4934,"2020-12-05","North West",0.981947810291962
4935,"2020-12-06","London",0.960480543572891
4936,"2020-12-06","South East",0.946065396834872
4937,"2020-12-06","South West",0.952247906717944
4938,"2020-12-06","Midlands",0.919687024385331
4939,"2020-12-06","North East and Yorkshire",0.853160354316837
4940,"2020-12-06","East of England",0.948740376313781
4941,"2020-12-06","North West",0.892211745997787
4942,"2020-12-07","London",0.864034415351802
4943,"2020-12-07","South East",0.873417067609866
4944,"2020-12-07","South West",0.891403370716912
4945,"2020-12-07","Midlands",0.861701580791898
4946,"2020-12-07","North East and Yorkshire",0.806158262585069
4947,"2020-12-07","East of England",0.866539205634561
4948,"2020-12-07","North West",0.848274021124919
4949,"2020-12-08","London",0.821330277910709
4950,"2020-12-08","South East",0.816188840588258
4951,"2020-12-08","South West",0.840959107846119
4952,"2020-12-08","Midlands",0.848275294087664
4953,"2020-12-08","North East and Yorkshire",0.820912850907204
4954,"2020-12-08","East of England",0.81370152144891
4955,"2020-12-08","North West",0.858532487319599
4956,"2020-12-09","London",0.912548099650521
4957,"2020-12-09","South East",0.898838636160499
4958,"2020-12-09","South West",0.899211681208647
4959,"2020-12-09","Midlands",0.906137862631512
4960,"2020-12-09","North East and Yorkshire",0.882658798417715
4961,"2020-12-09","East of England",0.900578137366483
4962,"2020-12-09","North West",0.887692192470577
4963,"2020-12-10","London",0.943473829369099
4964,"2020-12-10","South East",0.911252737177723
4965,"2020-12-10","South West",0.924278278202742
4966,"2020-12-10","Midlands",0.956992886494514
4967,"2020-12-10","North East and Yorkshire",0.932974923934053
4968,"2020-12-10","East of England",0.933242444827422
4969,"2020-12-10","North West",0.92599965582792
4970,"2020-12-11","London",0.904235163480844
4971,"2020-12-11","South East",0.851638821472982
4972,"2020-12-11","South West",0.826757147617666
4973,"2020-12-11","Midlands",0.910423968060407
4974,"2020-12-11","North East and Yorkshire",0.94411250843966
4975,"2020-12-11","East of England",0.900486798518902
4976,"2020-12-11","North West",0.916277628767283
4977,"2020-12-12","London",0.871864770762805
4978,"2020-12-12","South East",0.825874954234453
4979,"2020-12-12","South West",0.887655493292834
4980,"2020-12-12","Midlands",0.916218152265596
4981,"2020-12-12","North East and Yorkshire",0.899288183728737
4982,"2020-12-12","East of England",0.874601743934801
4983,"2020-12-12","North West",0.904052986978135
4984,"2020-12-13","London",0.931600299256442
4985,"2020-12-13","South East",0.915950632959643
4986,"2020-12-13","South West",0.907464573500329
4987,"2020-12-13","Midlands",0.960545265230609
4988,"2020-12-13","North East and Yorkshire",0.946894251636999
4989,"2020-12-13","East of England",0.915545155515382
4990,"2020-12-13","North West",0.94695457369299
4991,"2020-12-14","London",0.987071029743619
4992,"2020-12-14","South East",0.962301316699545
4993,"2020-12-14","South West",0.936966013342045
4994,"2020-12-14","Midlands",0.966540280869113
4995,"2020-12-14","North East and Yorkshire",0.934268173963286
4996,"2020-12-14","East of England",0.973803644991356
4997,"2020-12-14","North West",0.936823756794699
4998,"2020-12-15","London",0.883950773395291
4999,"2020-12-15","South East",0.844126271136413
5000,"2020-12-15","South West",0.820579008569585
5001,"2020-12-15","Midlands",0.867557240133372
5002,"2020-12-15","North East and Yorkshire",0.878129972460617
5003,"2020-12-15","East of England",0.874706739146292
5004,"2020-12-15","North West",0.845137968548303
5005,"2020-12-16","London",0.745803158558031
5006,"2020-12-16","South East",0.729085937491855
5007,"2020-12-16","South West",0.710958941088213
5008,"2020-12-16","Midlands",0.799896742450256
5009,"2020-12-16","North East and Yorkshire",0.871121419866646
5010,"2020-12-16","East of England",0.764793108608982
5011,"2020-12-16","North West",0.899628270981184
5012,"2020-12-17","London",0.835266907051405
5013,"2020-12-17","South East",0.807661216420398
5014,"2020-12-17","South West",0.822950838813189
5015,"2020-12-17","Midlands",0.868018502245712
5016,"2020-12-17","North East and Yorkshire",0.899367691511122
5017,"2020-12-17","East of England",0.856279146672094
5018,"2020-12-17","North West",0.886375714008971
5019,"2020-12-18","London",0.81706314966269
5020,"2020-12-18","South East",0.804488162310222
5021,"2020-12-18","South West",0.778960260011786
5022,"2020-12-18","Midlands",0.82807094694843
5023,"2020-12-18","North East and Yorkshire",0.823483794848301
5024,"2020-12-18","East of England",0.82745185154648
5025,"2020-12-18","North West",0.82983979743256
5026,"2020-12-19","London",0.904999970422907
5027,"2020-12-19","South East",0.897884930246577
5028,"2020-12-19","South West",0.921257925085949
5029,"2020-12-19","Midlands",0.927947908109584
5030,"2020-12-19","North East and Yorkshire",0.916588298448085
5031,"2020-12-19","East of England",0.904676508688592
5032,"2020-12-19","North West",0.929393571139329
5033,"2020-12-20","London",0.913335558080887
5034,"2020-12-20","South East",0.912146546727165
5035,"2020-12-20","South West",0.900659383703874
5036,"2020-12-20","Midlands",0.900291176066746
5037,"2020-12-20","North East and Yorkshire",0.904871280565842
5038,"2020-12-20","East of England",0.914923630802929
5039,"2020-12-20","North West",0.91145274104806
5040,"2020-12-21","London",0.891030922778612
5041,"2020-12-21","South East",0.893479652770745
5042,"2020-12-21","South West",0.915518941087446
5043,"2020-12-21","Midlands",0.911132310811727
5044,"2020-12-21","North East and Yorkshire",0.882889120849305
5045,"2020-12-21","East of England",0.88970627734807
5046,"2020-12-21","North West",0.912606768849888
5047,"2020-12-22","London",0.901993831519152
5048,"2020-12-22","South East",0.870175580343639
5049,"2020-12-22","South West",0.810199960977304
5050,"2020-12-22","Midlands",0.857704748594203
5051,"2020-12-22","North East and Yorkshire",0.872314605993297
5052,"2020-12-22","East of England",0.871454866640637
5053,"2020-12-22","North West",0.863023940733848
5054,"2020-12-23","London",0.918305883108092
5055,"2020-12-23","South East",0.906646280105532
5056,"2020-12-23","South West",0.884376941840689
5057,"2020-12-23","Midlands",0.913142666386191
5058,"2020-12-23","North East and Yorkshire",0.918484202595671
5059,"2020-12-23","East of England",0.899473842689831
5060,"2020-12-23","North West",0.901452723891196
5061,"2020-12-24","London",0.932563868084012
5062,"2020-12-24","South East",0.919105740829529
5063,"2020-12-24","South West",0.900553111992504
5064,"2020-12-24","Midlands",0.938718477335894
5065,"2020-12-24","North East and Yorkshire",0.941380080249625
5066,"2020-12-24","East of England",0.916530200586085
5067,"2020-12-24","North West",0.951409452425788
5068,"2020-12-25","London",0.939858405127895
5069,"2020-12-25","South East",0.918607058020261
5070,"2020-12-25","South West",0.929818447470377
5071,"2020-12-25","Midlands",0.977360418446791
5072,"2020-12-25","North East and Yorkshire",0.928434574252753
5073,"2020-12-25","East of England",0.930586627019846
5074,"2020-12-25","North West",0.937476659759779
5075,"2020-12-26","London",0.965028319188177
5076,"2020-12-26","South East",0.929797362291227
5077,"2020-12-26","South West",0.918389538635476
5078,"2020-12-26","Midlands",0.949170698920524
5079,"2020-12-26","North East and Yorkshire",0.893364511217556
5080,"2020-12-26","East of England",0.94487347293502
5081,"2020-12-26","North West",0.92564114122372
5082,"2020-12-27","London",0.948568135840238
5083,"2020-12-27","South East",0.930241461238065
5084,"2020-12-27","South West",0.940493531299579
5085,"2020-12-27","Midlands",0.943991106182352
5086,"2020-12-27","North East and Yorkshire",0.933372279166813
5087,"2020-12-27","East of England",0.943352570386331
5088,"2020-12-27","North West",0.940302119870155
5089,"2020-12-28","London",0.883895270639645
5090,"2020-12-28","South East",0.882936352629269
5091,"2020-12-28","South West",0.887396799458939
5092,"2020-12-28","Midlands",0.878918431964212
5093,"2020-12-28","North East and Yorkshire",0.876772158622303
5094,"2020-12-28","East of England",0.876829393006029
5095,"2020-12-28","North West",0.901362129731638
5096,"2020-12-29","London",0.923357830209245
5097,"2020-12-29","South East",0.927746435906377
5098,"2020-12-29","South West",0.949988139389978
5099,"2020-12-29","Midlands",0.917914532851705
5100,"2020-12-29","North East and Yorkshire",0.908782099569144
5101,"2020-12-29","East of England",0.915391275365559
5102,"2020-12-29","North West",0.918613483541119
5103,"2020-12-30","London",0.955584602823587
5104,"2020-12-30","South East",0.937767467125144
5105,"2020-12-30","South West",0.944871440872814
5106,"2020-12-30","Midlands",0.963792705200406
5107,"2020-12-30","North East and Yorkshire",0.91196856842445
5108,"2020-12-30","East of England",0.965343397180446
5109,"2020-12-30","North West",0.906675117440938
5110,"2020-12-31","London",0.820796628754776
5111,"2020-12-31","South East",0.808130164864716
5112,"2020-12-31","South West",0.778480870580027
5113,"2020-12-31","Midlands",0.819090621206918
5114,"2020-12-31","North East and Yorkshire",0.816637241048004
5115,"2020-12-31","East of England",0.83064196175012
5116,"2020-12-31","North West",0.80152751922055
5117,"2021-01-01","London",0.785167402819704
5118,"2021-01-01","South East",0.790713208371301
5119,"2021-01-01","South West",0.818762417920475
5120,"2021-01-01","Midlands",0.821213724008537
5121,"2021-01-01","North East and Yorkshire",0.811605511385255
5122,"2021-01-01","East of England",0.808101908837473
5123,"2021-01-01","North West",0.836437843886896
5124,"2021-01-02","London",0.899313056882522
5125,"2021-01-02","South East",0.891151813370102
5126,"2021-01-02","South West",0.907722259382381
5127,"2021-01-02","Midlands",0.86327821467234
5128,"2021-01-02","North East and Yorkshire",0.850924991307934
5129,"2021-01-02","East of England",0.885238504306623
5130,"2021-01-02","North West",0.875592412273745
5131,"2021-01-03","London",0.863468411784975
5132,"2021-01-03","South East",0.839852216011092
5133,"2021-01-03","South West",0.83957642556914
5134,"2021-01-03","Midlands",0.847722895318108
5135,"2021-01-03","North East and Yorkshire",0.85429008410086
5136,"2021-01-03","East of England",0.852289495026194
5137,"2021-01-03","North West",0.869461153558378
5138,"2021-01-04","London",0.964284561101342
5139,"2021-01-04","South East",0.924252720175578
5140,"2021-01-04","South West",0.914485550051903
5141,"2021-01-04","Midlands",0.959551138642982
5142,"2021-01-04","North East and Yorkshire",0.937970811824536
5143,"2021-01-04","East of England",0.942420090383351
5144,"2021-01-04","North West",0.920356661692763
5145,"2021-01-05","London",0.926402990623815
5146,"2021-01-05","South East",0.914697476433843
5147,"2021-01-05","South West",0.919458161089493
5148,"2021-01-05","Midlands",0.904929481069736
5149,"2021-01-05","North East and Yorkshire",0.873235961455571
5150,"2021-01-05","East of England",0.918617436329224
5151,"2021-01-05","North West",0.890526630948364
5152,"2021-01-06","London",0.864898518954728
5153,"2021-01-06","South East",0.880752464056676
5154,"2021-01-06","South West",0.895353768449315
5155,"2021-01-06","Midlands",0.864084299273485
5156,"2021-01-06","North East and Yorkshire",0.834315749936392
5157,"2021-01-06","East of England",0.852245149611224
5158,"2021-01-06","North West",0.87560516166204
5159,"2021-01-07","London",0.808806699946993
5160,"2021-01-07","South East",0.803236650504676
5161,"2021-01-07","South West",0.789537041676908
5162,"2021-01-07","Midlands",0.822832466232773
5163,"2021-01-07","North East and Yorkshire",0.787091787104127
5164,"2021-01-07","East of England",0.803712708465461
5165,"2021-01-07","North West",0.815885151273363
5166,"2021-01-08","London",0.886963856430464
5167,"2021-01-08","South East",0.874263848540468
5168,"2021-01-08","South West",0.893203846612013
5169,"2021-01-08","Midlands",0.89365553071995
5170,"2021-01-08","North East and Yorkshire",0.857159746348146
5171,"2021-01-08","East of England",0.880389086601246
5172,"2021-01-08","North West",0.865910970891801
5173,"2021-01-09","London",0.861862715313299
5174,"2021-01-09","South East",0.856817032371946
5175,"2021-01-09","South West",0.854694125038582
5176,"2021-01-09","Midlands",0.809441900615796
5177,"2021-01-09","North East and Yorkshire",0.789857653391311
5178,"2021-01-09","East of England",0.848615568605278
5179,"2021-01-09","North West",0.826535787687234
5180,"2021-01-10","London",0.704243364520975
5181,"2021-01-10","South East",0.697472461409116
5182,"2021-01-10","South West",0.702281512635459
5183,"2021-01-10","Midlands",0.733577043737843
5184,"2021-01-10","North East and Yorkshire",0.738412241721861
5185,"2021-01-10","East of England",0.719586896564752
5186,"2021-01-10","North West",0.786734869784557
5187,"2021-01-11","London",0.748516086066025
5188,"2021-01-11","South East",0.760916218550876
5189,"2021-01-11","South West",0.824319150318324
5190,"2021-01-11","Midlands",0.794654238978182
5191,"2021-01-11","North East and Yorkshire",0.776138604120319
5192,"2021-01-11","East of England",0.73743139538553
5193,"2021-01-11","North West",0.819639728657538
5194,"2021-01-12","London",0.966627743850993
5195,"2021-01-12","South East",0.964052070316719
5196,"2021-01-12","South West",0.969679796630928
5197,"2021-01-12","Midlands",0.947444247734967
5198,"2021-01-12","North East and Yorkshire",0.921092076930411
5199,"2021-01-12","East of England",0.958842271340904
5200,"2021-01-12","North West",0.952342493238338
5201,"2021-01-13","London",0.96715814837488
5202,"2021-01-13","South East",0.95639608465059
5203,"2021-01-13","South West",0.961176049441735
5204,"2021-01-13","Midlands",0.950347853909181
5205,"2021-01-13","North East and Yorkshire",0.888704641407054
5206,"2021-01-13","East of England",0.958832883331942
5207,"2021-01-13","North West",0.933758402084018
5208,"2021-01-14","London",0.971157491360276
5209,"2021-01-14","South East",0.946878901759153
5210,"2021-01-14","South West",0.978498314065677
5211,"2021-01-14","Midlands",0.987416762884637
5212,"2021-01-14","North East and Yorkshire",0.946145587736852
5213,"2021-01-14","East of England",0.975665494996771
5214,"2021-01-14","North West",0.96882700597429
5215,"2021-01-15","London",0.99327933275833
5216,"2021-01-15","South East",0.964082273550978
5217,"2021-01-15","South West",0.966039290728397
5218,"2021-01-15","Midlands",0.993355745988809
5219,"2021-01-15","North East and Yorkshire",0.973608109872529
5220,"2021-01-15","East of England",0.983829042704696
5221,"2021-01-15","North West",0.994891771349132
5222,"2021-01-16","London",0.970150662563432
5223,"2021-01-16","South East",0.943861177035943
5224,"2021-01-16","South West",0.962965563131537
5225,"2021-01-16","Midlands",0.987208853953518
5226,"2021-01-16","North East and Yorkshire",0.951979188889402
5227,"2021-01-16","East of England",0.972447070565647
5228,"2021-01-16","North West",0.981947810291962
5229,"2021-01-17","London",0.960480543572891
5230,"2021-01-17","South East",0.946065396834872
5231,"2021-01-17","South West",0.952247906717944
5232,"2021-01-17","Midlands",0.919687024385331
5233,"2021-01-17","North East and Yorkshire",0.853160354316837
5234,"2021-01-17","East of England",0.948740376313781
5235,"2021-01-17","North West",0.892211745997787
5236,"2021-01-18","London",0.864034415351802
5237,"2021-01-18","South East",0.873417067609866
5238,"2021-01-18","South West",0.891403370716912
5239,"2021-01-18","Midlands",0.861701580791898
5240,"2021-01-18","North East and Yorkshire",0.806158262585069
5241,"2021-01-18","East of England",0.866539205634561
5242,"2021-01-18","North West",0.848274021124919
5243,"2021-01-19","London",0.879567896404964
5244,"2021-01-19","South East",0.88570595621062
5245,"2021-01-19","South West",0.900130682719918
5246,"2021-01-19","Midlands",0.850160631249643
5247,"2021-01-19","North East and Yorkshire",0.823804922923533
5248,"2021-01-19","East of England",0.854071204484454
5249,"2021-01-19","North West",0.838589824982575
5250,"2021-01-20","London",0.735133802832003
5251,"2021-01-20","South East",0.765540600981245
5252,"2021-01-20","South West",0.799481569079072
5253,"2021-01-20","Midlands",0.708803306792592
5254,"2021-01-20","North East and Yorkshire",0.730048127933173
5255,"2021-01-20","East of England",0.714695093081895
5256,"2021-01-20","North West",0.754255063778322
5257,"2021-01-21","London",0.937057664811784
5258,"2021-01-21","South East",0.94309487298423
5259,"2021-01-21","South West",0.931364215631488
5260,"2021-01-21","Midlands",0.923557746339249
5261,"2021-01-21","North East and Yorkshire",0.909958540594067
5262,"2021-01-21","East of England",0.930287559044325
5263,"2021-01-21","North West",0.925223757717793
5264,"2021-01-22","London",0.730232570786804
5265,"2021-01-22","South East",0.744186080749924
5266,"2021-01-22","South West",0.749901620963643
5267,"2021-01-22","Midlands",0.726530502065706
5268,"2021-01-22","North East and Yorkshire",0.751125250850418
5269,"2021-01-22","East of England",0.729786128075477
5270,"2021-01-22","North West",0.756541805746995
5271,"2021-01-23","London",0.855352995960677
5272,"2021-01-23","South East",0.845939121676574
5273,"2021-01-23","South West",0.84173224769872
5274,"2021-01-23","Midlands",0.837078851589373
5275,"2021-01-23","North East and Yorkshire",0.810424289340795
5276,"2021-01-23","East of England",0.847084558889817
5277,"2021-01-23","North West",0.834794113038509
5278,"2021-01-24","London",0.866134019708897
5279,"2021-01-24","South East",0.863826917960352
5280,"2021-01-24","South West",0.89581552986503
5281,"2021-01-24","Midlands",0.86017854089677
5282,"2021-01-24","North East and Yorkshire",0.829803989759703
5283,"2021-01-24","East of England",0.853675440343126
5284,"2021-01-24","North West",0.867712257003424
5285,"2021-01-25","London",0.911477833917195
5286,"2021-01-25","South East",0.913902120849645
5287,"2021-01-25","South West",0.922432787533795
5288,"2021-01-25","Midlands",0.928190984714824
5289,"2021-01-25","North East and Yorkshire",0.942244338868417
5290,"2021-01-25","East of England",0.913024838137066
5291,"2021-01-25","North West",0.954146114470072
5292,"2021-01-26","London",0.823836137616073
5293,"2021-01-26","South East",0.809001530010791
5294,"2021-01-26","South West",0.813460722900591
5295,"2021-01-26","Midlands",0.815551538450227
5296,"2021-01-26","North East and Yorkshire",0.843438805232678
5297,"2021-01-26","East of England",0.816323767889992
5298,"2021-01-26","North West",0.837098970233136
5299,"2021-01-27","London",0.794416627837462
5300,"2021-01-27","South East",0.7970101158908
5301,"2021-01-27","South West",0.810439040970548
5302,"2021-01-27","Midlands",0.778109757624112
5303,"2021-01-27","North East and Yorkshire",0.814731982836295
5304,"2021-01-27","East of England",0.78056283265459
5305,"2021-01-27","North West",0.822649316431758
5306,"2021-01-28","London",0.936002155982578
5307,"2021-01-28","South East",0.941762665907697
5308,"2021-01-28","South West",0.948405203482585
5309,"2021-01-28","Midlands",0.884123540351621
5310,"2021-01-28","North East and Yorkshire",0.826899346089369
5311,"2021-01-28","East of England",0.910799029874505
5312,"2021-01-28","North West",0.872943964755718
5313,"2021-01-29","London",0.913940197336495
5314,"2021-01-29","South East",0.927198697153995
5315,"2021-01-29","South West",0.94266636271728
5316,"2021-01-29","Midlands",0.891427473240434
5317,"2021-01-29","North East and Yorkshire",0.844525882946804
5318,"2021-01-29","East of England",0.897608051053608
5319,"2021-01-29","North West",0.879670905426199
5320,"2021-01-30","London",0.775435422540404
5321,"2021-01-30","South East",0.801553538457366
5322,"2021-01-30","South West",0.811034845616331
5323,"2021-01-30","Midlands",0.737188069236481
5324,"2021-01-30","North East and Yorkshire",0.767400199843034
5325,"2021-01-30","East of England",0.756058342164829
5326,"2021-01-30","North West",0.786558111078268
5327,"2021-01-31","London",0.848707888401084
5328,"2021-01-31","South East",0.87590909991489
5329,"2021-01-31","South West",0.885474794690758
5330,"2021-01-31","Midlands",0.858144235190301
5331,"2021-01-31","North East and Yorkshire",0.898982473817582
5332,"2021-01-31","East of England",0.845656112575261
5333,"2021-01-31","North West",0.894221786417256
5334,"2021-02-01","London",0.781017291510384
5335,"2021-02-01","South East",0.816036964692493
5336,"2021-02-01","South West",0.827456516521323
5337,"2021-02-01","Midlands",0.736910426940864
5338,"2021-02-01","North East and Yorkshire",0.753715051443882
5339,"2021-02-01","East of England",0.748601465840839
5340,"2021-02-01","North West",0.764067415651363
5341,"2021-02-02","London",0.877113077562112
5342,"2021-02-02","South East",0.853232400850125
5343,"2021-02-02","South West",0.870417660304241
5344,"2021-02-02","Midlands",0.870066569277555
5345,"2021-02-02","North East and Yorkshire",0.845136616318801
5346,"2021-02-02","East of England",0.897220736591745
5347,"2021-02-02","North West",0.867528737100072
5348,"2021-02-03","London",0.83841939395161
5349,"2021-02-03","South East",0.818819731237271
5350,"2021-02-03","South West",0.866457759212461
5351,"2021-02-03","Midlands",0.820342565282583
5352,"2021-02-03","North East and Yorkshire",0.756268201512336
5353,"2021-02-03","East of England",0.837849436007518
5354,"2021-02-03","North West",0.810815867845063
5355,"2021-02-04","London",0.823187782388948
5356,"2021-02-04","South East",0.845229590665552
5357,"2021-02-04","South West",0.822865067909348
5358,"2021-02-04","Midlands",0.774372636240984
5359,"2021-02-04","North East and Yorkshire",0.770778769351407
5360,"2021-02-04","East of England",0.793719005830587
5361,"2021-02-04","North West",0.795731344967853
5362,"2021-02-05","London",0.832844261091024
5363,"2021-02-05","South East",0.843219140341634
5364,"2021-02-05","South West",0.881184010988905
5365,"2021-02-05","Midlands",0.859579247883317
5366,"2021-02-05","North East and Yorkshire",0.826572771831299
5367,"2021-02-05","East of England",0.83080424990167
5368,"2021-02-05","North West",0.864727527820118
5369,"2021-02-06","London",0.843539149493751
5370,"2021-02-06","South East",0.869553946729319
5371,"2021-02-06","South West",0.861120451127952
5372,"2021-02-06","Midlands",0.805920009503521
5373,"2021-02-06","North East and Yorkshire",0.797653095225447
5374,"2021-02-06","East of England",0.836602487403237
5375,"2021-02-06","North West",0.832110951820931
5376,"2021-02-07","London",0.842581382590741
5377,"2021-02-07","South East",0.847050243738187
5378,"2021-02-07","South West",0.832647618627556
5379,"2021-02-07","Midlands",0.76915423872473
5380,"2021-02-07","North East and Yorkshire",0.77381640839608
5381,"2021-02-07","East of England",0.828149689859014
5382,"2021-02-07","North West",0.787342919163667
5383,"2021-02-08","London",0.831608035940923
5384,"2021-02-08","South East",0.842700467316008
5385,"2021-02-08","South West",0.842348904196874
5386,"2021-02-08","Midlands",0.810332029176208
5387,"2021-02-08","North East and Yorkshire",0.831371579155778
5388,"2021-02-08","East of England",0.830108968241369
5389,"2021-02-08","North West",0.832193636060712
5390,"2021-02-09","London",0.89539974318413
5391,"2021-02-09","South East",0.884113889226555
5392,"2021-02-09","South West",0.863220465117238
5393,"2021-02-09","Midlands",0.892285961793763
5394,"2021-02-09","North East and Yorkshire",0.878314477613677
5395,"2021-02-09","East of England",0.929126211621728
5396,"2021-02-09","North West",0.85751036753411
5397,"2021-02-10","London",0.842829734942181
5398,"2021-02-10","South East",0.852585464092313
5399,"2021-02-10","South West",0.891662116526939
5400,"2021-02-10","Midlands",0.865873080229785
5401,"2021-02-10","North East and Yorkshire",0.828532073305205
5402,"2021-02-10","East of England",0.846951780546873
5403,"2021-02-10","North West",0.848007330293582
5404,"2021-02-11","London",0.91864803866352
5405,"2021-02-11","South East",0.920366836972433
5406,"2021-02-11","South West",0.925462551903819
5407,"2021-02-11","Midlands",0.890412448182627
5408,"2021-02-11","North East and Yorkshire",0.883852841696884
5409,"2021-02-11","East of England",0.904617403147637
5410,"2021-02-11","North West",0.909848942996236
5411,"2021-02-12","London",0.87698691524266
5412,"2021-02-12","South East",0.900684092748805
5413,"2021-02-12","South West",0.92011198626633
5414,"2021-02-12","Midlands",0.811304532934661
5415,"2021-02-12","North East and Yorkshire",0.76425077844054
5416,"2021-02-12","East of England",0.845872775140037
5417,"2021-02-12","North West",0.847430893093082
5418,"2021-02-13","London",0.840230216148004
5419,"2021-02-13","South East",0.867858425104836
5420,"2021-02-13","South West",0.88628950066109
5421,"2021-02-13","Midlands",0.8009593755874
5422,"2021-02-13","North East and Yorkshire",0.843238445514427
5423,"2021-02-13","East of England",0.821495056907074
5424,"2021-02-13","North West",0.861974622003169
5425,"2021-02-14","London",0.759993729032154
5426,"2021-02-14","South East",0.807866523133481
5427,"2021-02-14","South West",0.839865146978833
5428,"2021-02-14","Midlands",0.762786179623814
5429,"2021-02-14","North East and Yorkshire",0.805323201098888
5430,"2021-02-14","East of England",0.748814320006003
5431,"2021-02-14","North West",0.829876800430449
5432,"2021-02-15","London",0.859522605892174
5433,"2021-02-15","South East",0.877559619369263
5434,"2021-02-15","South West",0.896894928250007
5435,"2021-02-15","Midlands",0.841134387352807
5436,"2021-02-15","North East and Yorkshire",0.824036344251387
5437,"2021-02-15","East of England",0.846510252555462
5438,"2021-02-15","North West",0.874826526986954
5439,"2021-02-16","London",0.848839766797262
5440,"2021-02-16","South East",0.838060972522537
5441,"2021-02-16","South West",0.828636707706796
5442,"2021-02-16","Midlands",0.736553034053675
5443,"2021-02-16","North East and Yorkshire",0.680351856286061
5444,"2021-02-16","East of England",0.794992945806277
5445,"2021-02-16","North West",0.685607150039367
5446,"2021-02-17","London",0.9612812976378
5447,"2021-02-17","South East",0.952776132434609
5448,"2021-02-17","South West",0.952173264628188
5449,"2021-02-17","Midlands",0.808504762048892
5450,"2021-02-17","North East and Yorkshire",0.75812286784778
5451,"2021-02-17","East of England",0.853220037199564
5452,"2021-02-17","North West",0.748016827276896
5453,"2021-02-18","London",0.975985526396164
5454,"2021-02-18","South East",0.96266448732803
5455,"2021-02-18","South West",0.952851094745216
5456,"2021-02-18","Midlands",0.96236149835112
5457,"2021-02-18","North East and Yorkshire",0.871553783530004
5458,"2021-02-18","East of England",0.954758113778088
5459,"2021-02-18","North West",0.88761926184901
5460,"2021-02-19","London",0.869421945307425
5461,"2021-02-19","South East",0.834113236979005
5462,"2021-02-19","South West",0.816545494033021
5463,"2021-02-19","Midlands",0.81813830331081
5464,"2021-02-19","North East and Yorkshire",0.797119204793062
5465,"2021-02-19","East of England",0.874187530471045
5466,"2021-02-19","North West",0.772384114372566
5467,"2021-02-20","London",0.785548745738453
5468,"2021-02-20","South East",0.804693835964387
5469,"2021-02-20","South West",0.874941329814221
5470,"2021-02-20","Midlands",0.792213378520142
5471,"2021-02-20","North East and Yorkshire",0.728406690957608
5472,"2021-02-20","East of England",0.745608566242393
5473,"2021-02-20","North West",0.824511031236151
5474,"2021-02-21","London",0.881712076816225
5475,"2021-02-21","South East",0.896605397956248
5476,"2021-02-21","South West",0.911489296932127
5477,"2021-02-21","Midlands",0.846790843920644
5478,"2021-02-21","North East and Yorkshire",0.852141686207174
5479,"2021-02-21","East of England",0.855222015685388
5480,"2021-02-21","North West",0.867466110584688
5481,"2021-02-22","London",0.811272532667643
5482,"2021-02-22","South East",0.838222290241248
5483,"2021-02-22","South West",0.851872426485854
5484,"2021-02-22","Midlands",0.826450792133817
5485,"2021-02-22","North East and Yorkshire",0.856413425253366
5486,"2021-02-22","East of England",0.793550026816003
5487,"2021-02-22","North West",0.880700034354995
5488,"2021-02-23","London",0.863472143176642
5489,"2021-02-23","South East",0.876527211433604
5490,"2021-02-23","South West",0.9018381714822
5491,"2021-02-23","Midlands",0.905200231985805
5492,"2021-02-23","North East and Yorkshire",0.883063851249401
5493,"2021-02-23","East of England",0.858302059293307
5494,"2021-02-23","North West",0.909447337942088
5495,"2021-02-24","London",0.877733942623822
5496,"2021-02-24","South East",0.88078429158989
5497,"2021-02-24","South West",0.868649730034442
5498,"2021-02-24","Midlands",0.842625361051183
5499,"2021-02-24","North East and Yorkshire",0.817629689083654
5500,"2021-02-24","East of England",0.863772736883799
5501,"2021-02-24","North West",0.835085980916834
5502,"2021-02-25","London",0.842674855425034
5503,"2021-02-25","South East",0.851440796170043
5504,"2021-02-25","South West",0.857034682719622
5505,"2021-02-25","Midlands",0.825060199316823
5506,"2021-02-25","North East and Yorkshire",0.773555232567653
5507,"2021-02-25","East of England",0.84296130921902
5508,"2021-02-25","North West",0.807700702200642
5509,"2021-02-26","London",0.813730330089491
5510,"2021-02-26","South East",0.836843962905514
5511,"2021-02-26","South West",0.846054614387843
5512,"2021-02-26","Midlands",0.795571344378339
5513,"2021-02-26","North East and Yorkshire",0.750432596432329
5514,"2021-02-26","East of England",0.813029145827324
5515,"2021-02-26","North West",0.780406888339941
5516,"2021-02-27","London",0.900615166407792
5517,"2021-02-27","South East",0.911299278743758
5518,"2021-02-27","South West",0.926171524947534
5519,"2021-02-27","Midlands",0.84342815809821
5520,"2021-02-27","North East and Yorkshire",0.777960947637504
5521,"2021-02-27","East of England",0.873838418714272
5522,"2021-02-27","North West",0.798204109645547
5523,"2021-02-28","London",0.834631350407877
5524,"2021-02-28","South East",0.849095251716391
5525,"2021-02-28","South West",0.856390361036699
5526,"2021-02-28","Midlands",0.817534582766425
5527,"2021-02-28","North East and Yorkshire",0.781512190527548
5528,"2021-02-28","East of England",0.836432063765637
5529,"2021-02-28","North West",0.776385923304917
5530,"2021-03-01","London",0.911742541423044
5531,"2021-03-01","South East",0.908530192749437
5532,"2021-03-01","South West",0.860226619129468
5533,"2021-03-01","Midlands",0.824201501255241
5534,"2021-03-01","North East and Yorkshire",0.772231839425825
5535,"2021-03-01","East of England",0.889474050186084
5536,"2021-03-01","North West",0.779723651011595
5537,"2021-03-02","London",0.833384867096679
5538,"2021-03-02","South East",0.829770851461332
5539,"2021-03-02","South West",0.878615682548494
5540,"2021-03-02","Midlands",0.89032919503978
5541,"2021-03-02","North East and Yorkshire",0.875138736558463
5542,"2021-03-02","East of England",0.82435269378862
5543,"2021-03-02","North West",0.906704119311931
5544,"2021-03-03","London",0.906273386902092
5545,"2021-03-03","South East",0.930746674472202
5546,"2021-03-03","South West",0.961360530334939
5547,"2021-03-03","Midlands",0.938695653938807
5548,"2021-03-03","North East and Yorkshire",0.874522484498054
5549,"2021-03-03","East of England",0.908642816389779
5550,"2021-03-03","North West",0.915154354387967
5551,"2021-03-04","London",0.920704971502657
5552,"2021-03-04","South East",0.912930210334704
5553,"2021-03-04","South West",0.882863264418786
5554,"2021-03-04","Midlands",0.840561461217547
5555,"2021-03-04","North East and Yorkshire",0.777147636218596
5556,"2021-03-04","East of England",0.905803051742512
5557,"2021-03-04","North West",0.808807305162503
5558,"2021-03-05","London",0.829368321186957
5559,"2021-03-05","South East",0.820751215134162
5560,"2021-03-05","South West",0.854803892736237
5561,"2021-03-05","Midlands",0.884125380098846
5562,"2021-03-05","North East and Yorkshire",0.895024306142869
5563,"2021-03-05","East of England",0.829999331749301
5564,"2021-03-05","North West",0.89129709463867
5565,"2021-03-06","London",0.854362039161113
5566,"2021-03-06","South East",0.839759580752485
5567,"2021-03-06","South West",0.885710844889981
5568,"2021-03-06","Midlands",0.924001960224417
5569,"2021-03-06","North East and Yorkshire",0.912746324817878
5570,"2021-03-06","East of England",0.855520782265926
5571,"2021-03-06","North West",0.937079912624558
5572,"2021-03-07","London",0.83721569511171
5573,"2021-03-07","South East",0.820605389064682
5574,"2021-03-07","South West",0.847159657712912
5575,"2021-03-07","Midlands",0.851480638844782
5576,"2021-03-07","North East and Yorkshire",0.841589438506219
5577,"2021-03-07","East of England",0.850188077362043
5578,"2021-03-07","North West",0.844635910853519
5579,"2021-03-08","London",0.793345740941621
5580,"2021-03-08","South East",0.80923638445457
5581,"2021-03-08","South West",0.879570436450162
5582,"2021-03-08","Midlands",0.809737359069038
5583,"2021-03-08","North East and Yorkshire",0.80351813993051
5584,"2021-03-08","East of England",0.809242232366464
5585,"2021-03-08","North West",0.793353280345368
5586,"2021-03-09","London",0.750901794029042
5587,"2021-03-09","South East",0.719923115135339
5588,"2021-03-09","South West",0.706464619182266
5589,"2021-03-09","Midlands",0.791026244809909
5590,"2021-03-09","North East and Yorkshire",0.784765483967443
5591,"2021-03-09","East of England",0.771938829931234
5592,"2021-03-09","North West",0.853950726279936
5593,"2021-03-10","London",0.849030169645397
5594,"2021-03-10","South East",0.859307756177266
5595,"2021-03-10","South West",0.910317431149865
5596,"2021-03-10","Midlands",0.888809573765603
5597,"2021-03-10","North East and Yorkshire",0.855391668483641
5598,"2021-03-10","East of England",0.837981240939205
5599,"2021-03-10","North West",0.913602914925176
5600,"2021-03-11","London",0.834350055137033
5601,"2021-03-11","South East",0.856078558294394
5602,"2021-03-11","South West",0.913199409556965
5603,"2021-03-11","Midlands",0.891564129802655
5604,"2021-03-11","North East and Yorkshire",0.898187709933034
5605,"2021-03-11","East of England",0.834896602143243
5606,"2021-03-11","North West",0.911038264921379
5607,"2021-03-12","London",0.895506445563524
5608,"2021-03-12","South East",0.899359125288498
5609,"2021-03-12","South West",0.903525611610497
5610,"2021-03-12","Midlands",0.857963838583307
5611,"2021-03-12","North East and Yorkshire",0.835636438881507
5612,"2021-03-12","East of England",0.895439575750828
5613,"2021-03-12","North West",0.845176797141035
5614,"2021-03-13","London",0.903577677318046
5615,"2021-03-13","South East",0.900099448054123
5616,"2021-03-13","South West",0.888090084107611
5617,"2021-03-13","Midlands",0.900916130622859
5618,"2021-03-13","North East and Yorkshire",0.873775179455688
5619,"2021-03-13","East of England",0.904370294898529
5620,"2021-03-13","North West",0.892279228622976
5621,"2021-03-14","London",0.779016491610505
5622,"2021-03-14","South East",0.79008223868739
5623,"2021-03-14","South West",0.767576112958627
5624,"2021-03-14","Midlands",0.769125014652817
5625,"2021-03-14","North East and Yorkshire",0.790726670153951
5626,"2021-03-14","East of England",0.7838520369122
5627,"2021-03-14","North West",0.827447054332904
5628,"2021-03-15","London",0.90618342349363
5629,"2021-03-15","South East",0.91227597811707
5630,"2021-03-15","South West",0.930338334612225
5631,"2021-03-15","Midlands",0.880278424306079
5632,"2021-03-15","North East and Yorkshire",0.902403271474378
5633,"2021-03-15","East of England",0.889024306459313
5634,"2021-03-15","North West",0.89461758734103
5635,"2021-03-16","London",0.837948152895115
5636,"2021-03-16","South East",0.858264552148912
5637,"2021-03-16","South West",0.898293038716921
5638,"2021-03-16","Midlands",0.831864194688891
5639,"2021-03-16","North East and Yorkshire",0.837715039961525
5640,"2021-03-16","East of England",0.812684299231908
5641,"2021-03-16","North West",0.842980369674096
5642,"2021-03-17","London",0.833157294066637
5643,"2021-03-17","South East",0.847132312809013
5644,"2021-03-17","South West",0.861543852556557
5645,"2021-03-17","Midlands",0.854651937642587
5646,"2021-03-17","North East and Yorkshire",0.912189631608325
5647,"2021-03-17","East of England",0.825895101513372
5648,"2021-03-17","North West",0.907442230552787
5649,"2021-03-18","London",0.835198061608066
5650,"2021-03-18","South East",0.861390197538485
5651,"2021-03-18","South West",0.884173576925293
5652,"2021-03-18","Midlands",0.890577691166635
5653,"2021-03-18","North East and Yorkshire",0.864546822241394
5654,"2021-03-18","East of England",0.848995575084042
5655,"2021-03-18","North West",0.873843416083899
5656,"2021-03-19","London",0.790164410939015
5657,"2021-03-19","South East",0.824215926908711
5658,"2021-03-19","South West",0.841383537144981
5659,"2021-03-19","Midlands",0.781249984068558
5660,"2021-03-19","North East and Yorkshire",0.793032930233602
5661,"2021-03-19","East of England",0.778125312273562
5662,"2021-03-19","North West",0.796504465237261
5663,"2021-03-20","London",0.694040311325428
5664,"2021-03-20","South East",0.736039171959521
5665,"2021-03-20","South West",0.764098289879123
5666,"2021-03-20","Midlands",0.729797608801143
5667,"2021-03-20","North East and Yorkshire",0.741072170926582
5668,"2021-03-20","East of England",0.692321663756786
5669,"2021-03-20","North West",0.739795168841504
5670,"2021-03-21","London",0.688125727128577
5671,"2021-03-21","South East",0.738774493475022
5672,"2021-03-21","South West",0.798070251522722
5673,"2021-03-21","Midlands",0.738435129824494
5674,"2021-03-21","North East and Yorkshire",0.719308859064625
5675,"2021-03-21","East of England",0.677303269215052
5676,"2021-03-21","North West",0.747268864360359
5677,"2021-03-22","London",0.800449736706904
5678,"2021-03-22","South East",0.825756297585998
5679,"2021-03-22","South West",0.834416075119709
5680,"2021-03-22","Midlands",0.780067952841149
5681,"2021-03-22","North East and Yorkshire",0.812508886357872
5682,"2021-03-22","East of England",0.801940754786461
5683,"2021-03-22","North West",0.831616102286135
5684,"2021-03-23","London",0.570070323586704
5685,"2021-03-23","South East",0.622099121941004
5686,"2021-03-23","South West",0.726608045432108
5687,"2021-03-23","Midlands",0.676035862502451
5688,"2021-03-23","North East and Yorkshire",0.679226147531555
5689,"2021-03-23","East of England",0.584922998815564
5690,"2021-03-23","North West",0.694033979430254
5691,"2021-03-24","London",0.529143816195434
5692,"2021-03-24","South East",0.561685833250765
5693,"2021-03-24","South West",0.630825011737251
5694,"2021-03-24","Midlands",0.560773585015405
5695,"2021-03-24","North East and Yorkshire",0.641205122203009
5696,"2021-03-24","East of England",0.556796596919847
5697,"2021-03-24","North West",0.65368349684692
5698,"2021-03-25","London",0.569949402927946
5699,"2021-03-25","South East",0.571058594457543
5700,"2021-03-25","South West",0.577384702493001
5701,"2021-03-25","Midlands",0.585233135001669
5702,"2021-03-25","North East and Yorkshire",0.689837869881722
5703,"2021-03-25","East of England",0.604874155832592
5704,"2021-03-25","North West",0.599605840413738
5705,"2021-03-26","London",0.637798996985199
5706,"2021-03-26","South East",0.657027632350071
5707,"2021-03-26","South West",0.647212417307651
5708,"2021-03-26","Midlands",0.686047361825409
5709,"2021-03-26","North East and Yorkshire",0.769571673885589
5710,"2021-03-26","East of England",0.68223873749012
5711,"2021-03-26","North West",0.653554067979899
5712,"2021-03-27","London",0.681073470906167
5713,"2021-03-27","South East",0.692659190240205
5714,"2021-03-27","South West",0.666281602979878
5715,"2021-03-27","Midlands",0.72440060565948
5716,"2021-03-27","North East and Yorkshire",0.770796638734733
5717,"2021-03-27","East of England",0.712932888183054
5718,"2021-03-27","North West",0.709401603610143
5719,"2021-03-28","London",0.57855004642496
5720,"2021-03-28","South East",0.57766502469774
5721,"2021-03-28","South West",0.542667137034119
5722,"2021-03-28","Midlands",0.593906572864604
5723,"2021-03-28","North East and Yorkshire",0.626352044727042
5724,"2021-03-28","East of England",0.588930828508217
5725,"2021-03-28","North West",0.601712346369995
5726,"2021-03-29","London",0.727922739829848
5727,"2021-03-29","South East",0.723406997609876
5728,"2021-03-29","South West",0.705764615645309
5729,"2021-03-29","Midlands",0.738820380997205
5730,"2021-03-29","North East and Yorkshire",0.737517164898004
5731,"2021-03-29","East of England",0.746673608916539
5732,"2021-03-29","North West",0.715578018659026
5733,"2021-03-30","London",0.837948152895115
5734,"2021-03-30","South East",0.858264552148912
5735,"2021-03-30","South West",0.898293038716921
5736,"2021-03-30","Midlands",0.831864194688891
5737,"2021-03-30","North East and Yorkshire",0.837715039961525
5738,"2021-03-30","East of England",0.812684299231908
5739,"2021-03-30","North West",0.842980369674096
5740,"2021-03-31","London",0.833157294066637
5741,"2021-03-31","South East",0.847132312809013
5742,"2021-03-31","South West",0.861543852556557
5743,"2021-03-31","Midlands",0.854651937642587
5744,"2021-03-31","North East and Yorkshire",0.912189631608325
5745,"2021-03-31","East of England",0.825895101513372
5746,"2021-03-31","North West",0.907442230552787
5747,"2021-04-01","London",0.835198061608066
5748,"2021-04-01","South East",0.861390197538485
5749,"2021-04-01","South West",0.884173576925293
5750,"2021-04-01","Midlands",0.890577691166635
5751,"2021-04-01","North East and Yorkshire",0.864546822241394
5752,"2021-04-01","East of England",0.848995575084042
5753,"2021-04-01","North West",0.873843416083899
5754,"2021-04-02","London",0.790164410939015
5755,"2021-04-02","South East",0.824215926908711
5756,"2021-04-02","South West",0.841383537144981
5757,"2021-04-02","Midlands",0.781249984068558
5758,"2021-04-02","North East and Yorkshire",0.793032930233602
5759,"2021-04-02","East of England",0.778125312273562
5760,"2021-04-02","North West",0.796504465237261
5761,"2021-04-03","London",0.694040311325428
5762,"2021-04-03","South East",0.736039171959521
5763,"2021-04-03","South West",0.764098289879123
5764,"2021-04-03","Midlands",0.729797608801143
5765,"2021-04-03","North East and Yorkshire",0.741072170926582
5766,"2021-04-03","East of England",0.692321663756786
5767,"2021-04-03","North West",0.739795168841504
5768,"2021-04-04","London",0.688125727128577
5769,"2021-04-04","South East",0.738774493475022
5770,"2021-04-04","South West",0.798070251522722
5771,"2021-04-04","Midlands",0.738435129824494
5772,"2021-04-04","North East and Yorkshire",0.719308859064625
5773,"2021-04-04","East of England",0.677303269215052
5774,"2021-04-04","North West",0.747268864360359
5775,"2021-04-05","London",0.800449736706904
5776,"2021-04-05","South East",0.825756297585998
5777,"2021-04-05","South West",0.834416075119709
5778,"2021-04-05","Midlands",0.780067952841149
5779,"2021-04-05","North East and Yorkshire",0.812508886357872
5780,"2021-04-05","East of England",0.801940754786461
5781,"2021-04-05","North West",0.831616102286135
5782,"2021-04-06","London",0.610928128861975
5783,"2021-04-06","South East",0.649991223668832
5784,"2021-04-06","South West",0.759832361627028
5785,"2021-04-06","Midlands",0.580509466926069
5786,"2021-04-06","North East and Yorkshire",0.664711856381158
5787,"2021-04-06","East of England",0.573261588061843
5788,"2021-04-06","North West",0.693397415254995
5789,"2021-04-07","London",0.581328201502188
5790,"2021-04-07","South East",0.645842589901156
5791,"2021-04-07","South West",0.715325334432017
5792,"2021-04-07","Midlands",0.649958950093253
5793,"2021-04-07","North East and Yorkshire",0.687827459957451
5794,"2021-04-07","East of England",0.619598210904284
5795,"2021-04-07","North West",0.712172869097174
5796,"2021-04-08","London",0.722802042978065
5797,"2021-04-08","South East",0.690426797696367
5798,"2021-04-08","South West",0.652189189411419
5799,"2021-04-08","Midlands",0.648944570683858
5800,"2021-04-08","North East and Yorkshire",0.658949606875159
5801,"2021-04-08","East of England",0.733335421850368
5802,"2021-04-08","North West",0.632998307859777
5803,"2021-04-09","London",0.666507867875232
5804,"2021-04-09","South East",0.673043552985131
5805,"2021-04-09","South West",0.680977699487822
5806,"2021-04-09","Midlands",0.676416287379456
5807,"2021-04-09","North East and Yorkshire",0.671432539062818
5808,"2021-04-09","East of England",0.689642044152918
5809,"2021-04-09","North West",0.663875726412373
5810,"2021-04-10","London",0.573449538001847
5811,"2021-04-10","South East",0.589571195275662
5812,"2021-04-10","South West",0.598169840870006
5813,"2021-04-10","Midlands",0.577331446551517
5814,"2021-04-10","North East and Yorkshire",0.637351560543234
5815,"2021-04-10","East of England",0.60946320976583
5816,"2021-04-10","North West",0.639917278981388
5817,"2021-04-11","London",0.561110019379962
5818,"2021-04-11","South East",0.609623812579673
5819,"2021-04-11","South West",0.622326937075546
5820,"2021-04-11","Midlands",0.562535741141864
5821,"2021-04-11","North East and Yorkshire",0.602658139324392
5822,"2021-04-11","East of England",0.622727595815556
5823,"2021-04-11","North West",0.65877532155711
5824,"2021-04-12","London",0.675775020489765
5825,"2021-04-12","South East",0.690202562022732
5826,"2021-04-12","South West",0.637780664304474
5827,"2021-04-12","Midlands",0.600581678756728
5828,"2021-04-12","North East and Yorkshire",0.657964222732835
5829,"2021-04-12","East of England",0.726311782316917
5830,"2021-04-12","North West",0.607022814580457
5831,"2021-04-13","London",0.647794155158679
5832,"2021-04-13","South East",0.689367377432379
5833,"2021-04-13","South West",0.684952623263747
5834,"2021-04-13","Midlands",0.687702440699247
5835,"2021-04-13","North East and Yorkshire",0.755553036073802
5836,"2021-04-13","East of England",0.66910818770084
5837,"2021-04-13","North West",0.667524354337789
5838,"2021-04-14","London",0.773570996190315
5839,"2021-04-14","South East",0.814078520559031
5840,"2021-04-14","South West",0.827278638319671
5841,"2021-04-14","Midlands",0.818720139682526
5842,"2021-04-14","North East and Yorkshire",0.846477439347979
5843,"2021-04-14","East of England",0.767836858158587
5844,"2021-04-14","North West",0.80511755134933
5845,"2021-04-15","London",0.764162265423814
5846,"2021-04-15","South East",0.790053423686644
5847,"2021-04-15","South West",0.816763514611684
5848,"2021-04-15","Midlands",0.786042375861506
5849,"2021-04-15","North East and Yorkshire",0.829685755432335
5850,"2021-04-15","East of England",0.761549862456761
5851,"2021-04-15","North West",0.795480478948053
5852,"2021-04-16","London",0.800503296097042
5853,"2021-04-16","South East",0.825123600289459
5854,"2021-04-16","South West",0.843116794423006
5855,"2021-04-16","Midlands",0.801330653912396
5856,"2021-04-16","North East and Yorkshire",0.789389623518036
5857,"2021-04-16","East of England",0.763539024183357
5858,"2021-04-16","North West",0.836408556706507
5859,"2021-04-17","London",0.638917648004846
5860,"2021-04-17","South East",0.645005362498949
5861,"2021-04-17","South West",0.678908340458718
5862,"2021-04-17","Midlands",0.793206288800965
5863,"2021-04-17","North East and Yorkshire",0.85035901837232
5864,"2021-04-17","East of England",0.688819891225118
5865,"2021-04-17","North West",0.881344892831191
5866,"2021-04-18","London",0.721215172492018
5867,"2021-04-18","South East",0.693597883197457
5868,"2021-04-18","South West",0.747194255398624
5869,"2021-04-18","Midlands",0.770759214223146
5870,"2021-04-18","North East and Yorkshire",0.808820794653068
5871,"2021-04-18","East of England",0.775612509954679
5872,"2021-04-18","North West",0.824988757556575
5873,"2021-04-19","London",0.784662249399623
5874,"2021-04-19","South East",0.774550424691765
5875,"2021-04-19","South West",0.792658263446197
5876,"2021-04-19","Midlands",0.784079147111049
5877,"2021-04-19","North East and Yorkshire",0.842583871896322
5878,"2021-04-19","East of England",0.81051905307982
5879,"2021-04-19","North West",0.774899400693174
5880,"2021-04-20","London",0.593137119545409
5881,"2021-04-20","South East",0.615059830671515
5882,"2021-04-20","South West",0.658742880110512
5883,"2021-04-20","Midlands",0.61026318816821
5884,"2021-04-20","North East and Yorkshire",0.618797876174995
5885,"2021-04-20","East of England",0.603024206442033
5886,"2021-04-20","North West",0.635354380440824
5887,"2021-04-21","London",0.604763733345315
5888,"2021-04-21","South East",0.610450110121709
5889,"2021-04-21","South West",0.607020096222098
5890,"2021-04-21","Midlands",0.572490502814719
5891,"2021-04-21","North East and Yorkshire",0.579136531901618
5892,"2021-04-21","East of England",0.614805167642188
5893,"2021-04-21","North West",0.639174170739174
5894,"2021-04-22","London",0.618940865666635
5895,"2021-04-22","South East",0.647751755414528
5896,"2021-04-22","South West",0.649999238258263
5897,"2021-04-22","Midlands",0.576930228280381
5898,"2021-04-22","North East and Yorkshire",0.686002849632195
5899,"2021-04-22","East of England",0.653560990145821
5900,"2021-04-22","North West",0.607054906420888
5901,"2021-04-23","London",0.78013110513314
5902,"2021-04-23","South East",0.798514135499501
5903,"2021-04-23","South West",0.838749848244251
5904,"2021-04-23","Midlands",0.725748191866662
5905,"2021-04-23","North East and Yorkshire",0.742501677525118
5906,"2021-04-23","East of England",0.767039512070626
5907,"2021-04-23","North West",0.699169897446347
5908,"2021-04-24","London",0.859586580778519
5909,"2021-04-24","South East",0.869362197591108
5910,"2021-04-24","South West",0.894368473580391
5911,"2021-04-24","Midlands",0.838733634545238
5912,"2021-04-24","North East and Yorkshire",0.740008650793463
5913,"2021-04-24","East of England",0.868732904624324
5914,"2021-04-24","North West",0.727518830225816
5915,"2021-04-25","London",0.683316452908688
5916,"2021-04-25","South East",0.694922649891946
5917,"2021-04-25","South West",0.70291211517733
5918,"2021-04-25","Midlands",0.652331851703646
5919,"2021-04-25","North East and Yorkshire",0.681254379556562
5920,"2021-04-25","East of England",0.697223702820682
5921,"2021-04-25","North West",0.607867819100588
5922,"2021-04-26","London",0.596864756203285
5923,"2021-04-26","South East",0.606981075284413
5924,"2021-04-26","South West",0.591855933185922
5925,"2021-04-26","Midlands",0.631486074349269
5926,"2021-04-26","North East and Yorkshire",0.66254003222058
5927,"2021-04-26","East of England",0.623405195223031
5928,"2021-04-26","North West",0.611296235943648
5929,"2021-04-27","London",0.774910942750281
5930,"2021-04-27","South East",0.760326347570094
5931,"2021-04-27","South West",0.746407065949584
5932,"2021-04-27","Midlands",0.720869870362547
5933,"2021-04-27","North East and Yorkshire",0.727633493995616
5934,"2021-04-27","East of England",0.760702631338944
5935,"2021-04-27","North West",0.757929738747401
5936,"2021-04-28","London",0.786093456937655
5937,"2021-04-28","South East",0.81032359458216
5938,"2021-04-28","South West",0.845440443791933
5939,"2021-04-28","Midlands",0.760930520687461
5940,"2021-04-28","North East and Yorkshire",0.739768737929611
5941,"2021-04-28","East of England",0.773461475612928
5942,"2021-04-28","North West",0.789286390917399
5943,"2021-04-29","London",0.773224091859919
5944,"2021-04-29","South East",0.8068016647653
5945,"2021-04-29","South West",0.845938831405472
5946,"2021-04-29","Midlands",0.790915352257977
5947,"2021-04-29","North East and Yorkshire",0.746301903979348
5948,"2021-04-29","East of England",0.773070519186565
5949,"2021-04-29","North West",0.805238096272801
5950,"2021-04-30","London",0.595447392151857
5951,"2021-04-30","South East",0.642480669241481
5952,"2021-04-30","South West",0.689546459081749
5953,"2021-04-30","Midlands",0.628532721788918
5954,"2021-04-30","North East and Yorkshire",0.619252490492108
5955,"2021-04-30","East of England",0.60291078664611
5956,"2021-04-30","North West",0.671497958100109
5957,"2021-05-01","London",0.621337278483214
5958,"2021-05-01","South East",0.633648511255917
5959,"2021-05-01","South West",0.673474859495992
5960,"2021-05-01","Midlands",0.671183717395702
5961,"2021-05-01","North East and Yorkshire",0.679649514905457
5962,"2021-05-01","East of England",0.66505440890462
5963,"2021-05-01","North West",0.714624899660684
5964,"2021-05-02","London",0.685024075634306
5965,"2021-05-02","South East",0.648506550328207
5966,"2021-05-02","South West",0.735781550962013
5967,"2021-05-02","Midlands",0.719120757044624
5968,"2021-05-02","North East and Yorkshire",0.724812014998695
5969,"2021-05-02","East of England",0.722337343823748
5970,"2021-05-02","North West",0.734101262076747
5971,"2021-05-03","London",0.739378602471569
5972,"2021-05-03","South East",0.758359776823148
5973,"2021-05-03","South West",0.788007208453321
5974,"2021-05-03","Midlands",0.768663057232824
5975,"2021-05-03","North East and Yorkshire",0.801432716484608
5976,"2021-05-03","East of England",0.753490125303802
5977,"2021-05-03","North West",0.826008669412772
5978,"2021-05-04","London",0.737170017438623
5979,"2021-05-04","South East",0.767065719401325
5980,"2021-05-04","South West",0.828108180687884
5981,"2021-05-04","Midlands",0.742174818857577
5982,"2021-05-04","North East and Yorkshire",0.8175774680686
5983,"2021-05-04","East of England",0.763878639401046
5984,"2021-05-04","North West",0.825904454459389
5985,"2021-05-05","London",0.735171129611483
5986,"2021-05-05","South East",0.757719010474946
5987,"2021-05-05","South West",0.769653926816145
5988,"2021-05-05","Midlands",0.794363985108452
5989,"2021-05-05","North East and Yorkshire",0.857889717156823
5990,"2021-05-05","East of England",0.783813812659359
5991,"2021-05-05","North West",0.840538537803847
5992,"2021-05-06","London",0.689232948315145
5993,"2021-05-06","South East",0.723257912475506
5994,"2021-05-06","South West",0.718124726506116
5995,"2021-05-06","Midlands",0.715283141588698
5996,"2021-05-06","North East and Yorkshire",0.795539900427336
5997,"2021-05-06","East of England",0.764860135091787
5998,"2021-05-06","North West",0.740951078000741
5999,"2021-05-07","London",0.718340201545543
6000,"2021-05-07","South East",0.759952596096178
6001,"2021-05-07","South West",0.762006865296047
6002,"2021-05-07","Midlands",0.752125467751805
6003,"2021-05-07","North East and Yorkshire",0.804054739199595
6004,"2021-05-07","East of England",0.76550830941049
6005,"2021-05-07","North West",0.761845839094231
6006,"2021-05-08","London",0.660670575351463
6007,"2021-05-08","South East",0.677750168172211
6008,"2021-05-08","South West",0.698633371848228
6009,"2021-05-08","Midlands",0.699887602017116
6010,"2021-05-08","North East and Yorkshire",0.759751627626695
6011,"2021-05-08","East of England",0.704814489198154
6012,"2021-05-08","North West",0.766283388613705
6013,"2021-05-09","London",0.766506288277359
6014,"2021-05-09","South East",0.752477241148281
6015,"2021-05-09","South West",0.689562760316153
6016,"2021-05-09","Midlands",0.719410604992167
6017,"2021-05-09","North East and Yorkshire",0.758810270697631
6018,"2021-05-09","East of England",0.780025816470143
6019,"2021-05-09","North West",0.674771976146666
6020,"2021-05-10","London",0.698524458501299
6021,"2021-05-10","South East",0.704823316331892
6022,"2021-05-10","South West",0.702920974519302
6023,"2021-05-10","Midlands",0.736692485164013
6024,"2021-05-10","North East and Yorkshire",0.769540029682838
6025,"2021-05-10","East of England",0.742172245265571
6026,"2021-05-10","North West",0.727443240615004
6027,"2021-05-11","London",0.658002203265869
6028,"2021-05-11","South East",0.715259766960708
6029,"2021-05-11","South West",0.763359601634218
6030,"2021-05-11","Midlands",0.709793774460389
6031,"2021-05-11","North East and Yorkshire",0.797414888205271
6032,"2021-05-11","East of England",0.689241872392072
6033,"2021-05-11","North West",0.830323773566925
6034,"2021-05-12","London",0.586483878323024
6035,"2021-05-12","South East",0.655984538704377
6036,"2021-05-12","South West",0.656449153004383
6037,"2021-05-12","Midlands",0.604842983576824
6038,"2021-05-12","North East and Yorkshire",0.670074315217803
6039,"2021-05-12","East of England",0.640092655284996
6040,"2021-05-12","North West",0.697083950480904
6041,"2021-05-13","London",0.571230970235452
6042,"2021-05-13","South East",0.626298860922322
6043,"2021-05-13","South West",0.660836944074855
6044,"2021-05-13","Midlands",0.566700788483089
6045,"2021-05-13","North East and Yorkshire",0.622011421689417
6046,"2021-05-13","East of England",0.607730007454601
6047,"2021-05-13","North West",0.683442765078067
6048,"2021-05-14","London",0.569073883131722
6049,"2021-05-14","South East",0.648641874150017
6050,"2021-05-14","South West",0.670349822055651
6051,"2021-05-14","Midlands",0.57314132294856
6052,"2021-05-14","North East and Yorkshire",0.606514182983882
6053,"2021-05-14","East of England",0.553844414706251
6054,"2021-05-14","North West",0.644652462742943
6055,"2021-05-15","London",0.603698118172912
6056,"2021-05-15","South East",0.646951845987303
6057,"2021-05-15","South West",0.700184390125207
6058,"2021-05-15","Midlands",0.605993202718843
6059,"2021-05-15","North East and Yorkshire",0.620919923360616
6060,"2021-05-15","East of England",0.58424596948788
6061,"2021-05-15","North West",0.652654120025955
6062,"2021-05-16","London",0.651434003085904
6063,"2021-05-16","South East",0.653893819454884
6064,"2021-05-16","South West",0.695592397032592
6065,"2021-05-16","Midlands",0.661468985361643
6066,"2021-05-16","North East and Yorkshire",0.741999263972764
6067,"2021-05-16","East of England",0.656946432952417
6068,"2021-05-16","North West",0.769322712262486
6069,"2021-05-17","London",0.568607330143615
6070,"2021-05-17","South East",0.603651991085816
6071,"2021-05-17","South West",0.637445070995468
6072,"2021-05-17","Midlands",0.515782619103511
6073,"2021-05-17","North East and Yorkshire",0.562596719297644
6074,"2021-05-17","East of England",0.607830902328383
6075,"2021-05-17","North West",0.613982186369978
6076,"2021-05-18","London",0.751648091344398
6077,"2021-05-18","South East",0.75016113459275
6078,"2021-05-18","South West",0.748506917983801
6079,"2021-05-18","Midlands",0.789147036640182
6080,"2021-05-18","North East and Yorkshire",0.858664873299391
6081,"2021-05-18","East of England",0.787172963766187
6082,"2021-05-18","North West",0.833078891042977
6083,"2021-05-19","London",0.69195332917985
6084,"2021-05-19","South East",0.712342989486691
6085,"2021-05-19","South West",0.719776180884033
6086,"2021-05-19","Midlands",0.74104711369635
6087,"2021-05-19","North East and Yorkshire",0.791576779787907
6088,"2021-05-19","East of England",0.713510234715091
6089,"2021-05-19","North West",0.782147094757668
6090,"2021-05-20","London",0.661652473785834
6091,"2021-05-20","South East",0.664936173308277
6092,"2021-05-20","South West",0.667589513795205
6093,"2021-05-20","Midlands",0.661761347709667
6094,"2021-05-20","North East and Yorkshire",0.709483837441957
6095,"2021-05-20","East of England",0.692879521460722
6096,"2021-05-20","North West",0.711161223409064
6097,"2021-05-21","London",0.678870156515564
6098,"2021-05-21","South East",0.679905644163922
6099,"2021-05-21","South West",0.693721557479218
6100,"2021-05-21","Midlands",0.673759223038707
6101,"2021-05-21","North East and Yorkshire",0.758259909689723
6102,"2021-05-21","East of England",0.710520532461976
6103,"2021-05-21","North West",0.719476520107239
6104,"2021-05-22","London",0.745722033885011
6105,"2021-05-22","South East",0.766256616709673
6106,"2021-05-22","South West",0.773719698867008
6107,"2021-05-22","Midlands",0.749205981975659
6108,"2021-05-22","North East and Yorkshire",0.750111521448749
6109,"2021-05-22","East of England",0.75614595207405
6110,"2021-05-22","North West",0.72296025794085
6111,"2021-05-23","London",0.916768709188414
6112,"2021-05-23","South East",0.913554183847129
6113,"2021-05-23","South West",0.907379776584782
6114,"2021-05-23","Midlands",0.935348312442369
6115,"2021-05-23","North East and Yorkshire",0.857435517234578
6116,"2021-05-23","East of England",0.925793112305966
6117,"2021-05-23","North West",0.871783761197561
6118,"2021-05-24","London",0.87062960760401
6119,"2021-05-24","South East",0.862834647603226
6120,"2021-05-24","South West",0.841147046534055
6121,"2021-05-24","Midlands",0.873868803021902
6122,"2021-05-24","North East and Yorkshire",0.812302472879039
6123,"2021-05-24","East of England",0.885466173014987
6124,"2021-05-24","North West",0.821608838671954
6125,"2021-05-25","London",0.574467623285019
6126,"2021-05-25","South East",0.586203700343746
6127,"2021-05-25","South West",0.576387231580163
6128,"2021-05-25","Midlands",0.602289584894338
6129,"2021-05-25","North East and Yorkshire",0.708277971917225
6130,"2021-05-25","East of England",0.6284770927372
6131,"2021-05-25","North West",0.6377147486747
6132,"2021-05-26","London",0.612839222777046
6133,"2021-05-26","South East",0.664297987315941
6134,"2021-05-26","South West",0.744646124514328
6135,"2021-05-26","Midlands",0.657074821347429
6136,"2021-05-26","North East and Yorkshire",0.74518350255383
6137,"2021-05-26","East of England",0.649031348612126
6138,"2021-05-26","North West",0.67179557364582
6139,"2021-05-27","London",0.721201191909598
6140,"2021-05-27","South East",0.779434891634032
6141,"2021-05-27","South West",0.787820240011355
6142,"2021-05-27","Midlands",0.772745761386666
6143,"2021-05-27","North East and Yorkshire",0.824805329998149
6144,"2021-05-27","East of England",0.746552508104473
6145,"2021-05-27","North West",0.814977559723163
6146,"2021-05-28","London",0.862703815824197
6147,"2021-05-28","South East",0.814356840860341
6148,"2021-05-28","South West",0.717865236061432
6149,"2021-05-28","Midlands",0.681636875861247
6150,"2021-05-28","North East and Yorkshire",0.665266142670187
6151,"2021-05-28","East of England",0.864498095636377
6152,"2021-05-28","North West",0.675470426453548
6153,"2021-05-29","London",0.669984967398009
6154,"2021-05-29","South East",0.708103984611092
6155,"2021-05-29","South West",0.771635757112193
6156,"2021-05-29","Midlands",0.655422179986244
6157,"2021-05-29","North East and Yorkshire",0.640109576197535
6158,"2021-05-29","East of England",0.715166752125572
6159,"2021-05-29","North West",0.677796081759225
6160,"2021-05-30","London",0.756908361486425
6161,"2021-05-30","South East",0.825926913605438
6162,"2021-05-30","South West",0.82797320644555
6163,"2021-05-30","Midlands",0.802076051140135
6164,"2021-05-30","North East and Yorkshire",0.762005399823984
6165,"2021-05-30","East of England",0.769995113509839
6166,"2021-05-30","North West",0.766500656993038
6167,"2021-05-31","London",0.764750237441386
6168,"2021-05-31","South East",0.825047326680307
6169,"2021-05-31","South West",0.791048591853445
6170,"2021-05-31","Midlands",0.744113229212336
6171,"2021-05-31","North East and Yorkshire",0.776717968268053
6172,"2021-05-31","East of England",0.715169649283153
6173,"2021-05-31","North West",0.771279560165969
6174,"2021-06-01","London",0.728593370268691
6175,"2021-06-01","South East",0.736512898457341
6176,"2021-06-01","South West",0.677727666601623
6177,"2021-06-01","Midlands",0.640543805683601
6178,"2021-06-01","North East and Yorkshire",0.648282067533598
6179,"2021-06-01","East of England",0.707799588072446
6180,"2021-06-01","North West",0.676470189426522
6181,"2021-06-02","London",0.652574463758877
6182,"2021-06-02","South East",0.672216169585288
6183,"2021-06-02","South West",0.687839421572418
6184,"2021-06-02","Midlands",0.671920175956775
6185,"2021-06-02","North East and Yorkshire",0.728543026236912
6186,"2021-06-02","East of England",0.679736350038738
6187,"2021-06-02","North West",0.804565601924896
6188,"2021-06-03","London",0.78232082308839
6189,"2021-06-03","South East",0.809550504101003
6190,"2021-06-03","South West",0.832661232120867
6191,"2021-06-03","Midlands",0.824851774972712
6192,"2021-06-03","North East and Yorkshire",0.805531768422263
6193,"2021-06-03","East of England",0.796814798480958
6194,"2021-06-03","North West",0.871069150122162
6195,"2021-06-04","London",0.81898395796689
6196,"2021-06-04","South East",0.823929320151044
6197,"2021-06-04","South West",0.781616401827109
6198,"2021-06-04","Midlands",0.822628907722893
6199,"2021-06-04","North East and Yorkshire",0.909979278417346
6200,"2021-06-04","East of England",0.81843694740225
6201,"2021-06-04","North West",0.900468254360016
6202,"2021-06-05","London",0.781600260097324
6203,"2021-06-05","South East",0.765465705583996
6204,"2021-06-05","South West",0.749329182632323
6205,"2021-06-05","Midlands",0.782746705359126
6206,"2021-06-05","North East and Yorkshire",0.837449733478655
6207,"2021-06-05","East of England",0.831953271522462
6208,"2021-06-05","North West",0.777256069848452
6209,"2021-06-06","London",0.88567731680842
6210,"2021-06-06","South East",0.892210458114489
6211,"2021-06-06","South West",0.88029747885022
6212,"2021-06-06","Midlands",0.844793747481855
6213,"2021-06-06","North East and Yorkshire",0.842207892772736
6214,"2021-06-06","East of England",0.895306767765561
6215,"2021-06-06","North West",0.798685590017074
6216,"2021-06-07","London",0.907727685069986
6217,"2021-06-07","South East",0.927830201931902
6218,"2021-06-07","South West",0.90815792500772
6219,"2021-06-07","Midlands",0.921786714093514
6220,"2021-06-07","North East and Yorkshire",0.807564499508414
6221,"2021-06-07","East of England",0.923246201345992
6222,"2021-06-07","North West",0.811459047387422
6223,"2021-06-08","London",0.80539478495791
6224,"2021-06-08","South East",0.835223837256773
6225,"2021-06-08","South West",0.826252531252726
6226,"2021-06-08","Midlands",0.852615843612981
6227,"2021-06-08","North East and Yorkshire",0.890482152640383
6228,"2021-06-08","East of England",0.820255610986531
6229,"2021-06-08","North West",0.871748609513875
6230,"2021-06-09","London",0.709068481988433
6231,"2021-06-09","South East",0.774367043639
6232,"2021-06-09","South West",0.807949638121962
6233,"2021-06-09","Midlands",0.714143635650422
6234,"2021-06-09","North East and Yorkshire",0.716782080886354
6235,"2021-06-09","East of England",0.709438601707498
6236,"2021-06-09","North West",0.76942240774993
6237,"2021-06-10","London",0.664649927118569
6238,"2021-06-10","South East",0.717769490825188
6239,"2021-06-10","South West",0.751063447367076
6240,"2021-06-10","Midlands",0.730323557202492
6241,"2021-06-10","North East and Yorkshire",0.709804830690055
6242,"2021-06-10","East of England",0.713755386049218
6243,"2021-06-10","North West",0.702942284422115
6244,"2021-06-11","London",0.658842780947211
6245,"2021-06-11","South East",0.715639118244385
6246,"2021-06-11","South West",0.757618132413637
6247,"2021-06-11","Midlands",0.738813404654566
6248,"2021-06-11","North East and Yorkshire",0.773185759667991
6249,"2021-06-11","East of England",0.683789427950936
6250,"2021-06-11","North West",0.798420135061579
6251,"2021-06-12","London",0.716060970542191
6252,"2021-06-12","South East",0.751344863091673
6253,"2021-06-12","South West",0.736511288093898
6254,"2021-06-12","Midlands",0.719969916899696
6255,"2021-06-12","North East and Yorkshire",0.742982994132979
6256,"2021-06-12","East of England",0.714216313422572
6257,"2021-06-12","North West",0.779811680689664
6258,"2021-06-13","London",0.590135556349601
6259,"2021-06-13","South East",0.649211423707437
6260,"2021-06-13","South West",0.681315932838977
6261,"2021-06-13","Midlands",0.658370559243477
6262,"2021-06-13","North East and Yorkshire",0.749691214525006
6263,"2021-06-13","East of England",0.602192242499611
6264,"2021-06-13","North West",0.75906051949475
6265,"2021-06-14","London",0.573390295644661
6266,"2021-06-14","South East",0.617865288445999
6267,"2021-06-14","South West",0.666136981196928
6268,"2021-06-14","Midlands",0.615924020613249
6269,"2021-06-14","North East and Yorkshire",0.69343132260501
6270,"2021-06-14","East of England",0.571639511336443
6271,"2021-06-14","North West",0.720455325294083
6272,"2021-06-15","London",0.752642272430041
6273,"2021-06-15","South East",0.701695180064928
6274,"2021-06-15","South West",0.657989018217038
6275,"2021-06-15","Midlands",0.71849761527972
6276,"2021-06-15","North East and Yorkshire",0.733646629529589
6277,"2021-06-15","East of England",0.759211351389422
6278,"2021-06-15","North West",0.717869054126585
6279,"2021-06-16","London",0.678422856370733
6280,"2021-06-16","South East",0.662748538981364
6281,"2021-06-16","South West",0.654521145740775
6282,"2021-06-16","Midlands",0.667570178502959
6283,"2021-06-16","North East and Yorkshire",0.749834114861698
6284,"2021-06-16","East of England",0.699046463236887
6285,"2021-06-16","North West",0.724864125161627
6286,"2021-06-17","London",0.744011903834095
6287,"2021-06-17","South East",0.766779633562672
6288,"2021-06-17","South West",0.848643256701245
6289,"2021-06-17","Midlands",0.787952592509381
6290,"2021-06-17","North East and Yorkshire",0.772219422879665
6291,"2021-06-17","East of England",0.731098128919027
6292,"2021-06-17","North West",0.814659021927554
6293,"2021-06-18","London",0.763451940022894
6294,"2021-06-18","South East",0.789716912798898
6295,"2021-06-18","South West",0.825850096613324
6296,"2021-06-18","Midlands",0.780472692269811
6297,"2021-06-18","North East and Yorkshire",0.789049366379614
6298,"2021-06-18","East of England",0.777066308933157
6299,"2021-06-18","North West",0.809439615024134
6300,"2021-06-19","London",0.779414464201114
6301,"2021-06-19","South East",0.784153153419564
6302,"2021-06-19","South West",0.78968339940448
6303,"2021-06-19","Midlands",0.828548620636263
6304,"2021-06-19","North East and Yorkshire",0.86498810180932
6305,"2021-06-19","East of England",0.778550941354764
6306,"2021-06-19","North West",0.851193823014505
6307,"2021-06-20","London",0.669556575269618
6308,"2021-06-20","South East",0.712014308043277
6309,"2021-06-20","South West",0.738254838613652
6310,"2021-06-20","Midlands",0.711460158012316
6311,"2021-06-20","North East and Yorkshire",0.750436669624936
6312,"2021-06-20","East of England",0.698828018832829
6313,"2021-06-20","North West",0.751729994461093
6314,"2021-06-21","London",0.636269593486608
6315,"2021-06-21","South East",0.704182132319823
6316,"2021-06-21","South West",0.744333907622224
6317,"2021-06-21","Midlands",0.74828440802671
6318,"2021-06-21","North East and Yorkshire",0.76884907151511
6319,"2021-06-21","East of England",0.675704132035557
6320,"2021-06-21","North West",0.819911506663937
6321,"2021-06-22","London",0.696048225034634
6322,"2021-06-22","South East",0.682267558010661
6323,"2021-06-22","South West",0.702135438572155
6324,"2021-06-22","Midlands",0.773256591131444
6325,"2021-06-22","North East and Yorkshire",0.860911952322317
6326,"2021-06-22","East of England",0.725813164841798
6327,"2021-06-22","North West",0.864197623409818
6328,"2021-06-23","London",0.671373823062272
6329,"2021-06-23","South East",0.692916278559749
6330,"2021-06-23","South West",0.703726172689074
6331,"2021-06-23","Midlands",0.752796189300107
6332,"2021-06-23","North East and Yorkshire",0.806954566879874
6333,"2021-06-23","East of England",0.723529316284988
6334,"2021-06-23","North West",0.821021438915103
6335,"2021-06-24","London",0.654457714141171
6336,"2021-06-24","South East",0.690765764937564
6337,"2021-06-24","South West",0.769454742374694
6338,"2021-06-24","Midlands",0.775883025272442
6339,"2021-06-24","North East and Yorkshire",0.806250912679742
6340,"2021-06-24","East of England",0.702324385761678
6341,"2021-06-24","North West",0.861579515475604
6342,"2021-06-25","London",0.656224121346639
6343,"2021-06-25","South East",0.678106970655073
6344,"2021-06-25","South West",0.729450237063559
6345,"2021-06-25","Midlands",0.760318647105364
6346,"2021-06-25","North East and Yorkshire",0.791087024180126
6347,"2021-06-25","East of England",0.716428615942147
6348,"2021-06-25","North West",0.850062090672634
6349,"2021-06-26","London",0.733700680626805
6350,"2021-06-26","South East",0.72851389166125
6351,"2021-06-26","South West",0.734179007341879
6352,"2021-06-26","Midlands",0.801157419942287
6353,"2021-06-26","North East and Yorkshire",0.825137036202797
6354,"2021-06-26","East of England",0.784880750795162
6355,"2021-06-26","North West",0.854373760521556
6356,"2021-06-27","London",0.741790250382297
6357,"2021-06-27","South East",0.754763080835662
6358,"2021-06-27","South West",0.76289899437055
6359,"2021-06-27","Midlands",0.789368104546415
6360,"2021-06-27","North East and Yorkshire",0.809718169675944
6361,"2021-06-27","East of England",0.765930834980066
6362,"2021-06-27","North West",0.788057809545973
6363,"2021-06-28","London",0.701428724173889
6364,"2021-06-28","South East",0.706470842588956
6365,"2021-06-28","South West",0.707851663413522
6366,"2021-06-28","Midlands",0.729571638443536
6367,"2021-06-28","North East and Yorkshire",0.75715344485059
6368,"2021-06-28","East of England",0.726886401058973
6369,"2021-06-28","North West",0.73618428532153
6370,"2021-06-29","London",0.628293169341379
6371,"2021-06-29","South East",0.673690354569445
6372,"2021-06-29","South West",0.701144284317998
6373,"2021-06-29","Midlands",0.687450250991898
6374,"2021-06-29","North East and Yorkshire",0.714234382162117
6375,"2021-06-29","East of England",0.658647592091244
6376,"2021-06-29","North West",0.736040852698293
6377,"2021-06-30","London",0.631323268474415
6378,"2021-06-30","South East",0.710435637340971
6379,"2021-06-30","South West",0.767256538906228
6380,"2021-06-30","Midlands",0.714452228954489
6381,"2021-06-30","North East and Yorkshire",0.741968447992253
6382,"2021-06-30","East of England",0.64305014365
6383,"2021-06-30","North West",0.786485629162307
6384,"2021-07-01","London",0.741519551503725
6385,"2021-07-01","South East",0.748958160492507
6386,"2021-07-01","South West",0.740375589395967
6387,"2021-07-01","Midlands",0.705376490276625
6388,"2021-07-01","North East and Yorkshire",0.726435966358518
6389,"2021-07-01","East of England",0.749149853860452
6390,"2021-07-01","North West",0.772593830512978
6391,"2021-07-02","London",0.862852651657327
6392,"2021-07-02","South East",0.88274922163659
6393,"2021-07-02","South West",0.925484614740569
6394,"2021-07-02","Midlands",0.902998872417361
6395,"2021-07-02","North East and Yorkshire",0.874111399571682
6396,"2021-07-02","East of England",0.840138886120434
6397,"2021-07-02","North West",0.906684964793714
6398,"2021-07-03","London",0.762611023526432
6399,"2021-07-03","South East",0.780589173860782
6400,"2021-07-03","South West",0.788205058376798
6401,"2021-07-03","Midlands",0.803114949092502
6402,"2021-07-03","North East and Yorkshire",0.781106681076499
6403,"2021-07-03","East of England",0.78754962324424
6404,"2021-07-03","North West",0.826127966051523
6405,"2021-07-04","London",0.715983040628358
6406,"2021-07-04","South East",0.758197138615392
6407,"2021-07-04","South West",0.791487020783585
6408,"2021-07-04","Midlands",0.734046420821835
6409,"2021-07-04","North East and Yorkshire",0.73550197992844
6410,"2021-07-04","East of England",0.704660382319703
6411,"2021-07-04","North West",0.786521340871063
6412,"2021-07-05","London",0.7535748183442
6413,"2021-07-05","South East",0.80332188366669
6414,"2021-07-05","South West",0.836282528044344
6415,"2021-07-05","Midlands",0.737743522304902
6416,"2021-07-05","North East and Yorkshire",0.748317104395069
6417,"2021-07-05","East of England",0.730389566917087
6418,"2021-07-05","North West",0.791846272597218
6419,"2021-07-06","London",0.619032555605016
6420,"2021-07-06","South East",0.635530856779158
6421,"2021-07-06","South West",0.699134072450036
6422,"2021-07-06","Midlands",0.65503888108875
6423,"2021-07-06","North East and Yorkshire",0.717742304194195
6424,"2021-07-06","East of England",0.675848025207012
6425,"2021-07-06","North West",0.715450174132433
6426,"2021-07-07","London",0.602982696490212
6427,"2021-07-07","South East",0.673124918344105
6428,"2021-07-07","South West",0.780956714828836
6429,"2021-07-07","Midlands",0.724967634234423
6430,"2021-07-07","North East and Yorkshire",0.776931064817522
6431,"2021-07-07","East of England",0.637548916168534
6432,"2021-07-07","North West",0.789399558419476
6433,"2021-07-08","London",0.527821906639329
6434,"2021-07-08","South East",0.583546908619836
6435,"2021-07-08","South West",0.678940350774153
6436,"2021-07-08","Midlands",0.607297906310827
6437,"2021-07-08","North East and Yorkshire",0.668436951330536
6438,"2021-07-08","East of England",0.565786355149596
6439,"2021-07-08","North West",0.693115134133114
6440,"2021-07-09","London",0.71607015269575
6441,"2021-07-09","South East",0.761256593053197
6442,"2021-07-09","South West",0.772131164954183
6443,"2021-07-09","Midlands",0.762504191511322
6444,"2021-07-09","North East and Yorkshire",0.773659973039077
6445,"2021-07-09","East of England",0.710512829677292
6446,"2021-07-09","North West",0.807206309042534
6447,"2021-07-10","London",0.922174933174743
6448,"2021-07-10","South East",0.860247715011522
6449,"2021-07-10","South West",0.751678416718469
6450,"2021-07-10","Midlands",0.922740796342917
6451,"2021-07-10","North East and Yorkshire",0.944567809591875
6452,"2021-07-10","East of England",0.92330754667474
6453,"2021-07-10","North West",0.92932350760427
6454,"2021-07-11","London",0.790528490417327
6455,"2021-07-11","South East",0.719584116257039
6456,"2021-07-11","South West",0.701471648052905
6457,"2021-07-11","Midlands",0.906383167754336
6458,"2021-07-11","North East and Yorkshire",0.942547889251419
6459,"2021-07-11","East of England",0.870343433523885
6460,"2021-07-11","North West",0.969314734822322
6461,"2021-07-12","London",0.637001122785572
6462,"2021-07-12","South East",0.660500960608998
6463,"2021-07-12","South West",0.696724824793328
6464,"2021-07-12","Midlands",0.681067360807351
6465,"2021-07-12","North East and Yorkshire",0.787348611603269
6466,"2021-07-12","East of England",0.665414049195542
6467,"2021-07-12","North West",0.774362677707817
6468,"2021-07-13","London",0.66888707745396
6469,"2021-07-13","South East",0.71170466553449
6470,"2021-07-13","South West",0.790275553254839
6471,"2021-07-13","Midlands",0.816293787290931
6472,"2021-07-13","North East and Yorkshire",0.859152955520817
6473,"2021-07-13","East of England",0.715423068206337
6474,"2021-07-13","North West",0.876538503013913
6475,"2021-07-14","London",0.706979065705986
6476,"2021-07-14","South East",0.70559880828054
6477,"2021-07-14","South West",0.742726056317142
6478,"2021-07-14","Midlands",0.777927444643114
6479,"2021-07-14","North East and Yorkshire",0.837445561734449
6480,"2021-07-14","East of England",0.781318650438579
6481,"2021-07-14","North West",0.809550463526002
6482,"2021-07-15","London",0.639285207835788
6483,"2021-07-15","South East",0.6711101637236
6484,"2021-07-15","South West",0.734071119740832
6485,"2021-07-15","Midlands",0.726322723133567
6486,"2021-07-15","North East and Yorkshire",0.739352311440144
6487,"2021-07-15","East of England",0.701337144948174
6488,"2021-07-15","North West",0.747625090262848
6489,"2021-07-16","London",0.652286555559947
6490,"2021-07-16","South East",0.672605191810978
6491,"2021-07-16","South West",0.743269344312153
6492,"2021-07-16","Midlands",0.76461466068441
6493,"2021-07-16","North East and Yorkshire",0.79717856239264
6494,"2021-07-16","East of England",0.707427728606398
6495,"2021-07-16","North West",0.844571508464369
6496,"2021-07-17","London",0.874307739055086
6497,"2021-07-17","South East",0.854901203117722
6498,"2021-07-17","South West",0.90911850548548
6499,"2021-07-17","Midlands",0.936419826343079
6500,"2021-07-17","North East and Yorkshire",0.936175592599797
6501,"2021-07-17","East of England",0.879204378873846
6502,"2021-07-17","North West",0.94126099560137
6503,"2021-07-18","London",0.781162011625933
6504,"2021-07-18","South East",0.813360698423005
6505,"2021-07-18","South West",0.832967300214374
6506,"2021-07-18","Midlands",0.835347734843518
6507,"2021-07-18","North East and Yorkshire",0.953135505749743
6508,"2021-07-18","East of England",0.781584829988329
6509,"2021-07-18","North West",0.929182652651925
6510,"2021-07-19","London",0.817379772195423
6511,"2021-07-19","South East",0.828813089702215
6512,"2021-07-19","South West",0.860010420723886
6513,"2021-07-19","Midlands",0.810505404382329
6514,"2021-07-19","North East and Yorkshire",0.78150242249942
6515,"2021-07-19","East of England",0.827228368035143
6516,"2021-07-19","North West",0.766671418378256
6517,"2021-07-20","London",0.604826214886382
6518,"2021-07-20","South East",0.655264167125224
6519,"2021-07-20","South West",0.760571818934402
6520,"2021-07-20","Midlands",0.677630107302059
6521,"2021-07-20","North East and Yorkshire",0.667414339875004
6522,"2021-07-20","East of England",0.622073902643511
6523,"2021-07-20","North West",0.75519123628644
6524,"2021-07-21","London",0.653823936566535
6525,"2021-07-21","South East",0.685667052714803
6526,"2021-07-21","South West",0.761972046784946
6527,"2021-07-21","Midlands",0.730175987527475
6528,"2021-07-21","North East and Yorkshire",0.784556634895152
6529,"2021-07-21","East of England",0.68339962691071
6530,"2021-07-21","North West",0.844810787201587
6531,"2021-07-22","London",0.6397759676301
6532,"2021-07-22","South East",0.678651355193349
6533,"2021-07-22","South West",0.731071941799828
6534,"2021-07-22","Midlands",0.688918166189558
6535,"2021-07-22","North East and Yorkshire",0.706031541401224
6536,"2021-07-22","East of England",0.656349327296759
6537,"2021-07-22","North West",0.79859122084227
6538,"2021-07-23","London",0.585398082231387
6539,"2021-07-23","South East",0.647535591977451
6540,"2021-07-23","South West",0.697533727206213
6541,"2021-07-23","Midlands",0.671782872502441
6542,"2021-07-23","North East and Yorkshire",0.722966625491948
6543,"2021-07-23","East of England",0.634068610622885
6544,"2021-07-23","North West",0.818441133200791
6545,"2021-07-24","London",0.57712263753179
6546,"2021-07-24","South East",0.61094232285513
6547,"2021-07-24","South West",0.645715258195726
6548,"2021-07-24","Midlands",0.628658128743402
6549,"2021-07-24","North East and Yorkshire",0.662776463064223
6550,"2021-07-24","East of England",0.624612814531977
6551,"2021-07-24","North West",0.765175976726704
6552,"2021-07-25","London",0.556998501454389
6553,"2021-07-25","South East",0.597333069324832
6554,"2021-07-25","South West",0.596859896849449
6555,"2021-07-25","Midlands",0.584326176008765
6556,"2021-07-25","North East and Yorkshire",0.648278856922424
6557,"2021-07-25","East of England",0.595011853775722
6558,"2021-07-25","North West",0.782452903866486
6559,"2021-07-26","London",0.493929242097332
6560,"2021-07-26","South East",0.561771192865305
6561,"2021-07-26","South West",0.593736587905674
6562,"2021-07-26","Midlands",0.521758250767743
6563,"2021-07-26","North East and Yorkshire",0.587045523791487
6564,"2021-07-26","East of England",0.55857803472312
6565,"2021-07-26","North West",0.67551485808004
6566,"2021-07-27","London",0.845166234173692
6567,"2021-07-27","South East",0.878455765346616
6568,"2021-07-27","South West",0.839375039106957
6569,"2021-07-27","Midlands",0.803622284952122
6570,"2021-07-27","North East and Yorkshire",0.781563004549882
6571,"2021-07-27","East of England",0.839953411367849
6572,"2021-07-27","North West",0.774201033915949
6573,"2021-07-28","London",0.829902862373529
6574,"2021-07-28","South East",0.826917979321676
6575,"2021-07-28","South West",0.81694653230697
6576,"2021-07-28","Midlands",0.803487195776779
6577,"2021-07-28","North East and Yorkshire",0.794406545704288
6578,"2021-07-28","East of England",0.832203951854493
6579,"2021-07-28","North West",0.826579077416238
6580,"2021-07-29","London",0.753997995013493
6581,"2021-07-29","South East",0.817196615988529
6582,"2021-07-29","South West",0.835972523917574
6583,"2021-07-29","Midlands",0.753275605587744
6584,"2021-07-29","North East and Yorkshire",0.719098973484616
6585,"2021-07-29","East of England",0.762744888380719
6586,"2021-07-29","North West",0.769488549368537
6587,"2021-07-30","London",0.784375382172397
6588,"2021-07-30","South East",0.817998865108414
6589,"2021-07-30","South West",0.800507942589112
6590,"2021-07-30","Midlands",0.754263054361979
6591,"2021-07-30","North East and Yorkshire",0.795229907367893
6592,"2021-07-30","East of England",0.802244646428118
6593,"2021-07-30","North West",0.786340045543159
6594,"2021-07-31","London",0.843420348101398
6595,"2021-07-31","South East",0.862851720531098
6596,"2021-07-31","South West",0.879326925637024
6597,"2021-07-31","Midlands",0.843859731891331
6598,"2021-07-31","North East and Yorkshire",0.905524571864184
6599,"2021-07-31","East of England",0.861443167848623
6600,"2021-07-31","North West",0.872622872010942
6601,"2021-08-01","London",0.868198150209075
6602,"2021-08-01","South East",0.886854227290254
6603,"2021-08-01","South West",0.88936901175742
6604,"2021-08-01","Midlands",0.876310334717854
6605,"2021-08-01","North East and Yorkshire",0.874907521848064
6606,"2021-08-01","East of England",0.852867776376319
6607,"2021-08-01","North West",0.872371966435669
6608,"2021-08-02","London",0.78144445754002
6609,"2021-08-02","South East",0.810667754310859
6610,"2021-08-02","South West",0.812803883967736
6611,"2021-08-02","Midlands",0.75088163072351
6612,"2021-08-02","North East and Yorkshire",0.799112338239013
6613,"2021-08-02","East of England",0.754941092151072
6614,"2021-08-02","North West",0.813969025428823
6615,"2021-08-03","London",0.680817568048869
6616,"2021-08-03","South East",0.693372229360729
6617,"2021-08-03","South West",0.726994571667876
6618,"2021-08-03","Midlands",0.732266714494817
6619,"2021-08-03","North East and Yorkshire",0.756872670197512
6620,"2021-08-03","East of England",0.695037125684051
6621,"2021-08-03","North West",0.755346351941721
6622,"2021-08-04","London",0.700556218066787
6623,"2021-08-04","South East",0.752783705621254
6624,"2021-08-04","South West",0.862880670723739
6625,"2021-08-04","Midlands",0.775345480346536
6626,"2021-08-04","North East and Yorkshire",0.755796596663491
6627,"2021-08-04","East of England",0.688671822599966
6628,"2021-08-04","North West",0.80307546176148
6629,"2021-08-05","London",0.896447718854005
6630,"2021-08-05","South East",0.906835138807502
6631,"2021-08-05","South West",0.893089007923035
6632,"2021-08-05","Midlands",0.830137159159106
6633,"2021-08-05","North East and Yorkshire",0.882237440593463
6634,"2021-08-05","East of England",0.857919257117932
6635,"2021-08-05","North West",0.901194006404269
6636,"2021-08-06","London",0.798485989555692
6637,"2021-08-06","South East",0.83142738307222
6638,"2021-08-06","South West",0.850892853459562
6639,"2021-08-06","Midlands",0.774209538004572
6640,"2021-08-06","North East and Yorkshire",0.771421008658071
6641,"2021-08-06","East of England",0.800876784814313
6642,"2021-08-06","North West",0.789720708532091
6643,"2021-08-07","London",0.689369667768734
6644,"2021-08-07","South East",0.738402504953253
6645,"2021-08-07","South West",0.768876922568101
6646,"2021-08-07","Midlands",0.688615591525825
6647,"2021-08-07","North East and Yorkshire",0.708877200607338
6648,"2021-08-07","East of England",0.684469858836867
6649,"2021-08-07","North West",0.743979518992229
6650,"2021-08-08","London",0.802366309125845
6651,"2021-08-08","South East",0.828639595513746
6652,"2021-08-08","South West",0.868061753989872
6653,"2021-08-08","Midlands",0.799708872360709
6654,"2021-08-08","North East and Yorkshire",0.771783966987163
6655,"2021-08-08","East of England",0.778606832601883
6656,"2021-08-08","North West",0.820074644045802
6657,"2021-08-09","London",0.852769006481355
6658,"2021-08-09","South East",0.87505904219303
6659,"2021-08-09","South West",0.876379851147032
6660,"2021-08-09","Midlands",0.863358266138264
6661,"2021-08-09","North East and Yorkshire",0.909076790274185
6662,"2021-08-09","East of England",0.831989208982577
6663,"2021-08-09","North West",0.919494351597445
6664,"2021-08-10","London",0.83541064018812
6665,"2021-08-10","South East",0.845426060746032
6666,"2021-08-10","South West",0.858468805624819
6667,"2021-08-10","Midlands",0.857846767308699
6668,"2021-08-10","North East and Yorkshire",0.917138415592972
6669,"2021-08-10","East of England",0.816676850327348
6670,"2021-08-10","North West",0.90919487680577
6671,"2021-08-11","London",0.664831972926625
6672,"2021-08-11","South East",0.697368164888674
6673,"2021-08-11","South West",0.767624281102804
6674,"2021-08-11","Midlands",0.754114019611412
6675,"2021-08-11","North East and Yorkshire",0.839445539437806
6676,"2021-08-11","East of England",0.689114518651628
6677,"2021-08-11","North West",0.861625125125431
6678,"2021-08-12","London",0.858819808357955
6679,"2021-08-12","South East",0.865961497724442
6680,"2021-08-12","South West",0.909251088488944
6681,"2021-08-12","Midlands",0.902371255409117
6682,"2021-08-12","North East and Yorkshire",0.914468283709864
6683,"2021-08-12","East of England",0.847494573593429
6684,"2021-08-12","North West",0.898408109243405
6685,"2021-08-13","London",0.882658416665817
6686,"2021-08-13","South East",0.878407404594104
6687,"2021-08-13","South West",0.879967386598131
6688,"2021-08-13","Midlands",0.896145796585985
6689,"2021-08-13","North East and Yorkshire",0.896390545411903
6690,"2021-08-13","East of England",0.877232818917488
6691,"2021-08-13","North West",0.828132380734781
6692,"2021-08-14","London",0.811617060358146
6693,"2021-08-14","South East",0.780475059388464
6694,"2021-08-14","South West",0.711950408653263
6695,"2021-08-14","Midlands",0.78207202949745
6696,"2021-08-14","North East and Yorkshire",0.807405936236658
6697,"2021-08-14","East of England",0.840581634480548
6698,"2021-08-14","North West",0.748609794642224
6699,"2021-08-15","London",0.704255518917432
6700,"2021-08-15","South East",0.704965844501797
6701,"2021-08-15","South West",0.693153477881521
6702,"2021-08-15","Midlands",0.735738264465716
6703,"2021-08-15","North East and Yorkshire",0.747140130043135
6704,"2021-08-15","East of England",0.721392581207728
6705,"2021-08-15","North West",0.738065163005648
6706,"2021-08-16","London",0.685999497015414
6707,"2021-08-16","South East",0.682574404651691
6708,"2021-08-16","South West",0.73421280933535
6709,"2021-08-16","Midlands",0.708755013718858
6710,"2021-08-16","North East and Yorkshire",0.729600675122975
6711,"2021-08-16","East of England",0.702097669408628
6712,"2021-08-16","North West",0.71817713761278
6713,"2021-08-17","London",0.838763728885661
6714,"2021-08-17","South East",0.871982130338871
6715,"2021-08-17","South West",0.860648625513364
6716,"2021-08-17","Midlands",0.934296062653575
6717,"2021-08-17","North East and Yorkshire",0.893268507810376
6718,"2021-08-17","East of England",0.854669739607389
6719,"2021-08-17","North West",0.90490592199808
6720,"2021-08-18","London",0.739454700845224
6721,"2021-08-18","South East",0.748464347498418
6722,"2021-08-18","South West",0.770114453256982
6723,"2021-08-18","Midlands",0.766650712830488
6724,"2021-08-18","North East and Yorkshire",0.744645871727622
6725,"2021-08-18","East of England",0.725353364249275
6726,"2021-08-18","North West",0.750855931866988
6727,"2021-08-19","London",0.727603077391266
6728,"2021-08-19","South East",0.767605002827479
6729,"2021-08-19","South West",0.840041947214628
6730,"2021-08-19","Midlands",0.839977265792807
6731,"2021-08-19","North East and Yorkshire",0.796148594169521
6732,"2021-08-19","East of England",0.746298683229835
6733,"2021-08-19","North West",0.847346662556261
6734,"2021-08-20","London",0.754918221171751
6735,"2021-08-20","South East",0.785181469653157
6736,"2021-08-20","South West",0.816425706025199
6737,"2021-08-20","Midlands",0.784848822820598
6738,"2021-08-20","North East and Yorkshire",0.881259976839776
6739,"2021-08-20","East of England",0.760442668927217
6740,"2021-08-20","North West",0.866435713548641
6741,"2021-08-21","London",0.772839882250765
6742,"2021-08-21","South East",0.763932985955927
6743,"2021-08-21","South West",0.870639550625424
6744,"2021-08-21","Midlands",0.844684900841788
6745,"2021-08-21","North East and Yorkshire",0.904034972092781
6746,"2021-08-21","East of England",0.808061691014191
6747,"2021-08-21","North West",0.896179995899586
6748,"2021-08-22","London",0.902574611072037
6749,"2021-08-22","South East",0.899785927684984
6750,"2021-08-22","South West",0.918382221521169
6751,"2021-08-22","Midlands",0.865522995271108
6752,"2021-08-22","North East and Yorkshire",0.891729313134348
6753,"2021-08-22","East of England",0.875323036907818
6754,"2021-08-22","North West",0.837844583699819
6755,"2021-08-23","London",0.807946245333757
6756,"2021-08-23","South East",0.80460828194247
6757,"2021-08-23","South West",0.820711632371773
6758,"2021-08-23","Midlands",0.834739997760647
6759,"2021-08-23","North East and Yorkshire",0.862713927972505
6760,"2021-08-23","East of England",0.819063110590644
6761,"2021-08-23","North West",0.87084292892979
6762,"2021-08-24","London",0.940232525038086
6763,"2021-08-24","South East",0.922393410593313
6764,"2021-08-24","South West",0.901883737076857
6765,"2021-08-24","Midlands",0.918018942153201
6766,"2021-08-24","North East and Yorkshire",0.932862778591254
6767,"2021-08-24","East of England",0.93858427303202
6768,"2021-08-24","North West",0.880349031954784
6769,"2021-08-25","London",0.825685583508418
6770,"2021-08-25","South East",0.816785285160647
6771,"2021-08-25","South West",0.8442669037331
6772,"2021-08-25","Midlands",0.818460917711603
6773,"2021-08-25","North East and Yorkshire",0.837095431410665
6774,"2021-08-25","East of England",0.834194950059255
6775,"2021-08-25","North West",0.859913344898594
6776,"2021-08-26","London",0.805538984767486
6777,"2021-08-26","South East",0.827583383367125
6778,"2021-08-26","South West",0.842726077702526
6779,"2021-08-26","Midlands",0.792063856469574
6780,"2021-08-26","North East and Yorkshire",0.781609743319663
6781,"2021-08-26","East of England",0.799400313017727
6782,"2021-08-26","North West",0.827288707457615
6783,"2021-08-27","London",0.813896352662611
6784,"2021-08-27","South East",0.840497348743979
6785,"2021-08-27","South West",0.832148368116116
6786,"2021-08-27","Midlands",0.793487827673357
6787,"2021-08-27","North East and Yorkshire",0.799846703392106
6788,"2021-08-27","East of England",0.799606482768469
6789,"2021-08-27","North West",0.801599535672762
6790,"2021-08-28","London",0.775714848594554
6791,"2021-08-28","South East",0.785192826379312
6792,"2021-08-28","South West",0.838361055923986
6793,"2021-08-28","Midlands",0.803161248972194
6794,"2021-08-28","North East and Yorkshire",0.796770426088281
6795,"2021-08-28","East of England",0.783157491533028
6796,"2021-08-28","North West",0.820283800242751
6797,"2021-08-29","London",0.873142419194716
6798,"2021-08-29","South East",0.835616863669936
6799,"2021-08-29","South West",0.80751733265677
6800,"2021-08-29","Midlands",0.827947991656342
6801,"2021-08-29","North East and Yorkshire",0.840037909109617
6802,"2021-08-29","East of England",0.867086091957905
6803,"2021-08-29","North West",0.839459659506506
6804,"2021-08-30","London",0.842453772070198
6805,"2021-08-30","South East",0.790552705649481
6806,"2021-08-30","South West",0.74937928078634
6807,"2021-08-30","Midlands",0.752661637514923
6808,"2021-08-30","North East and Yorkshire",0.741219521687988
6809,"2021-08-30","East of England",0.835028303081173
6810,"2021-08-30","North West",0.814579504997953
6811,"2021-08-31","London",0.631424014936523
6812,"2021-08-31","South East",0.604861634263855
6813,"2021-08-31","South West",0.582116872988631
6814,"2021-08-31","Midlands",0.571132193445659
6815,"2021-08-31","North East and Yorkshire",0.598043729324102
6816,"2021-08-31","East of England",0.633576746780091
6817,"2021-08-31","North West",0.684137691926007
6818,"2021-09-01","London",0.63021913418158
6819,"2021-09-01","South East",0.601188444942268
6820,"2021-09-01","South West",0.523177547797072
6821,"2021-09-01","Midlands",0.470123763226134
6822,"2021-09-01","North East and Yorkshire",0.586099381945235
6823,"2021-09-01","East of England",0.637359973618463
6824,"2021-09-01","North West",0.708107834575913
6825,"2021-09-02","London",0.55447935647582
6826,"2021-09-02","South East",0.547244121287061
6827,"2021-09-02","South West",0.485554243474578
6828,"2021-09-02","Midlands",0.45153168241615
6829,"2021-09-02","North East and Yorkshire",0.573253155145893
6830,"2021-09-02","East of England",0.586392974179597
6831,"2021-09-02","North West",0.675951499141148
6832,"2021-09-03","London",0.514512937743899
6833,"2021-09-03","South East",0.503140628927553
6834,"2021-09-03","South West",0.454321680849678
6835,"2021-09-03","Midlands",0.463841429991021
6836,"2021-09-03","North East and Yorkshire",0.624236280224611
6837,"2021-09-03","East of England",0.561289182024994
6838,"2021-09-03","North West",0.620755252069187
6839,"2021-09-04","London",0.480118332283636
6840,"2021-09-04","South East",0.48528511615805
6841,"2021-09-04","South West",0.452339854384938
6842,"2021-09-04","Midlands",0.486758418470106
6843,"2021-09-04","North East and Yorkshire",0.670892005210904
6844,"2021-09-04","East of England",0.525005409846151
6845,"2021-09-04","North West",0.628851291987177
6846,"2021-09-05","London",0.466334430437309
6847,"2021-09-05","South East",0.48950364908198
6848,"2021-09-05","South West",0.449942341930609
6849,"2021-09-05","Midlands",0.407521434266148
6850,"2021-09-05","North East and Yorkshire",0.637482037347415
6851,"2021-09-05","East of England",0.500084416399104
6852,"2021-09-05","North West",0.597248988216138
6853,"2021-09-06","London",0.547464333792864
6854,"2021-09-06","South East",0.668257628313412
6855,"2021-09-06","South West",0.716750135771687
6856,"2021-09-06","Midlands",0.60547216616725
6857,"2021-09-06","North East and Yorkshire",0.773026317154126
6858,"2021-09-06","East of England",0.566724286952063
6859,"2021-09-06","North West",0.813006874167178
6860,"2021-09-07","London",0.671824900902194
6861,"2021-09-07","South East",0.694838802057582
6862,"2021-09-07","South West",0.740710031016983
6863,"2021-09-07","Midlands",0.67091032677559
6864,"2021-09-07","North East and Yorkshire",0.69222946514447
6865,"2021-09-07","East of England",0.654916843085974
6866,"2021-09-07","North West",0.73511122740759
6867,"2021-09-08","London",0.645574863396955
6868,"2021-09-08","South East",0.678695233972511
6869,"2021-09-08","South West",0.735997214498215
6870,"2021-09-08","Midlands",0.683524736509342
6871,"2021-09-08","North East and Yorkshire",0.71145755009446
6872,"2021-09-08","East of England",0.608678503478484
6873,"2021-09-08","North West",0.760190360460401
6874,"2021-09-09","London",0.808904081374525
6875,"2021-09-09","South East",0.813414161588761
6876,"2021-09-09","South West",0.834572543218863
6877,"2021-09-09","Midlands",0.737045265715623
6878,"2021-09-09","North East and Yorkshire",0.743804995995843
6879,"2021-09-09","East of England",0.774179199426873
6880,"2021-09-09","North West",0.806400681497817
6881,"2021-09-10","London",0.649108431899868
6882,"2021-09-10","South East",0.692365543102648
6883,"2021-09-10","South West",0.724716292646507
6884,"2021-09-10","Midlands",0.641683898704554
6885,"2021-09-10","North East and Yorkshire",0.706970464411769
6886,"2021-09-10","East of England",0.621585188226023
6887,"2021-09-10","North West",0.755167611128952
6888,"2021-09-11","London",0.84913732229497
6889,"2021-09-11","South East",0.831348757138409
6890,"2021-09-11","South West",0.815903430367827
6891,"2021-09-11","Midlands",0.797254963989705
6892,"2021-09-11","North East and Yorkshire",0.746920679840531
6893,"2021-09-11","East of England",0.830011049677544
6894,"2021-09-11","North West",0.779035045729195
6895,"2021-09-12","London",0.70633921001833
6896,"2021-09-12","South East",0.725199236149886
6897,"2021-09-12","South West",0.785085106109942
6898,"2021-09-12","Midlands",0.754943442780042
6899,"2021-09-12","North East and Yorkshire",0.758193387906278
6900,"2021-09-12","East of England",0.681738950728895
6901,"2021-09-12","North West",0.806721352976916
6902,"2021-09-13","London",0.716574592209119
6903,"2021-09-13","South East",0.76027050015225
6904,"2021-09-13","South West",0.790216466952513
6905,"2021-09-13","Midlands",0.7040946175266
6906,"2021-09-13","North East and Yorkshire",0.752579602715212
6907,"2021-09-13","East of England",0.68316256805529
6908,"2021-09-13","North West",0.776575500809287
6909,"2021-09-14","London",0.647359160849635
6910,"2021-09-14","South East",0.671430386683094
6911,"2021-09-14","South West",0.735428783715571
6912,"2021-09-14","Midlands",0.699198625974697
6913,"2021-09-14","North East and Yorkshire",0.751630535584936
6914,"2021-09-14","East of England",0.666278047191862
6915,"2021-09-14","North West",0.765282575008712
6916,"2021-09-15","London",0.70184627936476
6917,"2021-09-15","South East",0.734626122793097
6918,"2021-09-15","South West",0.775711497867913
6919,"2021-09-15","Midlands",0.750369223188757
6920,"2021-09-15","North East and Yorkshire",0.753173732058556
6921,"2021-09-15","East of England",0.693978950231253
6922,"2021-09-15","North West",0.796017954157213
6923,"2021-09-16","London",0.725229995042315
6924,"2021-09-16","South East",0.757276535116566
6925,"2021-09-16","South West",0.82033479591459
6926,"2021-09-16","Midlands",0.780312451431636
6927,"2021-09-16","North East and Yorkshire",0.818785725201637
6928,"2021-09-16","East of England",0.722614035412332
6929,"2021-09-16","North West",0.858180414893342
6930,"2021-09-17","London",0.740384875849733
6931,"2021-09-17","South East",0.777242326300007
6932,"2021-09-17","South West",0.782514495177534
6933,"2021-09-17","Midlands",0.761991422966584
6934,"2021-09-17","North East and Yorkshire",0.782135995063996
6935,"2021-09-17","East of England",0.745201901576423
6936,"2021-09-17","North West",0.807674275219129
6937,"2021-09-18","London",0.619198653574031
6938,"2021-09-18","South East",0.660534070451182
6939,"2021-09-18","South West",0.650269515269266
6940,"2021-09-18","Midlands",0.640408327601968
6941,"2021-09-18","North East and Yorkshire",0.694776449343459
6942,"2021-09-18","East of England",0.663796839798077
6943,"2021-09-18","North West",0.687201802685042
6944,"2021-09-19","London",0.578136197487812
6945,"2021-09-19","South East",0.665757613184609
6946,"2021-09-19","South West",0.719947411424376
6947,"2021-09-19","Midlands",0.636776072624776
6948,"2021-09-19","North East and Yorkshire",0.697267190868096
6949,"2021-09-19","East of England",0.603706974298426
6950,"2021-09-19","North West",0.695837373797661
6951,"2021-09-20","London",0.59113977679599
6952,"2021-09-20","South East",0.700269644405271
6953,"2021-09-20","South West",0.799220057565785
6954,"2021-09-20","Midlands",0.741488609879306
6955,"2021-09-20","North East and Yorkshire",0.771261424726121
6956,"2021-09-20","East of England",0.610354653537971
6957,"2021-09-20","North West",0.853283561682709
6958,"2021-09-21","London",0.818897987315804
6959,"2021-09-21","South East",0.802334789829745
6960,"2021-09-21","South West",0.789894171338807
6961,"2021-09-21","Midlands",0.81217681114163
6962,"2021-09-21","North East and Yorkshire",0.829627154635987
6963,"2021-09-21","East of England",0.823742349672285
6964,"2021-09-21","North West",0.789108669316919
6965,"2021-09-22","London",0.78041623994489
6966,"2021-09-22","South East",0.768308294723908
6967,"2021-09-22","South West",0.746820930383755
6968,"2021-09-22","Midlands",0.803496198866013
6969,"2021-09-22","North East and Yorkshire",0.816215122803347
6970,"2021-09-22","East of England",0.799979149544463
6971,"2021-09-22","North West",0.798296745645853
6972,"2021-09-23","London",0.765484055926019
6973,"2021-09-23","South East",0.768271883595135
6974,"2021-09-23","South West",0.747574531026493
6975,"2021-09-23","Midlands",0.766627726445707
6976,"2021-09-23","North East and Yorkshire",0.799981010799945
6977,"2021-09-23","East of England",0.770880921437514
6978,"2021-09-23","North West",0.785677085960424
6979,"2021-09-24","London",0.803865672639101
6980,"2021-09-24","South East",0.791455435119424
6981,"2021-09-24","South West",0.741937473785884
6982,"2021-09-24","Midlands",0.792898557039218
6983,"2021-09-24","North East and Yorkshire",0.834621754080817
6984,"2021-09-24","East of England",0.794046292620323
6985,"2021-09-24","North West",0.806707803450643
6986,"2021-09-25","London",0.850706438604803
6987,"2021-09-25","South East",0.844710172460448
6988,"2021-09-25","South West",0.794868824052926
6989,"2021-09-25","Midlands",0.784462328901192
6990,"2021-09-25","North East and Yorkshire",0.828479837817381
6991,"2021-09-25","East of England",0.818207611215953
6992,"2021-09-25","North West",0.799602995112111
6993,"2021-09-26","London",0.795792444025806
6994,"2021-09-26","South East",0.81360586514499
6995,"2021-09-26","South West",0.835793216024827
6996,"2021-09-26","Midlands",0.768813220503376
6997,"2021-09-26","North East and Yorkshire",0.781462932188825
6998,"2021-09-26","East of England",0.797960779009931
6999,"2021-09-26","North West",0.77746587961577
7000,"2021-09-27","London",0.764498252878111
7001,"2021-09-27","South East",0.785472287513424
7002,"2021-09-27","South West",0.784570040735564
7003,"2021-09-27","Midlands",0.751329382647021
7004,"2021-09-27","North East and Yorkshire",0.820977812655655
7005,"2021-09-27","East of England",0.767632585851223
7006,"2021-09-27","North West",0.838365740620111
7007,"2021-09-28","London",0.848897928755533
7008,"2021-09-28","South East",0.839974553466252
7009,"2021-09-28","South West",0.840292651794145
7010,"2021-09-28","Midlands",0.845833800666112
7011,"2021-09-28","North East and Yorkshire",0.830177825816526
7012,"2021-09-28","East of England",0.83337364672677
7013,"2021-09-28","North West",0.862121140826218
7014,"2021-09-29","London",0.928862472931124
7015,"2021-09-29","South East",0.913515525013661
7016,"2021-09-29","South West",0.926434354886138
7017,"2021-09-29","Midlands",0.899572705732534
7018,"2021-09-29","North East and Yorkshire",0.839178814999012
7019,"2021-09-29","East of England",0.906190340400089
7020,"2021-09-29","North West",0.875956748981444
7021,"2021-09-30","London",0.970962157948253
7022,"2021-09-30","South East",0.93965503570505
7023,"2021-09-30","South West",0.901320502874943
7024,"2021-09-30","Midlands",0.928394334621553
7025,"2021-09-30","North East and Yorkshire",0.899195988440935
7026,"2021-09-30","East of England",0.96076947900286
7027,"2021-09-30","North West",0.905645994935851
7028,"2021-10-01","London",0.894387670899775
7029,"2021-10-01","South East",0.878654882623022
7030,"2021-10-01","South West",0.915810798846499
7031,"2021-10-01","Midlands",0.943824805616076
7032,"2021-10-01","North East and Yorkshire",0.939526314020763
7033,"2021-10-01","East of England",0.891178264493571
7034,"2021-10-01","North West",0.950546919243131
7035,"2021-10-02","London",0.870959815934514
7036,"2021-10-02","South East",0.872948029763547
7037,"2021-10-02","South West",0.912854210416501
7038,"2021-10-02","Midlands",0.958401004530698
7039,"2021-10-02","North East and Yorkshire",0.900267285320497
7040,"2021-10-02","East of England",0.87975093464761
7041,"2021-10-02","North West",0.871225716320088
7042,"2021-10-03","London",0.813832097647927
7043,"2021-10-03","South East",0.792493539240234
7044,"2021-10-03","South West",0.795958863880746
7045,"2021-10-03","Midlands",0.816800304055452
7046,"2021-10-03","North East and Yorkshire",0.778351822240019
7047,"2021-10-03","East of England",0.795460977053629
7048,"2021-10-03","North West",0.789417316753894
7049,"2021-10-04","London",0.87713336408832
7050,"2021-10-04","South East",0.854083179411752
7051,"2021-10-04","South West",0.862575080340906
7052,"2021-10-04","Midlands",0.872830227777693
7053,"2021-10-04","North East and Yorkshire",0.842059118233499
7054,"2021-10-04","East of England",0.870530867270951
7055,"2021-10-04","North West",0.850432010319859
7056,"2021-10-05","London",0.846557175284472
7057,"2021-10-05","South East",0.844452295948101
7058,"2021-10-05","South West",0.871079852605617
7059,"2021-10-05","Midlands",0.866748441055971
7060,"2021-10-05","North East and Yorkshire",0.864913459998193
7061,"2021-10-05","East of England",0.843029899446382
7062,"2021-10-05","North West",0.919207975276635
7063,"2021-10-06","London",0.776375763298859
7064,"2021-10-06","South East",0.792089173229481
7065,"2021-10-06","South West",0.842471105179034
7066,"2021-10-06","Midlands",0.775780577703834
7067,"2021-10-06","North East and Yorkshire",0.795429031299952
7068,"2021-10-06","East of England",0.7563224223045
7069,"2021-10-06","North West",0.83812984836566
7070,"2021-10-07","London",0.885981643423866
7071,"2021-10-07","South East",0.878457433118293
7072,"2021-10-07","South West",0.870988856628476
7073,"2021-10-07","Midlands",0.885009057324815
7074,"2021-10-07","North East and Yorkshire",0.847668487416648
7075,"2021-10-07","East of England",0.881568167322431
7076,"2021-10-07","North West",0.873650886579921
7077,"2021-10-08","London",0.870458104850773
7078,"2021-10-08","South East",0.837299179469699
7079,"2021-10-08","South West",0.847654926386995
7080,"2021-10-08","Midlands",0.827369915605936
7081,"2021-10-08","North East and Yorkshire",0.803257683719567
7082,"2021-10-08","East of England",0.840218840099266
7083,"2021-10-08","North West",0.841642390910907
7084,"2021-10-09","London",0.839558098608222
7085,"2021-10-09","South East",0.81830914036156
7086,"2021-10-09","South West",0.824599464013326
7087,"2021-10-09","Midlands",0.866487499518653
7088,"2021-10-09","North East and Yorkshire",0.844834568094541
7089,"2021-10-09","East of England",0.848569691850735
7090,"2021-10-09","North West",0.900126864100853
7091,"2021-10-10","London",0.818444887446478
7092,"2021-10-10","South East",0.796510081471639
7093,"2021-10-10","South West",0.812372808972637
7094,"2021-10-10","Midlands",0.819052711835394
7095,"2021-10-10","North East and Yorkshire",0.806165056574631
7096,"2021-10-10","East of England",0.834483380912426
7097,"2021-10-10","North West",0.813839671037116
7098,"2021-10-11","London",0.906672485484933
7099,"2021-10-11","South East",0.880248816361936
7100,"2021-10-11","South West",0.921702265602863
7101,"2021-10-11","Midlands",0.923395771907062
7102,"2021-10-11","North East and Yorkshire",0.90293177757344
7103,"2021-10-11","East of England",0.883475523113198
7104,"2021-10-11","North West",0.903541551158462
7105,"2021-10-12","London",0.902880105613776
7106,"2021-10-12","South East",0.890713144580608
7107,"2021-10-12","South West",0.898593989827626
7108,"2021-10-12","Midlands",0.857047807603726
7109,"2021-10-12","North East and Yorkshire",0.805549266942281
7110,"2021-10-12","East of England",0.879345412260231
7111,"2021-10-12","North West",0.847885139214275
7112,"2021-10-13","London",0.901185548688755
7113,"2021-10-13","South East",0.895599057127721
7114,"2021-10-13","South West",0.911290803111016
7115,"2021-10-13","Midlands",0.902789085688682
7116,"2021-10-13","North East and Yorkshire",0.871436104021109
7117,"2021-10-13","East of England",0.900599068746231
7118,"2021-10-13","North West",0.883221159153325
7119,"2021-10-14","London",0.888431159150425
7120,"2021-10-14","South East",0.883686767126126
7121,"2021-10-14","South West",0.891263979664408
7122,"2021-10-14","Midlands",0.869125075037477
7123,"2021-10-14","North East and Yorkshire",0.849053705865055
7124,"2021-10-14","East of England",0.876207155346775
7125,"2021-10-14","North West",0.841537891563601
7126,"2021-10-15","London",0.939915739955721
7127,"2021-10-15","South East",0.922257523081529
7128,"2021-10-15","South West",0.872158469877803
7129,"2021-10-15","Midlands",0.937216271114832
7130,"2021-10-15","North East and Yorkshire",0.953044600973093
7131,"2021-10-15","East of England",0.936031652095727
7132,"2021-10-15","North West",0.935847385563408
7133,"2021-10-16","London",0.946498167527751
7134,"2021-10-16","South East",0.914401799420114
7135,"2021-10-16","South West",0.869951142754551
7136,"2021-10-16","Midlands",0.912147106645673
7137,"2021-10-16","North East and Yorkshire",0.860947583613648
7138,"2021-10-16","East of England",0.947063568018653
7139,"2021-10-16","North West",0.87211468313761
7140,"2021-10-17","London",0.859443916375177
7141,"2021-10-17","South East",0.864440561141279
7142,"2021-10-17","South West",0.856745684225711
7143,"2021-10-17","Midlands",0.808619281402783
7144,"2021-10-17","North East and Yorkshire",0.797429181814336
7145,"2021-10-17","East of England",0.833086036610778
7146,"2021-10-17","North West",0.82309155327675
7147,"2021-10-18","London",0.90637931797158
7148,"2021-10-18","South East",0.896843521420029
7149,"2021-10-18","South West",0.934882843748327
7150,"2021-10-18","Midlands",0.924778773222162
7151,"2021-10-18","North East and Yorkshire",0.91562539461003
7152,"2021-10-18","East of England",0.899438106675155
7153,"2021-10-18","North West",0.943057885407116
7154,"2021-10-19","London",0.922607565555028
7155,"2021-10-19","South East",0.900046226714711
7156,"2021-10-19","South West",0.895124268926045
7157,"2021-10-19","Midlands",0.917761693407919
7158,"2021-10-19","North East and Yorkshire",0.952860050850196
7159,"2021-10-19","East of England",0.918997501714178
7160,"2021-10-19","North West",0.944619224680656
7161,"2021-10-20","London",0.878846394435386
7162,"2021-10-20","South East",0.886801843050064
7163,"2021-10-20","South West",0.905286864338843
7164,"2021-10-20","Midlands",0.907706915285412
7165,"2021-10-20","North East and Yorkshire",0.922954967424403
7166,"2021-10-20","East of England",0.897913160859838
7167,"2021-10-20","North West",0.903531355733702
7168,"2021-10-21","London",0.837995751970135
7169,"2021-10-21","South East",0.841624666343856
7170,"2021-10-21","South West",0.837116100685989
7171,"2021-10-21","Midlands",0.822965624534576
7172,"2021-10-21","North East and Yorkshire",0.850264381267045
7173,"2021-10-21","East of England",0.818488990635504
7174,"2021-10-21","North West",0.867447228183468
7175,"2021-10-22","London",0.838080417920383
7176,"2021-10-22","South East",0.845214421707371
7177,"2021-10-22","South West",0.857627883194741
7178,"2021-10-22","Midlands",0.859531330691441
7179,"2021-10-22","North East and Yorkshire",0.866696798532967
7180,"2021-10-22","East of England",0.820684695645249
7181,"2021-10-22","North West",0.872790875988532
7182,"2021-10-23","London",0.793004979206142
7183,"2021-10-23","South East",0.810696881769289
7184,"2021-10-23","South West",0.853487675064442
7185,"2021-10-23","Midlands",0.843759043158965
7186,"2021-10-23","North East and Yorkshire",0.842923833349908
7187,"2021-10-23","East of England",0.788325652353306
7188,"2021-10-23","North West",0.896046427759729
7189,"2021-10-24","London",0.88640632216575
7190,"2021-10-24","South East",0.868104062680498
7191,"2021-10-24","South West",0.879189133342589
7192,"2021-10-24","Midlands",0.918148893086753
7193,"2021-10-24","North East and Yorkshire",0.937821457381836
7194,"2021-10-24","East of England",0.898469146060476
7195,"2021-10-24","North West",0.91788540660383
7196,"2021-10-25","London",0.89329086648627
7197,"2021-10-25","South East",0.890780763608354
7198,"2021-10-25","South West",0.931369461438335
7199,"2021-10-25","Midlands",0.903817615304982
7200,"2021-10-25","North East and Yorkshire",0.873911852387282
7201,"2021-10-25","East of England",0.869058124397226
7202,"2021-10-25","North West",0.893254779052651
7203,"2021-10-26","London",0.916433281554685
7204,"2021-10-26","South East",0.881437968077313
7205,"2021-10-26","South West",0.875465786341433
7206,"2021-10-26","Midlands",0.903976561933532
7207,"2021-10-26","North East and Yorkshire",0.890406769980178
7208,"2021-10-26","East of England",0.904889376350687
7209,"2021-10-26","North West",0.891041511375006
7210,"2021-10-27","London",0.814008990929838
7211,"2021-10-27","South East",0.811011320974943
7212,"2021-10-27","South West",0.833121258265943
7213,"2021-10-27","Midlands",0.832318860256412
7214,"2021-10-27","North East and Yorkshire",0.822853194964642
7215,"2021-10-27","East of England",0.810008248152829
7216,"2021-10-27","North West",0.831213114383292
7217,"2021-10-28","London",0.892026279745868
7218,"2021-10-28","South East",0.872782869605415
7219,"2021-10-28","South West",0.894418703076765
7220,"2021-10-28","Midlands",0.880613657154198
7221,"2021-10-28","North East and Yorkshire",0.887628797598626
7222,"2021-10-28","East of England",0.880029294621755
7223,"2021-10-28","North West",0.889522568927595
7224,"2021-10-29","London",0.898254487486896
7225,"2021-10-29","South East",0.903292545551222
7226,"2021-10-29","South West",0.92765484451023
7227,"2021-10-29","Midlands",0.896074598534556
7228,"2021-10-29","North East and Yorkshire",0.876958135125834
7229,"2021-10-29","East of England",0.889390257531877
7230,"2021-10-29","North West",0.911370314004166
7231,"2021-10-30","London",0.842996203204811
7232,"2021-10-30","South East",0.834436462820718
7233,"2021-10-30","South West",0.836476821257509
7234,"2021-10-30","Midlands",0.846077582131688
7235,"2021-10-30","North East and Yorkshire",0.847575059538087
7236,"2021-10-30","East of England",0.847778161495554
7237,"2021-10-30","North West",0.845617568381009
7238,"2021-10-31","London",0.862171285980691
7239,"2021-10-31","South East",0.870209978773923
7240,"2021-10-31","South West",0.888234197385499
7241,"2021-10-31","Midlands",0.832307794855275
7242,"2021-10-31","North East and Yorkshire",0.827000800285199
7243,"2021-10-31","East of England",0.844061505522199
7244,"2021-10-31","North West",0.856002977058857
7245,"2021-11-01","London",0.764974715743674
7246,"2021-11-01","South East",0.776174884795771
7247,"2021-11-01","South West",0.792841296458813
7248,"2021-11-01","Midlands",0.765931123468331
7249,"2021-11-01","North East and Yorkshire",0.831548349300198
7250,"2021-11-01","East of England",0.753307130949252
7251,"2021-11-01","North West",0.849968169763391
7252,"2021-11-02","London",0.929521929292636
7253,"2021-11-02","South East",0.922864910740553
7254,"2021-11-02","South West",0.937974646574307
7255,"2021-11-02","Midlands",0.920775781540551
7256,"2021-11-02","North East and Yorkshire",0.885789742994424
7257,"2021-11-02","East of England",0.911788651088938
7258,"2021-11-02","North West",0.878916788161046
7259,"2021-11-03","London",0.900979117047312
7260,"2021-11-03","South East",0.921699364479348
7261,"2021-11-03","South West",0.967905029705353
7262,"2021-11-03","Midlands",0.956918596633835
7263,"2021-11-03","North East and Yorkshire",0.956298718450804
7264,"2021-11-03","East of England",0.896045845560061
7265,"2021-11-03","North West",0.968331866679584
7266,"2021-11-04","London",0.86513970055706
7267,"2021-11-04","South East",0.87203414214515
7268,"2021-11-04","South West",0.87602246161933
7269,"2021-11-04","Midlands",0.85020062185943
7270,"2021-11-04","North East and Yorkshire",0.838251427811547
7271,"2021-11-04","East of England",0.863645383205366
7272,"2021-11-04","North West",0.866422428866554
7273,"2021-11-05","London",0.895237318856214
7274,"2021-11-05","South East",0.887922243966792
7275,"2021-11-05","South West",0.906134658666835
7276,"2021-11-05","Midlands",0.881450068108555
7277,"2021-11-05","North East and Yorkshire",0.85811956788954
7278,"2021-11-05","East of England",0.888487648172274
7279,"2021-11-05","North West",0.879899471666756
7280,"2021-11-06","London",0.873499954271999
7281,"2021-11-06","South East",0.855808126638105
7282,"2021-11-06","South West",0.860794226748715
7283,"2021-11-06","Midlands",0.867951686359107
7284,"2021-11-06","North East and Yorkshire",0.879975487614575
7285,"2021-11-06","East of England",0.883919151918625
7286,"2021-11-06","North West",0.880116620066937
7287,"2021-11-07","London",0.883803910322977
7288,"2021-11-07","South East",0.866131214920618
7289,"2021-11-07","South West",0.833416244151068
7290,"2021-11-07","Midlands",0.801810952928795
7291,"2021-11-07","North East and Yorkshire",0.789728150274137
7292,"2021-11-07","East of England",0.871611889580207
7293,"2021-11-07","North West",0.774863687150279
7294,"2021-11-08","London",0.877650556675369
7295,"2021-11-08","South East",0.863953488742491
7296,"2021-11-08","South West",0.859537665714971
7297,"2021-11-08","Midlands",0.803843818823126
7298,"2021-11-08","North East and Yorkshire",0.758700871975825
7299,"2021-11-08","East of England",0.834843053920944
7300,"2021-11-08","North West",0.768604648822158
7301,"2021-11-09","London",0.906609640992905
7302,"2021-11-09","South East",0.888253710686893
7303,"2021-11-09","South West",0.891493242331089
7304,"2021-11-09","Midlands",0.909894391045667
7305,"2021-11-09","North East and Yorkshire",0.900477375419159
7306,"2021-11-09","East of England",0.89566561369486
7307,"2021-11-09","North West",0.90103250809007
7308,"2021-11-10","London",0.863830924610019
7309,"2021-11-10","South East",0.846145258559672
7310,"2021-11-10","South West",0.821869345530998
7311,"2021-11-10","Midlands",0.837406944791467
7312,"2021-11-10","North East and Yorkshire",0.880824698023852
7313,"2021-11-10","East of England",0.86214139438413
7314,"2021-11-10","North West",0.851836290300062
7315,"2021-11-11","London",0.89726875498813
7316,"2021-11-11","South East",0.882138885044852
7317,"2021-11-11","South West",0.870066032397473
7318,"2021-11-11","Midlands",0.874798083865996
7319,"2021-11-11","North East and Yorkshire",0.861034444336934
7320,"2021-11-11","East of England",0.874454535980567
7321,"2021-11-11","North West",0.847444599018176
7322,"2021-11-12","London",0.875058150324366
7323,"2021-11-12","South East",0.856694077808093
7324,"2021-11-12","South West",0.855360211141449
7325,"2021-11-12","Midlands",0.857370733900869
7326,"2021-11-12","North East and Yorkshire",0.879781334942599
7327,"2021-11-12","East of England",0.845902731408366
7328,"2021-11-12","North West",0.877007372456628
7329,"2021-11-13","London",0.837150582614279
7330,"2021-11-13","South East",0.828040973943585
7331,"2021-11-13","South West",0.84632176540371
7332,"2021-11-13","Midlands",0.863326828996075
7333,"2021-11-13","North East and Yorkshire",0.901726854173917
7334,"2021-11-13","East of England",0.83178317443404
7335,"2021-11-13","North West",0.899558492049091
7336,"2021-11-14","London",0.888761503330503
7337,"2021-11-14","South East",0.864500406733487
7338,"2021-11-14","South West",0.84559717973413
7339,"2021-11-14","Midlands",0.871427911653054
7340,"2021-11-14","North East and Yorkshire",0.868548697312719
7341,"2021-11-14","East of England",0.884915610744328
7342,"2021-11-14","North West",0.838749406787414
7343,"2021-11-15","London",0.923841625545709
7344,"2021-11-15","South East",0.885472581160214
7345,"2021-11-15","South West",0.832355577445379
7346,"2021-11-15","Midlands",0.842213873154344
7347,"2021-11-15","North East and Yorkshire",0.857937146581791
7348,"2021-11-15","East of England",0.900387954557167
7349,"2021-11-15","North West",0.834658180224432
7350,"2021-11-16","London",0.840884708136109
7351,"2021-11-16","South East",0.81598945612758
7352,"2021-11-16","South West",0.836510818015692
7353,"2021-11-16","Midlands",0.861424618362277
7354,"2021-11-16","North East and Yorkshire",0.840180747185845
7355,"2021-11-16","East of England",0.841324966110283
7356,"2021-11-16","North West",0.846187034137221
7357,"2021-11-17","London",0.928829716041434
7358,"2021-11-17","South East",0.905216561608975
7359,"2021-11-17","South West",0.89546914226969
7360,"2021-11-17","Midlands",0.911159005234366
7361,"2021-11-17","North East and Yorkshire",0.900189150689184
7362,"2021-11-17","East of England",0.913507319046358
7363,"2021-11-17","North West",0.908549488189759
7364,"2021-11-18","London",0.930904496148494
7365,"2021-11-18","South East",0.890105686077045
7366,"2021-11-18","South West",0.887226372420747
7367,"2021-11-18","Midlands",0.924963424467349
7368,"2021-11-18","North East and Yorkshire",0.900735151786475
7369,"2021-11-18","East of England",0.920024462198085
7370,"2021-11-18","North West",0.884511612238362
7371,"2021-11-19","London",0.804822781789188
7372,"2021-11-19","South East",0.780135813046629
7373,"2021-11-19","South West",0.878493214370315
7374,"2021-11-19","Midlands",0.837445656026384
7375,"2021-11-19","North East and Yorkshire",0.833499983272169
7376,"2021-11-19","East of England",0.816621239672964
7377,"2021-11-19","North West",0.845855899244876
7378,"2021-11-20","London",0.923869351167923
7379,"2021-11-20","South East",0.92392971568688
7380,"2021-11-20","South West",0.937965830953185
7381,"2021-11-20","Midlands",0.913181631349739
7382,"2021-11-20","North East and Yorkshire",0.893638370906358
7383,"2021-11-20","East of England",0.911829378506491
7384,"2021-11-20","North West",0.899373016628622
7385,"2021-11-21","London",0.931275847908779
7386,"2021-11-21","South East",0.926351174397876
7387,"2021-11-21","South West",0.932832999705168
7388,"2021-11-21","Midlands",0.919846485457843
7389,"2021-11-21","North East and Yorkshire",0.904838511509241
7390,"2021-11-21","East of England",0.929252223446366
7391,"2021-11-21","North West",0.911014687269102
7392,"2021-11-22","London",0.863325740520925
7393,"2021-11-22","South East",0.851795167524859
7394,"2021-11-22","South West",0.841714604941122
7395,"2021-11-22","Midlands",0.882057628244187
7396,"2021-11-22","North East and Yorkshire",0.887002530039846
7397,"2021-11-22","East of England",0.880635351236923
7398,"2021-11-22","North West",0.899503583152292
7399,"2021-11-23","London",0.875758603430759
7400,"2021-11-23","South East",0.876194041215546
7401,"2021-11-23","South West",0.880178215649169
7402,"2021-11-23","Midlands",0.868924544498315
7403,"2021-11-23","North East and Yorkshire",0.851543730462106
7404,"2021-11-23","East of England",0.867480649563139
7405,"2021-11-23","North West",0.880197140209162
7406,"2021-11-24","London",0.825736748842439
7407,"2021-11-24","South East",0.835361257208106
7408,"2021-11-24","South West",0.841754825798361
7409,"2021-11-24","Midlands",0.807928231302921
7410,"2021-11-24","North East and Yorkshire",0.812280875720032
7411,"2021-11-24","East of England",0.814640511456884
7412,"2021-11-24","North West",0.822046623622877
7413,"2021-11-25","London",0.788474294372238
7414,"2021-11-25","South East",0.775552653745054
7415,"2021-11-25","South West",0.766810532468745
7416,"2021-11-25","Midlands",0.782482577868943
7417,"2021-11-25","North East and Yorkshire",0.764822849898226
7418,"2021-11-25","East of England",0.778689628809789
7419,"2021-11-25","North West",0.789626006386976
7420,"2021-11-26","London",0.928280540724936
7421,"2021-11-26","South East",0.897270475730331
7422,"2021-11-26","South West",0.91601178305102
7423,"2021-11-26","Midlands",0.92374194938236
7424,"2021-11-26","North East and Yorkshire",0.899791426024073
7425,"2021-11-26","East of England",0.908213055487938
7426,"2021-11-26","North West",0.899472793160662
7427,"2021-11-27","London",0.855034038999696
7428,"2021-11-27","South East",0.847583143385833
7429,"2021-11-27","South West",0.870714064768341
7430,"2021-11-27","Midlands",0.861745699535643
7431,"2021-11-27","North East and Yorkshire",0.838735295016883
7432,"2021-11-27","East of England",0.848993135811891
7433,"2021-11-27","North West",0.870011753285345
7434,"2021-11-28","London",0.878928260867375
7435,"2021-11-28","South East",0.870366693807046
7436,"2021-11-28","South West",0.908478516442078
7437,"2021-11-28","Midlands",0.853324401485198
7438,"2021-11-28","North East and Yorkshire",0.813232697763529
7439,"2021-11-28","East of England",0.867213333851265
7440,"2021-11-28","North West",0.810778350483561
7441,"2021-11-29","London",0.914652252591874
7442,"2021-11-29","South East",0.889894028027978
7443,"2021-11-29","South West",0.925325901415113
7444,"2021-11-29","Midlands",0.91428808931711
7445,"2021-11-29","North East and Yorkshire",0.876816850685864
7446,"2021-11-29","East of England",0.897272984641085
7447,"2021-11-29","North West",0.892769070674212
7448,"2021-11-30","London",0.882593522885657
7449,"2021-11-30","South East",0.867015275263405
7450,"2021-11-30","South West",0.877037209082507
7451,"2021-11-30","Midlands",0.884602623225522
7452,"2021-11-30","North East and Yorkshire",0.919276297016962
7453,"2021-11-30","East of England",0.88765463413193
7454,"2021-11-30","North West",0.920134086552723
7455,"2021-12-01","London",0.839977977108145
7456,"2021-12-01","South East",0.850702971344326
7457,"2021-12-01","South West",0.882558096784474
7458,"2021-12-01","Midlands",0.877768909904625
7459,"2021-12-01","North East and Yorkshire",0.901073899949004
7460,"2021-12-01","East of England",0.858337923182485
7461,"2021-12-01","North West",0.90603000452559
7462,"2021-12-02","London",0.941366332685641
7463,"2021-12-02","South East",0.904844301943824
7464,"2021-12-02","South West",0.9167807442491
7465,"2021-12-02","Midlands",0.953739065292744
7466,"2021-12-02","North East and Yorkshire",0.93297657657406
7467,"2021-12-02","East of England",0.9374358583439
7468,"2021-12-02","North West",0.908727199285973
7469,"2021-12-03","London",0.942331546589018
7470,"2021-12-03","South East",0.938241960051737
7471,"2021-12-03","South West",0.96346519094325
7472,"2021-12-03","Midlands",0.964404353184789
7473,"2021-12-03","North East and Yorkshire",0.944503686993331
7474,"2021-12-03","East of England",0.936413872330927
7475,"2021-12-03","North West",0.955020494182939
7476,"2021-12-04","London",0.916332322109023
7477,"2021-12-04","South East",0.903930000401953
7478,"2021-12-04","South West",0.931738437616049
7479,"2021-12-04","Midlands",0.938936710497744
7480,"2021-12-04","North East and Yorkshire",0.898876359869756
7481,"2021-12-04","East of England",0.921829521615886
7482,"2021-12-04","North West",0.922336439791549
7483,"2021-12-05","London",0.900804239339971
7484,"2021-12-05","South East",0.882635713970513
7485,"2021-12-05","South West",0.904716442288626
7486,"2021-12-05","Midlands",0.913296603857411
7487,"2021-12-05","North East and Yorkshire",0.850406985743363
7488,"2021-12-05","East of England",0.899191332393264
7489,"2021-12-05","North West",0.907762547510542
7490,"2021-12-06","London",0.942460357281036
7491,"2021-12-06","South East",0.93120982922108
7492,"2021-12-06","South West",0.939420809974662
7493,"2021-12-06","Midlands",0.914242079438987
7494,"2021-12-06","North East and Yorkshire",0.84902081441172
7495,"2021-12-06","East of England",0.910215830444702
7496,"2021-12-06","North West",0.908875698058886
7497,"2021-12-07","London",0.930689149616543
7498,"2021-12-07","South East",0.928326567743219
7499,"2021-12-07","South West",0.914987375275384
7500,"2021-12-07","Midlands",0.894760435556543
7501,"2021-12-07","North East and Yorkshire",0.833599235826788
7502,"2021-12-07","East of England",0.921871586196231
7503,"2021-12-07","North West",0.870336687488387
7504,"2021-12-08","London",0.858484254728303
7505,"2021-12-08","South East",0.86125888067831
7506,"2021-12-08","South West",0.868651269624068
7507,"2021-12-08","Midlands",0.827563010286539
7508,"2021-12-08","North East and Yorkshire",0.844884507295223
7509,"2021-12-08","East of England",0.833590976579966
7510,"2021-12-08","North West",0.884864455337007
7511,"2021-12-09","London",0.734432237961793
7512,"2021-12-09","South East",0.760806678546099
7513,"2021-12-09","South West",0.807095238771886
7514,"2021-12-09","Midlands",0.759089221521301
7515,"2021-12-09","North East and Yorkshire",0.756477695042738
7516,"2021-12-09","East of England",0.739403714537614
7517,"2021-12-09","North West",0.852881916313373
7518,"2021-12-10","London",0.754626108591537
7519,"2021-12-10","South East",0.774014929695273
7520,"2021-12-10","South West",0.798855972713319
7521,"2021-12-10","Midlands",0.813734913509944
7522,"2021-12-10","North East and Yorkshire",0.807596053344642
7523,"2021-12-10","East of England",0.776390164821961
7524,"2021-12-10","North West",0.884633129861678
7525,"2021-12-11","London",0.796199061066501
7526,"2021-12-11","South East",0.816818628640951
7527,"2021-12-11","South West",0.855461889965024
7528,"2021-12-11","Midlands",0.800382933164482
7529,"2021-12-11","North East and Yorkshire",0.828787869665064
7530,"2021-12-11","East of England",0.774375260800068
7531,"2021-12-11","North West",0.857963597337249
7532,"2021-12-12","London",0.868349358289664
7533,"2021-12-12","South East",0.888548327821746
7534,"2021-12-12","South West",0.920075590670178
7535,"2021-12-12","Midlands",0.847081826529152
7536,"2021-12-12","North East and Yorkshire",0.795676873707931
7537,"2021-12-12","East of England",0.849401067797687
7538,"2021-12-12","North West",0.848403199743035
7539,"2021-12-13","London",0.910876268342731
7540,"2021-12-13","South East",0.923780335310206
7541,"2021-12-13","South West",0.93047556118708
7542,"2021-12-13","Midlands",0.842406213045088
7543,"2021-12-13","North East and Yorkshire",0.823062578124147
7544,"2021-12-13","East of England",0.881539763634535
7545,"2021-12-13","North West",0.837085463626631
7546,"2021-12-14","London",0.930689149616543
7547,"2021-12-14","South East",0.928326567743219
7548,"2021-12-14","South West",0.914987375275384
7549,"2021-12-14","Midlands",0.894760435556543
7550,"2021-12-14","North East and Yorkshire",0.833599235826788
7551,"2021-12-14","East of England",0.921871586196231
7552,"2021-12-14","North West",0.870336687488387
7553,"2021-12-15","London",0.858484254728303
7554,"2021-12-15","South East",0.86125888067831
7555,"2021-12-15","South West",0.868651269624068
7556,"2021-12-15","Midlands",0.827563010286539
7557,"2021-12-15","North East and Yorkshire",0.844884507295223
7558,"2021-12-15","East of England",0.833590976579966
7559,"2021-12-15","North West",0.884864455337007
7560,"2021-12-16","London",0.734432237961793
7561,"2021-12-16","South East",0.760806678546099
7562,"2021-12-16","South West",0.807095238771886
7563,"2021-12-16","Midlands",0.759089221521301
7564,"2021-12-16","North East and Yorkshire",0.756477695042738
7565,"2021-12-16","East of England",0.739403714537614
7566,"2021-12-16","North West",0.852881916313373
7567,"2021-12-17","London",0.754626108591537
7568,"2021-12-17","South East",0.774014929695273
7569,"2021-12-17","South West",0.798855972713319
7570,"2021-12-17","Midlands",0.813734913509944
7571,"2021-12-17","North East and Yorkshire",0.807596053344642
7572,"2021-12-17","East of England",0.776390164821961
7573,"2021-12-17","North West",0.884633129861678
7574,"2021-12-18","London",0.796199061066501
7575,"2021-12-18","South East",0.816818628640951
7576,"2021-12-18","South West",0.855461889965024
7577,"2021-12-18","Midlands",0.800382933164482
7578,"2021-12-18","North East and Yorkshire",0.828787869665064
7579,"2021-12-18","East of England",0.774375260800068
7580,"2021-12-18","North West",0.857963597337249
7581,"2021-12-19","London",0.868349358289664
7582,"2021-12-19","South East",0.888548327821746
7583,"2021-12-19","South West",0.920075590670178
7584,"2021-12-19","Midlands",0.847081826529152
7585,"2021-12-19","North East and Yorkshire",0.795676873707931
7586,"2021-12-19","East of England",0.849401067797687
7587,"2021-12-19","North West",0.848403199743035
7588,"2021-12-20","London",0.910876268342731
7589,"2021-12-20","South East",0.923780335310206
7590,"2021-12-20","South West",0.93047556118708
7591,"2021-12-20","Midlands",0.842406213045088
7592,"2021-12-20","North East and Yorkshire",0.823062578124147
7593,"2021-12-20","East of England",0.881539763634535
7594,"2021-12-20","North West",0.837085463626631
7595,"2021-12-21","London",0.962281557276346
7596,"2021-12-21","South East",0.92968557984705
7597,"2021-12-21","South West",0.962796847271814
7598,"2021-12-21","Midlands",0.978080007387348
7599,"2021-12-21","North East and Yorkshire",0.938236213743247
7600,"2021-12-21","East of England",0.960565964325749
7601,"2021-12-21","North West",0.95977381829321
7602,"2021-12-22","London",0.927286647778165
7603,"2021-12-22","South East",0.894642876901653
7604,"2021-12-22","South West",0.914625921202187
7605,"2021-12-22","Midlands",0.946513285111905
7606,"2021-12-22","North East and Yorkshire",0.94787641007135
7607,"2021-12-22","East of England",0.935325027011015
7608,"2021-12-22","North West",0.935539943825019
7609,"2021-12-23","London",0.878889443302623
7610,"2021-12-23","South East",0.879042011662278
7611,"2021-12-23","South West",0.910745214195447
7612,"2021-12-23","Midlands",0.907746665052752
7613,"2021-12-23","North East and Yorkshire",0.91250201189299
7614,"2021-12-23","East of England",0.884465365154108
7615,"2021-12-23","North West",0.898733060601241
7616,"2021-12-24","London",0.949830521589704
7617,"2021-12-24","South East",0.923261868263502
7618,"2021-12-24","South West",0.927153794554564
7619,"2021-12-24","Midlands",0.941604110163243
7620,"2021-12-24","North East and Yorkshire",0.919149452338791
7621,"2021-12-24","East of England",0.942463434366786
7622,"2021-12-24","North West",0.923676758605737
7623,"2021-12-25","London",0.92362413103499
7624,"2021-12-25","South East",0.909642723891234
7625,"2021-12-25","South West",0.916917956729404
7626,"2021-12-25","Midlands",0.941646424292797
7627,"2021-12-25","North East and Yorkshire",0.941926735730298
7628,"2021-12-25","East of England",0.918264484660031
7629,"2021-12-25","North West",0.945404858360018
7630,"2021-12-26","London",0.901969181216036
7631,"2021-12-26","South East",0.889645152896439
7632,"2021-12-26","South West",0.885935707219684
7633,"2021-12-26","Midlands",0.91844645980755
7634,"2021-12-26","North East and Yorkshire",0.934937380796191
7635,"2021-12-26","East of England",0.916287260572253
7636,"2021-12-26","North West",0.930281543626255
7637,"2021-12-27","London",0.848097678816253
7638,"2021-12-27","South East",0.842567314966155
7639,"2021-12-27","South West",0.847324370011072
7640,"2021-12-27","Midlands",0.844114847552365
7641,"2021-12-27","North East and Yorkshire",0.842428546569067
7642,"2021-12-27","East of England",0.84867104914339
7643,"2021-12-27","North West",0.858208463593356
7644,"2021-12-28","London",0.844119098790819
7645,"2021-12-28","South East",0.837704798231018
7646,"2021-12-28","South West",0.793534682946533
7647,"2021-12-28","Midlands",0.783360585750317
7648,"2021-12-28","North East and Yorkshire",0.756309951856678
7649,"2021-12-28","East of England",0.818039167452952
7650,"2021-12-28","North West",0.758310607478603
7651,"2021-12-29","London",0.822461154919154
7652,"2021-12-29","South East",0.817251702594807
7653,"2021-12-29","South West",0.794484646246257
7654,"2021-12-29","Midlands",0.795884375834125
7655,"2021-12-29","North East and Yorkshire",0.810013899028284
7656,"2021-12-29","East of England",0.805864418087215
7657,"2021-12-29","North West",0.803657482627475
7658,"2021-12-30","London",0.943742392142953
7659,"2021-12-30","South East",0.89921782304148
7660,"2021-12-30","South West",0.869518478084115
7661,"2021-12-30","Midlands",0.948590668807697
7662,"2021-12-30","North East and Yorkshire",0.941458428614654
7663,"2021-12-30","East of England",0.935460103871805
7664,"2021-12-30","North West",0.92216790581084
7665,"2021-12-31","London",0.919143376501171
7666,"2021-12-31","South East",0.889020721587324
7667,"2021-12-31","South West",0.943615052026028
7668,"2021-12-31","Midlands",0.955518507536852
7669,"2021-12-31","North East and Yorkshire",0.953938297562774
7670,"2021-12-31","East of England",0.898071287292745
7671,"2021-12-31","North West",0.951194590829976
7672,"2022-01-01","London",0.875488491279303
7673,"2022-01-01","South East",0.867603844582543
7674,"2022-01-01","South West",0.862119231521896
7675,"2022-01-01","Midlands",0.871448723751458
7676,"2022-01-01","North East and Yorkshire",0.873347706731038
7677,"2022-01-01","East of England",0.873951206969074
7678,"2022-01-01","North West",0.887390714449435
7679,"2022-01-02","London",0.897803479727611
7680,"2022-01-02","South East",0.899311528693604
7681,"2022-01-02","South West",0.912765994104891
7682,"2022-01-02","Midlands",0.882840609532902
7683,"2022-01-02","North East and Yorkshire",0.871186268422493
7684,"2022-01-02","East of England",0.883198939783333
7685,"2022-01-02","North West",0.913118288907642
7686,"2022-01-03","London",0.83459982517826
7687,"2022-01-03","South East",0.851853641141431
7688,"2022-01-03","South West",0.876671339183989
7689,"2022-01-03","Midlands",0.827284565201548
7690,"2022-01-03","North East and Yorkshire",0.791816546944109
7691,"2022-01-03","East of England",0.824229758437692
7692,"2022-01-03","North West",0.830755326733367
7693,"2022-01-04","London",0.890774534440243
7694,"2022-01-04","South East",0.879599437789637
7695,"2022-01-04","South West",0.871680222243514
7696,"2022-01-04","Midlands",0.905745573026619
7697,"2022-01-04","North East and Yorkshire",0.890447296071328
7698,"2022-01-04","East of England",0.880260887867524
7699,"2022-01-04","North West",0.941451942105414
7700,"2022-01-05","London",0.897019668633968
7701,"2022-01-05","South East",0.874934723325189
7702,"2022-01-05","South West",0.855589824432248
7703,"2022-01-05","Midlands",0.900447880398834
7704,"2022-01-05","North East and Yorkshire",0.867001921608518
7705,"2022-01-05","East of England",0.90523449085355
7706,"2022-01-05","North West",0.881788485293523
7707,"2022-01-06","London",0.952035924653437
7708,"2022-01-06","South East",0.914656869682141
7709,"2022-01-06","South West",0.947534229755333
7710,"2022-01-06","Midlands",0.945844421297987
7711,"2022-01-06","North East and Yorkshire",0.92694822731383
7712,"2022-01-06","East of England",0.935006938611995
7713,"2022-01-06","North West",0.950339199295069
7714,"2022-01-07","London",0.941866717968808
7715,"2022-01-07","South East",0.921052022640948
7716,"2022-01-07","South West",0.918221023044284
7717,"2022-01-07","Midlands",0.918508040850201
7718,"2022-01-07","North East and Yorkshire",0.903869001294049
7719,"2022-01-07","East of England",0.930996941404175
7720,"2022-01-07","North West",0.943162888235687
7721,"2022-01-08","London",0.893990874325954
7722,"2022-01-08","South East",0.890950654541482
7723,"2022-01-08","South West",0.89760577686888
7724,"2022-01-08","Midlands",0.887667147732782
7725,"2022-01-08","North East and Yorkshire",0.867839338577262
7726,"2022-01-08","East of England",0.886590416301987
7727,"2022-01-08","North West",0.890232139337527
7728,"2022-01-09","London",0.772846304528257
7729,"2022-01-09","South East",0.75718223507989
7730,"2022-01-09","South West",0.735809408664676
7731,"2022-01-09","Midlands",0.755873578594865
7732,"2022-01-09","North East and Yorkshire",0.736618336706254
7733,"2022-01-09","East of England",0.775073688930174
7734,"2022-01-09","North West",0.745549586247839
7735,"2022-01-10","London",0.67184303038456
7736,"2022-01-10","South East",0.68668302022667
7737,"2022-01-10","South West",0.748429148726005
7738,"2022-01-10","Midlands",0.707320378995492
7739,"2022-01-10","North East and Yorkshire",0.69441199392285
7740,"2022-01-10","East of England",0.692273524374125
7741,"2022-01-10","North West",0.733589954754192
7742,"2022-01-11","London",0.818946891253383
7743,"2022-01-11","South East",0.832941746950931
7744,"2022-01-11","South West",0.839186447224631
7745,"2022-01-11","Midlands",0.823466507551472
7746,"2022-01-11","North East and Yorkshire",0.764559332836311
7747,"2022-01-11","East of England",0.802540686385317
7748,"2022-01-11","North West",0.847059839984151
7749,"2022-01-12","London",0.786187007037204
7750,"2022-01-12","South East",0.79587079435209
7751,"2022-01-12","South West",0.809247321241439
7752,"2022-01-12","Midlands",0.806569212452217
7753,"2022-01-12","North East and Yorkshire",0.773604860768957
7754,"2022-01-12","East of England",0.766132495760846
7755,"2022-01-12","North West",0.808036492623109
7756,"2022-01-13","London",0.765791755165125
7757,"2022-01-13","South East",0.77781064963809
7758,"2022-01-13","South West",0.748424627914223
7759,"2022-01-13","Midlands",0.746587753502102
7760,"2022-01-13","North East and Yorkshire",0.787279715483736
7761,"2022-01-13","East of England",0.778412930757956
7762,"2022-01-13","North West",0.790005570488085
7763,"2022-01-14","London",0.806535993677306
7764,"2022-01-14","South East",0.796839761976882
7765,"2022-01-14","South West",0.843419607772603
7766,"2022-01-14","Midlands",0.835377802486084
7767,"2022-01-14","North East and Yorkshire",0.839157928037702
7768,"2022-01-14","East of England",0.817568299408075
7769,"2022-01-14","North West",0.846571447170747
7770,"2022-01-15","London",0.829855265935805
7771,"2022-01-15","South East",0.831708422862741
7772,"2022-01-15","South West",0.861234569140558
7773,"2022-01-15","Midlands",0.828564211597052
7774,"2022-01-15","North East and Yorkshire",0.815709578358975
7775,"2022-01-15","East of England",0.836459519801143
7776,"2022-01-15","North West",0.822856586520402
7777,"2022-01-16","London",0.858136389954236
7778,"2022-01-16","South East",0.854458726932368
7779,"2022-01-16","South West",0.870984870585117
7780,"2022-01-16","Midlands",0.868136626205463
7781,"2022-01-16","North East and Yorkshire",0.889941988383388
7782,"2022-01-16","East of England",0.877874061096367
7783,"2022-01-16","North West",0.893525278593957
7784,"2022-01-17","London",0.881584720901572
7785,"2022-01-17","South East",0.885709742779263
7786,"2022-01-17","South West",0.887580392791057
7787,"2022-01-17","Midlands",0.862809017331338
7788,"2022-01-17","North East and Yorkshire",0.823878001739538
7789,"2022-01-17","East of England",0.87055428553257
7790,"2022-01-17","North West",0.873561793828568
7791,"2022-01-18","London",0.911579493272792
7792,"2022-01-18","South East",0.905936358694566
7793,"2022-01-18","South West",0.93684919434628
7794,"2022-01-18","Midlands",0.87841479165934
7795,"2022-01-18","North East and Yorkshire",0.848087138040673
7796,"2022-01-18","East of England",0.890167036055633
7797,"2022-01-18","North West",0.851261464570283
7798,"2022-01-19","London",0.967963317102616
7799,"2022-01-19","South East",0.945071109323897
7800,"2022-01-19","South West",0.952033152226138
7801,"2022-01-19","Midlands",0.954060255867865
7802,"2022-01-19","North East and Yorkshire",0.898688343423403
7803,"2022-01-19","East of England",0.93137631927304
7804,"2022-01-19","North West",0.946360133612508
7805,"2022-01-20","London",0.972848608949107
7806,"2022-01-20","South East",0.942264754410018
7807,"2022-01-20","South West",0.897010686064023
7808,"2022-01-20","Midlands",0.968674495284514
7809,"2022-01-20","North East and Yorkshire",0.958975267017364
7810,"2022-01-20","East of England",0.934117988422337
7811,"2022-01-20","North West",0.949755241199109
7812,"2022-01-21","London",0.910243027583778
7813,"2022-01-21","South East",0.873867763975712
7814,"2022-01-21","South West",0.900291167501545
7815,"2022-01-21","Midlands",0.961512609442317
7816,"2022-01-21","North East and Yorkshire",0.958060767437884
7817,"2022-01-21","East of England",0.9046799326978
7818,"2022-01-21","North West",0.954342071873029
7819,"2022-01-22","London",0.903133833407285
7820,"2022-01-22","South East",0.876926675004101
7821,"2022-01-22","South West",0.867553953455426
7822,"2022-01-22","Midlands",0.885878845308209
7823,"2022-01-22","North East and Yorkshire",0.896401600545019
7824,"2022-01-22","East of England",0.907214948668749
7825,"2022-01-22","North West",0.882096744396292
7826,"2022-01-23","London",0.824761323700962
7827,"2022-01-23","South East",0.829297040159554
7828,"2022-01-23","South West",0.81994710088634
7829,"2022-01-23","Midlands",0.831114829191669
7830,"2022-01-23","North East and Yorkshire",0.849503695640343
7831,"2022-01-23","East of England",0.840532254735012
7832,"2022-01-23","North West",0.863871030608523
7833,"2022-01-24","London",0.91788561061707
7834,"2022-01-24","South East",0.90421088802597
7835,"2022-01-24","South West",0.925155450228046
7836,"2022-01-24","Midlands",0.911537070945697
7837,"2022-01-24","North East and Yorkshire",0.867918104521242
7838,"2022-01-24","East of England",0.902334490266829
7839,"2022-01-24","North West",0.894954421866647
7840,"2022-01-25","London",0.630406920456879
7841,"2022-01-25","South East",0.65938865753618
7842,"2022-01-25","South West",0.70309684175135
7843,"2022-01-25","Midlands",0.683127846001648
7844,"2022-01-25","North East and Yorkshire",0.766581132998616
7845,"2022-01-25","East of England",0.617027143056994
7846,"2022-01-25","North West",0.744991613622702
7847,"2022-01-26","London",0.73379112158112
7848,"2022-01-26","South East",0.75786725904616
7849,"2022-01-26","South West",0.791311991046677
7850,"2022-01-26","Midlands",0.71187120618364
7851,"2022-01-26","North East and Yorkshire",0.773452321997617
7852,"2022-01-26","East of England",0.693284399896104
7853,"2022-01-26","North West",0.757582194037849
7854,"2022-01-27","London",0.865095587436253
7855,"2022-01-27","South East",0.850266295748328
7856,"2022-01-27","South West",0.848370588215989
7857,"2022-01-27","Midlands",0.868860948169246
7858,"2022-01-27","North East and Yorkshire",0.907436976746295
7859,"2022-01-27","East of England",0.853166325052612
7860,"2022-01-27","North West",0.905630550881067
7861,"2022-01-28","London",0.85241557345399
7862,"2022-01-28","South East",0.869778474877269
7863,"2022-01-28","South West",0.915016859311013
7864,"2022-01-28","Midlands",0.89489371037827
7865,"2022-01-28","North East and Yorkshire",0.879201351651667
7866,"2022-01-28","East of England",0.847192510207349
7867,"2022-01-28","North West",0.900995947183263
7868,"2022-01-29","London",0.90734563590432
7869,"2022-01-29","South East",0.907201773996348
7870,"2022-01-29","South West",0.943719879485782
7871,"2022-01-29","Midlands",0.922762119076706
7872,"2022-01-29","North East and Yorkshire",0.889933827477629
7873,"2022-01-29","East of England",0.898098037872914
7874,"2022-01-29","North West",0.895723819181805
7875,"2022-01-30","London",0.885118355473875
7876,"2022-01-30","South East",0.879285800514189
7877,"2022-01-30","South West",0.858954622130178
7878,"2022-01-30","Midlands",0.833642535236458
7879,"2022-01-30","North East and Yorkshire",0.768591647758271
7880,"2022-01-30","East of England",0.868682851753698
7881,"2022-01-30","North West",0.770529965044363
7882,"2022-01-31","London",0.721089699010558
7883,"2022-01-31","South East",0.739604450074089
7884,"2022-01-31","South West",0.774556942345282
7885,"2022-01-31","Midlands",0.744930795215055
7886,"2022-01-31","North East and Yorkshire",0.726402388614745
7887,"2022-01-31","East of England",0.71880699435321
7888,"2022-01-31","North West",0.742562616092515
7889,"2022-02-01","London",0.780330080115171
7890,"2022-02-01","South East",0.788667285078768
7891,"2022-02-01","South West",0.816119824488001
7892,"2022-02-01","Midlands",0.793896559261892
7893,"2022-02-01","North East and Yorkshire",0.821714865935222
7894,"2022-02-01","East of England",0.775864797962033
7895,"2022-02-01","North West",0.858384471905149
7896,"2022-02-02","London",0.743995742619263
7897,"2022-02-02","South East",0.723736763256121
7898,"2022-02-02","South West",0.734289900507766
7899,"2022-02-02","Midlands",0.795208664421143
7900,"2022-02-02","North East and Yorkshire",0.797353320205519
7901,"2022-02-02","East of England",0.760091648929033
7902,"2022-02-02","North West",0.86120957434844
7903,"2022-02-03","London",0.775769904793854
7904,"2022-02-03","South East",0.761904712140165
7905,"2022-02-03","South West",0.776415317893086
7906,"2022-02-03","Midlands",0.795361819143071
7907,"2022-02-03","North East and Yorkshire",0.770013349622236
7908,"2022-02-03","East of England",0.77947542245629
7909,"2022-02-03","North West",0.808829676748194
7910,"2022-02-04","London",0.901133728685231
7911,"2022-02-04","South East",0.885678582915265
7912,"2022-02-04","South West",0.912514653317681
7913,"2022-02-04","Midlands",0.910630938396178
7914,"2022-02-04","North East and Yorkshire",0.891769714459354
7915,"2022-02-04","East of England",0.884688396787414
7916,"2022-02-04","North West",0.91263629879771
7917,"2022-02-05","London",0.767995565104619
7918,"2022-02-05","South East",0.779287615953342
7919,"2022-02-05","South West",0.806150134015456
7920,"2022-02-05","Midlands",0.789864451826497
7921,"2022-02-05","North East and Yorkshire",0.805351100998211
7922,"2022-02-05","East of England",0.765700351031309
7923,"2022-02-05","North West",0.806474162130022
7924,"2022-02-06","London",0.703726804159529
7925,"2022-02-06","South East",0.727348913464511
7926,"2022-02-06","South West",0.79268327679737
7927,"2022-02-06","Midlands",0.706804709163589
7928,"2022-02-06","North East and Yorkshire",0.707148769502423
7929,"2022-02-06","East of England",0.702150436889124
7930,"2022-02-06","North West",0.711154279814348
7931,"2022-02-07","London",0.774676298710459
7932,"2022-02-07","South East",0.769242976670462
7933,"2022-02-07","South West",0.779665256946087
7934,"2022-02-07","Midlands",0.771463232991882
7935,"2022-02-07","North East and Yorkshire",0.796406609337849
7936,"2022-02-07","East of England",0.776773556988323
7937,"2022-02-07","North West",0.820790425558686
7938,"2022-02-08","London",0.903372151314764
7939,"2022-02-08","South East",0.890780367859727
7940,"2022-02-08","South West",0.888972253504609
7941,"2022-02-08","Midlands",0.87740107120561
7942,"2022-02-08","North East and Yorkshire",0.859335811046909
7943,"2022-02-08","East of England",0.898627963509145
7944,"2022-02-08","North West",0.869258361514664
7945,"2022-02-09","London",0.901281839587722
7946,"2022-02-09","South East",0.888488026725321
7947,"2022-02-09","South West",0.889254052786002
7948,"2022-02-09","Midlands",0.860264982420357
7949,"2022-02-09","North East and Yorkshire",0.815942750055129
7950,"2022-02-09","East of England",0.888926154510488
7951,"2022-02-09","North West",0.835150595083388
7952,"2022-02-10","London",0.789953781995801
7953,"2022-02-10","South East",0.796365724642141
7954,"2022-02-10","South West",0.779236822334267
7955,"2022-02-10","Midlands",0.76463273099231
7956,"2022-02-10","North East and Yorkshire",0.789346905878142
7957,"2022-02-10","East of England",0.78426932507589
7958,"2022-02-10","North West",0.811504349097109
7959,"2022-02-11","London",0.859147632187939
7960,"2022-02-11","South East",0.859284802412528
7961,"2022-02-11","South West",0.859350625684406
7962,"2022-02-11","Midlands",0.848457339888762
7963,"2022-02-11","North East and Yorkshire",0.834794265498143
7964,"2022-02-11","East of England",0.847487596112115
7965,"2022-02-11","North West",0.854810313241898
7966,"2022-02-12","London",0.725159023749256
7967,"2022-02-12","South East",0.743741061536186
7968,"2022-02-12","South West",0.855899458446278
7969,"2022-02-12","Midlands",0.809686258615134
7970,"2022-02-12","North East and Yorkshire",0.831042673785119
7971,"2022-02-12","East of England",0.732675840236857
7972,"2022-02-12","North West",0.874662878608239
7973,"2022-02-13","London",0.811253277030775
7974,"2022-02-13","South East",0.839906501728109
7975,"2022-02-13","South West",0.913874897153296
7976,"2022-02-13","Midlands",0.885915334095001
7977,"2022-02-13","North East and Yorkshire",0.828734892931965
7978,"2022-02-13","East of England",0.815734349118718
7979,"2022-02-13","North West",0.867774155844954
7980,"2022-02-14","London",0.900136632734366
7981,"2022-02-14","South East",0.903321575729519
7982,"2022-02-14","South West",0.869050351076504
7983,"2022-02-14","Midlands",0.87562998954795
7984,"2022-02-14","North East and Yorkshire",0.863387083586302
7985,"2022-02-14","East of England",0.901050678209214
7986,"2022-02-14","North West",0.850286681241154
7987,"2022-02-15","London",0.956930276327727
7988,"2022-02-15","South East",0.95644487306181
7989,"2022-02-15","South West",0.980838770254201
7990,"2022-02-15","Midlands",0.96133465682832
7991,"2022-02-15","North East and Yorkshire",0.945909643974764
7992,"2022-02-15","East of England",0.942967163677237
7993,"2022-02-15","North West",0.95642633964431
7994,"2022-02-16","London",0.935954222947594
7995,"2022-02-16","South East",0.949086546702891
7996,"2022-02-16","South West",0.910179884152857
7997,"2022-02-16","Midlands",0.90318600257202
7998,"2022-02-16","North East and Yorkshire",0.87869304842051
7999,"2022-02-16","East of England",0.929421805700461
8000,"2022-02-16","North West",0.894392796812473
8001,"2022-02-17","London",0.743595460645878
8002,"2022-02-17","South East",0.764400698151141
8003,"2022-02-17","South West",0.798598341494132
8004,"2022-02-17","Midlands",0.829002942093363
8005,"2022-02-17","North East and Yorkshire",0.893430722873404
8006,"2022-02-17","East of England",0.750788123798036
8007,"2022-02-17","North West",0.893883699923304
8008,"2022-02-18","London",0.893920443964087
8009,"2022-02-18","South East",0.884338223576242
8010,"2022-02-18","South West",0.86992162979834
8011,"2022-02-18","Midlands",0.848952554632192
8012,"2022-02-18","North East and Yorkshire",0.821014284800529
8013,"2022-02-18","East of England",0.877825593456169
8014,"2022-02-18","North West",0.826401629562339
8015,"2022-02-19","London",0.739777083192152
8016,"2022-02-19","South East",0.770273000293792
8017,"2022-02-19","South West",0.800378014554444
8018,"2022-02-19","Midlands",0.712577081498843
8019,"2022-02-19","North East and Yorkshire",0.761387303535068
8020,"2022-02-19","East of England",0.715393801370622
8021,"2022-02-19","North West",0.760488473255285
8022,"2022-02-20","London",0.869366474289666
8023,"2022-02-20","South East",0.853305409605866
8024,"2022-02-20","South West",0.822810398441197
8025,"2022-02-20","Midlands",0.866211841774603
8026,"2022-02-20","North East and Yorkshire",0.844429969360437
8027,"2022-02-20","East of England",0.881512292236717
8028,"2022-02-20","North West",0.872852419385628
8029,"2022-02-21","London",0.807159330487631
8030,"2022-02-21","South East",0.79754699856526
8031,"2022-02-21","South West",0.815694550636143
8032,"2022-02-21","Midlands",0.830050058413454
8033,"2022-02-21","North East and Yorkshire",0.830394308243974
8034,"2022-02-21","East of England",0.826439836549965
8035,"2022-02-21","North West",0.865225584501064
8036,"2022-02-22","London",0.848839766797262
8037,"2022-02-22","South East",0.838060972522537
8038,"2022-02-22","South West",0.828636707706796
8039,"2022-02-22","Midlands",0.736553034053675
8040,"2022-02-22","North East and Yorkshire",0.680351856286061
8041,"2022-02-22","East of England",0.794992945806277
8042,"2022-02-22","North West",0.685607150039367
8043,"2022-02-23","London",0.9612812976378
8044,"2022-02-23","South East",0.952776132434609
8045,"2022-02-23","South West",0.952173264628188
8046,"2022-02-23","Midlands",0.808504762048892
8047,"2022-02-23","North East and Yorkshire",0.75812286784778
8048,"2022-02-23","East of England",0.853220037199564
8049,"2022-02-23","North West",0.748016827276896
8050,"2022-02-24","London",0.975985526396164
8051,"2022-02-24","South East",0.96266448732803
8052,"2022-02-24","South West",0.952851094745216
8053,"2022-02-24","Midlands",0.96236149835112
8054,"2022-02-24","North East and Yorkshire",0.871553783530004
8055,"2022-02-24","East of England",0.954758113778088
8056,"2022-02-24","North West",0.88761926184901
8057,"2022-02-25","London",0.869421945307425
8058,"2022-02-25","South East",0.834113236979005
8059,"2022-02-25","South West",0.816545494033021
8060,"2022-02-25","Midlands",0.81813830331081
8061,"2022-02-25","North East and Yorkshire",0.797119204793062
8062,"2022-02-25","East of England",0.874187530471045
8063,"2022-02-25","North West",0.772384114372566
8064,"2022-02-26","London",0.785548745738453
8065,"2022-02-26","South East",0.804693835964387
8066,"2022-02-26","South West",0.874941329814221
8067,"2022-02-26","Midlands",0.792213378520142
8068,"2022-02-26","North East and Yorkshire",0.728406690957608
8069,"2022-02-26","East of England",0.745608566242393
8070,"2022-02-26","North West",0.824511031236151
8071,"2022-02-27","London",0.881712076816225
8072,"2022-02-27","South East",0.896605397956248
8073,"2022-02-27","South West",0.911489296932127
8074,"2022-02-27","Midlands",0.846790843920644
8075,"2022-02-27","North East and Yorkshire",0.852141686207174
8076,"2022-02-27","East of England",0.855222015685388
8077,"2022-02-27","North West",0.867466110584688
8078,"2022-02-28","London",0.811272532667643
8079,"2022-02-28","South East",0.838222290241248
8080,"2022-02-28","South West",0.851872426485854
8081,"2022-02-28","Midlands",0.826450792133817
8082,"2022-02-28","North East and Yorkshire",0.856413425253366
8083,"2022-02-28","East of England",0.793550026816003
8084,"2022-02-28","North West",0.880700034354995
8085,"2022-03-01","London",0.663950625534559
8086,"2022-03-01","South East",0.704614147924086
8087,"2022-03-01","South West",0.764991684162575
8088,"2022-03-01","Midlands",0.691426026659442
8089,"2022-03-01","North East and Yorkshire",0.689648316773515
8090,"2022-03-01","East of England",0.667343705646325
8091,"2022-03-01","North West",0.683571558497087
8092,"2022-03-02","London",0.779582517879908
8093,"2022-03-02","South East",0.791594993564504
8094,"2022-03-02","South West",0.828422107867018
8095,"2022-03-02","Midlands",0.748394221889161
8096,"2022-03-02","North East and Yorkshire",0.71392658757117
8097,"2022-03-02","East of England",0.765286849591206
8098,"2022-03-02","North West",0.745457296722306
8099,"2022-03-03","London",0.742533047248437
8100,"2022-03-03","South East",0.769990061566151
8101,"2022-03-03","South West",0.803675387196239
8102,"2022-03-03","Midlands",0.755760893271655
8103,"2022-03-03","North East and Yorkshire",0.758464076593897
8104,"2022-03-03","East of England",0.744382968060682
8105,"2022-03-03","North West",0.760584882354177
8106,"2022-03-04","London",0.82154783255402
8107,"2022-03-04","South East",0.844849527791885
8108,"2022-03-04","South West",0.884668095308814
8109,"2022-03-04","Midlands",0.842206579670577
8110,"2022-03-04","North East and Yorkshire",0.804847487133744
8111,"2022-03-04","East of England",0.797975674330727
8112,"2022-03-04","North West",0.818072045860196
8113,"2022-03-05","London",0.774663500665598
8114,"2022-03-05","South East",0.803071025167725
8115,"2022-03-05","South West",0.79530261260889
8116,"2022-03-05","Midlands",0.752546907686564
8117,"2022-03-05","North East and Yorkshire",0.759426202245275
8118,"2022-03-05","East of England",0.775487601635308
8119,"2022-03-05","North West",0.740813992988098
8120,"2022-03-06","London",0.836943904329754
8121,"2022-03-06","South East",0.838871247083828
8122,"2022-03-06","South West",0.826799677356271
8123,"2022-03-06","Midlands",0.780229262762053
8124,"2022-03-06","North East and Yorkshire",0.771476751918212
8125,"2022-03-06","East of England",0.843526217655249
8126,"2022-03-06","North West",0.745927791906208
8127,"2022-03-07","London",0.827914766892189
8128,"2022-03-07","South East",0.847903665401581
8129,"2022-03-07","South West",0.825592616212635
8130,"2022-03-07","Midlands",0.737817414777414
8131,"2022-03-07","North East and Yorkshire",0.720423657241389
8132,"2022-03-07","East of England",0.792003481230769
8133,"2022-03-07","North West",0.769934814589123
8134,"2022-03-08","London",0.787717804701046
8135,"2022-03-08","South East",0.808427782064968
8136,"2022-03-08","South West",0.800336432961874
8137,"2022-03-08","Midlands",0.769084331227333
8138,"2022-03-08","North East and Yorkshire",0.77825343061139
8139,"2022-03-08","East of England",0.788110283208728
8140,"2022-03-08","North West",0.784966156305445
8141,"2022-03-09","London",0.709811447682915
8142,"2022-03-09","South East",0.745648641520548
8143,"2022-03-09","South West",0.804014365787999
8144,"2022-03-09","Midlands",0.769187434351996
8145,"2022-03-09","North East and Yorkshire",0.826361613081897
8146,"2022-03-09","East of England",0.717693977337025
8147,"2022-03-09","North West",0.888464194977035
8148,"2022-03-10","London",0.788405028798432
8149,"2022-03-10","South East",0.804648782657421
8150,"2022-03-10","South West",0.806444353926879
8151,"2022-03-10","Midlands",0.761876474289348
8152,"2022-03-10","North East and Yorkshire",0.782174682292371
8153,"2022-03-10","East of England",0.762739154156458
8154,"2022-03-10","North West",0.850902001456793
8155,"2022-03-11","London",0.73526232736758
8156,"2022-03-11","South East",0.757963732532089
8157,"2022-03-11","South West",0.833823113306233
8158,"2022-03-11","Midlands",0.789889004209872
8159,"2022-03-11","North East and Yorkshire",0.819062954362637
8160,"2022-03-11","East of England",0.757450864366327
8161,"2022-03-11","North West",0.850229965202413
8162,"2022-03-12","London",0.79899679631744
8163,"2022-03-12","South East",0.803036706067914
8164,"2022-03-12","South West",0.820526937011464
8165,"2022-03-12","Midlands",0.831590570242597
8166,"2022-03-12","North East and Yorkshire",0.837111607659254
8167,"2022-03-12","East of England",0.829139779076306
8168,"2022-03-12","North West",0.876498520049905
8169,"2022-03-13","London",0.869774103904483
8170,"2022-03-13","South East",0.847470444658182
8171,"2022-03-13","South West",0.803497649268224
8172,"2022-03-13","Midlands",0.846077116632096
8173,"2022-03-13","North East and Yorkshire",0.858938826442392
8174,"2022-03-13","East of England",0.897122494478856
8175,"2022-03-13","North West",0.855851633546991
8176,"2022-03-14","London",0.896940593929838
8177,"2022-03-14","South East",0.868655967427271
8178,"2022-03-14","South West",0.847201118050195
8179,"2022-03-14","Midlands",0.929186119538639
8180,"2022-03-14","North East and Yorkshire",0.947171511002863
8181,"2022-03-14","East of England",0.925066331860273
8182,"2022-03-14","North West",0.894866395563794
8183,"2022-03-15","London",0.857769335626387
8184,"2022-03-15","South East",0.893017200120067
8185,"2022-03-15","South West",0.882077802312627
8186,"2022-03-15","Midlands",0.768807408512389
8187,"2022-03-15","North East and Yorkshire",0.759093941250735
8188,"2022-03-15","East of England",0.825231186289104
8189,"2022-03-15","North West",0.71319043452502
8190,"2022-03-16","London",0.678757203084783
8191,"2022-03-16","South East",0.700849602265617
8192,"2022-03-16","South West",0.730144164080652
8193,"2022-03-16","Midlands",0.704101299119844
8194,"2022-03-16","North East and Yorkshire",0.707861810343008
8195,"2022-03-16","East of England",0.679693027748941
8196,"2022-03-16","North West",0.694650031950144
8197,"2022-03-17","London",0.644527397977046
8198,"2022-03-17","South East",0.665116577013872
8199,"2022-03-17","South West",0.711906232330681
8200,"2022-03-17","Midlands",0.66111957340053
8201,"2022-03-17","North East and Yorkshire",0.653545651848147
8202,"2022-03-17","East of England",0.635534260255236
8203,"2022-03-17","North West",0.671288584029243
8204,"2022-03-18","London",0.669763140891119
8205,"2022-03-18","South East",0.65997260247113
8206,"2022-03-18","South West",0.693905919634731
8207,"2022-03-18","Midlands",0.662611188728954
8208,"2022-03-18","North East and Yorkshire",0.680452794661722
8209,"2022-03-18","East of England",0.696295067554813
8210,"2022-03-18","North West",0.648364535800793
8211,"2022-03-19","London",0.70805691660817
8212,"2022-03-19","South East",0.689664497881312
8213,"2022-03-19","South West",0.65196192400118
8214,"2022-03-19","Midlands",0.651395636302206
8215,"2022-03-19","North East and Yorkshire",0.64456489060965
8216,"2022-03-19","East of England",0.698622459576177
8217,"2022-03-19","North West",0.628449692323595
8218,"2022-03-20","London",0.664099552898856
8219,"2022-03-20","South East",0.661727969314523
8220,"2022-03-20","South West",0.655932996894141
8221,"2022-03-20","Midlands",0.667672505123119
8222,"2022-03-20","North East and Yorkshire",0.690584194059564
8223,"2022-03-20","East of England",0.675885560717683
8224,"2022-03-20","North West",0.641901132965937
8225,"2022-03-21","London",0.660867862789512
8226,"2022-03-21","South East",0.651551710271817
8227,"2022-03-21","South West",0.628830675138286
8228,"2022-03-21","Midlands",0.666217689159399
8229,"2022-03-21","North East and Yorkshire",0.740833820686169
8230,"2022-03-21","East of England",0.708215817642825
8231,"2022-03-21","North West",0.660125216969716
8232,"2022-03-22","London",0.750901794029042
8233,"2022-03-22","South East",0.719923115135339
8234,"2022-03-22","South West",0.706464619182266
8235,"2022-03-22","Midlands",0.791026244809909
8236,"2022-03-22","North East and Yorkshire",0.784765483967443
8237,"2022-03-22","East of England",0.771938829931234
8238,"2022-03-22","North West",0.853950726279936
8239,"2022-03-23","London",0.849030169645397
8240,"2022-03-23","South East",0.859307756177266
8241,"2022-03-23","South West",0.910317431149865
8242,"2022-03-23","Midlands",0.888809573765603
8243,"2022-03-23","North East and Yorkshire",0.855391668483641
8244,"2022-03-23","East of England",0.837981240939205
8245,"2022-03-23","North West",0.913602914925176
8246,"2022-03-24","London",0.834350055137033
8247,"2022-03-24","South East",0.856078558294394
8248,"2022-03-24","South West",0.913199409556965
8249,"2022-03-24","Midlands",0.891564129802655
8250,"2022-03-24","North East and Yorkshire",0.898187709933034
8251,"2022-03-24","East of England",0.834896602143243
8252,"2022-03-24","North West",0.911038264921379
8253,"2022-03-25","London",0.895506445563524
8254,"2022-03-25","South East",0.899359125288498
8255,"2022-03-25","South West",0.903525611610497
8256,"2022-03-25","Midlands",0.857963838583307
8257,"2022-03-25","North East and Yorkshire",0.835636438881507
8258,"2022-03-25","East of England",0.895439575750828
8259,"2022-03-25","North West",0.845176797141035
8260,"2022-03-26","London",0.903577677318046
8261,"2022-03-26","South East",0.900099448054123
8262,"2022-03-26","South West",0.888090084107611
8263,"2022-03-26","Midlands",0.900916130622859
8264,"2022-03-26","North East and Yorkshire",0.873775179455688
8265,"2022-03-26","East of England",0.904370294898529
8266,"2022-03-26","North West",0.892279228622976
8267,"2022-03-27","London",0.779016491610505
8268,"2022-03-27","South East",0.79008223868739
8269,"2022-03-27","South West",0.767576112958627
8270,"2022-03-27","Midlands",0.769125014652817
8271,"2022-03-27","North East and Yorkshire",0.790726670153951
8272,"2022-03-27","East of England",0.7838520369122
8273,"2022-03-27","North West",0.827447054332904
8274,"2022-03-28","London",0.90618342349363
8275,"2022-03-28","South East",0.91227597811707
8276,"2022-03-28","South West",0.930338334612225
8277,"2022-03-28","Midlands",0.880278424306079
8278,"2022-03-28","North East and Yorkshire",0.902403271474378
8279,"2022-03-28","East of England",0.889024306459313
8280,"2022-03-28","North West",0.89461758734103
8281,"2022-03-29","London",0.794819545279571
8282,"2022-03-29","South East",0.810637852731485
8283,"2022-03-29","South West",0.833904716506841
8284,"2022-03-29","Midlands",0.77406343516811
8285,"2022-03-29","North East and Yorkshire",0.734497768157708
8286,"2022-03-29","East of England",0.760557192813483
8287,"2022-03-29","North West",0.763784966173453
8288,"2022-03-30","London",0.789641747818518
8289,"2022-03-30","South East",0.789716249668798
8290,"2022-03-30","South West",0.780066411572163
8291,"2022-03-30","Midlands",0.785538047597317
8292,"2022-03-30","North East and Yorkshire",0.785260032143699
8293,"2022-03-30","East of England",0.766407715462195
8294,"2022-03-30","North West",0.803573249937502
8295,"2022-03-31","London",0.668599138032678
8296,"2022-03-31","South East",0.687013089507805
8297,"2022-03-31","South West",0.695705970913898
8298,"2022-03-31","Midlands",0.670312636064866
8299,"2022-03-31","North East and Yorkshire",0.779425898056937
8300,"2022-03-31","East of England",0.655339373010354
8301,"2022-03-31","North West",0.760450277436071
8302,"2022-04-01","London",0.877337848854834
8303,"2022-04-01","South East",0.864106987110135
8304,"2022-04-01","South West",0.872356341133035
8305,"2022-04-01","Midlands",0.868469142800637
8306,"2022-04-01","North East and Yorkshire",0.846770851777432
8307,"2022-04-01","East of England",0.851031153515352
8308,"2022-04-01","North West",0.867382185921526
8309,"2022-04-02","London",0.830774800401675
8310,"2022-04-02","South East",0.79825148757544
8311,"2022-04-02","South West",0.766138834332411
8312,"2022-04-02","Midlands",0.793940202163523
8313,"2022-04-02","North East and Yorkshire",0.822046284462728
8314,"2022-04-02","East of England",0.82513582497801
8315,"2022-04-02","North West",0.778678439889752
8316,"2022-04-03","London",0.764703095863743
8317,"2022-04-03","South East",0.795160721719907
8318,"2022-04-03","South West",0.804312507614511
8319,"2022-04-03","Midlands",0.800261019560659
8320,"2022-04-03","North East and Yorkshire",0.795550559194844
8321,"2022-04-03","East of England",0.787404108983712
8322,"2022-04-03","North West",0.827839600395786
8323,"2022-04-04","London",0.795088186675528
8324,"2022-04-04","South East",0.803305148868728
8325,"2022-04-04","South West",0.836194537120935
8326,"2022-04-04","Midlands",0.824826782162483
8327,"2022-04-04","North East and Yorkshire",0.847722579963859
8328,"2022-04-04","East of England",0.803450714205601
8329,"2022-04-04","North West",0.83437155718617
8330,"2022-04-05","London",0.524230683384816
8331,"2022-04-05","South East",0.55748649656679
8332,"2022-04-05","South West",0.634300183730651
8333,"2022-04-05","Midlands",0.589983181014383
8334,"2022-04-05","North East and Yorkshire",0.543053993982911
8335,"2022-04-05","East of England",0.551836087912899
8336,"2022-04-05","North West",0.568504629850117
8337,"2022-04-06","London",0.571054971666651
8338,"2022-04-06","South East",0.607996336650402
8339,"2022-04-06","South West",0.671813880201884
8340,"2022-04-06","Midlands",0.595648611272888
8341,"2022-04-06","North East and Yorkshire",0.534975967327443
8342,"2022-04-06","East of England",0.539060505782535
8343,"2022-04-06","North West",0.610330454969024
8344,"2022-04-07","London",0.645137565988385
8345,"2022-04-07","South East",0.661020023134564
8346,"2022-04-07","South West",0.742480026110156
8347,"2022-04-07","Midlands",0.662970971767243
8348,"2022-04-07","North East and Yorkshire",0.726263607620545
8349,"2022-04-07","East of England",0.652142435114486
8350,"2022-04-07","North West",0.767653415110364
8351,"2022-04-08","London",0.746657522177186
8352,"2022-04-08","South East",0.760323553573061
8353,"2022-04-08","South West",0.785061242629865
8354,"2022-04-08","Midlands",0.733533403970503
8355,"2022-04-08","North East and Yorkshire",0.697638115551648
8356,"2022-04-08","East of England",0.764471252361904
8357,"2022-04-08","North West",0.703775225876153
8358,"2022-04-09","London",0.775373671581634
8359,"2022-04-09","South East",0.823910996410937
8360,"2022-04-09","South West",0.780722731340094
8361,"2022-04-09","Midlands",0.791787255882554
8362,"2022-04-09","North East and Yorkshire",0.780321612925148
8363,"2022-04-09","East of England",0.742912142043358
8364,"2022-04-09","North West",0.765138358259265
8365,"2022-04-10","London",0.67584518343084
8366,"2022-04-10","South East",0.674931795595933
8367,"2022-04-10","South West",0.732825056876073
8368,"2022-04-10","Midlands",0.719459219569019
8369,"2022-04-10","North East and Yorkshire",0.722033268831046
8370,"2022-04-10","East of England",0.720129237047703
8371,"2022-04-10","North West",0.70642764057828
8372,"2022-04-11","London",0.698654385940643
8373,"2022-04-11","South East",0.70714594750971
8374,"2022-04-11","South West",0.728942731607911
8375,"2022-04-11","Midlands",0.611870983365278
8376,"2022-04-11","North East and Yorkshire",0.623957476340543
8377,"2022-04-11","East of England",0.673364709375412
8378,"2022-04-11","North West",0.633117876365287
8379,"2022-04-12","London",0.68671046529904
8380,"2022-04-12","South East",0.693104000555975
8381,"2022-04-12","South West",0.65208783701558
8382,"2022-04-12","Midlands",0.667210646072167
8383,"2022-04-12","North East and Yorkshire",0.690262940169899
8384,"2022-04-12","East of England",0.746779197457348
8385,"2022-04-12","North West",0.721099365959956
8386,"2022-04-13","London",0.717741733254918
8387,"2022-04-13","South East",0.72523167140295
8388,"2022-04-13","South West",0.681818165434841
8389,"2022-04-13","Midlands",0.696560692374544
8390,"2022-04-13","North East and Yorkshire",0.660821071642179
8391,"2022-04-13","East of England",0.721909483205099
8392,"2022-04-13","North West",0.673688171674371
8393,"2022-04-14","London",0.601563128578144
8394,"2022-04-14","South East",0.610652997994034
8395,"2022-04-14","South West",0.606008087104523
8396,"2022-04-14","Midlands",0.537759558561186
8397,"2022-04-14","North East and Yorkshire",0.518310465264337
8398,"2022-04-14","East of England",0.611703484593541
8399,"2022-04-14","North West",0.554456376079185
8400,"2022-04-15","London",0.561528976829277
8401,"2022-04-15","South East",0.569783093114697
8402,"2022-04-15","South West",0.529608668017809
8403,"2022-04-15","Midlands",0.473474003193598
8404,"2022-04-15","North East and Yorkshire",0.487486952523127
8405,"2022-04-15","East of England",0.589331227439054
8406,"2022-04-15","North West",0.495237788185755
8407,"2022-04-16","London",0.604761733796285
8408,"2022-04-16","South East",0.595557957839074
8409,"2022-04-16","South West",0.542342532935539
8410,"2022-04-16","Midlands",0.532671488845283
8411,"2022-04-16","North East and Yorkshire",0.67981197568659
8412,"2022-04-16","East of England",0.639953799293713
8413,"2022-04-16","North West",0.584191513711466
8414,"2022-04-17","London",0.671464848566168
8415,"2022-04-17","South East",0.671018759576454
8416,"2022-04-17","South West",0.619319466089879
8417,"2022-04-17","Midlands",0.673835786083658
8418,"2022-04-17","North East and Yorkshire",0.715077993668932
8419,"2022-04-17","East of England",0.682805953696992
8420,"2022-04-17","North West",0.685026388915684
8421,"2022-04-18","London",0.622167164377866
8422,"2022-04-18","South East",0.623853162161882
8423,"2022-04-18","South West",0.635165906545074
8424,"2022-04-18","Midlands",0.622208804845237
8425,"2022-04-18","North East and Yorkshire",0.678521822560359
8426,"2022-04-18","East of England",0.630617957082863
8427,"2022-04-18","North West",0.697518319129709
8428,"2022-04-19","London",0.652522739695265
8429,"2022-04-19","South East",0.663888559346923
8430,"2022-04-19","South West",0.71685677541142
8431,"2022-04-19","Midlands",0.654203398453751
8432,"2022-04-19","North East and Yorkshire",0.653728665862927
8433,"2022-04-19","East of England",0.646825860853378
8434,"2022-04-19","North West",0.653094788978874
8435,"2022-04-20","London",0.78220737971176
8436,"2022-04-20","South East",0.799550306538495
8437,"2022-04-20","South West",0.881117292279724
8438,"2022-04-20","Midlands",0.881776977296093
8439,"2022-04-20","North East and Yorkshire",0.878232529999059
8440,"2022-04-20","East of England",0.767441729692107
8441,"2022-04-20","North West",0.90428273037008
8442,"2022-04-21","London",0.855394762754779
8443,"2022-04-21","South East",0.840485341222097
8444,"2022-04-21","South West",0.823836416190265
8445,"2022-04-21","Midlands",0.790966321646909
8446,"2022-04-21","North East and Yorkshire",0.801823353217553
8447,"2022-04-21","East of England",0.850454687089471
8448,"2022-04-21","North West",0.824967434272867
8449,"2022-04-22","London",0.678211095299861
8450,"2022-04-22","South East",0.712747533585985
8451,"2022-04-22","South West",0.702006254088137
8452,"2022-04-22","Midlands",0.669393266549425
8453,"2022-04-22","North East and Yorkshire",0.732808249802735
8454,"2022-04-22","East of England",0.716806983505958
8455,"2022-04-22","North West",0.709191572650063
8456,"2022-04-23","London",0.768626441995433
8457,"2022-04-23","South East",0.775839191716941
8458,"2022-04-23","South West",0.74024051696874
8459,"2022-04-23","Midlands",0.713819304645569
8460,"2022-04-23","North East and Yorkshire",0.777891245194841
8461,"2022-04-23","East of England",0.810808537307102
8462,"2022-04-23","North West",0.69809341049408
8463,"2022-04-24","London",0.746825731036797
8464,"2022-04-24","South East",0.785405064609653
8465,"2022-04-24","South West",0.791440221035075
8466,"2022-04-24","Midlands",0.746984621250396
8467,"2022-04-24","North East and Yorkshire",0.790047649199281
8468,"2022-04-24","East of England",0.788878302367355
8469,"2022-04-24","North West",0.737599845098108
8470,"2022-04-25","London",0.794566645613694
8471,"2022-04-25","South East",0.807821394334689
8472,"2022-04-25","South West",0.807272555609191
8473,"2022-04-25","Midlands",0.801417646023505
8474,"2022-04-25","North East and Yorkshire",0.822340832997746
8475,"2022-04-25","East of England",0.796072961171991
8476,"2022-04-25","North West",0.842215455826415
8477,"2022-04-26","London",0.57686685652757
8478,"2022-04-26","South East",0.598780567247671
8479,"2022-04-26","South West",0.617674347781511
8480,"2022-04-26","Midlands",0.660063845906265
8481,"2022-04-26","North East and Yorkshire",0.647277671310482
8482,"2022-04-26","East of England",0.591801712097015
8483,"2022-04-26","North West",0.715600459201231
8484,"2022-04-27","London",0.597479308956404
8485,"2022-04-27","South East",0.604704958786796
8486,"2022-04-27","South West",0.612936785066927
8487,"2022-04-27","Midlands",0.609255483395274
8488,"2022-04-27","North East and Yorkshire",0.645894658271543
8489,"2022-04-27","East of England",0.616643252981998
8490,"2022-04-27","North West",0.590964576010449
8491,"2022-04-28","London",0.59896125191986
8492,"2022-04-28","South East",0.588344435808229
8493,"2022-04-28","South West",0.578444967437632
8494,"2022-04-28","Midlands",0.592886243777535
8495,"2022-04-28","North East and Yorkshire",0.599498734173367
8496,"2022-04-28","East of England",0.60343399676483
8497,"2022-04-28","North West",0.639468648408093
8498,"2022-04-29","London",0.586776661220272
8499,"2022-04-29","South East",0.627601128285239
8500,"2022-04-29","South West",0.64028164584185
8501,"2022-04-29","Midlands",0.647011164665069
8502,"2022-04-29","North East and Yorkshire",0.634766020896793
8503,"2022-04-29","East of England",0.607833105971585
8504,"2022-04-29","North West",0.731353833557134
8505,"2022-04-30","London",0.59900410678796
8506,"2022-04-30","South East",0.618268857447459
8507,"2022-04-30","South West",0.659147626043637
8508,"2022-04-30","Midlands",0.63537785112982
8509,"2022-04-30","North East and Yorkshire",0.652663460594329
8510,"2022-04-30","East of England",0.618543943741983
8511,"2022-04-30","North West",0.723092160931386
8512,"2022-05-01","London",0.620747561474896
8513,"2022-05-01","South East",0.689557723013663
8514,"2022-05-01","South West",0.745269719765859
8515,"2022-05-01","Midlands",0.649409091800065
8516,"2022-05-01","North East and Yorkshire",0.685036856924764
8517,"2022-05-01","East of England",0.620750137487259
8518,"2022-05-01","North West",0.71233437354211
8519,"2022-05-02","London",0.567664981025706
8520,"2022-05-02","South East",0.636643762676089
8521,"2022-05-02","South West",0.709490280038281
8522,"2022-05-02","Midlands",0.686407703476841
8523,"2022-05-02","North East and Yorkshire",0.761916891646356
8524,"2022-05-02","East of England",0.614041180074733
8525,"2022-05-02","North West",0.798404436648326
8526,"2022-05-03","London",0.68671046529904
8527,"2022-05-03","South East",0.693104000555975
8528,"2022-05-03","South West",0.65208783701558
8529,"2022-05-03","Midlands",0.667210646072167
8530,"2022-05-03","North East and Yorkshire",0.690262940169899
8531,"2022-05-03","East of England",0.746779197457348
8532,"2022-05-03","North West",0.721099365959956
8533,"2022-05-04","London",0.717741733254918
8534,"2022-05-04","South East",0.72523167140295
8535,"2022-05-04","South West",0.681818165434841
8536,"2022-05-04","Midlands",0.696560692374544
8537,"2022-05-04","North East and Yorkshire",0.660821071642179
8538,"2022-05-04","East of England",0.721909483205099
8539,"2022-05-04","North West",0.673688171674371
8540,"2022-05-05","London",0.601563128578144
8541,"2022-05-05","South East",0.610652997994034
8542,"2022-05-05","South West",0.606008087104523
8543,"2022-05-05","Midlands",0.537759558561186
8544,"2022-05-05","North East and Yorkshire",0.518310465264337
8545,"2022-05-05","East of England",0.611703484593541
8546,"2022-05-05","North West",0.554456376079185
8547,"2022-05-06","London",0.561528976829277
8548,"2022-05-06","South East",0.569783093114697
8549,"2022-05-06","South West",0.529608668017809
8550,"2022-05-06","Midlands",0.473474003193598
8551,"2022-05-06","North East and Yorkshire",0.487486952523127
8552,"2022-05-06","East of England",0.589331227439054
8553,"2022-05-06","North West",0.495237788185755
8554,"2022-05-07","London",0.604761733796285
8555,"2022-05-07","South East",0.595557957839074
8556,"2022-05-07","South West",0.542342532935539
8557,"2022-05-07","Midlands",0.532671488845283
8558,"2022-05-07","North East and Yorkshire",0.67981197568659
8559,"2022-05-07","East of England",0.639953799293713
8560,"2022-05-07","North West",0.584191513711466
8561,"2022-05-08","London",0.671464848566168
8562,"2022-05-08","South East",0.671018759576454
8563,"2022-05-08","South West",0.619319466089879
8564,"2022-05-08","Midlands",0.673835786083658
8565,"2022-05-08","North East and Yorkshire",0.715077993668932
8566,"2022-05-08","East of England",0.682805953696992
8567,"2022-05-08","North West",0.685026388915684
8568,"2022-05-09","London",0.622167164377866
8569,"2022-05-09","South East",0.623853162161882
8570,"2022-05-09","South West",0.635165906545074
8571,"2022-05-09","Midlands",0.622208804845237
8572,"2022-05-09","North East and Yorkshire",0.678521822560359
8573,"2022-05-09","East of England",0.630617957082863
8574,"2022-05-09","North West",0.697518319129709
8575,"2022-05-10","London",0.659970821693384
8576,"2022-05-10","South East",0.658698986062013
8577,"2022-05-10","South West",0.661430316148552
8578,"2022-05-10","Midlands",0.773246219248059
8579,"2022-05-10","North East and Yorkshire",0.826350539648063
8580,"2022-05-10","East of England",0.734076022074455
8581,"2022-05-10","North West",0.839576051352669
8582,"2022-05-11","London",0.730898659398371
8583,"2022-05-11","South East",0.724539151225563
8584,"2022-05-11","South West",0.723269593670012
8585,"2022-05-11","Midlands",0.764785061960132
8586,"2022-05-11","North East and Yorkshire",0.670258338032106
8587,"2022-05-11","East of England",0.734705969074693
8588,"2022-05-11","North West",0.699430669917984
8589,"2022-05-12","London",0.691532811773713
8590,"2022-05-12","South East",0.675529328249732
8591,"2022-05-12","South West",0.66982583088768
8592,"2022-05-12","Midlands",0.688005443732169
8593,"2022-05-12","North East and Yorkshire",0.751885274877689
8594,"2022-05-12","East of England",0.734085567446571
8595,"2022-05-12","North West",0.746485948191396
8596,"2022-05-13","London",0.558230418521353
8597,"2022-05-13","South East",0.59954921743822
8598,"2022-05-13","South West",0.631856619774904
8599,"2022-05-13","Midlands",0.619720175912776
8600,"2022-05-13","North East and Yorkshire",0.766005052206528
8601,"2022-05-13","East of England",0.604324251404534
8602,"2022-05-13","North West",0.743115920877159
8603,"2022-05-14","London",0.812859525445789
8604,"2022-05-14","South East",0.824812455866082
8605,"2022-05-14","South West",0.908789273447534
8606,"2022-05-14","Midlands",0.896134381399832
8607,"2022-05-14","North East and Yorkshire",0.905928285767111
8608,"2022-05-14","East of England",0.824160303410817
8609,"2022-05-14","North West",0.88713990027054
8610,"2022-05-15","London",0.763457185287059
8611,"2022-05-15","South East",0.81363243864573
8612,"2022-05-15","South West",0.837855354493633
8613,"2022-05-15","Midlands",0.773912892399166
8614,"2022-05-15","North East and Yorkshire",0.757382850098195
8615,"2022-05-15","East of England",0.761579906334425
8616,"2022-05-15","North West",0.757905401606192
8617,"2022-05-16","London",0.733361102147023
8618,"2022-05-16","South East",0.778827796255174
8619,"2022-05-16","South West",0.802214584614763
8620,"2022-05-16","Midlands",0.750229771469494
8621,"2022-05-16","North East and Yorkshire",0.752957448459557
8622,"2022-05-16","East of England",0.734037067814347
8623,"2022-05-16","North West",0.772078938676364
8624,"2022-05-17","London",0.613747322301977
8625,"2022-05-17","South East",0.666203738571796
8626,"2022-05-17","South West",0.701975199224315
8627,"2022-05-17","Midlands",0.664305035294799
8628,"2022-05-17","North East and Yorkshire",0.744232254511321
8629,"2022-05-17","East of England",0.648764482582071
8630,"2022-05-17","North West",0.736986647715383
8631,"2022-05-18","London",0.853114141141384
8632,"2022-05-18","South East",0.807904627119297
8633,"2022-05-18","South West",0.831040351997806
8634,"2022-05-18","Midlands",0.80002469106904
8635,"2022-05-18","North East and Yorkshire",0.87723457899067
8636,"2022-05-18","East of England",0.842885250102024
8637,"2022-05-18","North West",0.811501884745546
8638,"2022-05-19","London",0.843512987662236
8639,"2022-05-19","South East",0.828596362489405
8640,"2022-05-19","South West",0.839212312431322
8641,"2022-05-19","Midlands",0.865854518268631
8642,"2022-05-19","North East and Yorkshire",0.89457995265272
8643,"2022-05-19","East of England",0.875594800072736
8644,"2022-05-19","North West",0.8269211666398
8645,"2022-05-20","London",0.854757419868132
8646,"2022-05-20","South East",0.851875710822211
8647,"2022-05-20","South West",0.855376730891664
8648,"2022-05-20","Midlands",0.893398641623845
8649,"2022-05-20","North East and Yorkshire",0.958918776691989
8650,"2022-05-20","East of England",0.875587575121171
8651,"2022-05-20","North West",0.908588702427765
8652,"2022-05-21","London",0.709206578958999
8653,"2022-05-21","South East",0.731855006474926
8654,"2022-05-21","South West",0.789784828370899
8655,"2022-05-21","Midlands",0.708449946918008
8656,"2022-05-21","North East and Yorkshire",0.862189434008
8657,"2022-05-21","East of England",0.745277230766423
8658,"2022-05-21","North West",0.763862248620027
8659,"2022-05-22","London",0.721856471238356
8660,"2022-05-22","South East",0.776677755293471
8661,"2022-05-22","South West",0.830478079365367
8662,"2022-05-22","Midlands",0.795969626964104
8663,"2022-05-22","North East and Yorkshire",0.864958461019249
8664,"2022-05-22","East of England",0.747534416291347
8665,"2022-05-22","North West",0.797841435894707
8666,"2022-05-23","London",0.722056014110627
8667,"2022-05-23","South East",0.762582650273754
8668,"2022-05-23","South West",0.77286243664298
8669,"2022-05-23","Midlands",0.75942973317164
8670,"2022-05-23","North East and Yorkshire",0.87144703535301
8671,"2022-05-23","East of England",0.737820282865131
8672,"2022-05-23","North West",0.868145573649756
8673,"2022-05-24","London",0.864488775479696
8674,"2022-05-24","South East",0.857384574331639
8675,"2022-05-24","South West",0.891297069037778
8676,"2022-05-24","Midlands",0.923139010268915
8677,"2022-05-24","North East and Yorkshire",0.879061961273631
8678,"2022-05-24","East of England",0.881881763069719
8679,"2022-05-24","North West",0.863374244821675
8680,"2022-05-25","London",0.887435168759656
8681,"2022-05-25","South East",0.882700279732287
8682,"2022-05-25","South West",0.861581755103039
8683,"2022-05-25","Midlands",0.936951533313355
8684,"2022-05-25","North East and Yorkshire",0.949252589874656
8685,"2022-05-25","East of England",0.896691307560392
8686,"2022-05-25","North West",0.916144266804505
8687,"2022-05-26","London",0.896880842371116
8688,"2022-05-26","South East",0.889163312395945
8689,"2022-05-26","South West",0.917831083584514
8690,"2022-05-26","Midlands",0.939699498158886
8691,"2022-05-26","North East and Yorkshire",0.929613343236663
8692,"2022-05-26","East of England",0.897819734969018
8693,"2022-05-26","North West",0.902577563832756
8694,"2022-05-27","London",0.782464500162014
8695,"2022-05-27","South East",0.810594618026244
8696,"2022-05-27","South West",0.861877909237363
8697,"2022-05-27","Midlands",0.869469432578791
8698,"2022-05-27","North East and Yorkshire",0.8340083989439
8699,"2022-05-27","East of England",0.785361749593848
8700,"2022-05-27","North West",0.796601110556359
8701,"2022-05-28","London",0.79491839550504
8702,"2022-05-28","South East",0.813613975149309
8703,"2022-05-28","South West",0.821013731755699
8704,"2022-05-28","Midlands",0.81901331559371
8705,"2022-05-28","North East and Yorkshire",0.826111492525349
8706,"2022-05-28","East of England",0.781096775207098
8707,"2022-05-28","North West",0.829012717125135
8708,"2022-05-29","London",0.806978331284125
8709,"2022-05-29","South East",0.834801989268731
8710,"2022-05-29","South West",0.85647761664481
8711,"2022-05-29","Midlands",0.795944246726705
8712,"2022-05-29","North East and Yorkshire",0.786875528744344
8713,"2022-05-29","East of England",0.79547651747885
8714,"2022-05-29","North West",0.81276152565622
8715,"2022-05-30","London",0.711254187590033
8716,"2022-05-30","South East",0.76646252519068
8717,"2022-05-30","South West",0.809949875130604
8718,"2022-05-30","Midlands",0.775248962284449
8719,"2022-05-30","North East and Yorkshire",0.759942423326869
8720,"2022-05-30","East of England",0.712817868002792
8721,"2022-05-30","North West",0.784174110994912
8722,"2022-05-31","London",0.618050900987164
8723,"2022-05-31","South East",0.646192488766404
8724,"2022-05-31","South West",0.732758447637947
8725,"2022-05-31","Midlands",0.696956535225711
8726,"2022-05-31","North East and Yorkshire",0.789050189963703
8727,"2022-05-31","East of England",0.659546046152467
8728,"2022-05-31","North West",0.817085772128152
8729,"2022-06-01","London",0.626131287367926
8730,"2022-06-01","South East",0.65851586221853
8731,"2022-06-01","South West",0.735582533856985
8732,"2022-06-01","Midlands",0.694981214619151
8733,"2022-06-01","North East and Yorkshire",0.770395512113401
8734,"2022-06-01","East of England",0.707180975302552
8735,"2022-06-01","North West",0.753352923625221
8736,"2022-06-02","London",0.631826294570761
8737,"2022-06-02","South East",0.684947103308756
8738,"2022-06-02","South West",0.73077540251469
8739,"2022-06-02","Midlands",0.665578223848062
8740,"2022-06-02","North East and Yorkshire",0.688653686363264
8741,"2022-06-02","East of England",0.635302433769406
8742,"2022-06-02","North West",0.725002687275703
8743,"2022-06-03","London",0.615329824585706
8744,"2022-06-03","South East",0.658278367275285
8745,"2022-06-03","South West",0.689130805217613
8746,"2022-06-03","Midlands",0.649440894215681
8747,"2022-06-03","North East and Yorkshire",0.70047264080373
8748,"2022-06-03","East of England",0.607814635918759
8749,"2022-06-03","North West",0.748860437799633
8750,"2022-06-04","London",0.577040977110443
8751,"2022-06-04","South East",0.637635103510358
8752,"2022-06-04","South West",0.704133065682813
8753,"2022-06-04","Midlands",0.706884923554158
8754,"2022-06-04","North East and Yorkshire",0.7706267789127
8755,"2022-06-04","East of England",0.603843254170774
8756,"2022-06-04","North West",0.830606698606507
8757,"2022-06-05","London",0.686547476078124
8758,"2022-06-05","South East",0.704544289706229
8759,"2022-06-05","South West",0.740764077053567
8760,"2022-06-05","Midlands",0.74866985568769
8761,"2022-06-05","North East and Yorkshire",0.765523584754954
8762,"2022-06-05","East of England",0.715947760386908
8763,"2022-06-05","North West",0.801229985783087
8764,"2022-06-06","London",0.666076615938606
8765,"2022-06-06","South East",0.675397709020652
8766,"2022-06-06","South West",0.750072698356565
8767,"2022-06-06","Midlands",0.805251728252849
8768,"2022-06-06","North East and Yorkshire",0.833487329825809
8769,"2022-06-06","East of England",0.701027017464808
8770,"2022-06-06","North West",0.858693943909737
8771,"2022-06-07","London",0.846998805517674
8772,"2022-06-07","South East",0.850070240694201
8773,"2022-06-07","South West",0.852190418612738
8774,"2022-06-07","Midlands",0.835861091996972
8775,"2022-06-07","North East and Yorkshire",0.880608652353793
8776,"2022-06-07","East of England",0.864808151909364
8777,"2022-06-07","North West",0.839058550791994
8778,"2022-06-08","London",0.761794814016101
8779,"2022-06-08","South East",0.760455195730879
8780,"2022-06-08","South West",0.765136277038464
8781,"2022-06-08","Midlands",0.80690856049096
8782,"2022-06-08","North East and Yorkshire",0.865315320157427
8783,"2022-06-08","East of England",0.838386697083817
8784,"2022-06-08","North West",0.841928805388752
8785,"2022-06-09","London",0.889723789241609
8786,"2022-06-09","South East",0.881299946729116
8787,"2022-06-09","South West",0.833913806265181
8788,"2022-06-09","Midlands",0.900460071019874
8789,"2022-06-09","North East and Yorkshire",0.900449181939223
8790,"2022-06-09","East of England",0.900342188591656
8791,"2022-06-09","North West",0.901566082485353
8792,"2022-06-10","London",0.723634786870007
8793,"2022-06-10","South East",0.788864490622987
8794,"2022-06-10","South West",0.782538144932699
8795,"2022-06-10","Midlands",0.771430530193894
8796,"2022-06-10","North East and Yorkshire",0.857392707995379
8797,"2022-06-10","East of England",0.768745320675061
8798,"2022-06-10","North West",0.816767520914966
8799,"2022-06-11","London",0.804162511610222
8800,"2022-06-11","South East",0.836575759006075
8801,"2022-06-11","South West",0.849117238098573
8802,"2022-06-11","Midlands",0.796823528596437
8803,"2022-06-11","North East and Yorkshire",0.791404610768695
8804,"2022-06-11","East of England",0.825646889652936
8805,"2022-06-11","North West",0.777025271445927
8806,"2022-06-12","London",0.703049757318361
8807,"2022-06-12","South East",0.739050670618223
8808,"2022-06-12","South West",0.727234939967583
8809,"2022-06-12","Midlands",0.678359603901112
8810,"2022-06-12","North East and Yorkshire",0.767885263834261
8811,"2022-06-12","East of England",0.740739861061318
8812,"2022-06-12","North West",0.65711315366537
8813,"2022-06-13","London",0.726058933865681
8814,"2022-06-13","South East",0.735928450215347
8815,"2022-06-13","South West",0.719101749498662
8816,"2022-06-13","Midlands",0.763615536791458
8817,"2022-06-13","North East and Yorkshire",0.80568414064211
8818,"2022-06-13","East of England",0.769387120588576
8819,"2022-06-13","North West",0.781707369857567
8820,"2022-06-14","London",0.920029521209877
8821,"2022-06-14","South East",0.892543903866699
8822,"2022-06-14","South West",0.832867015589495
8823,"2022-06-14","Midlands",0.849569191618937
8824,"2022-06-14","North East and Yorkshire",0.859348984534597
8825,"2022-06-14","East of England",0.905845081205925
8826,"2022-06-14","North West",0.780876010036677
8827,"2022-06-15","London",0.92777687307703
8828,"2022-06-15","South East",0.911078980844134
8829,"2022-06-15","South West",0.901347011340757
8830,"2022-06-15","Midlands",0.935745150608277
8831,"2022-06-15","North East and Yorkshire",0.947518875413367
8832,"2022-06-15","East of England",0.920085851950433
8833,"2022-06-15","North West",0.93871984366087
8834,"2022-06-16","London",0.761469653920744
8835,"2022-06-16","South East",0.768360373746763
8836,"2022-06-16","South West",0.765403599819309
8837,"2022-06-16","Midlands",0.796036141668786
8838,"2022-06-16","North East and Yorkshire",0.899589393642984
8839,"2022-06-16","East of England",0.764176488352301
8840,"2022-06-16","North West",0.899905395193962
8841,"2022-06-17","London",0.690513199220428
8842,"2022-06-17","South East",0.716979813525081
8843,"2022-06-17","South West",0.74257551901973
8844,"2022-06-17","Midlands",0.769785114334718
8845,"2022-06-17","North East and Yorkshire",0.844822867700112
8846,"2022-06-17","East of England",0.721552421982506
8847,"2022-06-17","North West",0.839991271138455
8848,"2022-06-18","London",0.706866604911332
8849,"2022-06-18","South East",0.706975685200095
8850,"2022-06-18","South West",0.726416338123544
8851,"2022-06-18","Midlands",0.760995563409603
8852,"2022-06-18","North East and Yorkshire",0.81273261409803
8853,"2022-06-18","East of England",0.785513626847358
8854,"2022-06-18","North West",0.741736709464484
8855,"2022-06-19","London",0.802185256619701
8856,"2022-06-19","South East",0.834349403982326
8857,"2022-06-19","South West",0.851972926567184
8858,"2022-06-19","Midlands",0.832157625722222
8859,"2022-06-19","North East and Yorkshire",0.899952142392989
8860,"2022-06-19","East of England",0.817913341756025
8861,"2022-06-19","North West",0.857760506278678
8862,"2022-06-20","London",0.743518702068462
8863,"2022-06-20","South East",0.753963017792567
8864,"2022-06-20","South West",0.784626958392513
8865,"2022-06-20","Midlands",0.750243234631414
8866,"2022-06-20","North East and Yorkshire",0.790330664485166
8867,"2022-06-20","East of England",0.728899551454284
8868,"2022-06-20","North West",0.806300041440068
8869,"2022-06-21","London",0.628293169341379
8870,"2022-06-21","South East",0.673690354569445
8871,"2022-06-21","South West",0.701144284317998
8872,"2022-06-21","Midlands",0.687450250991898
8873,"2022-06-21","North East and Yorkshire",0.714234382162117
8874,"2022-06-21","East of England",0.658647592091244
8875,"2022-06-21","North West",0.736040852698293
8876,"2022-06-22","London",0.631323268474415
8877,"2022-06-22","South East",0.710435637340971
8878,"2022-06-22","South West",0.767256538906228
8879,"2022-06-22","Midlands",0.714452228954489
8880,"2022-06-22","North East and Yorkshire",0.741968447992253
8881,"2022-06-22","East of England",0.64305014365
8882,"2022-06-22","North West",0.786485629162307
8883,"2022-06-23","London",0.741519551503725
8884,"2022-06-23","South East",0.748958160492507
8885,"2022-06-23","South West",0.740375589395967
8886,"2022-06-23","Midlands",0.705376490276625
8887,"2022-06-23","North East and Yorkshire",0.726435966358518
8888,"2022-06-23","East of England",0.749149853860452
8889,"2022-06-23","North West",0.772593830512978
8890,"2022-06-24","London",0.862852651657327
8891,"2022-06-24","South East",0.88274922163659
8892,"2022-06-24","South West",0.925484614740569
8893,"2022-06-24","Midlands",0.902998872417361
8894,"2022-06-24","North East and Yorkshire",0.874111399571682
8895,"2022-06-24","East of England",0.840138886120434
8896,"2022-06-24","North West",0.906684964793714
8897,"2022-06-25","London",0.762611023526432
8898,"2022-06-25","South East",0.780589173860782
8899,"2022-06-25","South West",0.788205058376798
8900,"2022-06-25","Midlands",0.803114949092502
8901,"2022-06-25","North East and Yorkshire",0.781106681076499
8902,"2022-06-25","East of England",0.78754962324424
8903,"2022-06-25","North West",0.826127966051523
8904,"2022-06-26","London",0.715983040628358
8905,"2022-06-26","South East",0.758197138615392
8906,"2022-06-26","South West",0.791487020783585
8907,"2022-06-26","Midlands",0.734046420821835
8908,"2022-06-26","North East and Yorkshire",0.73550197992844
8909,"2022-06-26","East of England",0.704660382319703
8910,"2022-06-26","North West",0.786521340871063
8911,"2022-06-27","London",0.7535748183442
8912,"2022-06-27","South East",0.80332188366669
8913,"2022-06-27","South West",0.836282528044344
8914,"2022-06-27","Midlands",0.737743522304902
8915,"2022-06-27","North East and Yorkshire",0.748317104395069
8916,"2022-06-27","East of England",0.730389566917087
8917,"2022-06-27","North West",0.791846272597218
8918,"2022-06-28","London",0.561602413088134
8919,"2022-06-28","South East",0.622766978641762
8920,"2022-06-28","South West",0.623088293006838
8921,"2022-06-28","Midlands",0.576722230252049
8922,"2022-06-28","North East and Yorkshire",0.623897977751342
8923,"2022-06-28","East of England",0.584634093520119
8924,"2022-06-28","North West",0.709416345995639
8925,"2022-06-29","London",0.568652883446973
8926,"2022-06-29","South East",0.607775722593456
8927,"2022-06-29","South West",0.664318696666371
8928,"2022-06-29","Midlands",0.589745954984528
8929,"2022-06-29","North East and Yorkshire",0.612693791814868
8930,"2022-06-29","East of England",0.624817397806009
8931,"2022-06-29","North West",0.709842803496523
8932,"2022-06-30","London",0.517500245241704
8933,"2022-06-30","South East",0.551620795100831
8934,"2022-06-30","South West",0.585668018109893
8935,"2022-06-30","Midlands",0.604238211015629
8936,"2022-06-30","North East and Yorkshire",0.659886641859013
8937,"2022-06-30","East of England",0.598412428744792
8938,"2022-06-30","North West",0.763538828074785
8939,"2022-07-01","London",0.517319508031987
8940,"2022-07-01","South East",0.577695365489265
8941,"2022-07-01","South West",0.635386973220056
8942,"2022-07-01","Midlands",0.655139834965357
8943,"2022-07-01","North East and Yorkshire",0.742940664433782
8944,"2022-07-01","East of England",0.569207314447948
8945,"2022-07-01","North West",0.807305793258195
8946,"2022-07-02","London",0.573245626614044
8947,"2022-07-02","South East",0.605566027034657
8948,"2022-07-02","South West",0.621524475897977
8949,"2022-07-02","Midlands",0.571312945636687
8950,"2022-07-02","North East and Yorkshire",0.657753476510836
8951,"2022-07-02","East of England",0.603624997708176
8952,"2022-07-02","North West",0.734041492073227
8953,"2022-07-03","London",0.479063646569774
8954,"2022-07-03","South East",0.515706771378381
8955,"2022-07-03","South West",0.494996519956867
8956,"2022-07-03","Midlands",0.436559316062955
8957,"2022-07-03","North East and Yorkshire",0.566995391617574
8958,"2022-07-03","East of England",0.517495625123721
8959,"2022-07-03","North West",0.604961397822911
8960,"2022-07-04","London",0.370428686363828
8961,"2022-07-04","South East",0.429357280459096
8962,"2022-07-04","South West",0.438511527299663
8963,"2022-07-04","Midlands",0.33754903957053
8964,"2022-07-04","North East and Yorkshire",0.388644075438636
8965,"2022-07-04","East of England",0.410808927840427
8966,"2022-07-04","North West",0.470780115778944
8967,"2022-07-05","London",0.841728131097748
8968,"2022-07-05","South East",0.858435556699524
8969,"2022-07-05","South West",0.887592328385374
8970,"2022-07-05","Midlands",0.835388956199448
8971,"2022-07-05","North East and Yorkshire",0.751205234987409
8972,"2022-07-05","East of England",0.823083116603426
8973,"2022-07-05","North West",0.791772560069469
8974,"2022-07-06","London",0.857672427435155
8975,"2022-07-06","South East",0.877640452516885
8976,"2022-07-06","South West",0.878127472957784
8977,"2022-07-06","Midlands",0.840865143062658
8978,"2022-07-06","North East and Yorkshire",0.793774846117493
8979,"2022-07-06","East of England",0.858431933255819
8980,"2022-07-06","North West",0.791767786468343
8981,"2022-07-07","London",0.713239756602943
8982,"2022-07-07","South East",0.753859378268312
8983,"2022-07-07","South West",0.800472206873412
8984,"2022-07-07","Midlands",0.722846493846307
8985,"2022-07-07","North East and Yorkshire",0.708206340298566
8986,"2022-07-07","East of England",0.716984312186212
8987,"2022-07-07","North West",0.758209700181394
8988,"2022-07-08","London",0.662525195902366
8989,"2022-07-08","South East",0.712442535819661
8990,"2022-07-08","South West",0.714575646344559
8991,"2022-07-08","Midlands",0.669276935441435
8992,"2022-07-08","North East and Yorkshire",0.672344037496955
8993,"2022-07-08","East of England",0.677611024061288
8994,"2022-07-08","North West",0.710222305113583
8995,"2022-07-09","London",0.656944541965155
8996,"2022-07-09","South East",0.6905219044599
8997,"2022-07-09","South West",0.6726103712762
8998,"2022-07-09","Midlands",0.640322767118516
8999,"2022-07-09","North East and Yorkshire",0.70227412635312
9000,"2022-07-09","East of England",0.689119599232425
9001,"2022-07-09","North West",0.662855573838386
9002,"2022-07-10","London",0.754575115388755
9003,"2022-07-10","South East",0.773961969791918
9004,"2022-07-10","South West",0.800758800094402
9005,"2022-07-10","Midlands",0.800732868880016
9006,"2022-07-10","North East and Yorkshire",0.803038876470954
9007,"2022-07-10","East of England",0.791919734544841
9008,"2022-07-10","North West",0.737993527603945
9009,"2022-07-11","London",0.792226319941663
9010,"2022-07-11","South East",0.831843969582454
9011,"2022-07-11","South West",0.849702791787852
9012,"2022-07-11","Midlands",0.876611243535624
9013,"2022-07-11","North East and Yorkshire",0.917791896880663
9014,"2022-07-11","East of England",0.817625349084404
9015,"2022-07-11","North West",0.893828436573585
9016,"2022-07-12","London",0.815398200338259
9017,"2022-07-12","South East",0.856469488951158
9018,"2022-07-12","South West",0.883594621053729
9019,"2022-07-12","Midlands",0.75675379580511
9020,"2022-07-12","North East and Yorkshire",0.783252801502605
9021,"2022-07-12","East of England",0.754514345153252
9022,"2022-07-12","North West",0.831351893357239
9023,"2022-07-13","London",0.769194866449258
9024,"2022-07-13","South East",0.802888723062164
9025,"2022-07-13","South West",0.83646327135231
9026,"2022-07-13","Midlands",0.8117895665554
9027,"2022-07-13","North East and Yorkshire",0.85986152133138
9028,"2022-07-13","East of England",0.78283946898533
9029,"2022-07-13","North West",0.842405157606666
9030,"2022-07-14","London",0.780548208763111
9031,"2022-07-14","South East",0.790923842898913
9032,"2022-07-14","South West",0.820318364312271
9033,"2022-07-14","Midlands",0.842149389238968
9034,"2022-07-14","North East and Yorkshire",0.864556282348532
9035,"2022-07-14","East of England",0.797978428348616
9036,"2022-07-14","North West",0.881660840795376
9037,"2022-07-15","London",0.737537313347248
9038,"2022-07-15","South East",0.76148987337738
9039,"2022-07-15","South West",0.826172039137815
9040,"2022-07-15","Midlands",0.840038036691754
9041,"2022-07-15","North East and Yorkshire",0.869551228691949
9042,"2022-07-15","East of England",0.760134474879019
9043,"2022-07-15","North West",0.885272942761019
9044,"2022-07-16","London",0.8716480707892
9045,"2022-07-16","South East",0.895115135426435
9046,"2022-07-16","South West",0.9148525275915
9047,"2022-07-16","Midlands",0.844161802786209
9048,"2022-07-16","North East and Yorkshire",0.868427416181241
9049,"2022-07-16","East of England",0.8469028706972
9050,"2022-07-16","North West",0.898903912879302
9051,"2022-07-17","London",0.657358542861645
9052,"2022-07-17","South East",0.695469474231192
9053,"2022-07-17","South West",0.734378305034358
9054,"2022-07-17","Midlands",0.651549394848354
9055,"2022-07-17","North East and Yorkshire",0.707906017396277
9056,"2022-07-17","East of England",0.644738154260806
9057,"2022-07-17","North West",0.748315312147242
9058,"2022-07-18","London",0.622125804742388
9059,"2022-07-18","South East",0.636207385327471
9060,"2022-07-18","South West",0.70194765844697
9061,"2022-07-18","Midlands",0.670078529656366
9062,"2022-07-18","North East and Yorkshire",0.710073546751282
9063,"2022-07-18","East of England",0.630000676223185
9064,"2022-07-18","North West",0.793322092511682
9065,"2022-07-19","London",0.806892713092744
9066,"2022-07-19","South East",0.821494189193964
9067,"2022-07-19","South West",0.865737669220083
9068,"2022-07-19","Midlands",0.829907277340858
9069,"2022-07-19","North East and Yorkshire",0.848684536435178
9070,"2022-07-19","East of England",0.772396493113285
9071,"2022-07-19","North West",0.82339449487709
9072,"2022-07-20","London",0.716993756482215
9073,"2022-07-20","South East",0.74496562554234
9074,"2022-07-20","South West",0.766008770549756
9075,"2022-07-20","Midlands",0.846335008808924
9076,"2022-07-20","North East and Yorkshire",0.901477456213345
9077,"2022-07-20","East of England",0.756479421561595
9078,"2022-07-20","North West",0.918354356082199
9079,"2022-07-21","London",0.725235947099273
9080,"2022-07-21","South East",0.746624359141982
9081,"2022-07-21","South West",0.768229258851881
9082,"2022-07-21","Midlands",0.80646376921467
9083,"2022-07-21","North East and Yorkshire",0.83386811752
9084,"2022-07-21","East of England",0.759426184558852
9085,"2022-07-21","North West",0.863719974021038
9086,"2022-07-22","London",0.729061243400468
9087,"2022-07-22","South East",0.742089066272985
9088,"2022-07-22","South West",0.758864602224633
9089,"2022-07-22","Midlands",0.779369144619684
9090,"2022-07-22","North East and Yorkshire",0.853653210202413
9091,"2022-07-22","East of England",0.753098679151344
9092,"2022-07-22","North West",0.794791612343518
9093,"2022-07-23","London",0.74735390861699
9094,"2022-07-23","South East",0.778000334777371
9095,"2022-07-23","South West",0.779704413791407
9096,"2022-07-23","Midlands",0.785827270317889
9097,"2022-07-23","North East and Yorkshire",0.81691815435837
9098,"2022-07-23","East of England",0.764486078607066
9099,"2022-07-23","North West",0.808673604056364
9100,"2022-07-24","London",0.734854345191032
9101,"2022-07-24","South East",0.781508695022764
9102,"2022-07-24","South West",0.800095700613078
9103,"2022-07-24","Midlands",0.791505162540864
9104,"2022-07-24","North East and Yorkshire",0.807893601020405
9105,"2022-07-24","East of England",0.738920861512804
9106,"2022-07-24","North West",0.821891102737004
9107,"2022-07-25","London",0.712825055538048
9108,"2022-07-25","South East",0.746134782311704
9109,"2022-07-25","South West",0.753905507683633
9110,"2022-07-25","Midlands",0.721094948859833
9111,"2022-07-25","North East and Yorkshire",0.730165405661819
9112,"2022-07-25","East of England",0.70760743041579
9113,"2022-07-25","North West",0.752369447770429
9114,"2022-07-26","London",0.753970853254791
9115,"2022-07-26","South East",0.779477684953142
9116,"2022-07-26","South West",0.820030274062454
9117,"2022-07-26","Midlands",0.75209877400494
9118,"2022-07-26","North East and Yorkshire",0.792291905492238
9119,"2022-07-26","East of England",0.745094437229233
9120,"2022-07-26","North West",0.826065172000668
9121,"2022-07-27","London",0.726780375971879
9122,"2022-07-27","South East",0.758360924041837
9123,"2022-07-27","South West",0.746015519944322
9124,"2022-07-27","Midlands",0.710126274081759
9125,"2022-07-27","North East and Yorkshire",0.810292858843452
9126,"2022-07-27","East of England",0.750223838169962
9127,"2022-07-27","North West",0.784946164156213
9128,"2022-07-28","London",0.77430862273048
9129,"2022-07-28","South East",0.777181152995332
9130,"2022-07-28","South West",0.767984279271921
9131,"2022-07-28","Midlands",0.742800484383464
9132,"2022-07-28","North East and Yorkshire",0.817936274203027
9133,"2022-07-28","East of England",0.774641596835841
9134,"2022-07-28","North West",0.768814603615954
9135,"2022-07-29","London",0.855043816388629
9136,"2022-07-29","South East",0.88132089032547
9137,"2022-07-29","South West",0.891145537402575
9138,"2022-07-29","Midlands",0.858488006627903
9139,"2022-07-29","North East and Yorkshire",0.880251696918016
9140,"2022-07-29","East of England",0.860342015390086
9141,"2022-07-29","North West",0.851729629687578
9142,"2022-07-30","London",0.759291592646311
9143,"2022-07-30","South East",0.798798951070967
9144,"2022-07-30","South West",0.807214034679042
9145,"2022-07-30","Midlands",0.743604570165004
9146,"2022-07-30","North East and Yorkshire",0.75758914318497
9147,"2022-07-30","East of England",0.742387988179238
9148,"2022-07-30","North West",0.763643831316005
9149,"2022-07-31","London",0.749060607086918
9150,"2022-07-31","South East",0.804392024406301
9151,"2022-07-31","South West",0.827365038611536
9152,"2022-07-31","Midlands",0.739851532971155
9153,"2022-07-31","North East and Yorkshire",0.731723840350532
9154,"2022-07-31","East of England",0.729646998560533
9155,"2022-07-31","North West",0.763364587089765
9156,"2022-08-01","London",0.760636401359975
9157,"2022-08-01","South East",0.813438362486349
9158,"2022-08-01","South West",0.844174887164593
9159,"2022-08-01","Midlands",0.774611438587625
9160,"2022-08-01","North East and Yorkshire",0.763382364016042
9161,"2022-08-01","East of England",0.737097513229705
9162,"2022-08-01","North West",0.802853059659741
9163,"2022-08-02","London",0.631424014936523
9164,"2022-08-02","South East",0.604861634263855
9165,"2022-08-02","South West",0.582116872988631
9166,"2022-08-02","Midlands",0.571132193445659
9167,"2022-08-02","North East and Yorkshire",0.598043729324102
9168,"2022-08-02","East of England",0.633576746780091
9169,"2022-08-02","North West",0.684137691926007
9170,"2022-08-03","London",0.63021913418158
9171,"2022-08-03","South East",0.601188444942268
9172,"2022-08-03","South West",0.523177547797072
9173,"2022-08-03","Midlands",0.470123763226134
9174,"2022-08-03","North East and Yorkshire",0.586099381945235
9175,"2022-08-03","East of England",0.637359973618463
9176,"2022-08-03","North West",0.708107834575913
9177,"2022-08-04","London",0.55447935647582
9178,"2022-08-04","South East",0.547244121287061
9179,"2022-08-04","South West",0.485554243474578
9180,"2022-08-04","Midlands",0.45153168241615
9181,"2022-08-04","North East and Yorkshire",0.573253155145893
9182,"2022-08-04","East of England",0.586392974179597
9183,"2022-08-04","North West",0.675951499141148
9184,"2022-08-05","London",0.514512937743899
9185,"2022-08-05","South East",0.503140628927553
9186,"2022-08-05","South West",0.454321680849678
9187,"2022-08-05","Midlands",0.463841429991021
9188,"2022-08-05","North East and Yorkshire",0.624236280224611
9189,"2022-08-05","East of England",0.561289182024994
9190,"2022-08-05","North West",0.620755252069187
9191,"2022-08-06","London",0.480118332283636
9192,"2022-08-06","South East",0.48528511615805
9193,"2022-08-06","South West",0.452339854384938
9194,"2022-08-06","Midlands",0.486758418470106
9195,"2022-08-06","North East and Yorkshire",0.670892005210904
9196,"2022-08-06","East of England",0.525005409846151
9197,"2022-08-06","North West",0.628851291987177
9198,"2022-08-07","London",0.466334430437309
9199,"2022-08-07","South East",0.48950364908198
9200,"2022-08-07","South West",0.449942341930609
9201,"2022-08-07","Midlands",0.407521434266148
9202,"2022-08-07","North East and Yorkshire",0.637482037347415
9203,"2022-08-07","East of England",0.500084416399104
9204,"2022-08-07","North West",0.597248988216138
9205,"2022-08-08","London",0.547464333792864
9206,"2022-08-08","South East",0.668257628313412
9207,"2022-08-08","South West",0.716750135771687
9208,"2022-08-08","Midlands",0.60547216616725
9209,"2022-08-08","North East and Yorkshire",0.773026317154126
9210,"2022-08-08","East of England",0.566724286952063
9211,"2022-08-08","North West",0.813006874167178
9212,"2022-08-09","London",0.859056559756989
9213,"2022-08-09","South East",0.85633804734967
9214,"2022-08-09","South West",0.857386133035499
9215,"2022-08-09","Midlands",0.827219671732469
9216,"2022-08-09","North East and Yorkshire",0.793795430999223
9217,"2022-08-09","East of England",0.845924486592487
9218,"2022-08-09","North West",0.827274197256369
9219,"2022-08-10","London",0.767509260651089
9220,"2022-08-10","South East",0.762678951623281
9221,"2022-08-10","South West",0.739992567054077
9222,"2022-08-10","Midlands",0.770095136356644
9223,"2022-08-10","North East and Yorkshire",0.802540851587359
9224,"2022-08-10","East of England",0.755771393341078
9225,"2022-08-10","North West",0.798578283281575
9226,"2022-08-11","London",0.889415517005127
9227,"2022-08-11","South East",0.919339345896312
9228,"2022-08-11","South West",0.93275583202462
9229,"2022-08-11","Midlands",0.916683504385656
9230,"2022-08-11","North East and Yorkshire",0.935405987675335
9231,"2022-08-11","East of England",0.878007011826641
9232,"2022-08-11","North West",0.871663759585593
9233,"2022-08-12","London",0.92762228702383
9234,"2022-08-12","South East",0.918679618128437
9235,"2022-08-12","South West",0.93721854194645
9236,"2022-08-12","Midlands",0.817874315379957
9237,"2022-08-12","North East and Yorkshire",0.864538954164213
9238,"2022-08-12","East of England",0.849515381733205
9239,"2022-08-12","North West",0.815687454928128
9240,"2022-08-13","London",0.866487414033236
9241,"2022-08-13","South East",0.896939144396666
9242,"2022-08-13","South West",0.927705440491216
9243,"2022-08-13","Midlands",0.932792799724193
9244,"2022-08-13","North East and Yorkshire",0.924522093611038
9245,"2022-08-13","East of England",0.840894230644544
9246,"2022-08-13","North West",0.878655768555423
9247,"2022-08-14","London",0.86026891685464
9248,"2022-08-14","South East",0.880501168582981
9249,"2022-08-14","South West",0.91920644950855
9250,"2022-08-14","Midlands",0.908929615809121
9251,"2022-08-14","North East and Yorkshire",0.947074732441862
9252,"2022-08-14","East of England",0.849961422035385
9253,"2022-08-14","North West",0.928539436820119
9254,"2022-08-15","London",0.814372356026411
9255,"2022-08-15","South East",0.795788869032847
9256,"2022-08-15","South West",0.756205194377007
9257,"2022-08-15","Midlands",0.772527153868788
9258,"2022-08-15","North East and Yorkshire",0.793228384068997
9259,"2022-08-15","East of England",0.816143798279347
9260,"2022-08-15","North West",0.790140193552932
9261,"2022-08-16","London",0.725198657811043
9262,"2022-08-16","South East",0.769942145822811
9263,"2022-08-16","South West",0.787785782061775
9264,"2022-08-16","Midlands",0.755766457325835
9265,"2022-08-16","North East and Yorkshire",0.779590044600485
9266,"2022-08-16","East of England",0.714337437957659
9267,"2022-08-16","North West",0.814693242598838
9268,"2022-08-17","London",0.703994957012252
9269,"2022-08-17","South East",0.747357468732624
9270,"2022-08-17","South West",0.779242336980616
9271,"2022-08-17","Midlands",0.790063584213238
9272,"2022-08-17","North East and Yorkshire",0.777318661630716
9273,"2022-08-17","East of England",0.726627013883463
9274,"2022-08-17","North West",0.83762533331279
9275,"2022-08-18","London",0.796635880108406
9276,"2022-08-18","South East",0.812603429571713
9277,"2022-08-18","South West",0.791839074877112
9278,"2022-08-18","Midlands",0.782746210051253
9279,"2022-08-18","North East and Yorkshire",0.790801311191685
9280,"2022-08-18","East of England",0.785288897486016
9281,"2022-08-18","North West",0.815593457460256
9282,"2022-08-19","London",0.642411378116569
9283,"2022-08-19","South East",0.715081081205351
9284,"2022-08-19","South West",0.823701381356138
9285,"2022-08-19","Midlands",0.785948171289013
9286,"2022-08-19","North East and Yorkshire",0.806910084801467
9287,"2022-08-19","East of England",0.640249002384792
9288,"2022-08-19","North West",0.837545325130994
9289,"2022-08-20","London",0.801027290049123
9290,"2022-08-20","South East",0.813284315129998
9291,"2022-08-20","South West",0.842820450206229
9292,"2022-08-20","Midlands",0.836489228065007
9293,"2022-08-20","North East and Yorkshire",0.850704859422015
9294,"2022-08-20","East of England",0.792591792688429
9295,"2022-08-20","North West",0.853138827580618
9296,"2022-08-21","London",0.754744422681725
9297,"2022-08-21","South East",0.753159337910381
9298,"2022-08-21","South West",0.824339036109917
9299,"2022-08-21","Midlands",0.814224412349256
9300,"2022-08-21","North East and Yorkshire",0.875258647555374
9301,"2022-08-21","East of England",0.781150208477377
9302,"2022-08-21","North West",0.873403868014157
9303,"2022-08-22","London",0.709919045603949
9304,"2022-08-22","South East",0.719382848202809
9305,"2022-08-22","South West",0.78840593361603
9306,"2022-08-22","Midlands",0.775692924670235
9307,"2022-08-22","North East and Yorkshire",0.775882350170389
9308,"2022-08-22","East of England",0.714679017906241
9309,"2022-08-22","North West",0.813434175455167
9310,"2022-08-23","London",0.624917942573494
9311,"2022-08-23","South East",0.694316660512411
9312,"2022-08-23","South West",0.775034262440448
9313,"2022-08-23","Midlands",0.688059545798904
9314,"2022-08-23","North East and Yorkshire",0.740905621801404
9315,"2022-08-23","East of England",0.614475125355836
9316,"2022-08-23","North West",0.792610560017714
9317,"2022-08-24","London",0.915179851479863
9318,"2022-08-24","South East",0.908468183070315
9319,"2022-08-24","South West",0.925829460653765
9320,"2022-08-24","Midlands",0.913530703670457
9321,"2022-08-24","North East and Yorkshire",0.923296608448031
9322,"2022-08-24","East of England",0.883198614953254
9323,"2022-08-24","North West",0.929243952905981
9324,"2022-08-25","London",0.705135746873568
9325,"2022-08-25","South East",0.725895828163432
9326,"2022-08-25","South West",0.771802453230923
9327,"2022-08-25","Midlands",0.733543114533616
9328,"2022-08-25","North East and Yorkshire",0.752139997699859
9329,"2022-08-25","East of England",0.709069382415841
9330,"2022-08-25","North West",0.786066987198363
9331,"2022-08-26","London",0.878549006207903
9332,"2022-08-26","South East",0.881023701289503
9333,"2022-08-26","South West",0.922936233929738
9334,"2022-08-26","Midlands",0.907188760300623
9335,"2022-08-26","North East and Yorkshire",0.897110652851532
9336,"2022-08-26","East of England",0.854955681933658
9337,"2022-08-26","North West",0.919774019583305
9338,"2022-08-27","London",0.754123618714299
9339,"2022-08-27","South East",0.783605853575691
9340,"2022-08-27","South West",0.776954140605152
9341,"2022-08-27","Midlands",0.708552706484009
9342,"2022-08-27","North East and Yorkshire",0.706170273510874
9343,"2022-08-27","East of England",0.721044026720921
9344,"2022-08-27","North West",0.730381018413917
9345,"2022-08-28","London",0.743570245997395
9346,"2022-08-28","South East",0.763692348055755
9347,"2022-08-28","South West",0.780253811808398
9348,"2022-08-28","Midlands",0.729862289508179
9349,"2022-08-28","North East and Yorkshire",0.734127059248062
9350,"2022-08-28","East of England",0.710643422950617
9351,"2022-08-28","North West",0.76112811911797
9352,"2022-08-29","London",0.721996254775893
9353,"2022-08-29","South East",0.741983010164858
9354,"2022-08-29","South West",0.771621206222429
9355,"2022-08-29","Midlands",0.740952741545368
9356,"2022-08-29","North East and Yorkshire",0.748507039021911
9357,"2022-08-29","East of England",0.719658280894818
9358,"2022-08-29","North West",0.803947406964984
9359,"2022-08-30","London",0.832302149793341
9360,"2022-08-30","South East",0.854089697198185
9361,"2022-08-30","South West",0.885538043477345
9362,"2022-08-30","Midlands",0.845960651715009
9363,"2022-08-30","North East and Yorkshire",0.848841200375538
9364,"2022-08-30","East of England",0.822231921348485
9365,"2022-08-30","North West",0.908273747649434
9366,"2022-08-31","London",0.79610992400801
9367,"2022-08-31","South East",0.821525611261693
9368,"2022-08-31","South West",0.839038506911094
9369,"2022-08-31","Midlands",0.758647999760418
9370,"2022-08-31","North East and Yorkshire",0.725926634228721
9371,"2022-08-31","East of England",0.76655661774217
9372,"2022-08-31","North West",0.789875721095792
9373,"2022-09-01","London",0.675288469730257
9374,"2022-09-01","South East",0.68077468452579
9375,"2022-09-01","South West",0.730929553474617
9376,"2022-09-01","Midlands",0.742241474592304
9377,"2022-09-01","North East and Yorkshire",0.74301725262021
9378,"2022-09-01","East of England",0.683157665110322
9379,"2022-09-01","North West",0.750500767035522
9380,"2022-09-02","London",0.717193085085567
9381,"2022-09-02","South East",0.731581057321535
9382,"2022-09-02","South West",0.791247195258216
9383,"2022-09-02","Midlands",0.761830532801973
9384,"2022-09-02","North East and Yorkshire",0.760423277868831
9385,"2022-09-02","East of England",0.69630341027266
9386,"2022-09-02","North West",0.795197392174679
9387,"2022-09-03","London",0.719859171266215
9388,"2022-09-03","South East",0.752429982327605
9389,"2022-09-03","South West",0.784598860321275
9390,"2022-09-03","Midlands",0.696059885093789
9391,"2022-09-03","North East and Yorkshire",0.713569443199368
9392,"2022-09-03","East of England",0.692613079746675
9393,"2022-09-03","North West",0.747110064544623
9394,"2022-09-04","London",0.768640384147943
9395,"2022-09-04","South East",0.795899759984459
9396,"2022-09-04","South West",0.817610358259571
9397,"2022-09-04","Midlands",0.750919241841155
9398,"2022-09-04","North East and Yorkshire",0.74716744437091
9399,"2022-09-04","East of England",0.738164814715875
9400,"2022-09-04","North West",0.796129055711199
9401,"2022-09-05","London",0.690355473679934
9402,"2022-09-05","South East",0.694004630139295
9403,"2022-09-05","South West",0.705153168607557
9404,"2022-09-05","Midlands",0.708082989952159
9405,"2022-09-05","North East and Yorkshire",0.757210618844498
9406,"2022-09-05","East of England",0.72366281292155
9407,"2022-09-05","North West",0.786818482126955
9408,"2022-09-06","London",0.83541064018812
9409,"2022-09-06","South East",0.845426060746032
9410,"2022-09-06","South West",0.858468805624819
9411,"2022-09-06","Midlands",0.857846767308699
9412,"2022-09-06","North East and Yorkshire",0.917138415592972
9413,"2022-09-06","East of England",0.816676850327348
9414,"2022-09-06","North West",0.90919487680577
9415,"2022-09-07","London",0.664831972926625
9416,"2022-09-07","South East",0.697368164888674
9417,"2022-09-07","South West",0.767624281102804
9418,"2022-09-07","Midlands",0.754114019611412
9419,"2022-09-07","North East and Yorkshire",0.839445539437806
9420,"2022-09-07","East of England",0.689114518651628
9421,"2022-09-07","North West",0.861625125125431
9422,"2022-09-08","London",0.858819808357955
9423,"2022-09-08","South East",0.865961497724442
9424,"2022-09-08","South West",0.909251088488944
9425,"2022-09-08","Midlands",0.902371255409117
9426,"2022-09-08","North East and Yorkshire",0.914468283709864
9427,"2022-09-08","East of England",0.847494573593429
9428,"2022-09-08","North West",0.898408109243405
9429,"2022-09-09","London",0.882658416665817
9430,"2022-09-09","South East",0.878407404594104
9431,"2022-09-09","South West",0.879967386598131
9432,"2022-09-09","Midlands",0.896145796585985
9433,"2022-09-09","North East and Yorkshire",0.896390545411903
9434,"2022-09-09","East of England",0.877232818917488
9435,"2022-09-09","North West",0.828132380734781
9436,"2022-09-10","London",0.811617060358146
9437,"2022-09-10","South East",0.780475059388464
9438,"2022-09-10","South West",0.711950408653263
9439,"2022-09-10","Midlands",0.78207202949745
9440,"2022-09-10","North East and Yorkshire",0.807405936236658
9441,"2022-09-10","East of England",0.840581634480548
9442,"2022-09-10","North West",0.748609794642224
9443,"2022-09-11","London",0.704255518917432
9444,"2022-09-11","South East",0.704965844501797
9445,"2022-09-11","South West",0.693153477881521
9446,"2022-09-11","Midlands",0.735738264465716
9447,"2022-09-11","North East and Yorkshire",0.747140130043135
9448,"2022-09-11","East of England",0.721392581207728
9449,"2022-09-11","North West",0.738065163005648
9450,"2022-09-12","London",0.685999497015414
9451,"2022-09-12","South East",0.682574404651691
9452,"2022-09-12","South West",0.73421280933535
9453,"2022-09-12","Midlands",0.708755013718858
9454,"2022-09-12","North East and Yorkshire",0.729600675122975
9455,"2022-09-12","East of England",0.702097669408628
9456,"2022-09-12","North West",0.71817713761278
9457,"2022-09-13","London",0.649030248225085
9458,"2022-09-13","South East",0.720344976938442
9459,"2022-09-13","South West",0.814278497949599
9460,"2022-09-13","Midlands",0.790323824245987
9461,"2022-09-13","North East and Yorkshire",0.816677862234955
9462,"2022-09-13","East of England",0.68949848448126
9463,"2022-09-13","North West",0.848416701365372
9464,"2022-09-14","London",0.711997327867541
9465,"2022-09-14","South East",0.779691253903844
9466,"2022-09-14","South West",0.859080709926279
9467,"2022-09-14","Midlands",0.845971148909711
9468,"2022-09-14","North East and Yorkshire",0.859025003836832
9469,"2022-09-14","East of England",0.719675379304585
9470,"2022-09-14","North West",0.898102556891768
9471,"2022-09-15","London",0.665958404046884
9472,"2022-09-15","South East",0.7319341558468
9473,"2022-09-15","South West",0.804342472821641
9474,"2022-09-15","Midlands",0.783022531737164
9475,"2022-09-15","North East and Yorkshire",0.766626993031607
9476,"2022-09-15","East of England",0.668660682604716
9477,"2022-09-15","North West",0.79821294227222
9478,"2022-09-16","London",0.720694158815271
9479,"2022-09-16","South East",0.764795087513178
9480,"2022-09-16","South West",0.789003227430196
9481,"2022-09-16","Midlands",0.727194053207409
9482,"2022-09-16","North East and Yorkshire",0.741058671820318
9483,"2022-09-16","East of England",0.692440445189725
9484,"2022-09-16","North West",0.771174098677366
9485,"2022-09-17","London",0.726115806622091
9486,"2022-09-17","South East",0.759278315500085
9487,"2022-09-17","South West",0.782993609696369
9488,"2022-09-17","Midlands",0.759204712697371
9489,"2022-09-17","North East and Yorkshire",0.756786647123568
9490,"2022-09-17","East of England",0.706041316652158
9491,"2022-09-17","North West",0.791267783082692
9492,"2022-09-18","London",0.597234598194511
9493,"2022-09-18","South East",0.622094459318018
9494,"2022-09-18","South West",0.68819549041351
9495,"2022-09-18","Midlands",0.70981293553579
9496,"2022-09-18","North East and Yorkshire",0.741241579638155
9497,"2022-09-18","East of England",0.610720698905748
9498,"2022-09-18","North West",0.794210275266042
9499,"2022-09-19","London",0.659869241844784
9500,"2022-09-19","South East",0.701041122512246
9501,"2022-09-19","South West",0.773002558870385
9502,"2022-09-19","Midlands",0.756982722291623
9503,"2022-09-19","North East and Yorkshire",0.803376457663308
9504,"2022-09-19","East of England",0.645966398716824
9505,"2022-09-19","North West",0.849490283551613
9506,"2022-09-20","London",0.846557175284472
9507,"2022-09-20","South East",0.844452295948101
9508,"2022-09-20","South West",0.871079852605617
9509,"2022-09-20","Midlands",0.866748441055971
9510,"2022-09-20","North East and Yorkshire",0.864913459998193
9511,"2022-09-20","East of England",0.843029899446382
9512,"2022-09-20","North West",0.919207975276635
9513,"2022-09-21","London",0.776375763298859
9514,"2022-09-21","South East",0.792089173229481
9515,"2022-09-21","South West",0.842471105179034
9516,"2022-09-21","Midlands",0.775780577703834
9517,"2022-09-21","North East and Yorkshire",0.795429031299952
9518,"2022-09-21","East of England",0.7563224223045
9519,"2022-09-21","North West",0.83812984836566
9520,"2022-09-22","London",0.885981643423866
9521,"2022-09-22","South East",0.878457433118293
9522,"2022-09-22","South West",0.870988856628476
9523,"2022-09-22","Midlands",0.885009057324815
9524,"2022-09-22","North East and Yorkshire",0.847668487416648
9525,"2022-09-22","East of England",0.881568167322431
9526,"2022-09-22","North West",0.873650886579921
9527,"2022-09-23","London",0.870458104850773
9528,"2022-09-23","South East",0.837299179469699
9529,"2022-09-23","South West",0.847654926386995
9530,"2022-09-23","Midlands",0.827369915605936
9531,"2022-09-23","North East and Yorkshire",0.803257683719567
9532,"2022-09-23","East of England",0.840218840099266
9533,"2022-09-23","North West",0.841642390910907
9534,"2022-09-24","London",0.839558098608222
9535,"2022-09-24","South East",0.81830914036156
9536,"2022-09-24","South West",0.824599464013326
9537,"2022-09-24","Midlands",0.866487499518653
9538,"2022-09-24","North East and Yorkshire",0.844834568094541
9539,"2022-09-24","East of England",0.848569691850735
9540,"2022-09-24","North West",0.900126864100853
9541,"2022-09-25","London",0.818444887446478
9542,"2022-09-25","South East",0.796510081471639
9543,"2022-09-25","South West",0.812372808972637
9544,"2022-09-25","Midlands",0.819052711835394
9545,"2022-09-25","North East and Yorkshire",0.806165056574631
9546,"2022-09-25","East of England",0.834483380912426
9547,"2022-09-25","North West",0.813839671037116
9548,"2022-09-26","London",0.906672485484933
9549,"2022-09-26","South East",0.880248816361936
9550,"2022-09-26","South West",0.921702265602863
9551,"2022-09-26","Midlands",0.923395771907062
9552,"2022-09-26","North East and Yorkshire",0.90293177757344
9553,"2022-09-26","East of England",0.883475523113198
9554,"2022-09-26","North West",0.903541551158462
9555,"2022-09-27","London",0.711239954325483
9556,"2022-09-27","South East",0.729074120566655
9557,"2022-09-27","South West",0.719042267492644
9558,"2022-09-27","Midlands",0.701051839110344
9559,"2022-09-27","North East and Yorkshire",0.772758231767732
9560,"2022-09-27","East of England",0.736192141601327
9561,"2022-09-27","North West",0.6923277266604
9562,"2022-09-28","London",0.75654268860785
9563,"2022-09-28","South East",0.773383714476501
9564,"2022-09-28","South West",0.773404790786177
9565,"2022-09-28","Midlands",0.766765776785123
9566,"2022-09-28","North East and Yorkshire",0.833594484397238
9567,"2022-09-28","East of England",0.786847966285995
9568,"2022-09-28","North West",0.802328951894555
9569,"2022-09-29","London",0.708292739552476
9570,"2022-09-29","South East",0.728594056867296
9571,"2022-09-29","South West",0.760774024724811
9572,"2022-09-29","Midlands",0.727661306639293
9573,"2022-09-29","North East and Yorkshire",0.851422408151488
9574,"2022-09-29","East of England",0.718206375003871
9575,"2022-09-29","North West",0.802775041346779
9576,"2022-09-30","London",0.685423597837767
9577,"2022-09-30","South East",0.723605165854344
9578,"2022-09-30","South West",0.782908436902153
9579,"2022-09-30","Midlands",0.757585939546384
9580,"2022-09-30","North East and Yorkshire",0.840681308965372
9581,"2022-09-30","East of England",0.736408076123635
9582,"2022-09-30","North West",0.838305682145109
9583,"2022-10-01","London",0.629648543452365
9584,"2022-10-01","South East",0.699643826031187
9585,"2022-10-01","South West",0.768831643475157
9586,"2022-10-01","Midlands",0.763646721296164
9587,"2022-10-01","North East and Yorkshire",0.801581507718285
9588,"2022-10-01","East of England",0.668598598415723
9589,"2022-10-01","North West",0.850608094387383
9590,"2022-10-02","London",0.730238557608355
9591,"2022-10-02","South East",0.791098232461919
9592,"2022-10-02","South West",0.86567008036708
9593,"2022-10-02","Midlands",0.833534945280102
9594,"2022-10-02","North East and Yorkshire",0.895557149388732
9595,"2022-10-02","East of England",0.740565712131149
9596,"2022-10-02","North West",0.911299019334951
9597,"2022-10-03","London",0.763201597978927
9598,"2022-10-03","South East",0.820807534535121
9599,"2022-10-03","South West",0.853017230738215
9600,"2022-10-03","Midlands",0.840769291388326
9601,"2022-10-03","North East and Yorkshire",0.865237387572772
9602,"2022-10-03","East of England",0.75351705532658
9603,"2022-10-03","North West",0.909182023062672
9604,"2022-10-04","London",0.81309748013492
9605,"2022-10-04","South East",0.797548361572239
9606,"2022-10-04","South West",0.82402522766114
9607,"2022-10-04","Midlands",0.854747251324613
9608,"2022-10-04","North East and Yorkshire",0.848425701744751
9609,"2022-10-04","East of England",0.799125560502006
9610,"2022-10-04","North West",0.840477072874744
9611,"2022-10-05","London",0.751956490582847
9612,"2022-10-05","South East",0.773640146862631
9613,"2022-10-05","South West",0.823560479536357
9614,"2022-10-05","Midlands",0.826448144217462
9615,"2022-10-05","North East and Yorkshire",0.832895209505279
9616,"2022-10-05","East of England",0.751209084746686
9617,"2022-10-05","North West",0.814199357231642
9618,"2022-10-06","London",0.874013805456679
9619,"2022-10-06","South East",0.864338684391735
9620,"2022-10-06","South West",0.918538962674513
9621,"2022-10-06","Midlands",0.863517490745687
9622,"2022-10-06","North East and Yorkshire",0.803499566603365
9623,"2022-10-06","East of England",0.854035542014941
9624,"2022-10-06","North West",0.821778327565089
9625,"2022-10-07","London",0.958861142760329
9626,"2022-10-07","South East",0.94940387857824
9627,"2022-10-07","South West",0.953698137202092
9628,"2022-10-07","Midlands",0.957978316147277
9629,"2022-10-07","North East and Yorkshire",0.963884194569706
9630,"2022-10-07","East of England",0.952829743322703
9631,"2022-10-07","North West",0.950954400439443
9632,"2022-10-08","London",0.852943574558309
9633,"2022-10-08","South East",0.856628698552018
9634,"2022-10-08","South West",0.8708383918107
9635,"2022-10-08","Midlands",0.896426996675256
9636,"2022-10-08","North East and Yorkshire",0.91044321538621
9637,"2022-10-08","East of England",0.855421945148234
9638,"2022-10-08","North West",0.907447127522318
9639,"2022-10-09","London",0.890031418410569
9640,"2022-10-09","South East",0.870962297560442
9641,"2022-10-09","South West",0.885687610262498
9642,"2022-10-09","Midlands",0.933912636870605
9643,"2022-10-09","North East and Yorkshire",0.926059487911902
9644,"2022-10-09","East of England",0.886571456757849
9645,"2022-10-09","North West",0.946825121857847
9646,"2022-10-10","London",0.917980354551996
9647,"2022-10-10","South East",0.906155579433188
9648,"2022-10-10","South West",0.916078293529797
9649,"2022-10-10","Midlands",0.925462797886262
9650,"2022-10-10","North East and Yorkshire",0.956359380766942
9651,"2022-10-10","East of England",0.914327720175058
9652,"2022-10-10","North West",0.935627826580063
9653,"2022-10-11","London",0.916433281554685
9654,"2022-10-11","South East",0.881437968077313
9655,"2022-10-11","South West",0.875465786341433
9656,"2022-10-11","Midlands",0.903976561933532
9657,"2022-10-11","North East and Yorkshire",0.890406769980178
9658,"2022-10-11","East of England",0.904889376350687
9659,"2022-10-11","North West",0.891041511375006
9660,"2022-10-12","London",0.814008990929838
9661,"2022-10-12","South East",0.811011320974943
9662,"2022-10-12","South West",0.833121258265943
9663,"2022-10-12","Midlands",0.832318860256412
9664,"2022-10-12","North East and Yorkshire",0.822853194964642
9665,"2022-10-12","East of England",0.810008248152829
9666,"2022-10-12","North West",0.831213114383292
9667,"2022-10-13","London",0.892026279745868
9668,"2022-10-13","South East",0.872782869605415
9669,"2022-10-13","South West",0.894418703076765
9670,"2022-10-13","Midlands",0.880613657154198
9671,"2022-10-13","North East and Yorkshire",0.887628797598626
9672,"2022-10-13","East of England",0.880029294621755
9673,"2022-10-13","North West",0.889522568927595
9674,"2022-10-14","London",0.898254487486896
9675,"2022-10-14","South East",0.903292545551222
9676,"2022-10-14","South West",0.92765484451023
9677,"2022-10-14","Midlands",0.896074598534556
9678,"2022-10-14","North East and Yorkshire",0.876958135125834
9679,"2022-10-14","East of England",0.889390257531877
9680,"2022-10-14","North West",0.911370314004166
9681,"2022-10-15","London",0.842996203204811
9682,"2022-10-15","South East",0.834436462820718
9683,"2022-10-15","South West",0.836476821257509
9684,"2022-10-15","Midlands",0.846077582131688
9685,"2022-10-15","North East and Yorkshire",0.847575059538087
9686,"2022-10-15","East of England",0.847778161495554
9687,"2022-10-15","North West",0.845617568381009
9688,"2022-10-16","London",0.862171285980691
9689,"2022-10-16","South East",0.870209978773923
9690,"2022-10-16","South West",0.888234197385499
9691,"2022-10-16","Midlands",0.832307794855275
9692,"2022-10-16","North East and Yorkshire",0.827000800285199
9693,"2022-10-16","East of England",0.844061505522199
9694,"2022-10-16","North West",0.856002977058857
9695,"2022-10-17","London",0.764974715743674
9696,"2022-10-17","South East",0.776174884795771
9697,"2022-10-17","South West",0.792841296458813
9698,"2022-10-17","Midlands",0.765931123468331
9699,"2022-10-17","North East and Yorkshire",0.831548349300198
9700,"2022-10-17","East of England",0.753307130949252
9701,"2022-10-17","North West",0.849968169763391
9702,"2022-10-18","London",0.922607565555028
9703,"2022-10-18","South East",0.900046226714711
9704,"2022-10-18","South West",0.895124268926045
9705,"2022-10-18","Midlands",0.917761693407919
9706,"2022-10-18","North East and Yorkshire",0.952860050850196
9707,"2022-10-18","East of England",0.918997501714178
9708,"2022-10-18","North West",0.944619224680656
9709,"2022-10-19","London",0.878846394435386
9710,"2022-10-19","South East",0.886801843050064
9711,"2022-10-19","South West",0.905286864338843
9712,"2022-10-19","Midlands",0.907706915285412
9713,"2022-10-19","North East and Yorkshire",0.922954967424403
9714,"2022-10-19","East of England",0.897913160859838
9715,"2022-10-19","North West",0.903531355733702
9716,"2022-10-20","London",0.837995751970135
9717,"2022-10-20","South East",0.841624666343856
9718,"2022-10-20","South West",0.837116100685989
9719,"2022-10-20","Midlands",0.822965624534576
9720,"2022-10-20","North East and Yorkshire",0.850264381267045
9721,"2022-10-20","East of England",0.818488990635504
9722,"2022-10-20","North West",0.867447228183468
9723,"2022-10-21","London",0.838080417920383
9724,"2022-10-21","South East",0.845214421707371
9725,"2022-10-21","South West",0.857627883194741
9726,"2022-10-21","Midlands",0.859531330691441
9727,"2022-10-21","North East and Yorkshire",0.866696798532967
9728,"2022-10-21","East of England",0.820684695645249
9729,"2022-10-21","North West",0.872790875988532
9730,"2022-10-22","London",0.793004979206142
9731,"2022-10-22","South East",0.810696881769289
9732,"2022-10-22","South West",0.853487675064442
9733,"2022-10-22","Midlands",0.843759043158965
9734,"2022-10-22","North East and Yorkshire",0.842923833349908
9735,"2022-10-22","East of England",0.788325652353306
9736,"2022-10-22","North West",0.896046427759729
9737,"2022-10-23","London",0.88640632216575
9738,"2022-10-23","South East",0.868104062680498
9739,"2022-10-23","South West",0.879189133342589
9740,"2022-10-23","Midlands",0.918148893086753
9741,"2022-10-23","North East and Yorkshire",0.937821457381836
9742,"2022-10-23","East of England",0.898469146060476
9743,"2022-10-23","North West",0.91788540660383
9744,"2022-10-24","London",0.89329086648627
9745,"2022-10-24","South East",0.890780763608354
9746,"2022-10-24","South West",0.931369461438335
9747,"2022-10-24","Midlands",0.903817615304982
9748,"2022-10-24","North East and Yorkshire",0.873911852387282
9749,"2022-10-24","East of England",0.869058124397226
9750,"2022-10-24","North West",0.893254779052651
9751,"2022-10-25","London",0.899571603267734
9752,"2022-10-25","South East",0.866868722668413
9753,"2022-10-25","South West",0.83372833426906
9754,"2022-10-25","Midlands",0.862522991694264
9755,"2022-10-25","North East and Yorkshire",0.849255074209806
9756,"2022-10-25","East of England",0.896702864548497
9757,"2022-10-25","North West",0.836479856106552
9758,"2022-10-26","London",0.895696278788711
9759,"2022-10-26","South East",0.886452427418603
9760,"2022-10-26","South West",0.912178543735627
9761,"2022-10-26","Midlands",0.895611497604
9762,"2022-10-26","North East and Yorkshire",0.861459884143386
9763,"2022-10-26","East of England",0.88753220215309
9764,"2022-10-26","North West",0.890041175341232
9765,"2022-10-27","London",0.850406122117657
9766,"2022-10-27","South East",0.865402615204884
9767,"2022-10-27","South West",0.883231979410565
9768,"2022-10-27","Midlands",0.829625709017977
9769,"2022-10-27","North East and Yorkshire",0.800230375018831
9770,"2022-10-27","East of England",0.826725785223707
9771,"2022-10-27","North West",0.866188392053586
9772,"2022-10-28","London",0.668681268722112
9773,"2022-10-28","South East",0.693082674885743
9774,"2022-10-28","South West",0.778356631246611
9775,"2022-10-28","Midlands",0.708322802099706
9776,"2022-10-28","North East and Yorkshire",0.685652339962055
9777,"2022-10-28","East of England",0.673914320833706
9778,"2022-10-28","North West",0.720976412523899
9779,"2022-10-29","London",0.781914952730428
9780,"2022-10-29","South East",0.790959686685843
9781,"2022-10-29","South West",0.834826259241512
9782,"2022-10-29","Midlands",0.820673884060656
9783,"2022-10-29","North East and Yorkshire",0.790201074027933
9784,"2022-10-29","East of England",0.782132245343666
9785,"2022-10-29","North West",0.819230576385801
9786,"2022-10-30","London",0.944327709863723
9787,"2022-10-30","South East",0.907650859937139
9788,"2022-10-30","South West",0.93163934983898
9789,"2022-10-30","Midlands",0.933234347801181
9790,"2022-10-30","North East and Yorkshire",0.89983396661058
9791,"2022-10-30","East of England",0.914398571196178
9792,"2022-10-30","North West",0.895961296568403
9793,"2022-10-31","London",0.945644131350721
9794,"2022-10-31","South East",0.917523051008148
9795,"2022-10-31","South West",0.899025062199856
9796,"2022-10-31","Midlands",0.945989860108245
9797,"2022-10-31","North East and Yorkshire",0.91644216047311
9798,"2022-10-31","East of England",0.943333886840609
9799,"2022-10-31","North West",0.905934423254237
9800,"2022-11-01","London",0.727169918835065
9801,"2022-11-01","South East",0.721322865823507
9802,"2022-11-01","South West",0.729775302852063
9803,"2022-11-01","Midlands",0.796136994805592
9804,"2022-11-01","North East and Yorkshire",0.85000478820244
9805,"2022-11-01","East of England",0.747034662512116
9806,"2022-11-01","North West",0.808273148341825
9807,"2022-11-02","London",0.877386772597935
9808,"2022-11-02","South East",0.879336064542308
9809,"2022-11-02","South West",0.90281312208914
9810,"2022-11-02","Midlands",0.862721320361274
9811,"2022-11-02","North East and Yorkshire",0.823975938273711
9812,"2022-11-02","East of England",0.859870476507216
9813,"2022-11-02","North West",0.819707985435837
9814,"2022-11-03","London",0.903778490833286
9815,"2022-11-03","South East",0.904846708410564
9816,"2022-11-03","South West",0.929351367037658
9817,"2022-11-03","Midlands",0.919208405528221
9818,"2022-11-03","North East and Yorkshire",0.92517797041035
9819,"2022-11-03","East of England",0.901476995272088
9820,"2022-11-03","North West",0.912095444546691
9821,"2022-11-04","London",0.919887705171021
9822,"2022-11-04","South East",0.903404531953167
9823,"2022-11-04","South West",0.936491552468014
9824,"2022-11-04","Midlands",0.965651386126051
9825,"2022-11-04","North East and Yorkshire",0.920924956267342
9826,"2022-11-04","East of England",0.943467538928843
9827,"2022-11-04","North West",0.918087363214641
9828,"2022-11-05","London",0.946693900563296
9829,"2022-11-05","South East",0.918605493906254
9830,"2022-11-05","South West",0.90472331071689
9831,"2022-11-05","Midlands",0.920453179887088
9832,"2022-11-05","North East and Yorkshire",0.877877034767502
9833,"2022-11-05","East of England",0.928269665972488
9834,"2022-11-05","North West",0.862183658933642
9835,"2022-11-06","London",0.840923714295169
9836,"2022-11-06","South East",0.820424871850761
9837,"2022-11-06","South West",0.849224061986253
9838,"2022-11-06","Midlands",0.86787984745602
9839,"2022-11-06","North East and Yorkshire",0.839283317999886
9840,"2022-11-06","East of England",0.816485865338461
9841,"2022-11-06","North West",0.836406354427998
9842,"2022-11-07","London",0.905294276070367
9843,"2022-11-07","South East",0.87364616398963
9844,"2022-11-07","South West",0.883664367992067
9845,"2022-11-07","Midlands",0.909334554390888
9846,"2022-11-07","North East and Yorkshire",0.935590161166008
9847,"2022-11-07","East of England",0.891902860490851
9848,"2022-11-07","North West",0.900648345426332
9849,"2022-11-08","London",0.88813230518795
9850,"2022-11-08","South East",0.867904031371222
9851,"2022-11-08","South West",0.878987481729422
9852,"2022-11-08","Midlands",0.919322379078567
9853,"2022-11-08","North East and Yorkshire",0.873330376484729
9854,"2022-11-08","East of England",0.880785527352774
9855,"2022-11-08","North West",0.908309871103871
9856,"2022-11-09","London",0.910618721104526
9857,"2022-11-09","South East",0.87893269188821
9858,"2022-11-09","South West",0.901710453708614
9859,"2022-11-09","Midlands",0.935485861924803
9860,"2022-11-09","North East and Yorkshire",0.940169654995338
9861,"2022-11-09","East of England",0.912498655756441
9862,"2022-11-09","North West",0.943579045241172
9863,"2022-11-10","London",0.906407588014341
9864,"2022-11-10","South East",0.903700285899781
9865,"2022-11-10","South West",0.904053034810263
9866,"2022-11-10","Midlands",0.887838044265329
9867,"2022-11-10","North East and Yorkshire",0.870995214727809
9868,"2022-11-10","East of England",0.902704817534699
9869,"2022-11-10","North West",0.887737251906958
9870,"2022-11-11","London",0.765431294280192
9871,"2022-11-11","South East",0.772082067784803
9872,"2022-11-11","South West",0.82783191843574
9873,"2022-11-11","Midlands",0.797611342186837
9874,"2022-11-11","North East and Yorkshire",0.787516115716675
9875,"2022-11-11","East of England",0.761123156936974
9876,"2022-11-11","North West",0.819201182341211
9877,"2022-11-12","London",0.822928463879089
9878,"2022-11-12","South East",0.795642510122769
9879,"2022-11-12","South West",0.741487348731371
9880,"2022-11-12","Midlands",0.834549265217556
9881,"2022-11-12","North East and Yorkshire",0.883214522536754
9882,"2022-11-12","East of England",0.847244483602561
9883,"2022-11-12","North West",0.836528312616825
9884,"2022-11-13","London",0.890269263556646
9885,"2022-11-13","South East",0.838754208173501
9886,"2022-11-13","South West",0.715003528034003
9887,"2022-11-13","Midlands",0.82132981183604
9888,"2022-11-13","North East and Yorkshire",0.838605069605874
9889,"2022-11-13","East of England",0.875804092091853
9890,"2022-11-13","North West",0.75919808073255
9891,"2022-11-14","London",0.848870110405018
9892,"2022-11-14","South East",0.846373205320781
9893,"2022-11-14","South West",0.789487122463792
9894,"2022-11-14","Midlands",0.811175940310192
9895,"2022-11-14","North East and Yorkshire",0.767282595620776
9896,"2022-11-14","East of England",0.837984362366932
9897,"2022-11-14","North West",0.790672325818288
9898,"2022-11-15","London",0.848897928755533
9899,"2022-11-15","South East",0.839974553466252
9900,"2022-11-15","South West",0.840292651794145
9901,"2022-11-15","Midlands",0.845833800666112
9902,"2022-11-15","North East and Yorkshire",0.830177825816526
9903,"2022-11-15","East of England",0.83337364672677
9904,"2022-11-15","North West",0.862121140826218
9905,"2022-11-16","London",0.928862472931124
9906,"2022-11-16","South East",0.913515525013661
9907,"2022-11-16","South West",0.926434354886138
9908,"2022-11-16","Midlands",0.899572705732534
9909,"2022-11-16","North East and Yorkshire",0.839178814999012
9910,"2022-11-16","East of England",0.906190340400089
9911,"2022-11-16","North West",0.875956748981444
9912,"2022-11-17","London",0.970962157948253
9913,"2022-11-17","South East",0.93965503570505
9914,"2022-11-17","South West",0.901320502874943
9915,"2022-11-17","Midlands",0.928394334621553
9916,"2022-11-17","North East and Yorkshire",0.899195988440935
9917,"2022-11-17","East of England",0.96076947900286
9918,"2022-11-17","North West",0.905645994935851
9919,"2022-11-18","London",0.894387670899775
9920,"2022-11-18","South East",0.878654882623022
9921,"2022-11-18","South West",0.915810798846499
9922,"2022-11-18","Midlands",0.943824805616076
9923,"2022-11-18","North East and Yorkshire",0.939526314020763
9924,"2022-11-18","East of England",0.891178264493571
9925,"2022-11-18","North West",0.950546919243131
9926,"2022-11-19","London",0.870959815934514
9927,"2022-11-19","South East",0.872948029763547
9928,"2022-11-19","South West",0.912854210416501
9929,"2022-11-19","Midlands",0.958401004530698
9930,"2022-11-19","North East and Yorkshire",0.900267285320497
9931,"2022-11-19","East of England",0.87975093464761
9932,"2022-11-19","North West",0.871225716320088
9933,"2022-11-20","London",0.813832097647927
9934,"2022-11-20","South East",0.792493539240234
9935,"2022-11-20","South West",0.795958863880746
9936,"2022-11-20","Midlands",0.816800304055452
9937,"2022-11-20","North East and Yorkshire",0.778351822240019
9938,"2022-11-20","East of England",0.795460977053629
9939,"2022-11-20","North West",0.789417316753894
9940,"2022-11-21","London",0.87713336408832
9941,"2022-11-21","South East",0.854083179411752
9942,"2022-11-21","South West",0.862575080340906
9943,"2022-11-21","Midlands",0.872830227777693
9944,"2022-11-21","North East and Yorkshire",0.842059118233499
9945,"2022-11-21","East of England",0.870530867270951
9946,"2022-11-21","North West",0.850432010319859
9947,"2022-11-22","London",0.841423131500893
9948,"2022-11-22","South East",0.831914587720553
9949,"2022-11-22","South West",0.842890522889609
9950,"2022-11-22","Midlands",0.860294886857424
9951,"2022-11-22","North East and Yorkshire",0.88680674320623
9952,"2022-11-22","East of England",0.818331694336584
9953,"2022-11-22","North West",0.904585195274633
9954,"2022-11-23","London",0.874589025333791
9955,"2022-11-23","South East",0.855880833059393
9956,"2022-11-23","South West",0.860659482757612
9957,"2022-11-23","Midlands",0.917676465131395
9958,"2022-11-23","North East and Yorkshire",0.910750234161572
9959,"2022-11-23","East of England",0.856264410816668
9960,"2022-11-23","North West",0.950748786418708
9961,"2022-11-24","London",0.854719937924442
9962,"2022-11-24","South East",0.862463629094595
9963,"2022-11-24","South West",0.884420661683839
9964,"2022-11-24","Midlands",0.878274362942437
9965,"2022-11-24","North East and Yorkshire",0.893632622719433
9966,"2022-11-24","East of England",0.845002915573354
9967,"2022-11-24","North West",0.916413607223078
9968,"2022-11-25","London",0.841204066387187
9969,"2022-11-25","South East",0.845958127793105
9970,"2022-11-25","South West",0.870848617536266
9971,"2022-11-25","Midlands",0.904322519761428
9972,"2022-11-25","North East and Yorkshire",0.906659879737335
9973,"2022-11-25","East of England",0.842753830599598
9974,"2022-11-25","North West",0.936056735313437
9975,"2022-11-26","London",0.883726541643918
9976,"2022-11-26","South East",0.882262850219477
9977,"2022-11-26","South West",0.903831080231286
9978,"2022-11-26","Midlands",0.883180139768746
9979,"2022-11-26","North East and Yorkshire",0.822575489668693
9980,"2022-11-26","East of England",0.873531113706258
9981,"2022-11-26","North West",0.863441626042804
9982,"2022-11-27","London",0.82953137152655
9983,"2022-11-27","South East",0.836807430871949
9984,"2022-11-27","South West",0.856151603676371
9985,"2022-11-27","Midlands",0.865206354525676
9986,"2022-11-27","North East and Yorkshire",0.829084813385526
9987,"2022-11-27","East of England",0.830437317840785
9988,"2022-11-27","North West",0.867952616143892
9989,"2022-11-28","London",0.937857341751279
9990,"2022-11-28","South East",0.920014383961105
9991,"2022-11-28","South West",0.947020767805224
9992,"2022-11-28","Midlands",0.923022474250135
9993,"2022-11-28","North East and Yorkshire",0.828632008161669
9994,"2022-11-28","East of England",0.884712286660333
9995,"2022-11-28","North West",0.857647200217135
9996,"2022-11-29","London",0.876571839596877
9997,"2022-11-29","South East",0.883410632702406
9998,"2022-11-29","South West",0.8987756418458
9999,"2022-11-29","Midlands",0.8759183164639
10000,"2022-11-29","North East and Yorkshire",0.874946913004095
10001,"2022-11-29","East of England",0.875320535183121
10002,"2022-11-29","North West",0.908588408914602
10003,"2022-11-30","London",0.962316710621358
10004,"2022-11-30","South East",0.937338778008569
10005,"2022-11-30","South West",0.95359329138816
10006,"2022-11-30","Midlands",0.932445423511952
10007,"2022-11-30","North East and Yorkshire",0.875587833569361
10008,"2022-11-30","East of England",0.952011667507691
10009,"2022-11-30","North West",0.915933598695219
10010,"2022-12-01","London",0.934374575285991
10011,"2022-12-01","South East",0.909766138443302
10012,"2022-12-01","South West",0.911610682362342
10013,"2022-12-01","Midlands",0.930552266078825
10014,"2022-12-01","North East and Yorkshire",0.899865386066417
10015,"2022-12-01","East of England",0.941644788606086
10016,"2022-12-01","North West",0.922426188424426
10017,"2022-12-02","London",0.907625765898811
10018,"2022-12-02","South East",0.881052726658796
10019,"2022-12-02","South West",0.882648703856666
10020,"2022-12-02","Midlands",0.867771325719208
10021,"2022-12-02","North East and Yorkshire",0.875896930019977
10022,"2022-12-02","East of England",0.89489725940327
10023,"2022-12-02","North West",0.876642407468218
10024,"2022-12-03","London",0.796585126560669
10025,"2022-12-03","South East",0.806502702751624
10026,"2022-12-03","South West",0.856640931784404
10027,"2022-12-03","Midlands",0.824529826977963
10028,"2022-12-03","North East and Yorkshire",0.841424238427204
10029,"2022-12-03","East of England",0.826135106513527
10030,"2022-12-03","North West",0.883802900820925
10031,"2022-12-04","London",0.888806289983248
10032,"2022-12-04","South East",0.877912579547947
10033,"2022-12-04","South West",0.88644179635096
10034,"2022-12-04","Midlands",0.903430858505897
10035,"2022-12-04","North East and Yorkshire",0.914671274991901
10036,"2022-12-04","East of England",0.903392699479669
10037,"2022-12-04","North West",0.906321758448723
10038,"2022-12-05","London",0.885893326702248
10039,"2022-12-05","South East",0.877920728548265
10040,"2022-12-05","South West",0.937334929741485
10041,"2022-12-05","Midlands",0.939683459482965
10042,"2022-12-05","North East and Yorkshire",0.927791399094662
10043,"2022-12-05","East of England",0.879151449841083
10044,"2022-12-05","North West",0.932534009775584
10045,"2022-12-06","London",0.937400321009807
10046,"2022-12-06","South East",0.926790130605945
10047,"2022-12-06","South West",0.904616790025034
10048,"2022-12-06","Midlands",0.932322447117189
10049,"2022-12-06","North East and Yorkshire",0.88795917738734
10050,"2022-12-06","East of England",0.903713202010597
10051,"2022-12-06","North West",0.900825711239288
10052,"2022-12-07","London",0.916116873716773
10053,"2022-12-07","South East",0.896345802950634
10054,"2022-12-07","South West",0.903405527450635
10055,"2022-12-07","Midlands",0.924115236001575
10056,"2022-12-07","North East and Yorkshire",0.874444771523133
10057,"2022-12-07","East of England",0.917179245695036
10058,"2022-12-07","North West",0.876753480190753
10059,"2022-12-08","London",0.909594693290104
10060,"2022-12-08","South East",0.8913835164814
10061,"2022-12-08","South West",0.932316440657434
10062,"2022-12-08","Midlands",0.931676799564688
10063,"2022-12-08","North East and Yorkshire",0.914397087599807
10064,"2022-12-08","East of England",0.896588828179652
10065,"2022-12-08","North West",0.920136851506402
10066,"2022-12-09","London",0.906181289752145
10067,"2022-12-09","South East",0.886249229179166
10068,"2022-12-09","South West",0.871496571826173
10069,"2022-12-09","Midlands",0.910912489108496
10070,"2022-12-09","North East and Yorkshire",0.921716492065162
10071,"2022-12-09","East of England",0.904397067586028
10072,"2022-12-09","North West",0.910222031599142
10073,"2022-12-10","London",0.822471468196189
10074,"2022-12-10","South East",0.824556609320939
10075,"2022-12-10","South West",0.836391089600203
10076,"2022-12-10","Midlands",0.825164609450996
10077,"2022-12-10","North East and Yorkshire",0.902182211979343
10078,"2022-12-10","East of England",0.825652162512271
10079,"2022-12-10","North West",0.876715495141455
10080,"2022-12-11","London",0.824388367121562
10081,"2022-12-11","South East",0.83364650264027
10082,"2022-12-11","South West",0.845437825680869
10083,"2022-12-11","Midlands",0.830224571394216
10084,"2022-12-11","North East and Yorkshire",0.880050346805545
10085,"2022-12-11","East of England",0.802234352104732
10086,"2022-12-11","North West",0.865375027924242
10087,"2022-12-12","London",0.813754558979497
10088,"2022-12-12","South East",0.82329913654452
10089,"2022-12-12","South West",0.85792577506893
10090,"2022-12-12","Midlands",0.837550531885938
10091,"2022-12-12","North East and Yorkshire",0.905659298041523
10092,"2022-12-12","East of England",0.809411840437269
10093,"2022-12-12","North West",0.921316666959596
10094,"2022-12-13","London",0.942311077171831
10095,"2022-12-13","South East",0.927786791860471
10096,"2022-12-13","South West",0.918070349189498
10097,"2022-12-13","Midlands",0.930812459465991
10098,"2022-12-13","North East and Yorkshire",0.803655066163613
10099,"2022-12-13","East of England",0.898251345380523
10100,"2022-12-13","North West",0.82567496958799
10101,"2022-12-14","London",0.781616894535129
10102,"2022-12-14","South East",0.791848344192348
10103,"2022-12-14","South West",0.840162138177568
10104,"2022-12-14","Midlands",0.80616949399109
10105,"2022-12-14","North East and Yorkshire",0.693596782861571
10106,"2022-12-14","East of England",0.734272959232371
10107,"2022-12-14","North West",0.737039015442448
10108,"2022-12-15","London",0.8302538313402
10109,"2022-12-15","South East",0.795374172832186
10110,"2022-12-15","South West",0.823352514022267
10111,"2022-12-15","Midlands",0.819472822599586
10112,"2022-12-15","North East and Yorkshire",0.754929484599411
10113,"2022-12-15","East of England",0.811580986040575
10114,"2022-12-15","North West",0.801705224625529
10115,"2022-12-16","London",0.760518159053637
10116,"2022-12-16","South East",0.737200091760573
10117,"2022-12-16","South West",0.750784806568148
10118,"2022-12-16","Midlands",0.826425594682975
10119,"2022-12-16","North East and Yorkshire",0.810198103138857
10120,"2022-12-16","East of England",0.787571824850793
10121,"2022-12-16","North West",0.88351556090488
10122,"2022-12-17","London",0.905709571714415
10123,"2022-12-17","South East",0.881450894583767
10124,"2022-12-17","South West",0.917607951487285
10125,"2022-12-17","Midlands",0.919841495630468
10126,"2022-12-17","North East and Yorkshire",0.932526748753392
10127,"2022-12-17","East of England",0.894942581440552
10128,"2022-12-17","North West",0.919040345013545
10129,"2022-12-18","London",0.78908070777627
10130,"2022-12-18","South East",0.79505439862282
10131,"2022-12-18","South West",0.89614784504676
10132,"2022-12-18","Midlands",0.882635388969727
10133,"2022-12-18","North East and Yorkshire",0.824810292637884
10134,"2022-12-18","East of England",0.784186583627377
10135,"2022-12-18","North West",0.829197978893382
10136,"2022-12-19","London",0.796882138410941
10137,"2022-12-19","South East",0.787355903378756
10138,"2022-12-19","South West",0.78189367043265
10139,"2022-12-19","Midlands",0.798524219273464
10140,"2022-12-19","North East and Yorkshire",0.762803976420045
10141,"2022-12-19","East of England",0.789506288541113
10142,"2022-12-19","North West",0.788762335922006
10143,"2022-12-20","London",0.852628798923742
10144,"2022-12-20","South East",0.796624571114391
10145,"2022-12-20","South West",0.768014526844113
10146,"2022-12-20","Midlands",0.85354692865203
10147,"2022-12-20","North East and Yorkshire",0.824125202572135
10148,"2022-12-20","East of England",0.841390390824327
10149,"2022-12-20","North West",0.86816650490677
10150,"2022-12-21","London",0.850582399175207
10151,"2022-12-21","South East",0.840332973785061
10152,"2022-12-21","South West",0.827543977302892
10153,"2022-12-21","Midlands",0.842311828614338
10154,"2022-12-21","North East and Yorkshire",0.76712621896902
10155,"2022-12-21","East of England",0.846507800592502
10156,"2022-12-21","North West",0.82968173841795
10157,"2022-12-22","London",0.858523760323437
10158,"2022-12-22","South East",0.854729307553442
10159,"2022-12-22","South West",0.843867903651584
10160,"2022-12-22","Midlands",0.842200788194516
10161,"2022-12-22","North East and Yorkshire",0.798156211176758
10162,"2022-12-22","East of England",0.847653160839403
10163,"2022-12-22","North West",0.812989488680607
10164,"2022-12-23","London",0.825516335699822
10165,"2022-12-23","South East",0.819597038233252
10166,"2022-12-23","South West",0.807515672171429
10167,"2022-12-23","Midlands",0.825952835537072
10168,"2022-12-23","North East and Yorkshire",0.809814528727856
10169,"2022-12-23","East of England",0.829521726526903
10170,"2022-12-23","North West",0.831487063670907
10171,"2022-12-24","London",0.888696846266075
10172,"2022-12-24","South East",0.851726100821252
10173,"2022-12-24","South West",0.872963501466911
10174,"2022-12-24","Midlands",0.893050670699035
10175,"2022-12-24","North East and Yorkshire",0.874672765944957
10176,"2022-12-24","East of England",0.874461272163617
10177,"2022-12-24","North West",0.895927979470741
10178,"2022-12-25","London",0.941182657723387
10179,"2022-12-25","South East",0.905617792865336
10180,"2022-12-25","South West",0.860604144069222
10181,"2022-12-25","Midlands",0.891935629959967
10182,"2022-12-25","North East and Yorkshire",0.868562514885253
10183,"2022-12-25","East of England",0.927397322730297
10184,"2022-12-25","North West",0.870300844291596
10185,"2022-12-26","London",0.895275693809157
10186,"2022-12-26","South East",0.871932436788404
10187,"2022-12-26","South West",0.841594405126121
10188,"2022-12-26","Midlands",0.86436877109478
10189,"2022-12-26","North East and Yorkshire",0.886544514990501
10190,"2022-12-26","East of England",0.871696261706185
10191,"2022-12-26","North West",0.871900829064718
10192,"2022-12-27","London",0.913085071561329
10193,"2022-12-27","South East",0.894826376363986
10194,"2022-12-27","South West",0.898824785111382
10195,"2022-12-27","Midlands",0.886851544400852
10196,"2022-12-27","North East and Yorkshire",0.882375456672791
10197,"2022-12-27","East of England",0.893170065435723
10198,"2022-12-27","North West",0.888666704553428
10199,"2022-12-28","London",0.838988582133004
10200,"2022-12-28","South East",0.837328404881431
10201,"2022-12-28","South West",0.842275043536555
10202,"2022-12-28","Midlands",0.820297320113921
10203,"2022-12-28","North East and Yorkshire",0.786346330100638
10204,"2022-12-28","East of England",0.837437538083334
10205,"2022-12-28","North West",0.801862874394093
10206,"2022-12-29","London",0.875294893791373
10207,"2022-12-29","South East",0.867000653875508
10208,"2022-12-29","South West",0.855238944340757
10209,"2022-12-29","Midlands",0.790898580663294
10210,"2022-12-29","North East and Yorkshire",0.810799325822932
10211,"2022-12-29","East of England",0.846086497054847
10212,"2022-12-29","North West",0.804836202559842
10213,"2022-12-30","London",0.733178875307292
10214,"2022-12-30","South East",0.74727189595691
10215,"2022-12-30","South West",0.768771239382087
10216,"2022-12-30","Midlands",0.744613771825856
10217,"2022-12-30","North East and Yorkshire",0.797836972909979
10218,"2022-12-30","East of England",0.718311245995766
10219,"2022-12-30","North West",0.818044774675297
10220,"2022-12-31","London",0.859682349997338
10221,"2022-12-31","South East",0.849144211800443
10222,"2022-12-31","South West",0.846118564029669
10223,"2022-12-31","Midlands",0.834732988192477
10224,"2022-12-31","North East and Yorkshire",0.828565599842231
10225,"2022-12-31","East of England",0.852173155930658
10226,"2022-12-31","North West",0.83277164481164
10227,"2023-01-01","London",0.780807686694666
10228,"2023-01-01","South East",0.771797584710782
10229,"2023-01-01","South West",0.809346308863962
10230,"2023-01-01","Midlands",0.806000309859811
10231,"2023-01-01","North East and Yorkshire",0.823864157635646
10232,"2023-01-01","East of England",0.770996471506735
10233,"2023-01-01","North West",0.849644057182387
10234,"2023-01-02","London",0.862455335666732
10235,"2023-01-02","South East",0.843227496970137
10236,"2023-01-02","South West",0.775899770313154
10237,"2023-01-02","Midlands",0.810793564822689
10238,"2023-01-02","North East and Yorkshire",0.811155435048803
10239,"2023-01-02","East of England",0.855385991044725
10240,"2023-01-02","North West",0.817084417762462
10241,"2023-01-03","London",0.823836137616073
10242,"2023-01-03","South East",0.809001530010791
10243,"2023-01-03","South West",0.813460722900591
10244,"2023-01-03","Midlands",0.815551538450227
10245,"2023-01-03","North East and Yorkshire",0.843438805232678
10246,"2023-01-03","East of England",0.816323767889992
10247,"2023-01-03","North West",0.837098970233136
10248,"2023-01-04","London",0.794416627837462
10249,"2023-01-04","South East",0.7970101158908
10250,"2023-01-04","South West",0.810439040970548
10251,"2023-01-04","Midlands",0.778109757624112
10252,"2023-01-04","North East and Yorkshire",0.814731982836295
10253,"2023-01-04","East of England",0.78056283265459
10254,"2023-01-04","North West",0.822649316431758
10255,"2023-01-05","London",0.936002155982578
10256,"2023-01-05","South East",0.941762665907697
10257,"2023-01-05","South West",0.948405203482585
10258,"2023-01-05","Midlands",0.884123540351621
10259,"2023-01-05","North East and Yorkshire",0.826899346089369
10260,"2023-01-05","East of England",0.910799029874505
10261,"2023-01-05","North West",0.872943964755718
10262,"2023-01-06","London",0.913940197336495
10263,"2023-01-06","South East",0.927198697153995
10264,"2023-01-06","South West",0.94266636271728
10265,"2023-01-06","Midlands",0.891427473240434
10266,"2023-01-06","North East and Yorkshire",0.844525882946804
10267,"2023-01-06","East of England",0.897608051053608
10268,"2023-01-06","North West",0.879670905426199
10269,"2023-01-07","London",0.775435422540404
10270,"2023-01-07","South East",0.801553538457366
10271,"2023-01-07","South West",0.811034845616331
10272,"2023-01-07","Midlands",0.737188069236481
10273,"2023-01-07","North East and Yorkshire",0.767400199843034
10274,"2023-01-07","East of England",0.756058342164829
10275,"2023-01-07","North West",0.786558111078268
10276,"2023-01-08","London",0.848707888401084
10277,"2023-01-08","South East",0.87590909991489
10278,"2023-01-08","South West",0.885474794690758
10279,"2023-01-08","Midlands",0.858144235190301
10280,"2023-01-08","North East and Yorkshire",0.898982473817582
10281,"2023-01-08","East of England",0.845656112575261
10282,"2023-01-08","North West",0.894221786417256
10283,"2023-01-09","London",0.781017291510384
10284,"2023-01-09","South East",0.816036964692493
10285,"2023-01-09","South West",0.827456516521323
10286,"2023-01-09","Midlands",0.736910426940864
10287,"2023-01-09","North East and Yorkshire",0.753715051443882
10288,"2023-01-09","East of England",0.748601465840839
10289,"2023-01-09","North West",0.764067415651363
10290,"2023-01-10","London",0.890791138391841
10291,"2023-01-10","South East",0.885050325712273
10292,"2023-01-10","South West",0.89651141337717
10293,"2023-01-10","Midlands",0.878312034395983
10294,"2023-01-10","North East and Yorkshire",0.836736050937339
10295,"2023-01-10","East of England",0.8762123416018
10296,"2023-01-10","North West",0.849253754988814
10297,"2023-01-11","London",0.875496799461252
10298,"2023-01-11","South East",0.851948392083287
10299,"2023-01-11","South West",0.829217115059119
10300,"2023-01-11","Midlands",0.831990256377531
10301,"2023-01-11","North East and Yorkshire",0.765464855417668
10302,"2023-01-11","East of England",0.863268443873908
10303,"2023-01-11","North West",0.786575946877693
10304,"2023-01-12","London",0.857159819729158
10305,"2023-01-12","South East",0.860798797725518
10306,"2023-01-12","South West",0.878511667295309
10307,"2023-01-12","Midlands",0.874739628452092
10308,"2023-01-12","North East and Yorkshire",0.855100612161582
10309,"2023-01-12","East of England",0.860490643973717
10310,"2023-01-12","North West",0.863884696777611
10311,"2023-01-13","London",0.862805096988238
10312,"2023-01-13","South East",0.8517216539485
10313,"2023-01-13","South West",0.868582201026169
10314,"2023-01-13","Midlands",0.888532961811969
10315,"2023-01-13","North East and Yorkshire",0.862360492181288
10316,"2023-01-13","East of England",0.872871031982376
10317,"2023-01-13","North West",0.865188486016023
10318,"2023-01-14","London",0.851922631582847
10319,"2023-01-14","South East",0.842315669579787
10320,"2023-01-14","South West",0.866281561091741
10321,"2023-01-14","Midlands",0.853018423407477
10322,"2023-01-14","North East and Yorkshire",0.808235249947254
10323,"2023-01-14","East of England",0.84473340131204
10324,"2023-01-14","North West",0.841050837307775
10325,"2023-01-15","London",0.851022429785019
10326,"2023-01-15","South East",0.851212340930279
10327,"2023-01-15","South West",0.883242372502646
10328,"2023-01-15","Midlands",0.886016301498681
10329,"2023-01-15","North East and Yorkshire",0.842802937324912
10330,"2023-01-15","East of England",0.851540758611013
10331,"2023-01-15","North West",0.916675096841995
10332,"2023-01-16","London",0.887333457251448
10333,"2023-01-16","South East",0.839511295233225
10334,"2023-01-16","South West",0.878425030864092
10335,"2023-01-16","Midlands",0.897435134503251
10336,"2023-01-16","North East and Yorkshire",0.864863182501156
10337,"2023-01-16","East of England",0.883226815482707
10338,"2023-01-16","North West",0.915204313884441
10339,"2023-01-17","London",0.882593522885657
10340,"2023-01-17","South East",0.867015275263405
10341,"2023-01-17","South West",0.877037209082507
10342,"2023-01-17","Midlands",0.884602623225522
10343,"2023-01-17","North East and Yorkshire",0.919276297016962
10344,"2023-01-17","East of England",0.88765463413193
10345,"2023-01-17","North West",0.920134086552723
10346,"2023-01-18","London",0.839977977108145
10347,"2023-01-18","South East",0.850702971344326
10348,"2023-01-18","South West",0.882558096784474
10349,"2023-01-18","Midlands",0.877768909904625
10350,"2023-01-18","North East and Yorkshire",0.901073899949004
10351,"2023-01-18","East of England",0.858337923182485
10352,"2023-01-18","North West",0.90603000452559
10353,"2023-01-19","London",0.941366332685641
10354,"2023-01-19","South East",0.904844301943824
10355,"2023-01-19","South West",0.9167807442491
10356,"2023-01-19","Midlands",0.953739065292744
10357,"2023-01-19","North East and Yorkshire",0.93297657657406
10358,"2023-01-19","East of England",0.9374358583439
10359,"2023-01-19","North West",0.908727199285973
10360,"2023-01-20","London",0.942331546589018
10361,"2023-01-20","South East",0.938241960051737
10362,"2023-01-20","South West",0.96346519094325
10363,"2023-01-20","Midlands",0.964404353184789
10364,"2023-01-20","North East and Yorkshire",0.944503686993331
10365,"2023-01-20","East of England",0.936413872330927
10366,"2023-01-20","North West",0.955020494182939
10367,"2023-01-21","London",0.916332322109023
10368,"2023-01-21","South East",0.903930000401953
10369,"2023-01-21","South West",0.931738437616049
10370,"2023-01-21","Midlands",0.938936710497744
10371,"2023-01-21","North East and Yorkshire",0.898876359869756
10372,"2023-01-21","East of England",0.921829521615886
10373,"2023-01-21","North West",0.922336439791549
10374,"2023-01-22","London",0.900804239339971
10375,"2023-01-22","South East",0.882635713970513
10376,"2023-01-22","South West",0.904716442288626
10377,"2023-01-22","Midlands",0.913296603857411
10378,"2023-01-22","North East and Yorkshire",0.850406985743363
10379,"2023-01-22","East of England",0.899191332393264
10380,"2023-01-22","North West",0.907762547510542
10381,"2023-01-23","London",0.942460357281036
10382,"2023-01-23","South East",0.93120982922108
10383,"2023-01-23","South West",0.939420809974662
10384,"2023-01-23","Midlands",0.914242079438987
10385,"2023-01-23","North East and Yorkshire",0.84902081441172
10386,"2023-01-23","East of England",0.910215830444702
10387,"2023-01-23","North West",0.908875698058886
10388,"2023-01-24","London",0.81881580115881
10389,"2023-01-24","South East",0.764889981716174
10390,"2023-01-24","South West",0.712866808112778
10391,"2023-01-24","Midlands",0.792929310179656
10392,"2023-01-24","North East and Yorkshire",0.770248783530094
10393,"2023-01-24","East of England",0.799255298156485
10394,"2023-01-24","North West",0.749665450496688
10395,"2023-01-25","London",0.820820166185052
10396,"2023-01-25","South East",0.738958285435533
10397,"2023-01-25","South West",0.682152609733405
10398,"2023-01-25","Midlands",0.747397493889572
10399,"2023-01-25","North East and Yorkshire",0.756873927228777
10400,"2023-01-25","East of England",0.785928516981699
10401,"2023-01-25","North West",0.738255208505263
10402,"2023-01-26","London",0.810313159456291
10403,"2023-01-26","South East",0.722367078820866
10404,"2023-01-26","South West",0.710658865073549
10405,"2023-01-26","Midlands",0.748006048590887
10406,"2023-01-26","North East and Yorkshire",0.735839720146248
10407,"2023-01-26","East of England",0.787669467217169
10408,"2023-01-26","North West",0.711678256496716
10409,"2023-01-27","London",0.717262656065925
10410,"2023-01-27","South East",0.636158840144879
10411,"2023-01-27","South West",0.604865954490026
10412,"2023-01-27","Midlands",0.648801115027408
10413,"2023-01-27","North East and Yorkshire",0.72474800792188
10414,"2023-01-27","East of England",0.692308376826985
10415,"2023-01-27","North West",0.658447753227311
10416,"2023-01-28","London",0.648566136879301
10417,"2023-01-28","South East",0.594760388032575
10418,"2023-01-28","South West",0.694487916986478
10419,"2023-01-28","Midlands",0.58817722690487
10420,"2023-01-28","North East and Yorkshire",0.590957723662108
10421,"2023-01-28","East of England",0.634801884243177
10422,"2023-01-28","North West",0.593852794845345
10423,"2023-01-29","London",0.680969591324848
10424,"2023-01-29","South East",0.69049142344137
10425,"2023-01-29","South West",0.84718150085868
10426,"2023-01-29","Midlands",0.706964433944921
10427,"2023-01-29","North East and Yorkshire",0.700195978157528
10428,"2023-01-29","East of England",0.684361121920156
10429,"2023-01-29","North West",0.755863256827539
10430,"2023-01-30","London",0.917810671451922
10431,"2023-01-30","South East",0.914377584527809
10432,"2023-01-30","South West",0.920077017298678
10433,"2023-01-30","Midlands",0.898923282886378
10434,"2023-01-30","North East and Yorkshire",0.894716454295978
10435,"2023-01-30","East of England",0.917841189490873
10436,"2023-01-30","North West",0.901109691233733
10437,"2023-01-31","London",0.89539974318413
10438,"2023-01-31","South East",0.884113889226555
10439,"2023-01-31","South West",0.863220465117238
10440,"2023-01-31","Midlands",0.892285961793763
10441,"2023-01-31","North East and Yorkshire",0.878314477613677
10442,"2023-01-31","East of England",0.929126211621728
10443,"2023-01-31","North West",0.85751036753411
10444,"2023-02-01","London",0.842829734942181
10445,"2023-02-01","South East",0.852585464092313
10446,"2023-02-01","South West",0.891662116526939
10447,"2023-02-01","Midlands",0.865873080229785
10448,"2023-02-01","North East and Yorkshire",0.828532073305205
10449,"2023-02-01","East of England",0.846951780546873
10450,"2023-02-01","North West",0.848007330293582
10451,"2023-02-02","London",0.91864803866352
10452,"2023-02-02","South East",0.920366836972433
10453,"2023-02-02","South West",0.925462551903819
10454,"2023-02-02","Midlands",0.890412448182627
10455,"2023-02-02","North East and Yorkshire",0.883852841696884
10456,"2023-02-02","East of England",0.904617403147637
10457,"2023-02-02","North West",0.909848942996236
10458,"2023-02-03","London",0.87698691524266
10459,"2023-02-03","South East",0.900684092748805
10460,"2023-02-03","South West",0.92011198626633
10461,"2023-02-03","Midlands",0.811304532934661
10462,"2023-02-03","North East and Yorkshire",0.76425077844054
10463,"2023-02-03","East of England",0.845872775140037
10464,"2023-02-03","North West",0.847430893093082
10465,"2023-02-04","London",0.840230216148004
10466,"2023-02-04","South East",0.867858425104836
10467,"2023-02-04","South West",0.88628950066109
10468,"2023-02-04","Midlands",0.8009593755874
10469,"2023-02-04","North East and Yorkshire",0.843238445514427
10470,"2023-02-04","East of England",0.821495056907074
10471,"2023-02-04","North West",0.861974622003169
10472,"2023-02-05","London",0.759993729032154
10473,"2023-02-05","South East",0.807866523133481
10474,"2023-02-05","South West",0.839865146978833
10475,"2023-02-05","Midlands",0.762786179623814
10476,"2023-02-05","North East and Yorkshire",0.805323201098888
10477,"2023-02-05","East of England",0.748814320006003
10478,"2023-02-05","North West",0.829876800430449
10479,"2023-02-06","London",0.859522605892174
10480,"2023-02-06","South East",0.877559619369263
10481,"2023-02-06","South West",0.896894928250007
10482,"2023-02-06","Midlands",0.841134387352807
10483,"2023-02-06","North East and Yorkshire",0.824036344251387
10484,"2023-02-06","East of England",0.846510252555462
10485,"2023-02-06","North West",0.874826526986954
10486,"2023-02-07","London",0.723108377932619
10487,"2023-02-07","South East",0.689601254106061
10488,"2023-02-07","South West",0.742354736123958
10489,"2023-02-07","Midlands",0.764697301764442
10490,"2023-02-07","North East and Yorkshire",0.771415265742362
10491,"2023-02-07","East of England",0.709622050636027
10492,"2023-02-07","North West",0.812341339098686
10493,"2023-02-08","London",0.809282153990712
10494,"2023-02-08","South East",0.792568746760496
10495,"2023-02-08","South West",0.79265010802005
10496,"2023-02-08","Midlands",0.783331174197249
10497,"2023-02-08","North East and Yorkshire",0.768175630865751
10498,"2023-02-08","East of England",0.767833684407429
10499,"2023-02-08","North West",0.816031317819631
10500,"2023-02-09","London",0.708914569244243
10501,"2023-02-09","South East",0.703988060501141
10502,"2023-02-09","South West",0.748578538452895
10503,"2023-02-09","Midlands",0.754227249520495
10504,"2023-02-09","North East and Yorkshire",0.744981313680086
10505,"2023-02-09","East of England",0.74456634171
10506,"2023-02-09","North West",0.764797730017779
10507,"2023-02-10","London",0.778986732498829
10508,"2023-02-10","South East",0.765686784196564
10509,"2023-02-10","South West",0.772526388805321
10510,"2023-02-10","Midlands",0.784008324381903
10511,"2023-02-10","North East and Yorkshire",0.758765965724772
10512,"2023-02-10","East of England",0.783252983454405
10513,"2023-02-10","North West",0.774587977306424
10514,"2023-02-11","London",0.719953076212324
10515,"2023-02-11","South East",0.713539615528239
10516,"2023-02-11","South West",0.747952523335127
10517,"2023-02-11","Midlands",0.744363682006756
10518,"2023-02-11","North East and Yorkshire",0.784842100907702
10519,"2023-02-11","East of England",0.725592719212194
10520,"2023-02-11","North West",0.822337794793589
10521,"2023-02-12","London",0.844021232077244
10522,"2023-02-12","South East",0.852529395368086
10523,"2023-02-12","South West",0.868848598635838
10524,"2023-02-12","Midlands",0.844224222877233
10525,"2023-02-12","North East and Yorkshire",0.847659205338758
10526,"2023-02-12","East of England",0.821091362886599
10527,"2023-02-12","North West",0.861733903335808
10528,"2023-02-13","London",0.764923344579062
10529,"2023-02-13","South East",0.779530277906684
10530,"2023-02-13","South West",0.790293992689642
10531,"2023-02-13","Midlands",0.726612406268149
10532,"2023-02-13","North East and Yorkshire",0.71597489526532
10533,"2023-02-13","East of England",0.745754855951734
10534,"2023-02-13","North West",0.722342125134334
10535,"2023-02-14","London",0.956906849669966
10536,"2023-02-14","South East",0.928672310014126
10537,"2023-02-14","South West",0.935726378016715
10538,"2023-02-14","Midlands",0.940652184225488
10539,"2023-02-14","North East and Yorkshire",0.869623257996631
10540,"2023-02-14","East of England",0.953200587136954
10541,"2023-02-14","North West",0.914823646647262
10542,"2023-02-15","London",0.88155051538103
10543,"2023-02-15","South East",0.866809697573686
10544,"2023-02-15","South West",0.866473207533902
10545,"2023-02-15","Midlands",0.85301198985634
10546,"2023-02-15","North East and Yorkshire",0.805720192907463
10547,"2023-02-15","East of England",0.873276346443191
10548,"2023-02-15","North West",0.845718971378986
10549,"2023-02-16","London",0.794267643632794
10550,"2023-02-16","South East",0.794572506967867
10551,"2023-02-16","South West",0.810328712830596
10552,"2023-02-16","Midlands",0.778805559457148
10553,"2023-02-16","North East and Yorkshire",0.720214253492435
10554,"2023-02-16","East of England",0.786152338661193
10555,"2023-02-16","North West",0.78351950645598
10556,"2023-02-17","London",0.834136319464805
10557,"2023-02-17","South East",0.820895450521506
10558,"2023-02-17","South West",0.811583051702845
10559,"2023-02-17","Midlands",0.858278314516137
10560,"2023-02-17","North East and Yorkshire",0.853754331565798
10561,"2023-02-17","East of England",0.842517586913463
10562,"2023-02-17","North West",0.872999950395378
10563,"2023-02-18","London",0.850425775351596
10564,"2023-02-18","South East",0.842125192824494
10565,"2023-02-18","South West",0.822780308866929
10566,"2023-02-18","Midlands",0.848993283567092
10567,"2023-02-18","North East and Yorkshire",0.86699949114684
10568,"2023-02-18","East of England",0.866705959007027
10569,"2023-02-18","North West",0.878633138363318
10570,"2023-02-19","London",0.845418998625408
10571,"2023-02-19","South East",0.829045244752302
10572,"2023-02-19","South West",0.835860821582129
10573,"2023-02-19","Midlands",0.850496876469408
10574,"2023-02-19","North East and Yorkshire",0.852458623655382
10575,"2023-02-19","East of England",0.852026094953718
10576,"2023-02-19","North West",0.869127119027985
10577,"2023-02-20","London",0.834740468252215
10578,"2023-02-20","South East",0.82379794798677
10579,"2023-02-20","South West",0.84790554170504
10580,"2023-02-20","Midlands",0.859281966493029
10581,"2023-02-20","North East and Yorkshire",0.88171435037366
10582,"2023-02-20","East of England",0.83393324302373
10583,"2023-02-20","North West",0.891733092496054
10584,"2023-02-21","London",0.794974246456087
10585,"2023-02-21","South East",0.806792674995735
10586,"2023-02-21","South West",0.842516636342567
10587,"2023-02-21","Midlands",0.780079806972558
10588,"2023-02-21","North East and Yorkshire",0.763458234053161
10589,"2023-02-21","East of England",0.776875689916782
10590,"2023-02-21","North West",0.761536970263369
10591,"2023-02-22","London",0.884331187747332
10592,"2023-02-22","South East",0.880118479910445
10593,"2023-02-22","South West",0.890198701888494
10594,"2023-02-22","Midlands",0.889682773729539
10595,"2023-02-22","North East and Yorkshire",0.899150528710259
10596,"2023-02-22","East of England",0.876689007181622
10597,"2023-02-22","North West",0.893756948375123
10598,"2023-02-23","London",0.751866809134478
10599,"2023-02-23","South East",0.761558858004185
10600,"2023-02-23","South West",0.785812861115547
10601,"2023-02-23","Midlands",0.838388233630948
10602,"2023-02-23","North East and Yorkshire",0.836040599210411
10603,"2023-02-23","East of England",0.771641755802668
10604,"2023-02-23","North West",0.85965701003865
10605,"2023-02-24","London",0.832215004503319
10606,"2023-02-24","South East",0.841500678433303
10607,"2023-02-24","South West",0.876040296307633
10608,"2023-02-24","Midlands",0.861957513893165
10609,"2023-02-24","North East and Yorkshire",0.822172666425428
10610,"2023-02-24","East of England",0.821134861152698
10611,"2023-02-24","North West",0.882839934233099
10612,"2023-02-25","London",0.712100793450286
10613,"2023-02-25","South East",0.743354339936945
10614,"2023-02-25","South West",0.780614489105916
10615,"2023-02-25","Midlands",0.694282118023016
10616,"2023-02-25","North East and Yorkshire",0.769744034621751
10617,"2023-02-25","East of England",0.696139888507112
10618,"2023-02-25","North West",0.790249191060124
10619,"2023-02-26","London",0.725109862866868
10620,"2023-02-26","South East",0.723828600579003
10621,"2023-02-26","South West",0.737129425179715
10622,"2023-02-26","Midlands",0.802439903400677
10623,"2023-02-26","North East and Yorkshire",0.833597190370661
10624,"2023-02-26","East of England",0.762361403662293
10625,"2023-02-26","North West",0.823402186245262
10626,"2023-02-27","London",0.626056976400014
10627,"2023-02-27","South East",0.64461048427353
10628,"2023-02-27","South West",0.678759190685039
10629,"2023-02-27","Midlands",0.671467261386816
10630,"2023-02-27","North East and Yorkshire",0.713661358263278
10631,"2023-02-27","East of England",0.629517360587451
10632,"2023-02-27","North West",0.743312512736388
10633,"2023-02-28","London",0.737841518538387
10634,"2023-02-28","South East",0.744741099106163
10635,"2023-02-28","South West",0.74509182425394
10636,"2023-02-28","Midlands",0.770073651986233
10637,"2023-02-28","North East and Yorkshire",0.768726539579917
10638,"2023-02-28","East of England",0.730867192984749
10639,"2023-02-28","North West",0.833012145697542
10640,"2023-03-01","London",0.838032989300407
10641,"2023-03-01","South East",0.845964749733294
10642,"2023-03-01","South West",0.843764810310155
10643,"2023-03-01","Midlands",0.893185790518167
10644,"2023-03-01","North East and Yorkshire",0.887274992274961
10645,"2023-03-01","East of England",0.833766224962155
10646,"2023-03-01","North West",0.919559174105327
10647,"2023-03-02","London",0.899836106387058
10648,"2023-03-02","South East",0.867058740010176
10649,"2023-03-02","South West",0.87398874611185
10650,"2023-03-02","Midlands",0.918661369805547
10651,"2023-03-02","North East and Yorkshire",0.882436267140224
10652,"2023-03-02","East of England",0.906078410741238
10653,"2023-03-02","North West",0.910320758193022
10654,"2023-03-03","London",0.878411093357314
10655,"2023-03-03","South East",0.868891099070311
10656,"2023-03-03","South West",0.880543285818241
10657,"2023-03-03","Midlands",0.876526874265204
10658,"2023-03-03","North East and Yorkshire",0.865438540986823
10659,"2023-03-03","East of England",0.866214596824022
10660,"2023-03-03","North West",0.833232088579733
10661,"2023-03-04","London",0.805495589578913
10662,"2023-03-04","South East",0.812165282374953
10663,"2023-03-04","South West",0.782085169254088
10664,"2023-03-04","Midlands",0.761992806681608
10665,"2023-03-04","North East and Yorkshire",0.751272604200771
10666,"2023-03-04","East of England",0.798826167148188
10667,"2023-03-04","North West",0.766422872694224
10668,"2023-03-05","London",0.836619544844867
10669,"2023-03-05","South East",0.847677793505149
10670,"2023-03-05","South West",0.875089031497176
10671,"2023-03-05","Midlands",0.828944103068833
10672,"2023-03-05","North East and Yorkshire",0.836290444425463
10673,"2023-03-05","East of England",0.81659195103289
10674,"2023-03-05","North West",0.85129768218713
10675,"2023-03-06","London",0.725194000360769
10676,"2023-03-06","South East",0.734605622697376
10677,"2023-03-06","South West",0.758447214046735
10678,"2023-03-06","Midlands",0.743691179245462
10679,"2023-03-06","North East and Yorkshire",0.773929628608364
10680,"2023-03-06","East of England",0.729950497138165
10681,"2023-03-06","North West",0.781816996562946
10682,"2023-03-07","London",0.71976079508349
10683,"2023-03-07","South East",0.72299089456348
10684,"2023-03-07","South West",0.737155155495466
10685,"2023-03-07","Midlands",0.73689245720123
10686,"2023-03-07","North East and Yorkshire",0.731175901022773
10687,"2023-03-07","East of England",0.741807634706911
10688,"2023-03-07","North West",0.800264240941046
10689,"2023-03-08","London",0.725023655444821
10690,"2023-03-08","South East",0.731133330654293
10691,"2023-03-08","South West",0.756102158403524
10692,"2023-03-08","Midlands",0.732858082820948
10693,"2023-03-08","North East and Yorkshire",0.736473134722668
10694,"2023-03-08","East of England",0.735720430388905
10695,"2023-03-08","North West",0.791077789908876
10696,"2023-03-09","London",0.716956041849945
10697,"2023-03-09","South East",0.759635834563676
10698,"2023-03-09","South West",0.800552782230981
10699,"2023-03-09","Midlands",0.742378328000993
10700,"2023-03-09","North East and Yorkshire",0.748079693659328
10701,"2023-03-09","East of England",0.72487942080719
10702,"2023-03-09","North West",0.788138580435012
10703,"2023-03-10","London",0.711479706603995
10704,"2023-03-10","South East",0.759732155500306
10705,"2023-03-10","South West",0.80024275288648
10706,"2023-03-10","Midlands",0.75045097144653
10707,"2023-03-10","North East and Yorkshire",0.742499173154652
10708,"2023-03-10","East of England",0.737343387807555
10709,"2023-03-10","North West",0.805625483742857
10710,"2023-03-11","London",0.71799035946914
10711,"2023-03-11","South East",0.766190482852612
10712,"2023-03-11","South West",0.782078296679087
10713,"2023-03-11","Midlands",0.788099803309456
10714,"2023-03-11","North East and Yorkshire",0.820343228644374
10715,"2023-03-11","East of England",0.76308627913503
10716,"2023-03-11","North West",0.868062625388275
10717,"2023-03-12","London",0.777666771296965
10718,"2023-03-12","South East",0.779623390524741
10719,"2023-03-12","South West",0.777008424528512
10720,"2023-03-12","Midlands",0.714738047084589
10721,"2023-03-12","North East and Yorkshire",0.717419479925518
10722,"2023-03-12","East of England",0.754077110613846
10723,"2023-03-12","North West",0.67619790157617
10724,"2023-03-13","London",0.746401058689124
10725,"2023-03-13","South East",0.756373693598741
10726,"2023-03-13","South West",0.73037267802
10727,"2023-03-13","Midlands",0.722086874480959
10728,"2023-03-13","North East and Yorkshire",0.719121296237246
10729,"2023-03-13","East of England",0.729235256632295
10730,"2023-03-13","North West",0.747752901539635
10731,"2023-03-14","London",0.832780432353352
10732,"2023-03-14","South East",0.842416909771756
10733,"2023-03-14","South West",0.859156910753872
10734,"2023-03-14","Midlands",0.819602716766629
10735,"2023-03-14","North East and Yorkshire",0.795979931172368
10736,"2023-03-14","East of England",0.798829127778223
10737,"2023-03-14","North West",0.848648807241048
10738,"2023-03-15","London",0.861314938080605
10739,"2023-03-15","South East",0.881851280254823
10740,"2023-03-15","South West",0.905610476841816
10741,"2023-03-15","Midlands",0.908064300189646
10742,"2023-03-15","North East and Yorkshire",0.805682730434654
10743,"2023-03-15","East of England",0.86565579169293
10744,"2023-03-15","North West",0.860157013031006
10745,"2023-03-16","London",0.887749602713073
10746,"2023-03-16","South East",0.908538156020182
10747,"2023-03-16","South West",0.917766251292829
10748,"2023-03-16","Midlands",0.832065268851065
10749,"2023-03-16","North East and Yorkshire",0.747525844189092
10750,"2023-03-16","East of England",0.868657788647408
10751,"2023-03-16","North West",0.742573175538608
10752,"2023-03-17","London",0.737846373326766
10753,"2023-03-17","South East",0.748364205234038
10754,"2023-03-17","South West",0.727308522460952
10755,"2023-03-17","Midlands",0.767026680731734
10756,"2023-03-17","North East and Yorkshire",0.782112737084672
10757,"2023-03-17","East of England",0.772781804996768
10758,"2023-03-17","North West",0.726370446963678
10759,"2023-03-18","London",0.644988038488645
10760,"2023-03-18","South East",0.658925420176678
10761,"2023-03-18","South West",0.649289177064011
10762,"2023-03-18","Midlands",0.653324068439635
10763,"2023-03-18","North East and Yorkshire",0.721752720703267
10764,"2023-03-18","East of England",0.65430300849455
10765,"2023-03-18","North West",0.677058279485127
10766,"2023-03-19","London",0.669773747086948
10767,"2023-03-19","South East",0.661127631468685
10768,"2023-03-19","South West",0.665377380015105
10769,"2023-03-19","Midlands",0.68585012630646
10770,"2023-03-19","North East and Yorkshire",0.7140625610175
10771,"2023-03-19","East of England",0.675486522629656
10772,"2023-03-19","North West",0.689977890809334
10773,"2023-03-20","London",0.581277175668589
10774,"2023-03-20","South East",0.586927409531306
10775,"2023-03-20","South West",0.649298945754385
10776,"2023-03-20","Midlands",0.644146485321261
10777,"2023-03-20","North East and Yorkshire",0.680553382431031
10778,"2023-03-20","East of England",0.614968454092624
10779,"2023-03-20","North West",0.644147322607123
10780,"2023-03-21","London",0.794974246456087
10781,"2023-03-21","South East",0.806792674995735
10782,"2023-03-21","South West",0.842516636342567
10783,"2023-03-21","Midlands",0.780079806972558
10784,"2023-03-21","North East and Yorkshire",0.763458234053161
10785,"2023-03-21","East of England",0.776875689916782
10786,"2023-03-21","North West",0.761536970263369
10787,"2023-03-22","London",0.884331187747332
10788,"2023-03-22","South East",0.880118479910445
10789,"2023-03-22","South West",0.890198701888494
10790,"2023-03-22","Midlands",0.889682773729539
10791,"2023-03-22","North East and Yorkshire",0.899150528710259
10792,"2023-03-22","East of England",0.876689007181622
10793,"2023-03-22","North West",0.893756948375123
10794,"2023-03-23","London",0.751866809134478
10795,"2023-03-23","South East",0.761558858004185
10796,"2023-03-23","South West",0.785812861115547
10797,"2023-03-23","Midlands",0.838388233630948
10798,"2023-03-23","North East and Yorkshire",0.836040599210411
10799,"2023-03-23","East of England",0.771641755802668
10800,"2023-03-23","North West",0.85965701003865
10801,"2023-03-24","London",0.832215004503319
10802,"2023-03-24","South East",0.841500678433303
10803,"2023-03-24","South West",0.876040296307633
10804,"2023-03-24","Midlands",0.861957513893165
10805,"2023-03-24","North East and Yorkshire",0.822172666425428
10806,"2023-03-24","East of England",0.821134861152698
10807,"2023-03-24","North West",0.882839934233099
10808,"2023-03-25","London",0.712100793450286
10809,"2023-03-25","South East",0.743354339936945
10810,"2023-03-25","South West",0.780614489105916
10811,"2023-03-25","Midlands",0.694282118023016
10812,"2023-03-25","North East and Yorkshire",0.769744034621751
10813,"2023-03-25","East of England",0.696139888507112
10814,"2023-03-25","North West",0.790249191060124
10815,"2023-03-26","London",0.725109862866868
10816,"2023-03-26","South East",0.723828600579003
10817,"2023-03-26","South West",0.737129425179715
10818,"2023-03-26","Midlands",0.802439903400677
10819,"2023-03-26","North East and Yorkshire",0.833597190370661
10820,"2023-03-26","East of England",0.762361403662293
10821,"2023-03-26","North West",0.823402186245262
10822,"2023-03-27","London",0.626056976400014
10823,"2023-03-27","South East",0.64461048427353
10824,"2023-03-27","South West",0.678759190685039
10825,"2023-03-27","Midlands",0.671467261386816
10826,"2023-03-27","North East and Yorkshire",0.713661358263278
10827,"2023-03-27","East of England",0.629517360587451
10828,"2023-03-27","North West",0.743312512736388
10829,"2023-03-28","London",0.865715694415841
10830,"2023-03-28","South East",0.88494137931779
10831,"2023-03-28","South West",0.895566683882487
10832,"2023-03-28","Midlands",0.805608996182907
10833,"2023-03-28","North East and Yorkshire",0.771575622802203
10834,"2023-03-28","East of England",0.844648402172716
10835,"2023-03-28","North West",0.817040622487515
10836,"2023-03-29","London",0.812999941276381
10837,"2023-03-29","South East",0.84708503622204
10838,"2023-03-29","South West",0.887717467766612
10839,"2023-03-29","Midlands",0.920855103562888
10840,"2023-03-29","North East and Yorkshire",0.922837638928
10841,"2023-03-29","East of England",0.861477402696441
10842,"2023-03-29","North West",0.91529339853113
10843,"2023-03-30","London",0.852746020496347
10844,"2023-03-30","South East",0.887040389264667
10845,"2023-03-30","South West",0.876087222074145
10846,"2023-03-30","Midlands",0.837118004475234
10847,"2023-03-30","North East and Yorkshire",0.844087027823043
10848,"2023-03-30","East of England",0.82593123226279
10849,"2023-03-30","North West",0.881509680280737
10850,"2023-03-31","London",0.761433591644036
10851,"2023-03-31","South East",0.798254239761703
10852,"2023-03-31","South West",0.782369155153534
10853,"2023-03-31","Midlands",0.70959978217821
10854,"2023-03-31","North East and Yorkshire",0.700668462444196
10855,"2023-03-31","East of England",0.734842456861226
10856,"2023-03-31","North West",0.745129853022741
10857,"2023-04-01","London",0.698691298442937
10858,"2023-04-01","South East",0.723220260074484
10859,"2023-04-01","South West",0.736888861984435
10860,"2023-04-01","Midlands",0.72336971946383
10861,"2023-04-01","North East and Yorkshire",0.754773090419553
10862,"2023-04-01","East of England",0.691797640037108
10863,"2023-04-01","North West",0.818001734624904
10864,"2023-04-02","London",0.648867201813027
10865,"2023-04-02","South East",0.681669332024004
10866,"2023-04-02","South West",0.733920596011981
10867,"2023-04-02","Midlands",0.68425494003473
10868,"2023-04-02","North East and Yorkshire",0.686663706885011
10869,"2023-04-02","East of England",0.667079160457243
10870,"2023-04-02","North West",0.767904747470243
10871,"2023-04-03","London",0.760074544587509
10872,"2023-04-03","South East",0.766042860205202
10873,"2023-04-03","South West",0.828754298678314
10874,"2023-04-03","Midlands",0.810027386770929
10875,"2023-04-03","North East and Yorkshire",0.866678300901592
10876,"2023-04-03","East of England",0.769754951472074
10877,"2023-04-03","North West",0.859655886802218
10878,"2023-04-04","London",0.728172816448169
10879,"2023-04-04","South East",0.757593635191911
10880,"2023-04-04","South West",0.792630218736666
10881,"2023-04-04","Midlands",0.651982074374951
10882,"2023-04-04","North East and Yorkshire",0.663143628251637
10883,"2023-04-04","East of England",0.746095615524339
10884,"2023-04-04","North West",0.658291822291092
10885,"2023-04-05","London",0.830049322432138
10886,"2023-04-05","South East",0.861839129637444
10887,"2023-04-05","South West",0.843020769545081
10888,"2023-04-05","Midlands",0.835799487569725
10889,"2023-04-05","North East and Yorkshire",0.872726272448843
10890,"2023-04-05","East of England",0.843502135964794
10891,"2023-04-05","North West",0.803068152977538
10892,"2023-04-06","London",0.880695041969689
10893,"2023-04-06","South East",0.897660407119023
10894,"2023-04-06","South West",0.902028302947407
10895,"2023-04-06","Midlands",0.851070057699609
10896,"2023-04-06","North East and Yorkshire",0.842058327565243
10897,"2023-04-06","East of England",0.865038622086763
10898,"2023-04-06","North West",0.805384792863755
10899,"2023-04-07","London",0.872934450229622
10900,"2023-04-07","South East",0.842966854531069
10901,"2023-04-07","South West",0.827249770651366
10902,"2023-04-07","Midlands",0.914768348266161
10903,"2023-04-07","North East and Yorkshire",0.888840478822511
10904,"2023-04-07","East of England",0.899560306812189
10905,"2023-04-07","North West",0.874704306287127
10906,"2023-04-08","London",0.778446788278415
10907,"2023-04-08","South East",0.793444881420449
10908,"2023-04-08","South West",0.759463359430394
10909,"2023-04-08","Midlands",0.739816140339677
10910,"2023-04-08","North East and Yorkshire",0.865766378486527
10911,"2023-04-08","East of England",0.77965865626537
10912,"2023-04-08","North West",0.881145983639064
10913,"2023-04-09","London",0.79821156568112
10914,"2023-04-09","South East",0.847577508886347
10915,"2023-04-09","South West",0.864985553787585
10916,"2023-04-09","Midlands",0.713983770883149
10917,"2023-04-09","North East and Yorkshire",0.771016458124229
10918,"2023-04-09","East of England",0.786258152447771
10919,"2023-04-09","North West",0.74122516119628
10920,"2023-04-10","London",0.903410266959937
10921,"2023-04-10","South East",0.908526842274175
10922,"2023-04-10","South West",0.866760988141207
10923,"2023-04-10","Midlands",0.79139174343713
10924,"2023-04-10","North East and Yorkshire",0.822931036419
10925,"2023-04-10","East of England",0.851476093683576
10926,"2023-04-10","North West",0.828110866358962
10927,"2023-04-11","London",0.524230683384816
10928,"2023-04-11","South East",0.55748649656679
10929,"2023-04-11","South West",0.634300183730651
10930,"2023-04-11","Midlands",0.589983181014383
10931,"2023-04-11","North East and Yorkshire",0.543053993982911
10932,"2023-04-11","East of England",0.551836087912899
10933,"2023-04-11","North West",0.568504629850117
10934,"2023-04-12","London",0.571054971666651
10935,"2023-04-12","South East",0.607996336650402
10936,"2023-04-12","South West",0.671813880201884
10937,"2023-04-12","Midlands",0.595648611272888
10938,"2023-04-12","North East and Yorkshire",0.534975967327443
10939,"2023-04-12","East of England",0.539060505782535
10940,"2023-04-12","North West",0.610330454969024
10941,"2023-04-13","London",0.645137565988385
10942,"2023-04-13","South East",0.661020023134564
10943,"2023-04-13","South West",0.742480026110156
10944,"2023-04-13","Midlands",0.662970971767243
10945,"2023-04-13","North East and Yorkshire",0.726263607620545
10946,"2023-04-13","East of England",0.652142435114486
10947,"2023-04-13","North West",0.767653415110364
10948,"2023-04-14","London",0.746657522177186
10949,"2023-04-14","South East",0.760323553573061
10950,"2023-04-14","South West",0.785061242629865
10951,"2023-04-14","Midlands",0.733533403970503
10952,"2023-04-14","North East and Yorkshire",0.697638115551648
10953,"2023-04-14","East of England",0.764471252361904
10954,"2023-04-14","North West",0.703775225876153
10955,"2023-04-15","London",0.775373671581634
10956,"2023-04-15","South East",0.823910996410937
10957,"2023-04-15","South West",0.780722731340094
10958,"2023-04-15","Midlands",0.791787255882554
10959,"2023-04-15","North East and Yorkshire",0.780321612925148
10960,"2023-04-15","East of England",0.742912142043358
10961,"2023-04-15","North West",0.765138358259265
10962,"2023-04-16","London",0.67584518343084
10963,"2023-04-16","South East",0.674931795595933
10964,"2023-04-16","South West",0.732825056876073
10965,"2023-04-16","Midlands",0.719459219569019
10966,"2023-04-16","North East and Yorkshire",0.722033268831046
10967,"2023-04-16","East of England",0.720129237047703
10968,"2023-04-16","North West",0.70642764057828
10969,"2023-04-17","London",0.698654385940643
10970,"2023-04-17","South East",0.70714594750971
10971,"2023-04-17","South West",0.728942731607911
10972,"2023-04-17","Midlands",0.611870983365278
10973,"2023-04-17","North East and Yorkshire",0.623957476340543
10974,"2023-04-17","East of England",0.673364709375412
10975,"2023-04-17","North West",0.633117876365287
10976,"2023-04-18","London",0.637231500601341
10977,"2023-04-18","South East",0.640748224399724
10978,"2023-04-18","South West",0.659201106450523
10979,"2023-04-18","Midlands",0.734313108142857
10980,"2023-04-18","North East and Yorkshire",0.771029361815526
10981,"2023-04-18","East of England",0.69701298177064
10982,"2023-04-18","North West",0.725988550805093
10983,"2023-04-19","London",0.703786891976788
10984,"2023-04-19","South East",0.697889562815431
10985,"2023-04-19","South West",0.689698079733383
10986,"2023-04-19","Midlands",0.688508396201819
10987,"2023-04-19","North East and Yorkshire",0.684655422526189
10988,"2023-04-19","East of England",0.704054348141751
10989,"2023-04-19","North West",0.672636246156835
10990,"2023-04-20","London",0.722599316064909
10991,"2023-04-20","South East",0.718612430681613
10992,"2023-04-20","South West",0.705124984650306
10993,"2023-04-20","Midlands",0.699880025763121
10994,"2023-04-20","North East and Yorkshire",0.724776464066296
10995,"2023-04-20","East of England",0.713951919957951
10996,"2023-04-20","North West",0.69942130415803
10997,"2023-04-21","London",0.689214577701113
10998,"2023-04-21","South East",0.699202736663771
10999,"2023-04-21","South West",0.741014104588066
11000,"2023-04-21","Midlands",0.697069911493223
11001,"2023-04-21","North East and Yorkshire",0.697620994974414
11002,"2023-04-21","East of England",0.709271733540982
11003,"2023-04-21","North West",0.678394934869624
11004,"2023-04-22","London",0.648154693551619
11005,"2023-04-22","South East",0.68301988519413
11006,"2023-04-22","South West",0.704815180634245
11007,"2023-04-22","Midlands",0.63591329861075
11008,"2023-04-22","North East and Yorkshire",0.673937287446569
11009,"2023-04-22","East of England",0.674415683704768
11010,"2023-04-22","North West",0.701761988062566
11011,"2023-04-23","London",0.728131036924134
11012,"2023-04-23","South East",0.773721853899021
11013,"2023-04-23","South West",0.856230872916881
11014,"2023-04-23","Midlands",0.836395932057046
11015,"2023-04-23","North East and Yorkshire",0.844820599407181
11016,"2023-04-23","East of England",0.725711925912738
11017,"2023-04-23","North West",0.870951831468731
11018,"2023-04-24","London",0.739291662002535
11019,"2023-04-24","South East",0.78757444133746
11020,"2023-04-24","South West",0.855435004882135
11021,"2023-04-24","Midlands",0.810468973541374
11022,"2023-04-24","North East and Yorkshire",0.862088589221301
11023,"2023-04-24","East of England",0.761732359085162
11024,"2023-04-24","North West",0.861595839277617
11025,"2023-04-25","London",0.647794155158679
11026,"2023-04-25","South East",0.689367377432379
11027,"2023-04-25","South West",0.684952623263747
11028,"2023-04-25","Midlands",0.687702440699247
11029,"2023-04-25","North East and Yorkshire",0.755553036073802
11030,"2023-04-25","East of England",0.66910818770084
11031,"2023-04-25","North West",0.667524354337789
11032,"2023-04-26","London",0.773570996190315
11033,"2023-04-26","South East",0.814078520559031
11034,"2023-04-26","South West",0.827278638319671
11035,"2023-04-26","Midlands",0.818720139682526
11036,"2023-04-26","North East and Yorkshire",0.846477439347979
11037,"2023-04-26","East of England",0.767836858158587
11038,"2023-04-26","North West",0.80511755134933
11039,"2023-04-27","London",0.764162265423814
11040,"2023-04-27","South East",0.790053423686644
11041,"2023-04-27","South West",0.816763514611684
11042,"2023-04-27","Midlands",0.786042375861506
11043,"2023-04-27","North East and Yorkshire",0.829685755432335
11044,"2023-04-27","East of England",0.761549862456761
11045,"2023-04-27","North West",0.795480478948053
11046,"2023-04-28","London",0.800503296097042
11047,"2023-04-28","South East",0.825123600289459
11048,"2023-04-28","South West",0.843116794423006
11049,"2023-04-28","Midlands",0.801330653912396
11050,"2023-04-28","North East and Yorkshire",0.789389623518036
11051,"2023-04-28","East of England",0.763539024183357
11052,"2023-04-28","North West",0.836408556706507
11053,"2023-04-29","London",0.638917648004846
11054,"2023-04-29","South East",0.645005362498949
11055,"2023-04-29","South West",0.678908340458718
11056,"2023-04-29","Midlands",0.793206288800965
11057,"2023-04-29","North East and Yorkshire",0.85035901837232
11058,"2023-04-29","East of England",0.688819891225118
11059,"2023-04-29","North West",0.881344892831191
11060,"2023-04-30","London",0.721215172492018
11061,"2023-04-30","South East",0.693597883197457
11062,"2023-04-30","South West",0.747194255398624
11063,"2023-04-30","Midlands",0.770759214223146
11064,"2023-04-30","North East and Yorkshire",0.808820794653068
11065,"2023-04-30","East of England",0.775612509954679
11066,"2023-04-30","North West",0.824988757556575
11067,"2023-05-01","London",0.784662249399623
11068,"2023-05-01","South East",0.774550424691765
11069,"2023-05-01","South West",0.792658263446197
11070,"2023-05-01","Midlands",0.784079147111049
11071,"2023-05-01","North East and Yorkshire",0.842583871896322
11072,"2023-05-01","East of England",0.81051905307982
11073,"2023-05-01","North West",0.774899400693174
11074,"2023-05-02","London",0.791028388187924
11075,"2023-05-02","South East",0.81141025416657
11076,"2023-05-02","South West",0.847776901307035
11077,"2023-05-02","Midlands",0.827855185950814
11078,"2023-05-02","North East and Yorkshire",0.832050237626861
11079,"2023-05-02","East of England",0.793647934534939
11080,"2023-05-02","North West",0.840902484109833
11081,"2023-05-03","London",0.806736918189275
11082,"2023-05-03","South East",0.825012092900203
11083,"2023-05-03","South West",0.828592666256895
11084,"2023-05-03","Midlands",0.840496302897348
11085,"2023-05-03","North East and Yorkshire",0.847400388590712
11086,"2023-05-03","East of England",0.825729567916938
11087,"2023-05-03","North West",0.878128679103264
11088,"2023-05-04","London",0.705087677428391
11089,"2023-05-04","South East",0.744621230631778
11090,"2023-05-04","South West",0.793215959263881
11091,"2023-05-04","Midlands",0.741295310214392
11092,"2023-05-04","North East and Yorkshire",0.763818488006306
11093,"2023-05-04","East of England",0.735434938225325
11094,"2023-05-04","North West",0.80695615416673
11095,"2023-05-05","London",0.703268071274729
11096,"2023-05-05","South East",0.759991131828194
11097,"2023-05-05","South West",0.81404693712476
11098,"2023-05-05","Midlands",0.799277346862129
11099,"2023-05-05","North East and Yorkshire",0.826159647750678
11100,"2023-05-05","East of England",0.722699295531793
11101,"2023-05-05","North West",0.863358605620068
11102,"2023-05-06","London",0.841012445339597
11103,"2023-05-06","South East",0.801007619093563
11104,"2023-05-06","South West",0.728317335453726
11105,"2023-05-06","Midlands",0.764664501008465
11106,"2023-05-06","North East and Yorkshire",0.812452039834779
11107,"2023-05-06","East of England",0.850586136901324
11108,"2023-05-06","North West",0.808860414943717
11109,"2023-05-07","London",0.704998939615617
11110,"2023-05-07","South East",0.710425422689914
11111,"2023-05-07","South West",0.734954657481548
11112,"2023-05-07","Midlands",0.733145872066947
11113,"2023-05-07","North East and Yorkshire",0.766774157730959
11114,"2023-05-07","East of England",0.728131972938328
11115,"2023-05-07","North West",0.754582919774499
11116,"2023-05-08","London",0.67094664080947
11117,"2023-05-08","South East",0.710321678061028
11118,"2023-05-08","South West",0.762457631074475
11119,"2023-05-08","Midlands",0.669985229447827
11120,"2023-05-08","North East and Yorkshire",0.698589500603938
11121,"2023-05-08","East of England",0.679090808226286
11122,"2023-05-08","North West",0.707052625786462
11123,"2023-05-09","London",0.914480454716898
11124,"2023-05-09","South East",0.920722437579842
11125,"2023-05-09","South West",0.935526750577965
11126,"2023-05-09","Midlands",0.890153097938996
11127,"2023-05-09","North East and Yorkshire",0.882897556211247
11128,"2023-05-09","East of England",0.898843298494254
11129,"2023-05-09","North West",0.888965922157494
11130,"2023-05-10","London",0.72137865146127
11131,"2023-05-10","South East",0.75614449446181
11132,"2023-05-10","South West",0.796849381428057
11133,"2023-05-10","Midlands",0.769601320891981
11134,"2023-05-10","North East and Yorkshire",0.814209897427823
11135,"2023-05-10","East of England",0.748156028424101
11136,"2023-05-10","North West",0.863259453715072
11137,"2023-05-11","London",0.790643205771289
11138,"2023-05-11","South East",0.803122811214737
11139,"2023-05-11","South West",0.767042233057057
11140,"2023-05-11","Midlands",0.782466807394025
11141,"2023-05-11","North East and Yorkshire",0.782193798926328
11142,"2023-05-11","East of England",0.807004882942322
11143,"2023-05-11","North West",0.803904359401372
11144,"2023-05-12","London",0.798446190211442
11145,"2023-05-12","South East",0.783600838816272
11146,"2023-05-12","South West",0.74795105995366
11147,"2023-05-12","Midlands",0.745744953579722
11148,"2023-05-12","North East and Yorkshire",0.738255282429594
11149,"2023-05-12","East of England",0.830528167459345
11150,"2023-05-12","North West",0.722760162481302
11151,"2023-05-13","London",0.747431946812091
11152,"2023-05-13","South East",0.738278602966441
11153,"2023-05-13","South West",0.749194573344646
11154,"2023-05-13","Midlands",0.748986195825419
11155,"2023-05-13","North East and Yorkshire",0.753739098927746
11156,"2023-05-13","East of England",0.77110976071337
11157,"2023-05-13","North West",0.741557340930367
11158,"2023-05-14","London",0.675170981265366
11159,"2023-05-14","South East",0.691193730343286
11160,"2023-05-14","South West",0.6895632376708
11161,"2023-05-14","Midlands",0.71129413549955
11162,"2023-05-14","North East and Yorkshire",0.749716323886357
11163,"2023-05-14","East of England",0.713748264257454
11164,"2023-05-14","North West",0.796954060454188
11165,"2023-05-15","London",0.770131183719178
11166,"2023-05-15","South East",0.780812978911012
11167,"2023-05-15","South West",0.788428229839493
11168,"2023-05-15","Midlands",0.788333971360483
11169,"2023-05-15","North East and Yorkshire",0.782052792987691
11170,"2023-05-15","East of England",0.789014606490895
11171,"2023-05-15","North West",0.850160914933892
11172,"2023-05-16","London",0.920029521209877
11173,"2023-05-16","South East",0.892543903866699
11174,"2023-05-16","South West",0.832867015589495
11175,"2023-05-16","Midlands",0.849569191618937
11176,"2023-05-16","North East and Yorkshire",0.859348984534597
11177,"2023-05-16","East of England",0.905845081205925
11178,"2023-05-16","North West",0.780876010036677
11179,"2023-05-17","London",0.92777687307703
11180,"2023-05-17","South East",0.911078980844134
11181,"2023-05-17","South West",0.901347011340757
11182,"2023-05-17","Midlands",0.935745150608277
11183,"2023-05-17","North East and Yorkshire",0.947518875413367
11184,"2023-05-17","East of England",0.920085851950433
11185,"2023-05-17","North West",0.93871984366087
11186,"2023-05-18","London",0.761469653920744
11187,"2023-05-18","South East",0.768360373746763
11188,"2023-05-18","South West",0.765403599819309
11189,"2023-05-18","Midlands",0.796036141668786
11190,"2023-05-18","North East and Yorkshire",0.899589393642984
11191,"2023-05-18","East of England",0.764176488352301
11192,"2023-05-18","North West",0.899905395193962
11193,"2023-05-19","London",0.690513199220428
11194,"2023-05-19","South East",0.716979813525081
11195,"2023-05-19","South West",0.74257551901973
11196,"2023-05-19","Midlands",0.769785114334718
11197,"2023-05-19","North East and Yorkshire",0.844822867700112
11198,"2023-05-19","East of England",0.721552421982506
11199,"2023-05-19","North West",0.839991271138455
11200,"2023-05-20","London",0.706866604911332
11201,"2023-05-20","South East",0.706975685200095
11202,"2023-05-20","South West",0.726416338123544
11203,"2023-05-20","Midlands",0.760995563409603
11204,"2023-05-20","North East and Yorkshire",0.81273261409803
11205,"2023-05-20","East of England",0.785513626847358
11206,"2023-05-20","North West",0.741736709464484
11207,"2023-05-21","London",0.802185256619701
11208,"2023-05-21","South East",0.834349403982326
11209,"2023-05-21","South West",0.851972926567184
11210,"2023-05-21","Midlands",0.832157625722222
11211,"2023-05-21","North East and Yorkshire",0.899952142392989
11212,"2023-05-21","East of England",0.817913341756025
11213,"2023-05-21","North West",0.857760506278678
11214,"2023-05-22","London",0.743518702068462
11215,"2023-05-22","South East",0.753963017792567
11216,"2023-05-22","South West",0.784626958392513
11217,"2023-05-22","Midlands",0.750243234631414
11218,"2023-05-22","North East and Yorkshire",0.790330664485166
11219,"2023-05-22","East of England",0.728899551454284
11220,"2023-05-22","North West",0.806300041440068
11221,"2023-05-23","London",0.659970821693384
11222,"2023-05-23","South East",0.658698986062013
11223,"2023-05-23","South West",0.661430316148552
11224,"2023-05-23","Midlands",0.773246219248059
11225,"2023-05-23","North East and Yorkshire",0.826350539648063
11226,"2023-05-23","East of England",0.734076022074455
11227,"2023-05-23","North West",0.839576051352669
11228,"2023-05-24","London",0.730898659398371
11229,"2023-05-24","South East",0.724539151225563
11230,"2023-05-24","South West",0.723269593670012
11231,"2023-05-24","Midlands",0.764785061960132
11232,"2023-05-24","North East and Yorkshire",0.670258338032106
11233,"2023-05-24","East of England",0.734705969074693
11234,"2023-05-24","North West",0.699430669917984
11235,"2023-05-25","London",0.691532811773713
11236,"2023-05-25","South East",0.675529328249732
11237,"2023-05-25","South West",0.66982583088768
11238,"2023-05-25","Midlands",0.688005443732169
11239,"2023-05-25","North East and Yorkshire",0.751885274877689
11240,"2023-05-25","East of England",0.734085567446571
11241,"2023-05-25","North West",0.746485948191396
11242,"2023-05-26","London",0.558230418521353
11243,"2023-05-26","South East",0.59954921743822
11244,"2023-05-26","South West",0.631856619774904
11245,"2023-05-26","Midlands",0.619720175912776
11246,"2023-05-26","North East and Yorkshire",0.766005052206528
11247,"2023-05-26","East of England",0.604324251404534
11248,"2023-05-26","North West",0.743115920877159
11249,"2023-05-27","London",0.812859525445789
11250,"2023-05-27","South East",0.824812455866082
11251,"2023-05-27","South West",0.908789273447534
11252,"2023-05-27","Midlands",0.896134381399832
11253,"2023-05-27","North East and Yorkshire",0.905928285767111
11254,"2023-05-27","East of England",0.824160303410817
11255,"2023-05-27","North West",0.88713990027054
11256,"2023-05-28","London",0.763457185287059
11257,"2023-05-28","South East",0.81363243864573
11258,"2023-05-28","South West",0.837855354493633
11259,"2023-05-28","Midlands",0.773912892399166
11260,"2023-05-28","North East and Yorkshire",0.757382850098195
11261,"2023-05-28","East of England",0.761579906334425
11262,"2023-05-28","North West",0.757905401606192
11263,"2023-05-29","London",0.733361102147023
11264,"2023-05-29","South East",0.778827796255174
11265,"2023-05-29","South West",0.802214584614763
11266,"2023-05-29","Midlands",0.750229771469494
11267,"2023-05-29","North East and Yorkshire",0.752957448459557
11268,"2023-05-29","East of England",0.734037067814347
11269,"2023-05-29","North West",0.772078938676364
11270,"2023-05-30","London",0.81162476728484
11271,"2023-05-30","South East",0.816182524624264
11272,"2023-05-30","South West",0.837248063038379
11273,"2023-05-30","Midlands",0.765547316366675
11274,"2023-05-30","North East and Yorkshire",0.729094947479527
11275,"2023-05-30","East of England",0.801011716435743
11276,"2023-05-30","North West",0.766944891413086
11277,"2023-05-31","London",0.731911463341566
11278,"2023-05-31","South East",0.749133669272258
11279,"2023-05-31","South West",0.752427981501537
11280,"2023-05-31","Midlands",0.717105412119915
11281,"2023-05-31","North East and Yorkshire",0.720182538832454
11282,"2023-05-31","East of England",0.763563569358076
11283,"2023-05-31","North West",0.751680305078393
11284,"2023-06-01","London",0.816891706524979
11285,"2023-06-01","South East",0.829177559593572
11286,"2023-06-01","South West",0.838180779495793
11287,"2023-06-01","Midlands",0.849645856859269
11288,"2023-06-01","North East and Yorkshire",0.854746015135865
11289,"2023-06-01","East of England",0.810166763315294
11290,"2023-06-01","North West",0.867551457745484
11291,"2023-06-02","London",0.78822912719937
11292,"2023-06-02","South East",0.806226656056059
11293,"2023-06-02","South West",0.862359629359698
11294,"2023-06-02","Midlands",0.87825983991932
11295,"2023-06-02","North East and Yorkshire",0.905095056563189
11296,"2023-06-02","East of England",0.792373966842468
11297,"2023-06-02","North West",0.909820641846006
11298,"2023-06-03","London",0.827023872162758
11299,"2023-06-03","South East",0.814209693329106
11300,"2023-06-03","South West",0.757947339766692
11301,"2023-06-03","Midlands",0.778181306413263
11302,"2023-06-03","North East and Yorkshire",0.759550454484115
11303,"2023-06-03","East of England",0.823168642983291
11304,"2023-06-03","North West",0.756572110583854
11305,"2023-06-04","London",0.795360920964545
11306,"2023-06-04","South East",0.7979908463229
11307,"2023-06-04","South West",0.850265344767847
11308,"2023-06-04","Midlands",0.811414276669876
11309,"2023-06-04","North East and Yorkshire",0.786720731442867
11310,"2023-06-04","East of England",0.7845270372422
11311,"2023-06-04","North West",0.802242906929902
11312,"2023-06-05","London",0.827703789873647
11313,"2023-06-05","South East",0.829560405472235
11314,"2023-06-05","South West",0.838458024803249
11315,"2023-06-05","Midlands",0.829807519046821
11316,"2023-06-05","North East and Yorkshire",0.741028431741521
11317,"2023-06-05","East of England",0.81297630748683
11318,"2023-06-05","North West",0.803834931993323
11319,"2023-06-06","London",0.654380918261952
11320,"2023-06-06","South East",0.665337365775725
11321,"2023-06-06","South West",0.675885278743031
11322,"2023-06-06","Midlands",0.688697475797454
11323,"2023-06-06","North East and Yorkshire",0.680141263440118
11324,"2023-06-06","East of England",0.699161663865261
11325,"2023-06-06","North West",0.75589148995592
11326,"2023-06-07","London",0.63552856862694
11327,"2023-06-07","South East",0.629799961061423
11328,"2023-06-07","South West",0.664555352467247
11329,"2023-06-07","Midlands",0.662759979322865
11330,"2023-06-07","North East and Yorkshire",0.667488367136922
11331,"2023-06-07","East of England",0.668538379584222
11332,"2023-06-07","North West",0.70360892593559
11333,"2023-06-08","London",0.634977968563099
11334,"2023-06-08","South East",0.647739260795971
11335,"2023-06-08","South West",0.647108555261059
11336,"2023-06-08","Midlands",0.66803882817859
11337,"2023-06-08","North East and Yorkshire",0.717103337567853
11338,"2023-06-08","East of England",0.6534444924454
11339,"2023-06-08","North West",0.779924223467664
11340,"2023-06-09","London",0.603452139406456
11341,"2023-06-09","South East",0.655697266096867
11342,"2023-06-09","South West",0.66277810105596
11343,"2023-06-09","Midlands",0.668029213897053
11344,"2023-06-09","North East and Yorkshire",0.730146364282306
11345,"2023-06-09","East of England",0.633832075215969
11346,"2023-06-09","North West",0.782980556316999
11347,"2023-06-10","London",0.754582894637918
11348,"2023-06-10","South East",0.740361535851433
11349,"2023-06-10","South West",0.763688628931472
11350,"2023-06-10","Midlands",0.820984085411692
11351,"2023-06-10","North East and Yorkshire",0.716047462385089
11352,"2023-06-10","East of England",0.80647123167637
11353,"2023-06-10","North West",0.797257858470219
11354,"2023-06-11","London",0.801448132898181
11355,"2023-06-11","South East",0.793526376945712
11356,"2023-06-11","South West",0.699436270672587
11357,"2023-06-11","Midlands",0.665212007703811
11358,"2023-06-11","North East and Yorkshire",0.698590397869037
11359,"2023-06-11","East of England",0.727843510013118
11360,"2023-06-11","North West",0.729330074904287
11361,"2023-06-12","London",0.662748485259329
11362,"2023-06-12","South East",0.672035535908907
11363,"2023-06-12","South West",0.720947997321518
11364,"2023-06-12","Midlands",0.702889822989799
11365,"2023-06-12","North East and Yorkshire",0.701136403442624
11366,"2023-06-12","East of England",0.697355454918508
11367,"2023-06-12","North West",0.702979559592443
11368,"2023-06-13","London",0.624452495829758
11369,"2023-06-13","South East",0.658404424348319
11370,"2023-06-13","South West",0.654019862174019
11371,"2023-06-13","Midlands",0.565657245746744
11372,"2023-06-13","North East and Yorkshire",0.652845694972214
11373,"2023-06-13","East of England",0.654477093869064
11374,"2023-06-13","North West",0.7167268673704
11375,"2023-06-14","London",0.608364854138849
11376,"2023-06-14","South East",0.591110823006737
11377,"2023-06-14","South West",0.610161231856834
11378,"2023-06-14","Midlands",0.615400375753509
11379,"2023-06-14","North East and Yorkshire",0.672371935283547
11380,"2023-06-14","East of England",0.630804587265536
11381,"2023-06-14","North West",0.777221951659221
11382,"2023-06-15","London",0.738712068094719
11383,"2023-06-15","South East",0.767434000815667
11384,"2023-06-15","South West",0.716958139097462
11385,"2023-06-15","Midlands",0.660517243384169
11386,"2023-06-15","North East and Yorkshire",0.664202500839591
11387,"2023-06-15","East of England",0.722723945229
11388,"2023-06-15","North West",0.732436447247974
11389,"2023-06-16","London",0.745542647731022
11390,"2023-06-16","South East",0.793196123030172
11391,"2023-06-16","South West",0.842637722978579
11392,"2023-06-16","Midlands",0.772859642849006
11393,"2023-06-16","North East and Yorkshire",0.743394228964664
11394,"2023-06-16","East of England",0.734319688033654
11395,"2023-06-16","North West",0.836490897691397
11396,"2023-06-17","London",0.688566004969572
11397,"2023-06-17","South East",0.716000634621973
11398,"2023-06-17","South West",0.736643624298608
11399,"2023-06-17","Midlands",0.634448691402032
11400,"2023-06-17","North East and Yorkshire",0.611080127307237
11401,"2023-06-17","East of England",0.668538599772811
11402,"2023-06-17","North West",0.676600727444211
11403,"2023-06-18","London",0.620225847588326
11404,"2023-06-18","South East",0.656452881770171
11405,"2023-06-18","South West",0.69817709255109
11406,"2023-06-18","Midlands",0.591392645365292
11407,"2023-06-18","North East and Yorkshire",0.59900714279705
11408,"2023-06-18","East of England",0.603541262303194
11409,"2023-06-18","North West",0.6866976010356
11410,"2023-06-19","London",0.682573385669297
11411,"2023-06-19","South East",0.72684319916521
11412,"2023-06-19","South West",0.728347611215907
11413,"2023-06-19","Midlands",0.661160601715979
11414,"2023-06-19","North East and Yorkshire",0.676721332869534
11415,"2023-06-19","East of England",0.663845378264415
11416,"2023-06-19","North West",0.730276561873433
11417,"2023-06-20","London",0.664470236000017
11418,"2023-06-20","South East",0.667915647008
11419,"2023-06-20","South West",0.725683477045647
11420,"2023-06-20","Midlands",0.687745701728686
11421,"2023-06-20","North East and Yorkshire",0.674785766842019
11422,"2023-06-20","East of England",0.695382600057491
11423,"2023-06-20","North West",0.738998767572253
11424,"2023-06-21","London",0.698675838984776
11425,"2023-06-21","South East",0.694279375898398
11426,"2023-06-21","South West",0.682345338572605
11427,"2023-06-21","Midlands",0.690813322321813
11428,"2023-06-21","North East and Yorkshire",0.703918284757484
11429,"2023-06-21","East of England",0.72934962843014
11430,"2023-06-21","North West",0.764092407268074
11431,"2023-06-22","London",0.739942073463051
11432,"2023-06-22","South East",0.724248077038009
11433,"2023-06-22","South West",0.722993052378191
11434,"2023-06-22","Midlands",0.713367207578024
11435,"2023-06-22","North East and Yorkshire",0.706538229620199
11436,"2023-06-22","East of England",0.765567176491967
11437,"2023-06-22","North West",0.757126857716669
11438,"2023-06-23","London",0.666771044812389
11439,"2023-06-23","South East",0.6548446238583
11440,"2023-06-23","South West",0.624332955634833
11441,"2023-06-23","Midlands",0.658447861172999
11442,"2023-06-23","North East and Yorkshire",0.706299181282827
11443,"2023-06-23","East of England",0.694140177989468
11444,"2023-06-23","North West",0.75511622346981
11445,"2023-06-24","London",0.710008257414539
11446,"2023-06-24","South East",0.697154876138654
11447,"2023-06-24","South West",0.641948447567048
11448,"2023-06-24","Midlands",0.639903867094747
11449,"2023-06-24","North East and Yorkshire",0.654901384819599
11450,"2023-06-24","East of England",0.725970226589791
11451,"2023-06-24","North West",0.671908443735017
11452,"2023-06-25","London",0.639766830147852
11453,"2023-06-25","South East",0.643357667552954
11454,"2023-06-25","South West",0.670277848500504
11455,"2023-06-25","Midlands",0.7193359230655
11456,"2023-06-25","North East and Yorkshire",0.742793946393268
11457,"2023-06-25","East of England",0.703410075699022
11458,"2023-06-25","North West",0.737660694223855
11459,"2023-06-26","London",0.669101513211983
11460,"2023-06-26","South East",0.670214413973022
11461,"2023-06-26","South West",0.641017895243953
11462,"2023-06-26","Midlands",0.681663014825184
11463,"2023-06-26","North East and Yorkshire",0.701419433463409
11464,"2023-06-26","East of England",0.690603539163898
11465,"2023-06-26","North West",0.673742540645173
11466,"2023-06-27","London",0.618050900987164
11467,"2023-06-27","South East",0.646192488766404
11468,"2023-06-27","South West",0.732758447637947
11469,"2023-06-27","Midlands",0.696956535225711
11470,"2023-06-27","North East and Yorkshire",0.789050189963703
11471,"2023-06-27","East of England",0.659546046152467
11472,"2023-06-27","North West",0.817085772128152
11473,"2023-06-28","London",0.626131287367926
11474,"2023-06-28","South East",0.65851586221853
11475,"2023-06-28","South West",0.735582533856985
11476,"2023-06-28","Midlands",0.694981214619151
11477,"2023-06-28","North East and Yorkshire",0.770395512113401
11478,"2023-06-28","East of England",0.707180975302552
11479,"2023-06-28","North West",0.753352923625221
11480,"2023-06-29","London",0.631826294570761
11481,"2023-06-29","South East",0.684947103308756
11482,"2023-06-29","South West",0.73077540251469
11483,"2023-06-29","Midlands",0.665578223848062
11484,"2023-06-29","North East and Yorkshire",0.688653686363264
11485,"2023-06-29","East of England",0.635302433769406
11486,"2023-06-29","North West",0.725002687275703
11487,"2023-06-30","London",0.615329824585706
11488,"2023-06-30","South East",0.658278367275285
11489,"2023-06-30","South West",0.689130805217613
11490,"2023-06-30","Midlands",0.649440894215681
11491,"2023-06-30","North East and Yorkshire",0.70047264080373
11492,"2023-06-30","East of England",0.607814635918759
11493,"2023-06-30","North West",0.748860437799633
11494,"2023-07-01","London",0.577040977110443
11495,"2023-07-01","South East",0.637635103510358
11496,"2023-07-01","South West",0.704133065682813
11497,"2023-07-01","Midlands",0.706884923554158
11498,"2023-07-01","North East and Yorkshire",0.7706267789127
11499,"2023-07-01","East of England",0.603843254170774
11500,"2023-07-01","North West",0.830606698606507
11501,"2023-07-02","London",0.686547476078124
11502,"2023-07-02","South East",0.704544289706229
11503,"2023-07-02","South West",0.740764077053567
11504,"2023-07-02","Midlands",0.74866985568769
11505,"2023-07-02","North East and Yorkshire",0.765523584754954
11506,"2023-07-02","East of England",0.715947760386908
11507,"2023-07-02","North West",0.801229985783087
11508,"2023-07-03","London",0.666076615938606
11509,"2023-07-03","South East",0.675397709020652
11510,"2023-07-03","South West",0.750072698356565
11511,"2023-07-03","Midlands",0.805251728252849
11512,"2023-07-03","North East and Yorkshire",0.833487329825809
11513,"2023-07-03","East of England",0.701027017464808
11514,"2023-07-03","North West",0.858693943909737
11515,"2023-07-04","London",0.752642272430041
11516,"2023-07-04","South East",0.701695180064928
11517,"2023-07-04","South West",0.657989018217038
11518,"2023-07-04","Midlands",0.71849761527972
11519,"2023-07-04","North East and Yorkshire",0.733646629529589
11520,"2023-07-04","East of England",0.759211351389422
11521,"2023-07-04","North West",0.717869054126585
11522,"2023-07-05","London",0.678422856370733
11523,"2023-07-05","South East",0.662748538981364
11524,"2023-07-05","South West",0.654521145740775
11525,"2023-07-05","Midlands",0.667570178502959
11526,"2023-07-05","North East and Yorkshire",0.749834114861698
11527,"2023-07-05","East of England",0.699046463236887
11528,"2023-07-05","North West",0.724864125161627
11529,"2023-07-06","London",0.744011903834095
11530,"2023-07-06","South East",0.766779633562672
11531,"2023-07-06","South West",0.848643256701245
11532,"2023-07-06","Midlands",0.787952592509381
11533,"2023-07-06","North East and Yorkshire",0.772219422879665
11534,"2023-07-06","East of England",0.731098128919027
11535,"2023-07-06","North West",0.814659021927554
11536,"2023-07-07","London",0.763451940022894
11537,"2023-07-07","South East",0.789716912798898
11538,"2023-07-07","South West",0.825850096613324
11539,"2023-07-07","Midlands",0.780472692269811
11540,"2023-07-07","North East and Yorkshire",0.789049366379614
11541,"2023-07-07","East of England",0.777066308933157
11542,"2023-07-07","North West",0.809439615024134
11543,"2023-07-08","London",0.779414464201114
11544,"2023-07-08","South East",0.784153153419564
11545,"2023-07-08","South West",0.78968339940448
11546,"2023-07-08","Midlands",0.828548620636263
11547,"2023-07-08","North East and Yorkshire",0.86498810180932
11548,"2023-07-08","East of England",0.778550941354764
11549,"2023-07-08","North West",0.851193823014505
11550,"2023-07-09","London",0.669556575269618
11551,"2023-07-09","South East",0.712014308043277
11552,"2023-07-09","South West",0.738254838613652
11553,"2023-07-09","Midlands",0.711460158012316
11554,"2023-07-09","North East and Yorkshire",0.750436669624936
11555,"2023-07-09","East of England",0.698828018832829
11556,"2023-07-09","North West",0.751729994461093
11557,"2023-07-10","London",0.636269593486608
11558,"2023-07-10","South East",0.704182132319823
11559,"2023-07-10","South West",0.744333907622224
11560,"2023-07-10","Midlands",0.74828440802671
11561,"2023-07-10","North East and Yorkshire",0.76884907151511
11562,"2023-07-10","East of England",0.675704132035557
11563,"2023-07-10","North West",0.819911506663937
11564,"2023-07-11","London",0.886648050228038
11565,"2023-07-11","South East",0.880614317024929
11566,"2023-07-11","South West",0.912146697561003
11567,"2023-07-11","Midlands",0.812680315133877
11568,"2023-07-11","North East and Yorkshire",0.698310621526192
11569,"2023-07-11","East of England",0.848560404548421
11570,"2023-07-11","North West",0.78717315358398
11571,"2023-07-12","London",0.724894550401875
11572,"2023-07-12","South East",0.773233515290493
11573,"2023-07-12","South West",0.840474716287693
11574,"2023-07-12","Midlands",0.742058105480936
11575,"2023-07-12","North East and Yorkshire",0.742595054011651
11576,"2023-07-12","East of England",0.706715229279255
11577,"2023-07-12","North West",0.801185489480899
11578,"2023-07-13","London",0.71702986144333
11579,"2023-07-13","South East",0.774861760814886
11580,"2023-07-13","South West",0.824525788584039
11581,"2023-07-13","Midlands",0.730602117530329
11582,"2023-07-13","North East and Yorkshire",0.762237040429625
11583,"2023-07-13","East of England",0.709856440797826
11584,"2023-07-13","North West",0.760674620537978
11585,"2023-07-14","London",0.760805934657542
11586,"2023-07-14","South East",0.805108582876319
11587,"2023-07-14","South West",0.785386812794329
11588,"2023-07-14","Midlands",0.678720337391622
11589,"2023-07-14","North East and Yorkshire",0.68204960112083
11590,"2023-07-14","East of England",0.732427377111762
11591,"2023-07-14","North West",0.710089655251988
11592,"2023-07-15","London",0.781427473694656
11593,"2023-07-15","South East",0.821398505940188
11594,"2023-07-15","South West",0.850931154819181
11595,"2023-07-15","Midlands",0.79271516305479
11596,"2023-07-15","North East and Yorkshire",0.780486711568017
11597,"2023-07-15","East of England",0.755234383541943
11598,"2023-07-15","North West",0.806700964574296
11599,"2023-07-16","London",0.759102072593083
11600,"2023-07-16","South East",0.79038012925168
11601,"2023-07-16","South West",0.815753902178579
11602,"2023-07-16","Midlands",0.746808371893555
11603,"2023-07-16","North East and Yorkshire",0.757332971497335
11604,"2023-07-16","East of England",0.746923603443406
11605,"2023-07-16","North West",0.782078759250244
11606,"2023-07-17","London",0.853712577092169
11607,"2023-07-17","South East",0.861349149333929
11608,"2023-07-17","South West",0.873741334690557
11609,"2023-07-17","Midlands",0.862788896906781
11610,"2023-07-17","North East and Yorkshire",0.905584232321214
11611,"2023-07-17","East of England",0.825279345600365
11612,"2023-07-17","North West",0.917601826663031
11613,"2023-07-18","London",0.728504590805702
11614,"2023-07-18","South East",0.725568487154153
11615,"2023-07-18","South West",0.649403877243606
11616,"2023-07-18","Midlands",0.697462367331092
11617,"2023-07-18","North East and Yorkshire",0.740488805528726
11618,"2023-07-18","East of England",0.756471841242764
11619,"2023-07-18","North West",0.740761850228009
11620,"2023-07-19","London",0.705937737480577
11621,"2023-07-19","South East",0.752805838603191
11622,"2023-07-19","South West",0.666560119165156
11623,"2023-07-19","Midlands",0.711608079575151
11624,"2023-07-19","North East and Yorkshire",0.773810617332279
11625,"2023-07-19","East of England",0.740117802373388
11626,"2023-07-19","North West",0.772121745891021
11627,"2023-07-20","London",0.701055170704542
11628,"2023-07-20","South East",0.707294210861401
11629,"2023-07-20","South West",0.672818132077892
11630,"2023-07-20","Midlands",0.661483488327092
11631,"2023-07-20","North East and Yorkshire",0.765170012470484
11632,"2023-07-20","East of England",0.738247131378581
11633,"2023-07-20","North West",0.714953866493072
11634,"2023-07-21","London",0.787306933681755
11635,"2023-07-21","South East",0.755825990333736
11636,"2023-07-21","South West",0.692715801036079
11637,"2023-07-21","Midlands",0.766906697432133
11638,"2023-07-21","North East and Yorkshire",0.797315453630716
11639,"2023-07-21","East of England",0.79654683710056
11640,"2023-07-21","North West",0.773631190407391
11641,"2023-07-22","London",0.832704825231173
11642,"2023-07-22","South East",0.840407406864363
11643,"2023-07-22","South West",0.848821702039125
11644,"2023-07-22","Midlands",0.773756533385296
11645,"2023-07-22","North East and Yorkshire",0.749617819815292
11646,"2023-07-22","East of England",0.824212523788946
11647,"2023-07-22","North West",0.725528166524444
11648,"2023-07-23","London",0.906706213363407
11649,"2023-07-23","South East",0.884049868499871
11650,"2023-07-23","South West",0.828001087709541
11651,"2023-07-23","Midlands",0.775011808706919
11652,"2023-07-23","North East and Yorkshire",0.756684713415637
11653,"2023-07-23","East of England",0.872361486305302
11654,"2023-07-23","North West",0.765420651072618
11655,"2023-07-24","London",0.776296282446132
11656,"2023-07-24","South East",0.804474837440557
11657,"2023-07-24","South West",0.804975925970801
11658,"2023-07-24","Midlands",0.687866971434169
11659,"2023-07-24","North East and Yorkshire",0.741983743633158
11660,"2023-07-24","East of England",0.777169627366231
11661,"2023-07-24","North West",0.801763321435032
11662,"2023-07-25","London",0.778088721475458
11663,"2023-07-25","South East",0.7924191373227
11664,"2023-07-25","South West",0.754353371745665
11665,"2023-07-25","Midlands",0.709431679479748
11666,"2023-07-25","North East and Yorkshire",0.70427268966878
11667,"2023-07-25","East of England",0.767213294494622
11668,"2023-07-25","North West",0.704815807195053
11669,"2023-07-26","London",0.698729764931908
11670,"2023-07-26","South East",0.73602364558756
11671,"2023-07-26","South West",0.782767877321696
11672,"2023-07-26","Midlands",0.728479152448838
11673,"2023-07-26","North East and Yorkshire",0.73271889610636
11674,"2023-07-26","East of England",0.667367810198558
11675,"2023-07-26","North West",0.773076788324229
11676,"2023-07-27","London",0.818481100605148
11677,"2023-07-27","South East",0.84624473463284
11678,"2023-07-27","South West",0.91512216073908
11679,"2023-07-27","Midlands",0.847056362447727
11680,"2023-07-27","North East and Yorkshire",0.825641942583235
11681,"2023-07-27","East of England",0.772657594642094
11682,"2023-07-27","North West",0.877558509182242
11683,"2023-07-28","London",0.6768557907122
11684,"2023-07-28","South East",0.714867859825081
11685,"2023-07-28","South West",0.758385852604449
11686,"2023-07-28","Midlands",0.649108687106479
11687,"2023-07-28","North East and Yorkshire",0.684415680451243
11688,"2023-07-28","East of England",0.646719147812953
11689,"2023-07-28","North West",0.733965279242116
11690,"2023-07-29","London",0.755390563254373
11691,"2023-07-29","South East",0.788214434604848
11692,"2023-07-29","South West",0.862722420017096
11693,"2023-07-29","Midlands",0.769940082944951
11694,"2023-07-29","North East and Yorkshire",0.701360092938703
11695,"2023-07-29","East of England",0.741591337986877
11696,"2023-07-29","North West",0.795156548821361
11697,"2023-07-30","London",0.727346452539376
11698,"2023-07-30","South East",0.747344724561878
11699,"2023-07-30","South West",0.764402911620844
11700,"2023-07-30","Midlands",0.649948343575242
11701,"2023-07-30","North East and Yorkshire",0.683592617846407
11702,"2023-07-30","East of England",0.712041330802069
11703,"2023-07-30","North West",0.691765214932229
11704,"2023-07-31","London",0.686266191898215
11705,"2023-07-31","South East",0.726970894786192
11706,"2023-07-31","South West",0.7628018212137
11707,"2023-07-31","Midlands",0.723565734281838
11708,"2023-07-31","North East and Yorkshire",0.783186420268071
11709,"2023-07-31","East of England",0.696024610213022
11710,"2023-07-31","North West",0.795400212742122
11711,"2023-08-01","London",0.631424014936523
11712,"2023-08-01","South East",0.604861634263855
11713,"2023-08-01","South West",0.582116872988631
11714,"2023-08-01","Midlands",0.571132193445659
11715,"2023-08-01","North East and Yorkshire",0.598043729324102
11716,"2023-08-01","East of England",0.633576746780091
11717,"2023-08-01","North West",0.684137691926007
11718,"2023-08-02","London",0.63021913418158
11719,"2023-08-02","South East",0.601188444942268
11720,"2023-08-02","South West",0.523177547797072
11721,"2023-08-02","Midlands",0.470123763226134
11722,"2023-08-02","North East and Yorkshire",0.586099381945235
11723,"2023-08-02","East of England",0.637359973618463
11724,"2023-08-02","North West",0.708107834575913
11725,"2023-08-03","London",0.55447935647582
11726,"2023-08-03","South East",0.547244121287061
11727,"2023-08-03","South West",0.485554243474578
11728,"2023-08-03","Midlands",0.45153168241615
11729,"2023-08-03","North East and Yorkshire",0.573253155145893
11730,"2023-08-03","East of England",0.586392974179597
11731,"2023-08-03","North West",0.675951499141148
11732,"2023-08-04","London",0.514512937743899
11733,"2023-08-04","South East",0.503140628927553
11734,"2023-08-04","South West",0.454321680849678
11735,"2023-08-04","Midlands",0.463841429991021
11736,"2023-08-04","North East and Yorkshire",0.624236280224611
11737,"2023-08-04","East of England",0.561289182024994
11738,"2023-08-04","North West",0.620755252069187
11739,"2023-08-05","London",0.480118332283636
11740,"2023-08-05","South East",0.48528511615805
11741,"2023-08-05","South West",0.452339854384938
11742,"2023-08-05","Midlands",0.486758418470106
11743,"2023-08-05","North East and Yorkshire",0.670892005210904
11744,"2023-08-05","East of England",0.525005409846151
11745,"2023-08-05","North West",0.628851291987177
11746,"2023-08-06","London",0.466334430437309
11747,"2023-08-06","South East",0.48950364908198
11748,"2023-08-06","South West",0.449942341930609
11749,"2023-08-06","Midlands",0.407521434266148
11750,"2023-08-06","North East and Yorkshire",0.637482037347415
11751,"2023-08-06","East of England",0.500084416399104
11752,"2023-08-06","North West",0.597248988216138
11753,"2023-08-07","London",0.547464333792864
11754,"2023-08-07","South East",0.668257628313412
11755,"2023-08-07","South West",0.716750135771687
11756,"2023-08-07","Midlands",0.60547216616725
11757,"2023-08-07","North East and Yorkshire",0.773026317154126
11758,"2023-08-07","East of England",0.566724286952063
11759,"2023-08-07","North West",0.813006874167178
11760,"2023-08-08","London",0.678873818806702
11761,"2023-08-08","South East",0.685731193081272
11762,"2023-08-08","South West",0.683604915818009
11763,"2023-08-08","Midlands",0.718004215330322
11764,"2023-08-08","North East and Yorkshire",0.744005678785923
11765,"2023-08-08","East of England",0.675859676642748
11766,"2023-08-08","North West",0.786066225559812
11767,"2023-08-09","London",0.666458804583854
11768,"2023-08-09","South East",0.675858742216502
11769,"2023-08-09","South West",0.707049827568281
11770,"2023-08-09","Midlands",0.715622622431446
11771,"2023-08-09","North East and Yorkshire",0.706453562241309
11772,"2023-08-09","East of England",0.657162059544924
11773,"2023-08-09","North West",0.723423610139731
11774,"2023-08-10","London",0.605933075217341
11775,"2023-08-10","South East",0.611465186990326
11776,"2023-08-10","South West",0.678224314110635
11777,"2023-08-10","Midlands",0.665089748238097
11778,"2023-08-10","North East and Yorkshire",0.776260294916867
11779,"2023-08-10","East of England",0.62479677386793
11780,"2023-08-10","North West",0.791938710249259
11781,"2023-08-11","London",0.580760784488327
11782,"2023-08-11","South East",0.606638746171571
11783,"2023-08-11","South West",0.651697149833884
11784,"2023-08-11","Midlands",0.612880244520469
11785,"2023-08-11","North East and Yorkshire",0.733781345467036
11786,"2023-08-11","East of England",0.612845067094128
11787,"2023-08-11","North West",0.743557933863662
11788,"2023-08-12","London",0.66645459287454
11789,"2023-08-12","South East",0.726604811936353
11790,"2023-08-12","South West",0.810673766819115
11791,"2023-08-12","Midlands",0.760385337064781
11792,"2023-08-12","North East and Yorkshire",0.83352371895154
11793,"2023-08-12","East of England",0.661379231551334
11794,"2023-08-12","North West",0.874040205735358
11795,"2023-08-13","London",0.754663944080225
11796,"2023-08-13","South East",0.787044649289883
11797,"2023-08-13","South West",0.817436959729197
11798,"2023-08-13","Midlands",0.781925263908338
11799,"2023-08-13","North East and Yorkshire",0.857337875081013
11800,"2023-08-13","East of England",0.782988204492136
11801,"2023-08-13","North West",0.833470884243577
11802,"2023-08-14","London",0.671342566422236
11803,"2023-08-14","South East",0.71735708234544
11804,"2023-08-14","South West",0.685775385278741
11805,"2023-08-14","Midlands",0.605536895647893
11806,"2023-08-14","North East and Yorkshire",0.693937638025452
11807,"2023-08-14","East of England",0.679784611099386
11808,"2023-08-14","North West",0.752688413918747
11809,"2023-08-15","London",0.715371015010674
11810,"2023-08-15","South East",0.794314165415617
11811,"2023-08-15","South West",0.822899450022763
11812,"2023-08-15","Midlands",0.78640968529439
11813,"2023-08-15","North East and Yorkshire",0.803959805758132
11814,"2023-08-15","East of England",0.699964368755453
11815,"2023-08-15","North West",0.861951870528831
11816,"2023-08-16","London",0.748599572362936
11817,"2023-08-16","South East",0.806785695550312
11818,"2023-08-16","South West",0.804028103394966
11819,"2023-08-16","Midlands",0.686605787787692
11820,"2023-08-16","North East and Yorkshire",0.699972201419708
11821,"2023-08-16","East of England",0.703826514177183
11822,"2023-08-16","North West",0.746920193456113
11823,"2023-08-17","London",0.545875748118438
11824,"2023-08-17","South East",0.594516046536618
11825,"2023-08-17","South West",0.635516344249403
11826,"2023-08-17","Midlands",0.61633271307443
11827,"2023-08-17","North East and Yorkshire",0.66592540321079
11828,"2023-08-17","East of England",0.566431854827983
11829,"2023-08-17","North West",0.736235006138693
11830,"2023-08-18","London",0.454123510606869
11831,"2023-08-18","South East",0.478057295596123
11832,"2023-08-18","South West",0.589967080260512
11833,"2023-08-18","Midlands",0.620304232215454
11834,"2023-08-18","North East and Yorkshire",0.664993448594647
11835,"2023-08-18","East of England",0.495154162864908
11836,"2023-08-18","North West",0.747126715143957
11837,"2023-08-19","London",0.488565241939565
11838,"2023-08-19","South East",0.519618559696035
11839,"2023-08-19","South West",0.575084988885125
11840,"2023-08-19","Midlands",0.602276689026697
11841,"2023-08-19","North East and Yorkshire",0.677278560132766
11842,"2023-08-19","East of England",0.5306042351383
11843,"2023-08-19","North West",0.74124957930607
11844,"2023-08-20","London",0.503834462848501
11845,"2023-08-20","South East",0.546863548070153
11846,"2023-08-20","South West",0.605865351340087
11847,"2023-08-20","Midlands",0.607731432380453
11848,"2023-08-20","North East and Yorkshire",0.730184662561944
11849,"2023-08-20","East of England",0.540015571247075
11850,"2023-08-20","North West",0.771325837038175
11851,"2023-08-21","London",0.597380470958051
11852,"2023-08-21","South East",0.585821417638487
11853,"2023-08-21","South West",0.599508886944164
11854,"2023-08-21","Midlands",0.624479841313732
11855,"2023-08-21","North East and Yorkshire",0.700567416813221
11856,"2023-08-21","East of England",0.642374614229397
11857,"2023-08-21","North West",0.775130902560757
11858,"2023-08-22","London",0.647359160849635
11859,"2023-08-22","South East",0.671430386683094
11860,"2023-08-22","South West",0.735428783715571
11861,"2023-08-22","Midlands",0.699198625974697
11862,"2023-08-22","North East and Yorkshire",0.751630535584936
11863,"2023-08-22","East of England",0.666278047191862
11864,"2023-08-22","North West",0.765282575008712
11865,"2023-08-23","London",0.70184627936476
11866,"2023-08-23","South East",0.734626122793097
11867,"2023-08-23","South West",0.775711497867913
11868,"2023-08-23","Midlands",0.750369223188757
11869,"2023-08-23","North East and Yorkshire",0.753173732058556
11870,"2023-08-23","East of England",0.693978950231253
11871,"2023-08-23","North West",0.796017954157213
11872,"2023-08-24","London",0.725229995042315
11873,"2023-08-24","South East",0.757276535116566
11874,"2023-08-24","South West",0.82033479591459
11875,"2023-08-24","Midlands",0.780312451431636
11876,"2023-08-24","North East and Yorkshire",0.818785725201637
11877,"2023-08-24","East of England",0.722614035412332
11878,"2023-08-24","North West",0.858180414893342
11879,"2023-08-25","London",0.740384875849733
11880,"2023-08-25","South East",0.777242326300007
11881,"2023-08-25","South West",0.782514495177534
11882,"2023-08-25","Midlands",0.761991422966584
11883,"2023-08-25","North East and Yorkshire",0.782135995063996
11884,"2023-08-25","East of England",0.745201901576423
11885,"2023-08-25","North West",0.807674275219129
11886,"2023-08-26","London",0.619198653574031
11887,"2023-08-26","South East",0.660534070451182
11888,"2023-08-26","South West",0.650269515269266
11889,"2023-08-26","Midlands",0.640408327601968
11890,"2023-08-26","North East and Yorkshire",0.694776449343459
11891,"2023-08-26","East of England",0.663796839798077
11892,"2023-08-26","North West",0.687201802685042
11893,"2023-08-27","London",0.578136197487812
11894,"2023-08-27","South East",0.665757613184609
11895,"2023-08-27","South West",0.719947411424376
11896,"2023-08-27","Midlands",0.636776072624776
11897,"2023-08-27","North East and Yorkshire",0.697267190868096
11898,"2023-08-27","East of England",0.603706974298426
11899,"2023-08-27","North West",0.695837373797661
11900,"2023-08-28","London",0.59113977679599
11901,"2023-08-28","South East",0.700269644405271
11902,"2023-08-28","South West",0.799220057565785
11903,"2023-08-28","Midlands",0.741488609879306
11904,"2023-08-28","North East and Yorkshire",0.771261424726121
11905,"2023-08-28","East of England",0.610354653537971
11906,"2023-08-28","North West",0.853283561682709
11907,"2023-08-29","London",0.820056637963857
11908,"2023-08-29","South East",0.829383419972685
11909,"2023-08-29","South West",0.862293989834392
11910,"2023-08-29","Midlands",0.840605523916538
11911,"2023-08-29","North East and Yorkshire",0.869966683357575
11912,"2023-08-29","East of England",0.79738733976467
11913,"2023-08-29","North West",0.889043674272211
11914,"2023-08-30","London",0.845436417695811
11915,"2023-08-30","South East",0.864458444834086
11916,"2023-08-30","South West",0.893531532126162
11917,"2023-08-30","Midlands",0.872504467921453
11918,"2023-08-30","North East and Yorkshire",0.824265523384581
11919,"2023-08-30","East of England",0.840817135123647
11920,"2023-08-30","North West",0.832052570342722
11921,"2023-08-31","London",0.817037961574416
11922,"2023-08-31","South East",0.824648640490461
11923,"2023-08-31","South West",0.896496377831381
11924,"2023-08-31","Midlands",0.834436556754024
11925,"2023-08-31","North East and Yorkshire",0.792401481389243
11926,"2023-08-31","East of England",0.803571097193196
11927,"2023-08-31","North West",0.812136998504639
11928,"2023-09-01","London",0.79299441519977
11929,"2023-09-01","South East",0.806481381252397
11930,"2023-09-01","South West",0.83179086357904
11931,"2023-09-01","Midlands",0.855753827323448
11932,"2023-09-01","North East and Yorkshire",0.848419404132819
11933,"2023-09-01","East of England",0.789451482699724
11934,"2023-09-01","North West",0.903378710969035
11935,"2023-09-02","London",0.710274977836896
11936,"2023-09-02","South East",0.71955363075695
11937,"2023-09-02","South West",0.763269102943527
11938,"2023-09-02","Midlands",0.746540729764732
11939,"2023-09-02","North East and Yorkshire",0.78938118500163
11940,"2023-09-02","East of England",0.718165553959005
11941,"2023-09-02","North West",0.775224583078306
11942,"2023-09-03","London",0.769396982837292
11943,"2023-09-03","South East",0.77558842624741
11944,"2023-09-03","South West",0.856598986402555
11945,"2023-09-03","Midlands",0.81098500720537
11946,"2023-09-03","North East and Yorkshire",0.832108573710473
11947,"2023-09-03","East of England",0.758528523285976
11948,"2023-09-03","North West",0.861128936132281
11949,"2023-09-04","London",0.743492135298044
11950,"2023-09-04","South East",0.786715707871269
11951,"2023-09-04","South West",0.829823694299486
11952,"2023-09-04","Midlands",0.757528072980877
11953,"2023-09-04","North East and Yorkshire",0.744494663317201
11954,"2023-09-04","East of England",0.730877577902245
11955,"2023-09-04","North West",0.781196804310685
11956,"2023-09-05","London",0.83541064018812
11957,"2023-09-05","South East",0.845426060746032
11958,"2023-09-05","South West",0.858468805624819
11959,"2023-09-05","Midlands",0.857846767308699
11960,"2023-09-05","North East and Yorkshire",0.917138415592972
11961,"2023-09-05","East of England",0.816676850327348
11962,"2023-09-05","North West",0.90919487680577
11963,"2023-09-06","London",0.664831972926625
11964,"2023-09-06","South East",0.697368164888674
11965,"2023-09-06","South West",0.767624281102804
11966,"2023-09-06","Midlands",0.754114019611412
11967,"2023-09-06","North East and Yorkshire",0.839445539437806
11968,"2023-09-06","East of England",0.689114518651628
11969,"2023-09-06","North West",0.861625125125431
11970,"2023-09-07","London",0.858819808357955
11971,"2023-09-07","South East",0.865961497724442
11972,"2023-09-07","South West",0.909251088488944
11973,"2023-09-07","Midlands",0.902371255409117
11974,"2023-09-07","North East and Yorkshire",0.914468283709864
11975,"2023-09-07","East of England",0.847494573593429
11976,"2023-09-07","North West",0.898408109243405
11977,"2023-09-08","London",0.882658416665817
11978,"2023-09-08","South East",0.878407404594104
11979,"2023-09-08","South West",0.879967386598131
11980,"2023-09-08","Midlands",0.896145796585985
11981,"2023-09-08","North East and Yorkshire",0.896390545411903
11982,"2023-09-08","East of England",0.877232818917488
11983,"2023-09-08","North West",0.828132380734781
11984,"2023-09-09","London",0.811617060358146
11985,"2023-09-09","South East",0.780475059388464
11986,"2023-09-09","South West",0.711950408653263
11987,"2023-09-09","Midlands",0.78207202949745
11988,"2023-09-09","North East and Yorkshire",0.807405936236658
11989,"2023-09-09","East of England",0.840581634480548
11990,"2023-09-09","North West",0.748609794642224
11991,"2023-09-10","London",0.704255518917432
11992,"2023-09-10","South East",0.704965844501797
11993,"2023-09-10","South West",0.693153477881521
11994,"2023-09-10","Midlands",0.735738264465716
11995,"2023-09-10","North East and Yorkshire",0.747140130043135
11996,"2023-09-10","East of England",0.721392581207728
11997,"2023-09-10","North West",0.738065163005648
11998,"2023-09-11","London",0.685999497015414
11999,"2023-09-11","South East",0.682574404651691
12000,"2023-09-11","South West",0.73421280933535
12001,"2023-09-11","Midlands",0.708755013718858
12002,"2023-09-11","North East and Yorkshire",0.729600675122975
12003,"2023-09-11","East of England",0.702097669408628
12004,"2023-09-11","North West",0.71817713761278
12005,"2023-09-12","London",0.917875345169099
12006,"2023-09-12","South East",0.873396795079935
12007,"2023-09-12","South West",0.803658254623532
12008,"2023-09-12","Midlands",0.779855330757017
12009,"2023-09-12","North East and Yorkshire",0.772724173950185
12010,"2023-09-12","East of England",0.905504610478197
12011,"2023-09-12","North West",0.812459515455722
12012,"2023-09-13","London",0.907724418250666
12013,"2023-09-13","South East",0.877275561490153
12014,"2023-09-13","South West",0.912226879402396
12015,"2023-09-13","Midlands",0.907439215158442
12016,"2023-09-13","North East and Yorkshire",0.8988428855077
12017,"2023-09-13","East of England",0.896587840952394
12018,"2023-09-13","North West",0.913876058948175
12019,"2023-09-14","London",0.844805153697142
12020,"2023-09-14","South East",0.82409355400975
12021,"2023-09-14","South West",0.82694995875661
12022,"2023-09-14","Midlands",0.817282771102896
12023,"2023-09-14","North East and Yorkshire",0.810945906640144
12024,"2023-09-14","East of England",0.839476829588837
12025,"2023-09-14","North West",0.825856242655215
12026,"2023-09-15","London",0.937937023595305
12027,"2023-09-15","South East",0.913015842443481
12028,"2023-09-15","South West",0.92473136244976
12029,"2023-09-15","Midlands",0.899423326997649
12030,"2023-09-15","North East and Yorkshire",0.881659688086944
12031,"2023-09-15","East of England",0.886884698683764
12032,"2023-09-15","North West",0.83678943836402
12033,"2023-09-16","London",0.915321577491844
12034,"2023-09-16","South East",0.900375507457094
12035,"2023-09-16","South West",0.91419310410524
12036,"2023-09-16","Midlands",0.961796959585799
12037,"2023-09-16","North East and Yorkshire",0.980892019375177
12038,"2023-09-16","East of England",0.917811877355491
12039,"2023-09-16","North West",0.937027348633696
12040,"2023-09-17","London",0.954847348488939
12041,"2023-09-17","South East",0.912030109944658
12042,"2023-09-17","South West",0.909856025309531
12043,"2023-09-17","Midlands",0.901671258953596
12044,"2023-09-17","North East and Yorkshire",0.909685132404873
12045,"2023-09-17","East of England",0.941549177708613
12046,"2023-09-17","North West",0.856310692274867
12047,"2023-09-18","London",0.866481310274315
12048,"2023-09-18","South East",0.866891747038203
12049,"2023-09-18","South West",0.898368146156134
12050,"2023-09-18","Midlands",0.888950389784062
12051,"2023-09-18","North East and Yorkshire",0.870309009341225
12052,"2023-09-18","East of England",0.861286671345884
12053,"2023-09-18","North West",0.901813968944756
12054,"2023-09-19","London",0.917875345169099
12055,"2023-09-19","South East",0.873396795079935
12056,"2023-09-19","South West",0.803658254623532
12057,"2023-09-19","Midlands",0.779855330757017
12058,"2023-09-19","North East and Yorkshire",0.772724173950185
12059,"2023-09-19","East of England",0.905504610478197
12060,"2023-09-19","North West",0.812459515455722
12061,"2023-09-20","London",0.907724418250666
12062,"2023-09-20","South East",0.877275561490153
12063,"2023-09-20","South West",0.912226879402396
12064,"2023-09-20","Midlands",0.907439215158442
12065,"2023-09-20","North East and Yorkshire",0.8988428855077
12066,"2023-09-20","East of England",0.896587840952394
12067,"2023-09-20","North West",0.913876058948175
12068,"2023-09-21","London",0.844805153697142
12069,"2023-09-21","South East",0.82409355400975
12070,"2023-09-21","South West",0.82694995875661
12071,"2023-09-21","Midlands",0.817282771102896
12072,"2023-09-21","North East and Yorkshire",0.810945906640144
12073,"2023-09-21","East of England",0.839476829588837
12074,"2023-09-21","North West",0.825856242655215
12075,"2023-09-22","London",0.937937023595305
12076,"2023-09-22","South East",0.913015842443481
12077,"2023-09-22","South West",0.92473136244976
12078,"2023-09-22","Midlands",0.899423326997649
12079,"2023-09-22","North East and Yorkshire",0.881659688086944
12080,"2023-09-22","East of England",0.886884698683764
12081,"2023-09-22","North West",0.83678943836402
12082,"2023-09-23","London",0.915321577491844
12083,"2023-09-23","South East",0.900375507457094
12084,"2023-09-23","South West",0.91419310410524
12085,"2023-09-23","Midlands",0.961796959585799
12086,"2023-09-23","North East and Yorkshire",0.980892019375177
12087,"2023-09-23","East of England",0.917811877355491
12088,"2023-09-23","North West",0.937027348633696
12089,"2023-09-24","London",0.954847348488939
12090,"2023-09-24","South East",0.912030109944658
12091,"2023-09-24","South West",0.909856025309531
12092,"2023-09-24","Midlands",0.901671258953596
12093,"2023-09-24","North East and Yorkshire",0.909685132404873
12094,"2023-09-24","East of England",0.941549177708613
12095,"2023-09-24","North West",0.856310692274867
12096,"2023-09-25","London",0.866481310274315
12097,"2023-09-25","South East",0.866891747038203
12098,"2023-09-25","South West",0.898368146156134
12099,"2023-09-25","Midlands",0.888950389784062
12100,"2023-09-25","North East and Yorkshire",0.870309009341225
12101,"2023-09-25","East of England",0.861286671345884
12102,"2023-09-25","North West",0.901813968944756
12103,"2023-09-26","London",0.842515487385525
12104,"2023-09-26","South East",0.831880830684942
12105,"2023-09-26","South West",0.845129722491166
12106,"2023-09-26","Midlands",0.805240277473556
12107,"2023-09-26","North East and Yorkshire",0.793507640354524
12108,"2023-09-26","East of England",0.821346999488356
12109,"2023-09-26","North West",0.802425202137352
12110,"2023-09-27","London",0.784682943756775
12111,"2023-09-27","South East",0.790847397743633
12112,"2023-09-27","South West",0.842777597407968
12113,"2023-09-27","Midlands",0.787980188643157
12114,"2023-09-27","North East and Yorkshire",0.80127797429278
12115,"2023-09-27","East of England",0.771619647517255
12116,"2023-09-27","North West",0.818733312808774
12117,"2023-09-28","London",0.805716710876314
12118,"2023-09-28","South East",0.804736540255139
12119,"2023-09-28","South West",0.840045424085662
12120,"2023-09-28","Midlands",0.825034311956292
12121,"2023-09-28","North East and Yorkshire",0.82488357267866
12122,"2023-09-28","East of England",0.791488736015974
12123,"2023-09-28","North West",0.850861586959029
12124,"2023-09-29","London",0.890307315996582
12125,"2023-09-29","South East",0.89507558516959
12126,"2023-09-29","South West",0.912049535781793
12127,"2023-09-29","Midlands",0.882270425775364
12128,"2023-09-29","North East and Yorkshire",0.807007191382263
12129,"2023-09-29","East of England",0.879330943223845
12130,"2023-09-29","North West",0.844915060254375
12131,"2023-09-30","London",0.951852196209635
12132,"2023-09-30","South East",0.914044082970737
12133,"2023-09-30","South West",0.937254307209859
12134,"2023-09-30","Midlands",0.90299105535576
12135,"2023-09-30","North East and Yorkshire",0.815331140587718
12136,"2023-09-30","East of England",0.920749574727117
12137,"2023-09-30","North West",0.850803465338235
12138,"2023-10-01","London",0.898760931754831
12139,"2023-10-01","South East",0.888254782096196
12140,"2023-10-01","South West",0.897135008299121
12141,"2023-10-01","Midlands",0.926084546699378
12142,"2023-10-01","North East and Yorkshire",0.949391977571105
12143,"2023-10-01","East of England",0.8877846255096
12144,"2023-10-01","North West",0.935631436528148
12145,"2023-10-02","London",0.956717471631959
12146,"2023-10-02","South East",0.936847248166128
12147,"2023-10-02","South West",0.940314675586711
12148,"2023-10-02","Midlands",0.944223629071481
12149,"2023-10-02","North East and Yorkshire",0.929920198868164
12150,"2023-10-02","East of England",0.938641965428266
12151,"2023-10-02","North West",0.910620465272004
12152,"2023-10-03","London",0.846557175284472
12153,"2023-10-03","South East",0.844452295948101
12154,"2023-10-03","South West",0.871079852605617
12155,"2023-10-03","Midlands",0.866748441055971
12156,"2023-10-03","North East and Yorkshire",0.864913459998193
12157,"2023-10-03","East of England",0.843029899446382
12158,"2023-10-03","North West",0.919207975276635
12159,"2023-10-04","London",0.776375763298859
12160,"2023-10-04","South East",0.792089173229481
12161,"2023-10-04","South West",0.842471105179034
12162,"2023-10-04","Midlands",0.775780577703834
12163,"2023-10-04","North East and Yorkshire",0.795429031299952
12164,"2023-10-04","East of England",0.7563224223045
12165,"2023-10-04","North West",0.83812984836566
12166,"2023-10-05","London",0.885981643423866
12167,"2023-10-05","South East",0.878457433118293
12168,"2023-10-05","South West",0.870988856628476
12169,"2023-10-05","Midlands",0.885009057324815
12170,"2023-10-05","North East and Yorkshire",0.847668487416648
12171,"2023-10-05","East of England",0.881568167322431
12172,"2023-10-05","North West",0.873650886579921
12173,"2023-10-06","London",0.870458104850773
12174,"2023-10-06","South East",0.837299179469699
12175,"2023-10-06","South West",0.847654926386995
12176,"2023-10-06","Midlands",0.827369915605936
12177,"2023-10-06","North East and Yorkshire",0.803257683719567
12178,"2023-10-06","East of England",0.840218840099266
12179,"2023-10-06","North West",0.841642390910907
12180,"2023-10-07","London",0.839558098608222
12181,"2023-10-07","South East",0.81830914036156
12182,"2023-10-07","South West",0.824599464013326
12183,"2023-10-07","Midlands",0.866487499518653
12184,"2023-10-07","North East and Yorkshire",0.844834568094541
12185,"2023-10-07","East of England",0.848569691850735
12186,"2023-10-07","North West",0.900126864100853
12187,"2023-10-08","London",0.818444887446478
12188,"2023-10-08","South East",0.796510081471639
12189,"2023-10-08","South West",0.812372808972637
12190,"2023-10-08","Midlands",0.819052711835394
12191,"2023-10-08","North East and Yorkshire",0.806165056574631
12192,"2023-10-08","East of England",0.834483380912426
12193,"2023-10-08","North West",0.813839671037116
12194,"2023-10-09","London",0.906672485484933
12195,"2023-10-09","South East",0.880248816361936
12196,"2023-10-09","South West",0.921702265602863
12197,"2023-10-09","Midlands",0.923395771907062
12198,"2023-10-09","North East and Yorkshire",0.90293177757344
12199,"2023-10-09","East of England",0.883475523113198
12200,"2023-10-09","North West",0.903541551158462
12201,"2023-10-10","London",0.848897928755533
12202,"2023-10-10","South East",0.839974553466252
12203,"2023-10-10","South West",0.840292651794145
12204,"2023-10-10","Midlands",0.845833800666112
12205,"2023-10-10","North East and Yorkshire",0.830177825816526
12206,"2023-10-10","East of England",0.83337364672677
12207,"2023-10-10","North West",0.862121140826218
12208,"2023-10-11","London",0.928862472931124
12209,"2023-10-11","South East",0.913515525013661
12210,"2023-10-11","South West",0.926434354886138
12211,"2023-10-11","Midlands",0.899572705732534
12212,"2023-10-11","North East and Yorkshire",0.839178814999012
12213,"2023-10-11","East of England",0.906190340400089
12214,"2023-10-11","North West",0.875956748981444
12215,"2023-10-12","London",0.970962157948253
12216,"2023-10-12","South East",0.93965503570505
12217,"2023-10-12","South West",0.901320502874943
12218,"2023-10-12","Midlands",0.928394334621553
12219,"2023-10-12","North East and Yorkshire",0.899195988440935
12220,"2023-10-12","East of England",0.96076947900286
12221,"2023-10-12","North West",0.905645994935851
12222,"2023-10-13","London",0.894387670899775
12223,"2023-10-13","South East",0.878654882623022
12224,"2023-10-13","South West",0.915810798846499
12225,"2023-10-13","Midlands",0.943824805616076
12226,"2023-10-13","North East and Yorkshire",0.939526314020763
12227,"2023-10-13","East of England",0.891178264493571
12228,"2023-10-13","North West",0.950546919243131
12229,"2023-10-14","London",0.870959815934514
12230,"2023-10-14","South East",0.872948029763547
12231,"2023-10-14","South West",0.912854210416501
12232,"2023-10-14","Midlands",0.958401004530698
12233,"2023-10-14","North East and Yorkshire",0.900267285320497
12234,"2023-10-14","East of England",0.87975093464761
12235,"2023-10-14","North West",0.871225716320088
12236,"2023-10-15","London",0.813832097647927
12237,"2023-10-15","South East",0.792493539240234
12238,"2023-10-15","South West",0.795958863880746
12239,"2023-10-15","Midlands",0.816800304055452
12240,"2023-10-15","North East and Yorkshire",0.778351822240019
12241,"2023-10-15","East of England",0.795460977053629
12242,"2023-10-15","North West",0.789417316753894
12243,"2023-10-16","London",0.87713336408832
12244,"2023-10-16","South East",0.854083179411752
12245,"2023-10-16","South West",0.862575080340906
12246,"2023-10-16","Midlands",0.872830227777693
12247,"2023-10-16","North East and Yorkshire",0.842059118233499
12248,"2023-10-16","East of England",0.870530867270951
12249,"2023-10-16","North West",0.850432010319859
12250,"2023-10-17","London",0.922607565555028
12251,"2023-10-17","South East",0.900046226714711
12252,"2023-10-17","South West",0.895124268926045
12253,"2023-10-17","Midlands",0.917761693407919
12254,"2023-10-17","North East and Yorkshire",0.952860050850196
12255,"2023-10-17","East of England",0.918997501714178
12256,"2023-10-17","North West",0.944619224680656
12257,"2023-10-18","London",0.878846394435386
12258,"2023-10-18","South East",0.886801843050064
12259,"2023-10-18","South West",0.905286864338843
12260,"2023-10-18","Midlands",0.907706915285412
12261,"2023-10-18","North East and Yorkshire",0.922954967424403
12262,"2023-10-18","East of England",0.897913160859838
12263,"2023-10-18","North West",0.903531355733702
12264,"2023-10-19","London",0.837995751970135
12265,"2023-10-19","South East",0.841624666343856
12266,"2023-10-19","South West",0.837116100685989
12267,"2023-10-19","Midlands",0.822965624534576
12268,"2023-10-19","North East and Yorkshire",0.850264381267045
12269,"2023-10-19","East of England",0.818488990635504
12270,"2023-10-19","North West",0.867447228183468
12271,"2023-10-20","London",0.838080417920383
12272,"2023-10-20","South East",0.845214421707371
12273,"2023-10-20","South West",0.857627883194741
12274,"2023-10-20","Midlands",0.859531330691441
12275,"2023-10-20","North East and Yorkshire",0.866696798532967
12276,"2023-10-20","East of England",0.820684695645249
12277,"2023-10-20","North West",0.872790875988532
12278,"2023-10-21","London",0.793004979206142
12279,"2023-10-21","South East",0.810696881769289
12280,"2023-10-21","South West",0.853487675064442
12281,"2023-10-21","Midlands",0.843759043158965
12282,"2023-10-21","North East and Yorkshire",0.842923833349908
12283,"2023-10-21","East of England",0.788325652353306
12284,"2023-10-21","North West",0.896046427759729
12285,"2023-10-22","London",0.88640632216575
12286,"2023-10-22","South East",0.868104062680498
12287,"2023-10-22","South West",0.879189133342589
12288,"2023-10-22","Midlands",0.918148893086753
12289,"2023-10-22","North East and Yorkshire",0.937821457381836
12290,"2023-10-22","East of England",0.898469146060476
12291,"2023-10-22","North West",0.91788540660383
12292,"2023-10-23","London",0.89329086648627
12293,"2023-10-23","South East",0.890780763608354
12294,"2023-10-23","South West",0.931369461438335
12295,"2023-10-23","Midlands",0.903817615304982
12296,"2023-10-23","North East and Yorkshire",0.873911852387282
12297,"2023-10-23","East of England",0.869058124397226
12298,"2023-10-23","North West",0.893254779052651
12299,"2023-10-24","London",0.92446545780669
12300,"2023-10-24","South East",0.895399907772778
12301,"2023-10-24","South West",0.913645971463224
12302,"2023-10-24","Midlands",0.950594220648279
12303,"2023-10-24","North East and Yorkshire",0.906371109913975
12304,"2023-10-24","East of England",0.936285268589958
12305,"2023-10-24","North West",0.927463973007154
12306,"2023-10-25","London",0.887028937890949
12307,"2023-10-25","South East",0.856141643883256
12308,"2023-10-25","South West",0.83969240811187
12309,"2023-10-25","Midlands",0.852037693230482
12310,"2023-10-25","North East and Yorkshire",0.872742444039859
12311,"2023-10-25","East of England",0.879027594969692
12312,"2023-10-25","North West",0.856662515770741
12313,"2023-10-26","London",0.900459660351985
12314,"2023-10-26","South East",0.87563944576445
12315,"2023-10-26","South West",0.852362254123219
12316,"2023-10-26","Midlands",0.915392522330016
12317,"2023-10-26","North East and Yorkshire",0.924054580078107
12318,"2023-10-26","East of England",0.899525496259941
12319,"2023-10-26","North West",0.911709300940127
12320,"2023-10-27","London",0.840284793923419
12321,"2023-10-27","South East",0.796843380990796
12322,"2023-10-27","South West",0.834991828092992
12323,"2023-10-27","Midlands",0.856370516343706
12324,"2023-10-27","North East and Yorkshire",0.83321767112933
12325,"2023-10-27","East of England",0.843289611812813
12326,"2023-10-27","North West",0.894736745392618
12327,"2023-10-28","London",0.915236396136611
12328,"2023-10-28","South East",0.883650391389941
12329,"2023-10-28","South West",0.893805945040526
12330,"2023-10-28","Midlands",0.951393348170687
12331,"2023-10-28","North East and Yorkshire",0.923446998886454
12332,"2023-10-28","East of England",0.916266117118543
12333,"2023-10-28","North West",0.917240382173629
12334,"2023-10-29","London",0.84332137973111
12335,"2023-10-29","South East",0.828186512869462
12336,"2023-10-29","South West",0.842893271381664
12337,"2023-10-29","Midlands",0.860980325088243
12338,"2023-10-29","North East and Yorkshire",0.867128189206793
12339,"2023-10-29","East of England",0.842064288386951
12340,"2023-10-29","North West",0.875226546172109
12341,"2023-10-30","London",0.833103284835982
12342,"2023-10-30","South East",0.816025371717083
12343,"2023-10-30","South West",0.844205013705865
12344,"2023-10-30","Midlands",0.849321523197816
12345,"2023-10-30","North East and Yorkshire",0.875677304612667
12346,"2023-10-30","East of England",0.830014119592642
12347,"2023-10-30","North West",0.892688108427321
12348,"2023-10-31","London",0.924548310785318
12349,"2023-10-31","South East",0.891244964101395
12350,"2023-10-31","South West",0.893125406092268
12351,"2023-10-31","Midlands",0.935802214023589
12352,"2023-10-31","North East and Yorkshire",0.880579637029425
12353,"2023-10-31","East of England",0.901423132904002
12354,"2023-10-31","North West",0.929313911920043
12355,"2023-11-01","London",0.833481757930711
12356,"2023-11-01","South East",0.796854962883598
12357,"2023-11-01","South West",0.795908638392067
12358,"2023-11-01","Midlands",0.838404584770324
12359,"2023-11-01","North East and Yorkshire",0.863853040599538
12360,"2023-11-01","East of England",0.816353031437658
12361,"2023-11-01","North West",0.817094841180923
12362,"2023-11-02","London",0.9267653740016
12363,"2023-11-02","South East",0.897184530897942
12364,"2023-11-02","South West",0.890235573083065
12365,"2023-11-02","Midlands",0.898185142279287
12366,"2023-11-02","North East and Yorkshire",0.825069157612236
12367,"2023-11-02","East of England",0.892659396690491
12368,"2023-11-02","North West",0.829386955353496
12369,"2023-11-03","London",0.918631922377905
12370,"2023-11-03","South East",0.896533749015241
12371,"2023-11-03","South West",0.914005696070872
12372,"2023-11-03","Midlands",0.939571611851254
12373,"2023-11-03","North East and Yorkshire",0.91642647347683
12374,"2023-11-03","East of England",0.912445481638664
12375,"2023-11-03","North West",0.913479352419843
12376,"2023-11-04","London",0.932823324125012
12377,"2023-11-04","South East",0.911890741208687
12378,"2023-11-04","South West",0.95138076806037
12379,"2023-11-04","Midlands",0.953305612996887
12380,"2023-11-04","North East and Yorkshire",0.949729078791781
12381,"2023-11-04","East of England",0.92180650906265
12382,"2023-11-04","North West",0.932283460575527
12383,"2023-11-05","London",0.962571590926656
12384,"2023-11-05","South East",0.945348163325739
12385,"2023-11-05","South West",0.949009358354659
12386,"2023-11-05","Midlands",0.96994808699357
12387,"2023-11-05","North East and Yorkshire",0.955178199863439
12388,"2023-11-05","East of England",0.959290745663221
12389,"2023-11-05","North West",0.959050491911425
12390,"2023-11-06","London",0.953229687691217
12391,"2023-11-06","South East",0.939439671123775
12392,"2023-11-06","South West",0.947040752417555
12393,"2023-11-06","Midlands",0.967043956910046
12394,"2023-11-06","North East and Yorkshire",0.966752294612664
12395,"2023-11-06","East of England",0.941138613371886
12396,"2023-11-06","North West",0.954879546562151
12397,"2023-11-07","London",0.829890441970074
12398,"2023-11-07","South East",0.804891882022481
12399,"2023-11-07","South West",0.783310291582703
12400,"2023-11-07","Midlands",0.844193489027064
12401,"2023-11-07","North East and Yorkshire",0.845037964298168
12402,"2023-11-07","East of England",0.837433401062502
12403,"2023-11-07","North West",0.843215296018734
12404,"2023-11-08","London",0.846303808134433
12405,"2023-11-08","South East",0.838931396780354
12406,"2023-11-08","South West",0.865478109960918
12407,"2023-11-08","Midlands",0.8749830981017
12408,"2023-11-08","North East and Yorkshire",0.879421295716831
12409,"2023-11-08","East of England",0.843780391424847
12410,"2023-11-08","North West",0.874843882001522
12411,"2023-11-09","London",0.914643721128729
12412,"2023-11-09","South East",0.883839343020755
12413,"2023-11-09","South West",0.939400282572544
12414,"2023-11-09","Midlands",0.929737068898407
12415,"2023-11-09","North East and Yorkshire",0.849562800133452
12416,"2023-11-09","East of England",0.903152961936588
12417,"2023-11-09","North West",0.823861959973904
12418,"2023-11-10","London",0.918981580304441
12419,"2023-11-10","South East",0.896794018268878
12420,"2023-11-10","South West",0.864609182657534
12421,"2023-11-10","Midlands",0.895685737464765
12422,"2023-11-10","North East and Yorkshire",0.876002554025696
12423,"2023-11-10","East of England",0.885490506268077
12424,"2023-11-10","North West",0.858538840938658
12425,"2023-11-11","London",0.880320779673747
12426,"2023-11-11","South East",0.851835358398073
12427,"2023-11-11","South West",0.835201525075147
12428,"2023-11-11","Midlands",0.929921692586455
12429,"2023-11-11","North East and Yorkshire",0.945047742430059
12430,"2023-11-11","East of England",0.863882006584793
12431,"2023-11-11","North West",0.906181089135786
12432,"2023-11-12","London",0.95686573031007
12433,"2023-11-12","South East",0.899576454763419
12434,"2023-11-12","South West",0.905785792685391
12435,"2023-11-12","Midlands",0.939902285579503
12436,"2023-11-12","North East and Yorkshire",0.934737228997166
12437,"2023-11-12","East of England",0.90954333499786
12438,"2023-11-12","North West",0.922214243203572
12439,"2023-11-13","London",0.868240052964979
12440,"2023-11-13","South East",0.855315551722045
12441,"2023-11-13","South West",0.874958495462848
12442,"2023-11-13","Midlands",0.889926191259212
12443,"2023-11-13","North East and Yorkshire",0.853166374362079
12444,"2023-11-13","East of England",0.855042989485131
12445,"2023-11-13","North West",0.86987198498314
12446,"2023-11-14","London",0.8648011367126
12447,"2023-11-14","South East",0.845282207676339
12448,"2023-11-14","South West",0.846465090947748
12449,"2023-11-14","Midlands",0.883877827936169
12450,"2023-11-14","North East and Yorkshire",0.867200686362366
12451,"2023-11-14","East of England",0.86110237568903
12452,"2023-11-14","North West",0.883677312629065
12453,"2023-11-15","London",0.887791469249553
12454,"2023-11-15","South East",0.860408108475448
12455,"2023-11-15","South West",0.891729248405128
12456,"2023-11-15","Midlands",0.873248698648954
12457,"2023-11-15","North East and Yorkshire",0.832052059505897
12458,"2023-11-15","East of England",0.868768359347897
12459,"2023-11-15","North West",0.845953687091119
12460,"2023-11-16","London",0.887181309963589
12461,"2023-11-16","South East",0.859889740995529
12462,"2023-11-16","South West",0.868410274384253
12463,"2023-11-16","Midlands",0.890484030788123
12464,"2023-11-16","North East and Yorkshire",0.857005008002363
12465,"2023-11-16","East of England",0.855087018377229
12466,"2023-11-16","North West",0.850288273502276
12467,"2023-11-17","London",0.913107172650418
12468,"2023-11-17","South East",0.878689304294552
12469,"2023-11-17","South West",0.880735556742829
12470,"2023-11-17","Midlands",0.918406385325707
12471,"2023-11-17","North East and Yorkshire",0.904380229858261
12472,"2023-11-17","East of England",0.876262830589431
12473,"2023-11-17","North West",0.886755874209528
12474,"2023-11-18","London",0.971662593849147
12475,"2023-11-18","South East",0.922346256975815
12476,"2023-11-18","South West",0.906844735588184
12477,"2023-11-18","Midlands",0.954625393816365
12478,"2023-11-18","North East and Yorkshire",0.932084285326456
12479,"2023-11-18","East of England",0.960718203101495
12480,"2023-11-18","North West",0.920979845584384
12481,"2023-11-19","London",0.93863540005159
12482,"2023-11-19","South East",0.910711189431236
12483,"2023-11-19","South West",0.932563296860088
12484,"2023-11-19","Midlands",0.985918609770012
12485,"2023-11-19","North East and Yorkshire",0.958917662875606
12486,"2023-11-19","East of England",0.939404581500988
12487,"2023-11-19","North West",0.953186778333361
12488,"2023-11-20","London",0.954830791793625
12489,"2023-11-20","South East",0.932796487036113
12490,"2023-11-20","South West",0.945642006266269
12491,"2023-11-20","Midlands",0.980319218715457
12492,"2023-11-20","North East and Yorkshire",0.94773405534106
12493,"2023-11-20","East of England",0.933033723435156
12494,"2023-11-20","North West",0.956959455123486
12495,"2023-11-21","London",0.88391266009573
12496,"2023-11-21","South East",0.871218442322133
12497,"2023-11-21","South West",0.89328835660486
12498,"2023-11-21","Midlands",0.870514201518524
12499,"2023-11-21","North East and Yorkshire",0.844967050997826
12500,"2023-11-21","East of England",0.878806068546559
12501,"2023-11-21","North West",0.857295100431946
12502,"2023-11-22","London",0.832211110374778
12503,"2023-11-22","South East",0.840805334270611
12504,"2023-11-22","South West",0.840032330332098
12505,"2023-11-22","Midlands",0.804239894145974
12506,"2023-11-22","North East and Yorkshire",0.796415128389439
12507,"2023-11-22","East of England",0.81967634146484
12508,"2023-11-22","North West",0.799322849726913
12509,"2023-11-23","London",0.882418527001282
12510,"2023-11-23","South East",0.883992982212142
12511,"2023-11-23","South West",0.903141816535098
12512,"2023-11-23","Midlands",0.902770084664322
12513,"2023-11-23","North East and Yorkshire",0.90198730285242
12514,"2023-11-23","East of England",0.888980761770193
12515,"2023-11-23","North West",0.897460375268097
12516,"2023-11-24","London",0.846197047216656
12517,"2023-11-24","South East",0.84428002583178
12518,"2023-11-24","South West",0.843123791825569
12519,"2023-11-24","Midlands",0.815279785208639
12520,"2023-11-24","North East and Yorkshire",0.810503014931009
12521,"2023-11-24","East of England",0.841499153300708
12522,"2023-11-24","North West",0.809232046820416
12523,"2023-11-25","London",0.885546971629683
12524,"2023-11-25","South East",0.873154485584743
12525,"2023-11-25","South West",0.879892742833555
12526,"2023-11-25","Midlands",0.882360312279643
12527,"2023-11-25","North East and Yorkshire",0.920856175997966
12528,"2023-11-25","East of England",0.887366404936424
12529,"2023-11-25","North West",0.903353603932649
12530,"2023-11-26","London",0.891181854982355
12531,"2023-11-26","South East",0.867542818059608
12532,"2023-11-26","South West",0.855775647709009
12533,"2023-11-26","Midlands",0.861604922767503
12534,"2023-11-26","North East and Yorkshire",0.865015665798492
12535,"2023-11-26","East of England",0.889315988699005
12536,"2023-11-26","North West",0.855543679172233
12537,"2023-11-27","London",0.893963029148067
12538,"2023-11-27","South East",0.891077311108199
12539,"2023-11-27","South West",0.889875534629106
12540,"2023-11-27","Midlands",0.879538166191246
12541,"2023-11-27","North East and Yorkshire",0.870736252074013
12542,"2023-11-27","East of England",0.895413796148078
12543,"2023-11-27","North West",0.860269053966748
12544,"2023-11-28","London",0.962281557276346
12545,"2023-11-28","South East",0.92968557984705
12546,"2023-11-28","South West",0.962796847271814
12547,"2023-11-28","Midlands",0.978080007387348
12548,"2023-11-28","North East and Yorkshire",0.938236213743247
12549,"2023-11-28","East of England",0.960565964325749
12550,"2023-11-28","North West",0.95977381829321
12551,"2023-11-29","London",0.927286647778165
12552,"2023-11-29","South East",0.894642876901653
12553,"2023-11-29","South West",0.914625921202187
12554,"2023-11-29","Midlands",0.946513285111905
12555,"2023-11-29","North East and Yorkshire",0.94787641007135
12556,"2023-11-29","East of England",0.935325027011015
12557,"2023-11-29","North West",0.935539943825019
12558,"2023-11-30","London",0.878889443302623
12559,"2023-11-30","South East",0.879042011662278
12560,"2023-11-30","South West",0.910745214195447
12561,"2023-11-30","Midlands",0.907746665052752
12562,"2023-11-30","North East and Yorkshire",0.91250201189299
12563,"2023-11-30","East of England",0.884465365154108
12564,"2023-11-30","North West",0.898733060601241
12565,"2023-12-01","London",0.949830521589704
12566,"2023-12-01","South East",0.923261868263502
12567,"2023-12-01","South West",0.927153794554564
12568,"2023-12-01","Midlands",0.941604110163243
12569,"2023-12-01","North East and Yorkshire",0.919149452338791
12570,"2023-12-01","East of England",0.942463434366786
12571,"2023-12-01","North West",0.923676758605737
12572,"2023-12-02","London",0.92362413103499
12573,"2023-12-02","South East",0.909642723891234
12574,"2023-12-02","South West",0.916917956729404
12575,"2023-12-02","Midlands",0.941646424292797
12576,"2023-12-02","North East and Yorkshire",0.941926735730298
12577,"2023-12-02","East of England",0.918264484660031
12578,"2023-12-02","North West",0.945404858360018
12579,"2023-12-03","London",0.901969181216036
12580,"2023-12-03","South East",0.889645152896439
12581,"2023-12-03","South West",0.885935707219684
12582,"2023-12-03","Midlands",0.91844645980755
12583,"2023-12-03","North East and Yorkshire",0.934937380796191
12584,"2023-12-03","East of England",0.916287260572253
12585,"2023-12-03","North West",0.930281543626255
12586,"2023-12-04","London",0.848097678816253
12587,"2023-12-04","South East",0.842567314966155
12588,"2023-12-04","South West",0.847324370011072
12589,"2023-12-04","Midlands",0.844114847552365
12590,"2023-12-04","North East and Yorkshire",0.842428546569067
12591,"2023-12-04","East of England",0.84867104914339
12592,"2023-12-04","North West",0.858208463593356
12593,"2023-12-05","London",0.909313656922777
12594,"2023-12-05","South East",0.905809586018519
12595,"2023-12-05","South West",0.938495964618808
12596,"2023-12-05","Midlands",0.932169886890756
12597,"2023-12-05","North East and Yorkshire",0.8989725841517
12598,"2023-12-05","East of England",0.898001462815969
12599,"2023-12-05","North West",0.927688044697593
12600,"2023-12-06","London",0.863468355148843
12601,"2023-12-06","South East",0.853966417050943
12602,"2023-12-06","South West",0.833974611261667
12603,"2023-12-06","Midlands",0.825292690382459
12604,"2023-12-06","North East and Yorkshire",0.816086766604296
12605,"2023-12-06","East of England",0.855781762905129
12606,"2023-12-06","North West",0.815501165410011
12607,"2023-12-07","London",0.88602188550384
12608,"2023-12-07","South East",0.875365300077475
12609,"2023-12-07","South West",0.894720622142626
12610,"2023-12-07","Midlands",0.877479962203283
12611,"2023-12-07","North East and Yorkshire",0.85058075423356
12612,"2023-12-07","East of England",0.879129536080593
12613,"2023-12-07","North West",0.889130491289051
12614,"2023-12-08","London",0.894969946867319
12615,"2023-12-08","South East",0.892634244575097
12616,"2023-12-08","South West",0.906363070852136
12617,"2023-12-08","Midlands",0.873038144458954
12618,"2023-12-08","North East and Yorkshire",0.831554126911963
12619,"2023-12-08","East of England",0.891346681254766
12620,"2023-12-08","North West",0.870224252848777
12621,"2023-12-09","London",0.87580110230735
12622,"2023-12-09","South East",0.868653851640874
12623,"2023-12-09","South West",0.888166426330433
12624,"2023-12-09","Midlands",0.838079060306494
12625,"2023-12-09","North East and Yorkshire",0.797003467326509
12626,"2023-12-09","East of England",0.871032380690798
12627,"2023-12-09","North West",0.806836497480159
12628,"2023-12-10","London",0.821673509127024
12629,"2023-12-10","South East",0.79628501564381
12630,"2023-12-10","South West",0.785196321706255
12631,"2023-12-10","Midlands",0.793654471572161
12632,"2023-12-10","North East and Yorkshire",0.791200284784613
12633,"2023-12-10","East of England",0.820973093557418
12634,"2023-12-10","North West",0.793451406062814
12635,"2023-12-11","London",0.840019605034153
12636,"2023-12-11","South East",0.811440040234619
12637,"2023-12-11","South West",0.840199315204492
12638,"2023-12-11","Midlands",0.877210686834562
12639,"2023-12-11","North East and Yorkshire",0.855616998658765
12640,"2023-12-11","East of England",0.817491007878944
12641,"2023-12-11","North West",0.877804257978406
12642,"2023-12-12","London",0.907269237582484
12643,"2023-12-12","South East",0.893121927178416
12644,"2023-12-12","South West",0.889358000294178
12645,"2023-12-12","Midlands",0.899510315655425
12646,"2023-12-12","North East and Yorkshire",0.832481412532086
12647,"2023-12-12","East of England",0.904122494430974
12648,"2023-12-12","North West",0.848629924582861
12649,"2023-12-13","London",0.940440451113114
12650,"2023-12-13","South East",0.924753071411219
12651,"2023-12-13","South West",0.918663202060142
12652,"2023-12-13","Midlands",0.897265578712893
12653,"2023-12-13","North East and Yorkshire",0.832002362491163
12654,"2023-12-13","East of England",0.928741839456197
12655,"2023-12-13","North West",0.843753619582729
12656,"2023-12-14","London",0.971906419498343
12657,"2023-12-14","South East",0.958878358751948
12658,"2023-12-14","South West",0.960898067014721
12659,"2023-12-14","Midlands",0.974566507689966
12660,"2023-12-14","North East and Yorkshire",0.920323712716885
12661,"2023-12-14","East of England",0.973718280240983
12662,"2023-12-14","North West",0.948688281565437
12663,"2023-12-15","London",0.923562354206543
12664,"2023-12-15","South East",0.913017240726511
12665,"2023-12-15","South West",0.914515742207442
12666,"2023-12-15","Midlands",0.953559226559
12667,"2023-12-15","North East and Yorkshire",0.954218179551814
12668,"2023-12-15","East of England",0.94408905160622
12669,"2023-12-15","North West",0.950291560230388
12670,"2023-12-16","London",0.926888858546395
12671,"2023-12-16","South East",0.917874007610255
12672,"2023-12-16","South West",0.916325668309863
12673,"2023-12-16","Midlands",0.91417051509745
12674,"2023-12-16","North East and Yorkshire",0.89719931079888
12675,"2023-12-16","East of England",0.922787742961577
12676,"2023-12-16","North West",0.897541635659619
12677,"2023-12-17","London",0.925605629007994
12678,"2023-12-17","South East",0.922858674618553
12679,"2023-12-17","South West",0.915926111965257
12680,"2023-12-17","Midlands",0.909319187800682
12681,"2023-12-17","North East and Yorkshire",0.875005265261542
12682,"2023-12-17","East of England",0.924879093878655
12683,"2023-12-17","North West",0.882140675853406
12684,"2023-12-18","London",0.828935496872306
12685,"2023-12-18","South East",0.823245750178257
12686,"2023-12-18","South West",0.838766857794268
12687,"2023-12-18","Midlands",0.811338101523083
12688,"2023-12-18","North East and Yorkshire",0.810074273562781
12689,"2023-12-18","East of England",0.822801703910781
12690,"2023-12-18","North West",0.803056824958178
12691,"2023-12-19","London",0.897888701826656
12692,"2023-12-19","South East",0.879773196429609
12693,"2023-12-19","South West",0.894476654589118
12694,"2023-12-19","Midlands",0.891089832984632
12695,"2023-12-19","North East and Yorkshire",0.870919004636135
12696,"2023-12-19","East of England",0.885672755459328
12697,"2023-12-19","North West",0.876253332277911
12698,"2023-12-20","London",0.897505567010836
12699,"2023-12-20","South East",0.86933168441989
12700,"2023-12-20","South West",0.863729983954628
12701,"2023-12-20","Midlands",0.886594222525257
12702,"2023-12-20","North East and Yorkshire",0.848829221625864
12703,"2023-12-20","East of England",0.891332916485188
12704,"2023-12-20","North West",0.864500985543904
12705,"2023-12-21","London",0.942890462957948
12706,"2023-12-21","South East",0.912939512512006
12707,"2023-12-21","South West",0.911604586341492
12708,"2023-12-21","Midlands",0.945395104453859
12709,"2023-12-21","North East and Yorkshire",0.936669105003559
12710,"2023-12-21","East of England",0.932814660571793
12711,"2023-12-21","North West",0.944293810301712
12712,"2023-12-22","London",0.799025730710887
12713,"2023-12-22","South East",0.775196763441162
12714,"2023-12-22","South West",0.766226765070924
12715,"2023-12-22","Midlands",0.835957768213522
12716,"2023-12-22","North East and Yorkshire",0.884635706305019
12717,"2023-12-22","East of England",0.828217207109429
12718,"2023-12-22","North West",0.891478236568261
12719,"2023-12-23","London",0.784569695753947
12720,"2023-12-23","South East",0.768219059997086
12721,"2023-12-23","South West",0.76868941431341
12722,"2023-12-23","Midlands",0.777921394893705
12723,"2023-12-23","North East and Yorkshire",0.821842528202032
12724,"2023-12-23","East of England",0.775946502037402
12725,"2023-12-23","North West",0.815140000652202
12726,"2023-12-24","London",0.810516207872496
12727,"2023-12-24","South East",0.799594703853845
12728,"2023-12-24","South West",0.811018482123693
12729,"2023-12-24","Midlands",0.819417618367844
12730,"2023-12-24","North East and Yorkshire",0.859273679788827
12731,"2023-12-24","East of England",0.807547056712901
12732,"2023-12-24","North West",0.861601508094247
12733,"2023-12-25","London",0.921670139164119
12734,"2023-12-25","South East",0.899870956408229
12735,"2023-12-25","South West",0.896488196836811
12736,"2023-12-25","Midlands",0.905483125111394
12737,"2023-12-25","North East and Yorkshire",0.868232587555242
12738,"2023-12-25","East of England",0.902706927736403
12739,"2023-12-25","North West",0.883609086983803
12740,"2023-12-26","London",0.907269237582484
12741,"2023-12-26","South East",0.893121927178416
12742,"2023-12-26","South West",0.889358000294178
12743,"2023-12-26","Midlands",0.899510315655425
12744,"2023-12-26","North East and Yorkshire",0.832481412532086
12745,"2023-12-26","East of England",0.904122494430974
12746,"2023-12-26","North West",0.848629924582861
12747,"2023-12-27","London",0.940440451113114
12748,"2023-12-27","South East",0.924753071411219
12749,"2023-12-27","South West",0.918663202060142
12750,"2023-12-27","Midlands",0.897265578712893
12751,"2023-12-27","North East and Yorkshire",0.832002362491163
12752,"2023-12-27","East of England",0.928741839456197
12753,"2023-12-27","North West",0.843753619582729
12754,"2023-12-28","London",0.971906419498343
12755,"2023-12-28","South East",0.958878358751948
12756,"2023-12-28","South West",0.960898067014721
12757,"2023-12-28","Midlands",0.974566507689966
12758,"2023-12-28","North East and Yorkshire",0.920323712716885
12759,"2023-12-28","East of England",0.973718280240983
12760,"2023-12-28","North West",0.948688281565437
12761,"2023-12-29","London",0.923562354206543
12762,"2023-12-29","South East",0.913017240726511
12763,"2023-12-29","South West",0.914515742207442
12764,"2023-12-29","Midlands",0.953559226559
12765,"2023-12-29","North East and Yorkshire",0.954218179551814
12766,"2023-12-29","East of England",0.94408905160622
12767,"2023-12-29","North West",0.950291560230388
12768,"2023-12-30","London",0.926888858546395
12769,"2023-12-30","South East",0.917874007610255
12770,"2023-12-30","South West",0.916325668309863
12771,"2023-12-30","Midlands",0.91417051509745
12772,"2023-12-30","North East and Yorkshire",0.89719931079888
12773,"2023-12-30","East of England",0.922787742961577
12774,"2023-12-30","North West",0.897541635659619
12775,"2023-12-31","London",0.925605629007994
12776,"2023-12-31","South East",0.922858674618553
12777,"2023-12-31","South West",0.915926111965257
12778,"2023-12-31","Midlands",0.909319187800682
12779,"2023-12-31","North East and Yorkshire",0.875005265261542
12780,"2023-12-31","East of England",0.924879093878655
12781,"2023-12-31","North West",0.882140675853406
12782,"2024-01-01","London",0.828935496872306
12783,"2024-01-01","South East",0.823245750178257
12784,"2024-01-01","South West",0.838766857794268
12785,"2024-01-01","Midlands",0.811338101523083
12786,"2024-01-01","North East and Yorkshire",0.810074273562781
12787,"2024-01-01","East of England",0.822801703910781
12788,"2024-01-01","North West",0.803056824958178
12789,"2024-01-02","London",0.966627743850993
12790,"2024-01-02","South East",0.964052070316719
12791,"2024-01-02","South West",0.969679796630928
12792,"2024-01-02","Midlands",0.947444247734967
12793,"2024-01-02","North East and Yorkshire",0.921092076930411
12794,"2024-01-02","East of England",0.958842271340904
12795,"2024-01-02","North West",0.952342493238338
12796,"2024-01-03","London",0.96715814837488
12797,"2024-01-03","South East",0.95639608465059
12798,"2024-01-03","South West",0.961176049441735
12799,"2024-01-03","Midlands",0.950347853909181
12800,"2024-01-03","North East and Yorkshire",0.888704641407054
12801,"2024-01-03","East of England",0.958832883331942
12802,"2024-01-03","North West",0.933758402084018
12803,"2024-01-04","London",0.971157491360276
12804,"2024-01-04","South East",0.946878901759153
12805,"2024-01-04","South West",0.978498314065677
12806,"2024-01-04","Midlands",0.987416762884637
12807,"2024-01-04","North East and Yorkshire",0.946145587736852
12808,"2024-01-04","East of England",0.975665494996771
12809,"2024-01-04","North West",0.96882700597429
12810,"2024-01-05","London",0.99327933275833
12811,"2024-01-05","South East",0.964082273550978
12812,"2024-01-05","South West",0.966039290728397
12813,"2024-01-05","Midlands",0.993355745988809
12814,"2024-01-05","North East and Yorkshire",0.973608109872529
12815,"2024-01-05","East of England",0.983829042704696
12816,"2024-01-05","North West",0.994891771349132
12817,"2024-01-06","London",0.970150662563432
12818,"2024-01-06","South East",0.943861177035943
12819,"2024-01-06","South West",0.962965563131537
12820,"2024-01-06","Midlands",0.987208853953518
12821,"2024-01-06","North East and Yorkshire",0.951979188889402
12822,"2024-01-06","East of England",0.972447070565647
12823,"2024-01-06","North West",0.981947810291962
12824,"2024-01-07","London",0.960480543572891
12825,"2024-01-07","South East",0.946065396834872
12826,"2024-01-07","South West",0.952247906717944
12827,"2024-01-07","Midlands",0.919687024385331
12828,"2024-01-07","North East and Yorkshire",0.853160354316837
12829,"2024-01-07","East of England",0.948740376313781
12830,"2024-01-07","North West",0.892211745997787
12831,"2024-01-08","London",0.864034415351802
12832,"2024-01-08","South East",0.873417067609866
12833,"2024-01-08","South West",0.891403370716912
12834,"2024-01-08","Midlands",0.861701580791898
12835,"2024-01-08","North East and Yorkshire",0.806158262585069
12836,"2024-01-08","East of England",0.866539205634561
12837,"2024-01-08","North West",0.848274021124919
12838,"2024-01-09","London",0.884418183758922
12839,"2024-01-09","South East",0.866250438685953
12840,"2024-01-09","South West",0.873330949767764
12841,"2024-01-09","Midlands",0.928395741874662
12842,"2024-01-09","North East and Yorkshire",0.951762119286561
12843,"2024-01-09","East of England",0.910785259754305
12844,"2024-01-09","North West",0.955043637874288
12845,"2024-01-10","London",0.914244240800204
12846,"2024-01-10","South East",0.924131138403593
12847,"2024-01-10","South West",0.932103276003888
12848,"2024-01-10","Midlands",0.903411038090404
12849,"2024-01-10","North East and Yorkshire",0.894287814624064
12850,"2024-01-10","East of England",0.907542490050088
12851,"2024-01-10","North West",0.899425885693098
12852,"2024-01-11","London",0.905535260222555
12853,"2024-01-11","South East",0.911629317958947
12854,"2024-01-11","South West",0.913258273338781
12855,"2024-01-11","Midlands",0.898368116760288
12856,"2024-01-11","North East and Yorkshire",0.90030696390105
12857,"2024-01-11","East of England",0.892837326947418
12858,"2024-01-11","North West",0.924606477515181
12859,"2024-01-12","London",0.887082669252627
12860,"2024-01-12","South East",0.904332813973895
12861,"2024-01-12","South West",0.907331944511723
12862,"2024-01-12","Midlands",0.863165892863532
12863,"2024-01-12","North East and Yorkshire",0.859479433740727
12864,"2024-01-12","East of England",0.870119859348048
12865,"2024-01-12","North West",0.877993685524018
12866,"2024-01-13","London",0.882823491467027
12867,"2024-01-13","South East",0.883136476495514
12868,"2024-01-13","South West",0.874456163124941
12869,"2024-01-13","Midlands",0.843568184464206
12870,"2024-01-13","North East and Yorkshire",0.810726393629043
12871,"2024-01-13","East of England",0.878083058979587
12872,"2024-01-13","North West",0.81575591034586
12873,"2024-01-14","London",0.87203176973077
12874,"2024-01-14","South East",0.881242744582956
12875,"2024-01-14","South West",0.887927801817254
12876,"2024-01-14","Midlands",0.864771485559816
12877,"2024-01-14","North East and Yorkshire",0.831557406619394
12878,"2024-01-14","East of England",0.86653183795154
12879,"2024-01-14","North West",0.852310924327875
12880,"2024-01-15","London",0.845879157747016
12881,"2024-01-15","South East",0.862517770488553
12882,"2024-01-15","South West",0.868411435078087
12883,"2024-01-15","Midlands",0.825651602397702
12884,"2024-01-15","North East and Yorkshire",0.791520445193572
12885,"2024-01-15","East of England",0.833101789059912
12886,"2024-01-15","North West",0.802040172753952
12887,"2024-01-16","London",0.780689019484991
12888,"2024-01-16","South East",0.807121673388527
12889,"2024-01-16","South West",0.816842706217771
12890,"2024-01-16","Midlands",0.738924990795724
12891,"2024-01-16","North East and Yorkshire",0.752838013267545
12892,"2024-01-16","East of England",0.76925335892908
12893,"2024-01-16","North West",0.785247147879451
12894,"2024-01-17","London",0.76751656792082
12895,"2024-01-17","South East",0.781424284216242
12896,"2024-01-17","South West",0.779161385372144
12897,"2024-01-17","Midlands",0.743623930947597
12898,"2024-01-17","North East and Yorkshire",0.789520005721363
12899,"2024-01-17","East of England",0.756151097238868
12900,"2024-01-17","North West",0.80746352485125
12901,"2024-01-18","London",0.836073481919297
12902,"2024-01-18","South East",0.848240027068562
12903,"2024-01-18","South West",0.871226471211466
12904,"2024-01-18","Midlands",0.810692368670073
12905,"2024-01-18","North East and Yorkshire",0.805277859833333
12906,"2024-01-18","East of England",0.820969951144343
12907,"2024-01-18","North West",0.834194253457268
12908,"2024-01-19","London",0.836823871891781
12909,"2024-01-19","South East",0.848218367637923
12910,"2024-01-19","South West",0.872536667549221
12911,"2024-01-19","Midlands",0.830710622522397
12912,"2024-01-19","North East and Yorkshire",0.830350441386997
12913,"2024-01-19","East of England",0.836222298932122
12914,"2024-01-19","North West",0.861587564158548
12915,"2024-01-20","London",0.845188620111447
12916,"2024-01-20","South East",0.847505439611861
12917,"2024-01-20","South West",0.838234001515561
12918,"2024-01-20","Midlands",0.830100781828623
12919,"2024-01-20","North East and Yorkshire",0.822352911260406
12920,"2024-01-20","East of England",0.851439814206297
12921,"2024-01-20","North West",0.857078499923441
12922,"2024-01-21","London",0.803476971779517
12923,"2024-01-21","South East",0.793749217284587
12924,"2024-01-21","South West",0.785096656762487
12925,"2024-01-21","Midlands",0.769262604722621
12926,"2024-01-21","North East and Yorkshire",0.756938858941614
12927,"2024-01-21","East of England",0.802558139449255
12928,"2024-01-21","North West",0.80604505062674
12929,"2024-01-22","London",0.847797719318954
12930,"2024-01-22","South East",0.827744259339324
12931,"2024-01-22","South West",0.839779027976847
12932,"2024-01-22","Midlands",0.809201717544551
12933,"2024-01-22","North East and Yorkshire",0.78891999449638
12934,"2024-01-22","East of England",0.877293599200948
12935,"2024-01-22","North West",0.805773875837827
12936,"2024-01-23","London",0.876399293236069
12937,"2024-01-23","South East",0.889746161005512
12938,"2024-01-23","South West",0.884962556842297
12939,"2024-01-23","Midlands",0.856993967619866
12940,"2024-01-23","North East and Yorkshire",0.826749583180792
12941,"2024-01-23","East of England",0.857051763630646
12942,"2024-01-23","North West",0.888207624487897
12943,"2024-01-24","London",0.921423123782549
12944,"2024-01-24","South East",0.915839580274575
12945,"2024-01-24","South West",0.914734073310079
12946,"2024-01-24","Midlands",0.901819110697171
12947,"2024-01-24","North East and Yorkshire",0.89332650723067
12948,"2024-01-24","East of England",0.910239259956566
12949,"2024-01-24","North West",0.909894642224265
12950,"2024-01-25","London",0.919579745734271
12951,"2024-01-25","South East",0.904462433373623
12952,"2024-01-25","South West",0.875541762231193
12953,"2024-01-25","Midlands",0.865947682707163
12954,"2024-01-25","North East and Yorkshire",0.832944142320605
12955,"2024-01-25","East of England",0.897790328949891
12956,"2024-01-25","North West",0.843776094277342
12957,"2024-01-26","London",0.844469395085642
12958,"2024-01-26","South East",0.826521493050309
12959,"2024-01-26","South West",0.854746769689389
12960,"2024-01-26","Midlands",0.851780684576689
12961,"2024-01-26","North East and Yorkshire",0.83441762540181
12962,"2024-01-26","East of England",0.831556133224801
12963,"2024-01-26","North West",0.879263953875006
12964,"2024-01-27","London",0.912809579302233
12965,"2024-01-27","South East",0.890796946802273
12966,"2024-01-27","South West",0.876234336045216
12967,"2024-01-27","Midlands",0.855354123353887
12968,"2024-01-27","North East and Yorkshire",0.849564363127527
12969,"2024-01-27","East of England",0.880826185628523
12970,"2024-01-27","North West",0.86492402857936
12971,"2024-01-28","London",0.913937475471152
12972,"2024-01-28","South East",0.907380091259469
12973,"2024-01-28","South West",0.922142591724918
12974,"2024-01-28","Midlands",0.858796889059044
12975,"2024-01-28","North East and Yorkshire",0.891159028341537
12976,"2024-01-28","East of England",0.887805371688161
12977,"2024-01-28","North West",0.840358529888158
12978,"2024-01-29","London",0.758260264992968
12979,"2024-01-29","South East",0.758071225287212
12980,"2024-01-29","South West",0.732387297689062
12981,"2024-01-29","Midlands",0.784403500310964
12982,"2024-01-29","North East and Yorkshire",0.848685758670641
12983,"2024-01-29","East of England",0.772042889483572
12984,"2024-01-29","North West",0.795033571784127
12985,"2024-01-30","London",0.723108377932619
12986,"2024-01-30","South East",0.689601254106061
12987,"2024-01-30","South West",0.742354736123958
12988,"2024-01-30","Midlands",0.764697301764442
12989,"2024-01-30","North East and Yorkshire",0.771415265742362
12990,"2024-01-30","East of England",0.709622050636027
12991,"2024-01-30","North West",0.812341339098686
12992,"2024-01-31","London",0.809282153990712
12993,"2024-01-31","South East",0.792568746760496
12994,"2024-01-31","South West",0.79265010802005
12995,"2024-01-31","Midlands",0.783331174197249
12996,"2024-01-31","North East and Yorkshire",0.768175630865751
12997,"2024-01-31","East of England",0.767833684407429
12998,"2024-01-31","North West",0.816031317819631
12999,"2024-02-01","London",0.708914569244243
13000,"2024-02-01","South East",0.703988060501141
13001,"2024-02-01","South West",0.748578538452895
13002,"2024-02-01","Midlands",0.754227249520495
13003,"2024-02-01","North East and Yorkshire",0.744981313680086
13004,"2024-02-01","East of England",0.74456634171
13005,"2024-02-01","North West",0.764797730017779
13006,"2024-02-02","London",0.778986732498829
13007,"2024-02-02","South East",0.765686784196564
13008,"2024-02-02","South West",0.772526388805321
13009,"2024-02-02","Midlands",0.784008324381903
13010,"2024-02-02","North East and Yorkshire",0.758765965724772
13011,"2024-02-02","East of England",0.783252983454405
13012,"2024-02-02","North West",0.774587977306424
13013,"2024-02-03","London",0.719953076212324
13014,"2024-02-03","South East",0.713539615528239
13015,"2024-02-03","South West",0.747952523335127
13016,"2024-02-03","Midlands",0.744363682006756
13017,"2024-02-03","North East and Yorkshire",0.784842100907702
13018,"2024-02-03","East of England",0.725592719212194
13019,"2024-02-03","North West",0.822337794793589
13020,"2024-02-04","London",0.844021232077244
13021,"2024-02-04","South East",0.852529395368086
13022,"2024-02-04","South West",0.868848598635838
13023,"2024-02-04","Midlands",0.844224222877233
13024,"2024-02-04","North East and Yorkshire",0.847659205338758
13025,"2024-02-04","East of England",0.821091362886599
13026,"2024-02-04","North West",0.861733903335808
13027,"2024-02-05","London",0.764923344579062
13028,"2024-02-05","South East",0.779530277906684
13029,"2024-02-05","South West",0.790293992689642
13030,"2024-02-05","Midlands",0.726612406268149
13031,"2024-02-05","North East and Yorkshire",0.71597489526532
13032,"2024-02-05","East of England",0.745754855951734
13033,"2024-02-05","North West",0.722342125134334
13034,"2024-02-06","London",0.918437298052153
13035,"2024-02-06","South East",0.891905943756387
13036,"2024-02-06","South West",0.917359861598187
13037,"2024-02-06","Midlands",0.929386019030147
13038,"2024-02-06","North East and Yorkshire",0.915140903941893
13039,"2024-02-06","East of England",0.900666192211066
13040,"2024-02-06","North West",0.920962004899198
13041,"2024-02-07","London",0.970690830306405
13042,"2024-02-07","South East",0.980968883402471
13043,"2024-02-07","South West",0.982817456783026
13044,"2024-02-07","Midlands",0.963687406510182
13045,"2024-02-07","North East and Yorkshire",0.948894330495323
13046,"2024-02-07","East of England",0.960113401671771
13047,"2024-02-07","North West",0.965483793297295
13048,"2024-02-08","London",0.934740520767763
13049,"2024-02-08","South East",0.939067824601394
13050,"2024-02-08","South West",0.941004982915233
13051,"2024-02-08","Midlands",0.933830610558472
13052,"2024-02-08","North East and Yorkshire",0.96509902734093
13053,"2024-02-08","East of England",0.941743974342779
13054,"2024-02-08","North West",0.943637687778878
13055,"2024-02-09","London",0.878594849421252
13056,"2024-02-09","South East",0.868023165232362
13057,"2024-02-09","South West",0.875790178971945
13058,"2024-02-09","Midlands",0.887103565676228
13059,"2024-02-09","North East and Yorkshire",0.916160174958192
13060,"2024-02-09","East of England",0.880515308509269
13061,"2024-02-09","North West",0.923294556415604
13062,"2024-02-10","London",0.94227876270687
13063,"2024-02-10","South East",0.92678156484368
13064,"2024-02-10","South West",0.925261308864358
13065,"2024-02-10","Midlands",0.882549506497119
13066,"2024-02-10","North East and Yorkshire",0.813774711124748
13067,"2024-02-10","East of England",0.880672758347955
13068,"2024-02-10","North West",0.808415473953114
13069,"2024-02-11","London",0.874675630420904
13070,"2024-02-11","South East",0.87653243242993
13071,"2024-02-11","South West",0.886995853008626
13072,"2024-02-11","Midlands",0.827638429319434
13073,"2024-02-11","North East and Yorkshire",0.798635769110155
13074,"2024-02-11","East of England",0.821340260683835
13075,"2024-02-11","North West",0.772484385858106
13076,"2024-02-12","London",0.925683976805362
13077,"2024-02-12","South East",0.927171393549078
13078,"2024-02-12","South West",0.950751254169161
13079,"2024-02-12","Midlands",0.858516679864969
13080,"2024-02-12","North East and Yorkshire",0.813237813039633
13081,"2024-02-12","East of England",0.886966799772766
13082,"2024-02-12","North West",0.809243320598928
13083,"2024-02-13","London",0.780330080115171
13084,"2024-02-13","South East",0.788667285078768
13085,"2024-02-13","South West",0.816119824488001
13086,"2024-02-13","Midlands",0.793896559261892
13087,"2024-02-13","North East and Yorkshire",0.821714865935222
13088,"2024-02-13","East of England",0.775864797962033
13089,"2024-02-13","North West",0.858384471905149
13090,"2024-02-14","London",0.743995742619263
13091,"2024-02-14","South East",0.723736763256121
13092,"2024-02-14","South West",0.734289900507766
13093,"2024-02-14","Midlands",0.795208664421143
13094,"2024-02-14","North East and Yorkshire",0.797353320205519
13095,"2024-02-14","East of England",0.760091648929033
13096,"2024-02-14","North West",0.86120957434844
13097,"2024-02-15","London",0.775769904793854
13098,"2024-02-15","South East",0.761904712140165
13099,"2024-02-15","South West",0.776415317893086
13100,"2024-02-15","Midlands",0.795361819143071
13101,"2024-02-15","North East and Yorkshire",0.770013349622236
13102,"2024-02-15","East of England",0.77947542245629
13103,"2024-02-15","North West",0.808829676748194
13104,"2024-02-16","London",0.901133728685231
13105,"2024-02-16","South East",0.885678582915265
13106,"2024-02-16","South West",0.912514653317681
13107,"2024-02-16","Midlands",0.910630938396178
13108,"2024-02-16","North East and Yorkshire",0.891769714459354
13109,"2024-02-16","East of England",0.884688396787414
13110,"2024-02-16","North West",0.91263629879771
13111,"2024-02-17","London",0.767995565104619
13112,"2024-02-17","South East",0.779287615953342
13113,"2024-02-17","South West",0.806150134015456
13114,"2024-02-17","Midlands",0.789864451826497
13115,"2024-02-17","North East and Yorkshire",0.805351100998211
13116,"2024-02-17","East of England",0.765700351031309
13117,"2024-02-17","North West",0.806474162130022
13118,"2024-02-18","London",0.703726804159529
13119,"2024-02-18","South East",0.727348913464511
13120,"2024-02-18","South West",0.79268327679737
13121,"2024-02-18","Midlands",0.706804709163589
13122,"2024-02-18","North East and Yorkshire",0.707148769502423
13123,"2024-02-18","East of England",0.702150436889124
13124,"2024-02-18","North West",0.711154279814348
13125,"2024-02-19","London",0.774676298710459
13126,"2024-02-19","South East",0.769242976670462
13127,"2024-02-19","South West",0.779665256946087
13128,"2024-02-19","Midlands",0.771463232991882
13129,"2024-02-19","North East and Yorkshire",0.796406609337849
13130,"2024-02-19","East of England",0.776773556988323
13131,"2024-02-19","North West",0.820790425558686
13132,"2024-02-20","London",0.780330080115171
13133,"2024-02-20","South East",0.788667285078768
13134,"2024-02-20","South West",0.816119824488001
13135,"2024-02-20","Midlands",0.793896559261892
13136,"2024-02-20","North East and Yorkshire",0.821714865935222
13137,"2024-02-20","East of England",0.775864797962033
13138,"2024-02-20","North West",0.858384471905149
13139,"2024-02-21","London",0.743995742619263
13140,"2024-02-21","South East",0.723736763256121
13141,"2024-02-21","South West",0.734289900507766
13142,"2024-02-21","Midlands",0.795208664421143
13143,"2024-02-21","North East and Yorkshire",0.797353320205519
13144,"2024-02-21","East of England",0.760091648929033
13145,"2024-02-21","North West",0.86120957434844
13146,"2024-02-22","London",0.775769904793854
13147,"2024-02-22","South East",0.761904712140165
13148,"2024-02-22","South West",0.776415317893086
13149,"2024-02-22","Midlands",0.795361819143071
13150,"2024-02-22","North East and Yorkshire",0.770013349622236
13151,"2024-02-22","East of England",0.77947542245629
13152,"2024-02-22","North West",0.808829676748194
13153,"2024-02-23","London",0.901133728685231
13154,"2024-02-23","South East",0.885678582915265
13155,"2024-02-23","South West",0.912514653317681
13156,"2024-02-23","Midlands",0.910630938396178
13157,"2024-02-23","North East and Yorkshire",0.891769714459354
13158,"2024-02-23","East of England",0.884688396787414
13159,"2024-02-23","North West",0.91263629879771
13160,"2024-02-24","London",0.767995565104619
13161,"2024-02-24","South East",0.779287615953342
13162,"2024-02-24","South West",0.806150134015456
13163,"2024-02-24","Midlands",0.789864451826497
13164,"2024-02-24","North East and Yorkshire",0.805351100998211
13165,"2024-02-24","East of England",0.765700351031309
13166,"2024-02-24","North West",0.806474162130022
13167,"2024-02-25","London",0.703726804159529
13168,"2024-02-25","South East",0.727348913464511
13169,"2024-02-25","South West",0.79268327679737
13170,"2024-02-25","Midlands",0.706804709163589
13171,"2024-02-25","North East and Yorkshire",0.707148769502423
13172,"2024-02-25","East of England",0.702150436889124
13173,"2024-02-25","North West",0.711154279814348
13174,"2024-02-26","London",0.774676298710459
13175,"2024-02-26","South East",0.769242976670462
13176,"2024-02-26","South West",0.779665256946087
13177,"2024-02-26","Midlands",0.771463232991882
13178,"2024-02-26","North East and Yorkshire",0.796406609337849
13179,"2024-02-26","East of England",0.776773556988323
13180,"2024-02-26","North West",0.820790425558686
13181,"2024-02-27","London",0.786403706050988
13182,"2024-02-27","South East",0.803531095892975
13183,"2024-02-27","South West",0.781636210727492
13184,"2024-02-27","Midlands",0.74879379223329
13185,"2024-02-27","North East and Yorkshire",0.737015863945484
13186,"2024-02-27","East of England",0.769624868909046
13187,"2024-02-27","North West",0.760169471105401
13188,"2024-02-28","London",0.832431940935128
13189,"2024-02-28","South East",0.841804760527723
13190,"2024-02-28","South West",0.809513076780013
13191,"2024-02-28","Midlands",0.73770340451585
13192,"2024-02-28","North East and Yorkshire",0.693766418644915
13193,"2024-02-28","East of England",0.821778728658661
13194,"2024-02-28","North West",0.736033916812563
13195,"2024-02-29","London",0.848128363976429
13196,"2024-02-29","South East",0.86751823090345
13197,"2024-02-29","South West",0.830936960359535
13198,"2024-02-29","Midlands",0.749198331744195
13199,"2024-02-29","North East and Yorkshire",0.717516459196223
13200,"2024-02-29","East of England",0.819590862810699
13201,"2024-02-29","North West",0.747051929514028
13202,"2024-03-01","London",0.827577965147193
13203,"2024-03-01","South East",0.818423197781226
13204,"2024-03-01","South West",0.803900757979901
13205,"2024-03-01","Midlands",0.749868893761386
13206,"2024-03-01","North East and Yorkshire",0.73203047092818
13207,"2024-03-01","East of England",0.809668049107392
13208,"2024-03-01","North West",0.739869206397568
13209,"2024-03-02","London",0.691451297355406
13210,"2024-03-02","South East",0.719775533479856
13211,"2024-03-02","South West",0.729720209817473
13212,"2024-03-02","Midlands",0.671511253610331
13213,"2024-03-02","North East and Yorkshire",0.69534523505385
13214,"2024-03-02","East of England",0.667425474192798
13215,"2024-03-02","North West",0.7130300819929
13216,"2024-03-03","London",0.784549897609303
13217,"2024-03-03","South East",0.801402873511389
13218,"2024-03-03","South West",0.819167893253266
13219,"2024-03-03","Midlands",0.813109100743559
13220,"2024-03-03","North East and Yorkshire",0.820715853289454
13221,"2024-03-03","East of England",0.777166174869692
13222,"2024-03-03","North West",0.863709824147809
13223,"2024-03-04","London",0.742987005251524
13224,"2024-03-04","South East",0.782404114269883
13225,"2024-03-04","South West",0.820337391222626
13226,"2024-03-04","Midlands",0.778566376684405
13227,"2024-03-04","North East and Yorkshire",0.772172810091094
13228,"2024-03-04","East of England",0.746516626589101
13229,"2024-03-04","North West",0.808221113995635
13230,"2024-03-05","London",0.787717804701046
13231,"2024-03-05","South East",0.808427782064968
13232,"2024-03-05","South West",0.800336432961874
13233,"2024-03-05","Midlands",0.769084331227333
13234,"2024-03-05","North East and Yorkshire",0.77825343061139
13235,"2024-03-05","East of England",0.788110283208728
13236,"2024-03-05","North West",0.784966156305445
13237,"2024-03-06","London",0.709811447682915
13238,"2024-03-06","South East",0.745648641520548
13239,"2024-03-06","South West",0.804014365787999
13240,"2024-03-06","Midlands",0.769187434351996
13241,"2024-03-06","North East and Yorkshire",0.826361613081897
13242,"2024-03-06","East of England",0.717693977337025
13243,"2024-03-06","North West",0.888464194977035
13244,"2024-03-07","London",0.788405028798432
13245,"2024-03-07","South East",0.804648782657421
13246,"2024-03-07","South West",0.806444353926879
13247,"2024-03-07","Midlands",0.761876474289348
13248,"2024-03-07","North East and Yorkshire",0.782174682292371
13249,"2024-03-07","East of England",0.762739154156458
13250,"2024-03-07","North West",0.850902001456793
13251,"2024-03-08","London",0.73526232736758
13252,"2024-03-08","South East",0.757963732532089
13253,"2024-03-08","South West",0.833823113306233
13254,"2024-03-08","Midlands",0.789889004209872
13255,"2024-03-08","North East and Yorkshire",0.819062954362637
13256,"2024-03-08","East of England",0.757450864366327
13257,"2024-03-08","North West",0.850229965202413
13258,"2024-03-09","London",0.79899679631744
13259,"2024-03-09","South East",0.803036706067914
13260,"2024-03-09","South West",0.820526937011464
13261,"2024-03-09","Midlands",0.831590570242597
13262,"2024-03-09","North East and Yorkshire",0.837111607659254
13263,"2024-03-09","East of England",0.829139779076306
13264,"2024-03-09","North West",0.876498520049905
13265,"2024-03-10","London",0.869774103904483
13266,"2024-03-10","South East",0.847470444658182
13267,"2024-03-10","South West",0.803497649268224
13268,"2024-03-10","Midlands",0.846077116632096
13269,"2024-03-10","North East and Yorkshire",0.858938826442392
13270,"2024-03-10","East of England",0.897122494478856
13271,"2024-03-10","North West",0.855851633546991
13272,"2024-03-11","London",0.896940593929838
13273,"2024-03-11","South East",0.868655967427271
13274,"2024-03-11","South West",0.847201118050195
13275,"2024-03-11","Midlands",0.929186119538639
13276,"2024-03-11","North East and Yorkshire",0.947171511002863
13277,"2024-03-11","East of England",0.925066331860273
13278,"2024-03-11","North West",0.894866395563794
13279,"2024-03-12","London",0.906792287673369
13280,"2024-03-12","South East",0.922307362436468
13281,"2024-03-12","South West",0.919567961009482
13282,"2024-03-12","Midlands",0.872937951650666
13283,"2024-03-12","North East and Yorkshire",0.851721173038739
13284,"2024-03-12","East of England",0.89488349347712
13285,"2024-03-12","North West",0.888727006018431
13286,"2024-03-13","London",0.929624050077908
13287,"2024-03-13","South East",0.907688113936116
13288,"2024-03-13","South West",0.864426326395971
13289,"2024-03-13","Midlands",0.855666779650244
13290,"2024-03-13","North East and Yorkshire",0.85196882095087
13291,"2024-03-13","East of England",0.924193844130651
13292,"2024-03-13","North West",0.862781268129765
13293,"2024-03-14","London",0.866086372251322
13294,"2024-03-14","South East",0.841313768110161
13295,"2024-03-14","South West",0.786928160916977
13296,"2024-03-14","Midlands",0.755591225804421
13297,"2024-03-14","North East and Yorkshire",0.745846745627337
13298,"2024-03-14","East of England",0.840928696923843
13299,"2024-03-14","North West",0.754569195691001
13300,"2024-03-15","London",0.83312242109724
13301,"2024-03-15","South East",0.825055340306328
13302,"2024-03-15","South West",0.832170713646347
13303,"2024-03-15","Midlands",0.786691199819341
13304,"2024-03-15","North East and Yorkshire",0.775251760403077
13305,"2024-03-15","East of England",0.818893984032942
13306,"2024-03-15","North West",0.77901425932769
13307,"2024-03-16","London",0.792408070769821
13308,"2024-03-16","South East",0.771681250122104
13309,"2024-03-16","South West",0.757300596389818
13310,"2024-03-16","Midlands",0.773207834316809
13311,"2024-03-16","North East and Yorkshire",0.761565777086327
13312,"2024-03-16","East of England",0.78005233720122
13313,"2024-03-16","North West",0.736547967253368
13314,"2024-03-17","London",0.706899792288334
13315,"2024-03-17","South East",0.713283773111075
13316,"2024-03-17","South West",0.701730807002986
13317,"2024-03-17","Midlands",0.722567943130331
13318,"2024-03-17","North East and Yorkshire",0.771486720242215
13319,"2024-03-17","East of England",0.685565463566811
13320,"2024-03-17","North West",0.789769782315378
13321,"2024-03-18","London",0.749062399979111
13322,"2024-03-18","South East",0.75003739729761
13323,"2024-03-18","South West",0.793802175621249
13324,"2024-03-18","Midlands",0.854292474709414
13325,"2024-03-18","North East and Yorkshire",0.880579867888276
13326,"2024-03-18","East of England",0.769600539340991
13327,"2024-03-18","North West",0.837088627352887
13328,"2024-03-19","London",0.927278083246436
13329,"2024-03-19","South East",0.925631902250882
13330,"2024-03-19","South West",0.930410712217155
13331,"2024-03-19","Midlands",0.913934083035852
13332,"2024-03-19","North East and Yorkshire",0.902992779778139
13333,"2024-03-19","East of England",0.928016372425387
13334,"2024-03-19","North West",0.887833429835975
13335,"2024-03-20","London",0.853541214761809
13336,"2024-03-20","South East",0.873771105372371
13337,"2024-03-20","South West",0.87168084793092
13338,"2024-03-20","Midlands",0.840861673898851
13339,"2024-03-20","North East and Yorkshire",0.853369608321781
13340,"2024-03-20","East of England",0.831965814895026
13341,"2024-03-20","North West",0.878787131772097
13342,"2024-03-21","London",0.841060716204856
13343,"2024-03-21","South East",0.867808788533295
13344,"2024-03-21","South West",0.899953626022483
13345,"2024-03-21","Midlands",0.855596503568728
13346,"2024-03-21","North East and Yorkshire",0.863148474888337
13347,"2024-03-21","East of England",0.828808736345523
13348,"2024-03-21","North West",0.891946709239079
13349,"2024-03-22","London",0.842215402692944
13350,"2024-03-22","South East",0.870996431940796
13351,"2024-03-22","South West",0.878495181071229
13352,"2024-03-22","Midlands",0.818274621833032
13353,"2024-03-22","North East and Yorkshire",0.832740206314823
13354,"2024-03-22","East of England",0.82240519093949
13355,"2024-03-22","North West",0.861540162364779
13356,"2024-03-23","London",0.741585764595636
13357,"2024-03-23","South East",0.801475081755267
13358,"2024-03-23","South West",0.897856455751247
13359,"2024-03-23","Midlands",0.816666361426815
13360,"2024-03-23","North East and Yorkshire",0.825759929964301
13361,"2024-03-23","East of England",0.759585025801708
13362,"2024-03-23","North West",0.871226241331108
13363,"2024-03-24","London",0.89298434848711
13364,"2024-03-24","South East",0.896379462787843
13365,"2024-03-24","South West",0.881917206981432
13366,"2024-03-24","Midlands",0.84723497788379
13367,"2024-03-24","North East and Yorkshire",0.895014749747187
13368,"2024-03-24","East of England",0.894854693432877
13369,"2024-03-24","North West",0.861891213663395
13370,"2024-03-25","London",0.867867280480228
13371,"2024-03-25","South East",0.888639259457272
13372,"2024-03-25","South West",0.8674412066938
13373,"2024-03-25","Midlands",0.806548109784532
13374,"2024-03-25","North East and Yorkshire",0.773096556521536
13375,"2024-03-25","East of England",0.838182527513769
13376,"2024-03-25","North West",0.77932011353815
13377,"2024-03-26","London",0.712379480084039
13378,"2024-03-26","South East",0.761023017938686
13379,"2024-03-26","South West",0.763879515244412
13380,"2024-03-26","Midlands",0.748004999174333
13381,"2024-03-26","North East and Yorkshire",0.744345859256926
13382,"2024-03-26","East of England",0.733527909099513
13383,"2024-03-26","North West",0.731278000462011
13384,"2024-03-27","London",0.640224898519117
13385,"2024-03-27","South East",0.66194170435221
13386,"2024-03-27","South West",0.701660700102656
13387,"2024-03-27","Midlands",0.674229302409057
13388,"2024-03-27","North East and Yorkshire",0.738776151284757
13389,"2024-03-27","East of England",0.681398423495422
13390,"2024-03-27","North West",0.667380010123729
13391,"2024-03-28","London",0.637518637349545
13392,"2024-03-28","South East",0.652969670922687
13393,"2024-03-28","South West",0.635644515767301
13394,"2024-03-28","Midlands",0.649996820361189
13395,"2024-03-28","North East and Yorkshire",0.749791654468636
13396,"2024-03-28","East of England",0.670827112419915
13397,"2024-03-28","North West",0.615482212476658
13398,"2024-03-29","London",0.728004656031289
13399,"2024-03-29","South East",0.732222542323925
13400,"2024-03-29","South West",0.697744874422656
13401,"2024-03-29","Midlands",0.688129516806411
13402,"2024-03-29","North East and Yorkshire",0.752736679599788
13403,"2024-03-29","East of England",0.743704138561391
13404,"2024-03-29","North West",0.669256687329843
13405,"2024-03-30","London",0.718511004726449
13406,"2024-03-30","South East",0.720128380241717
13407,"2024-03-30","South West",0.737722739246691
13408,"2024-03-30","Midlands",0.759632512241679
13409,"2024-03-30","North East and Yorkshire",0.799848972013451
13410,"2024-03-30","East of England",0.753759357123115
13411,"2024-03-30","North West",0.73284898559506
13412,"2024-03-31","London",0.654500498556447
13413,"2024-03-31","South East",0.67016867534645
13414,"2024-03-31","South West",0.682335809505854
13415,"2024-03-31","Midlands",0.685734729369333
13416,"2024-03-31","North East and Yorkshire",0.769177700290899
13417,"2024-03-31","East of England",0.712465201665367
13418,"2024-03-31","North West",0.685706176449226
13419,"2024-04-01","London",0.739699226744714
13420,"2024-04-01","South East",0.727218535598011
13421,"2024-04-01","South West",0.705855571568525
13422,"2024-04-01","Midlands",0.749704937544289
13423,"2024-04-01","North East and Yorkshire",0.794328902958448
13424,"2024-04-01","East of England",0.762642618169866
13425,"2024-04-01","North West",0.723576225558493
13426,"2024-04-02","London",0.659888845807966
13427,"2024-04-02","South East",0.679554187696877
13428,"2024-04-02","South West",0.65470155843309
13429,"2024-04-02","Midlands",0.696194445456591
13430,"2024-04-02","North East and Yorkshire",0.730566531463461
13431,"2024-04-02","East of England",0.705596851065233
13432,"2024-04-02","North West",0.702658399740555
13433,"2024-04-03","London",0.584362498890572
13434,"2024-04-03","South East",0.641240683359507
13435,"2024-04-03","South West",0.631001314049687
13436,"2024-04-03","Midlands",0.647692380918404
13437,"2024-04-03","North East and Yorkshire",0.73064858511647
13438,"2024-04-03","East of England",0.654356297742251
13439,"2024-04-03","North West",0.653484558651344
13440,"2024-04-04","London",0.555938916566755
13441,"2024-04-04","South East",0.592707107382564
13442,"2024-04-04","South West",0.604261176390278
13443,"2024-04-04","Midlands",0.6061938693104
13444,"2024-04-04","North East and Yorkshire",0.647698833417004
13445,"2024-04-04","East of England",0.626746342841503
13446,"2024-04-04","North West",0.672838944271867
13447,"2024-04-05","London",0.611701576529
13448,"2024-04-05","South East",0.621301262773857
13449,"2024-04-05","South West",0.623317307477927
13450,"2024-04-05","Midlands",0.590388085123941
13451,"2024-04-05","North East and Yorkshire",0.634347009974272
13452,"2024-04-05","East of England",0.646690296587747
13453,"2024-04-05","North West",0.601377072238306
13454,"2024-04-06","London",0.62575071644499
13455,"2024-04-06","South East",0.636061332250687
13456,"2024-04-06","South West",0.616481892246117
13457,"2024-04-06","Midlands",0.656137125060903
13458,"2024-04-06","North East and Yorkshire",0.741648940799952
13459,"2024-04-06","East of England",0.681610696112102
13460,"2024-04-06","North West",0.691430237383477
13461,"2024-04-07","London",0.877990655379818
13462,"2024-04-07","South East",0.856365549631236
13463,"2024-04-07","South West",0.787729865378235
13464,"2024-04-07","Midlands",0.854539909284889
13465,"2024-04-07","North East and Yorkshire",0.83019937363887
13466,"2024-04-07","East of England",0.871951880630509
13467,"2024-04-07","North West",0.795971362594481
13468,"2024-04-08","London",0.80235761733614
13469,"2024-04-08","South East",0.817209771692542
13470,"2024-04-08","South West",0.814752374449322
13471,"2024-04-08","Midlands",0.778983559976101
13472,"2024-04-08","North East and Yorkshire",0.863661945971759
13473,"2024-04-08","East of England",0.840489852545865
13474,"2024-04-08","North West",0.775150052668534
13475,"2024-04-09","London",0.750901794029042
13476,"2024-04-09","South East",0.719923115135339
13477,"2024-04-09","South West",0.706464619182266
13478,"2024-04-09","Midlands",0.791026244809909
13479,"2024-04-09","North East and Yorkshire",0.784765483967443
13480,"2024-04-09","East of England",0.771938829931234
13481,"2024-04-09","North West",0.853950726279936
13482,"2024-04-10","London",0.849030169645397
13483,"2024-04-10","South East",0.859307756177266
13484,"2024-04-10","South West",0.910317431149865
13485,"2024-04-10","Midlands",0.888809573765603
13486,"2024-04-10","North East and Yorkshire",0.855391668483641
13487,"2024-04-10","East of England",0.837981240939205
13488,"2024-04-10","North West",0.913602914925176
13489,"2024-04-11","London",0.834350055137033
13490,"2024-04-11","South East",0.856078558294394
13491,"2024-04-11","South West",0.913199409556965
13492,"2024-04-11","Midlands",0.891564129802655
13493,"2024-04-11","North East and Yorkshire",0.898187709933034
13494,"2024-04-11","East of England",0.834896602143243
13495,"2024-04-11","North West",0.911038264921379
13496,"2024-04-12","London",0.895506445563524
13497,"2024-04-12","South East",0.899359125288498
13498,"2024-04-12","South West",0.903525611610497
13499,"2024-04-12","Midlands",0.857963838583307
13500,"2024-04-12","North East and Yorkshire",0.835636438881507
13501,"2024-04-12","East of England",0.895439575750828
13502,"2024-04-12","North West",0.845176797141035
13503,"2024-04-13","London",0.903577677318046
13504,"2024-04-13","South East",0.900099448054123
13505,"2024-04-13","South West",0.888090084107611
13506,"2024-04-13","Midlands",0.900916130622859
13507,"2024-04-13","North East and Yorkshire",0.873775179455688
13508,"2024-04-13","East of England",0.904370294898529
13509,"2024-04-13","North West",0.892279228622976
13510,"2024-04-14","London",0.779016491610505
13511,"2024-04-14","South East",0.79008223868739
13512,"2024-04-14","South West",0.767576112958627
13513,"2024-04-14","Midlands",0.769125014652817
13514,"2024-04-14","North East and Yorkshire",0.790726670153951
13515,"2024-04-14","East of England",0.7838520369122
13516,"2024-04-14","North West",0.827447054332904
13517,"2024-04-15","London",0.90618342349363
13518,"2024-04-15","South East",0.91227597811707
13519,"2024-04-15","South West",0.930338334612225
13520,"2024-04-15","Midlands",0.880278424306079
13521,"2024-04-15","North East and Yorkshire",0.902403271474378
13522,"2024-04-15","East of England",0.889024306459313
13523,"2024-04-15","North West",0.89461758734103
13524,"2024-04-16","London",0.625859848914598
13525,"2024-04-16","South East",0.614877037827158
13526,"2024-04-16","South West",0.576546954810658
13527,"2024-04-16","Midlands",0.591004737483441
13528,"2024-04-16","North East and Yorkshire",0.63216089310059
13529,"2024-04-16","East of England",0.65886601482523
13530,"2024-04-16","North West",0.600508694194076
13531,"2024-04-17","London",0.646016691435762
13532,"2024-04-17","South East",0.638168225761007
13533,"2024-04-17","South West",0.615282722801917
13534,"2024-04-17","Midlands",0.629055591049689
13535,"2024-04-17","North East and Yorkshire",0.666423838285984
13536,"2024-04-17","East of England",0.684081732784821
13537,"2024-04-17","North West",0.617801546655434
13538,"2024-04-18","London",0.629031667162222
13539,"2024-04-18","South East",0.616917505999074
13540,"2024-04-18","South West",0.595914405877964
13541,"2024-04-18","Midlands",0.630931659851848
13542,"2024-04-18","North East and Yorkshire",0.682161989688264
13543,"2024-04-18","East of England",0.657829148483906
13544,"2024-04-18","North West",0.595478494178338
13545,"2024-04-19","London",0.828466295007334
13546,"2024-04-19","South East",0.832496774696533
13547,"2024-04-19","South West",0.822177630870698
13548,"2024-04-19","Midlands",0.761655257104008
13549,"2024-04-19","North East and Yorkshire",0.770369821297614
13550,"2024-04-19","East of England",0.843516306947216
13551,"2024-04-19","North West",0.681653350765899
13552,"2024-04-20","London",0.804262427232252
13553,"2024-04-20","South East",0.819579835471807
13554,"2024-04-20","South West",0.821079852656761
13555,"2024-04-20","Midlands",0.817062576793578
13556,"2024-04-20","North East and Yorkshire",0.857181436126019
13557,"2024-04-20","East of England",0.849361119581257
13558,"2024-04-20","North West",0.802844562715879
13559,"2024-04-21","London",0.777837306079331
13560,"2024-04-21","South East",0.821415778836273
13561,"2024-04-21","South West",0.814079938428959
13562,"2024-04-21","Midlands",0.808601288747331
13563,"2024-04-21","North East and Yorkshire",0.82948388315729
13564,"2024-04-21","East of England",0.812889081725458
13565,"2024-04-21","North West",0.832268854958351
13566,"2024-04-22","London",0.745416398475869
13567,"2024-04-22","South East",0.761605488078604
13568,"2024-04-22","South West",0.74603016234335
13569,"2024-04-22","Midlands",0.720774909185354
13570,"2024-04-22","North East and Yorkshire",0.775546931834333
13571,"2024-04-22","East of England",0.766473198423598
13572,"2024-04-22","North West",0.798521472374378
13573,"2024-04-23","London",0.860471949541219
13574,"2024-04-23","South East",0.859252353080325
13575,"2024-04-23","South West",0.85982718055163
13576,"2024-04-23","Midlands",0.874396204467346
13577,"2024-04-23","North East and Yorkshire",0.899416892274272
13578,"2024-04-23","East of England",0.894993488182376
13579,"2024-04-23","North West",0.866787298251881
13580,"2024-04-24","London",0.868291260699807
13581,"2024-04-24","South East",0.848877789053873
13582,"2024-04-24","South West",0.845233303000385
13583,"2024-04-24","Midlands",0.888977022412416
13584,"2024-04-24","North East and Yorkshire",0.878155982918861
13585,"2024-04-24","East of England",0.870684064270883
13586,"2024-04-24","North West",0.85630507104881
13587,"2024-04-25","London",0.684005267051255
13588,"2024-04-25","South East",0.722980626897315
13589,"2024-04-25","South West",0.689339941222007
13590,"2024-04-25","Midlands",0.761949754358013
13591,"2024-04-25","North East and Yorkshire",0.788140070128616
13592,"2024-04-25","East of England",0.685580667706728
13593,"2024-04-25","North West",0.689313420415134
13594,"2024-04-26","London",0.665847459905086
13595,"2024-04-26","South East",0.671897815500144
13596,"2024-04-26","South West",0.644696104427249
13597,"2024-04-26","Midlands",0.741155436015678
13598,"2024-04-26","North East and Yorkshire",0.798392971212529
13599,"2024-04-26","East of England",0.670932594412035
13600,"2024-04-26","North West",0.717058293115792
13601,"2024-04-27","London",0.717201510489384
13602,"2024-04-27","South East",0.697831386096874
13603,"2024-04-27","South West",0.727991085382023
13604,"2024-04-27","Midlands",0.757618310119965
13605,"2024-04-27","North East and Yorkshire",0.759117366317048
13606,"2024-04-27","East of England",0.678364249500797
13607,"2024-04-27","North West",0.715555469979909
13608,"2024-04-28","London",0.645140339477087
13609,"2024-04-28","South East",0.640083658226112
13610,"2024-04-28","South West",0.681538610086761
13611,"2024-04-28","Midlands",0.682471167876612
13612,"2024-04-28","North East and Yorkshire",0.709335371316781
13613,"2024-04-28","East of England",0.653924095609275
13614,"2024-04-28","North West",0.749701757305531
13615,"2024-04-29","London",0.84433509007595
13616,"2024-04-29","South East",0.837744685253056
13617,"2024-04-29","South West",0.86314591485026
13618,"2024-04-29","Midlands",0.857745248383321
13619,"2024-04-29","North East and Yorkshire",0.853057533864584
13620,"2024-04-29","East of England",0.835781927741191
13621,"2024-04-29","North West",0.917421813457706
13622,"2024-04-30","London",0.798490410876275
13623,"2024-04-30","South East",0.81327250778094
13624,"2024-04-30","South West",0.802128063046721
13625,"2024-04-30","Midlands",0.783357862670253
13626,"2024-04-30","North East and Yorkshire",0.769922059567268
13627,"2024-04-30","East of England",0.778932979520992
13628,"2024-04-30","North West",0.764382214197098
13629,"2024-05-01","London",0.734090513155211
13630,"2024-05-01","South East",0.719619588392552
13631,"2024-05-01","South West",0.686886910853814
13632,"2024-05-01","Midlands",0.699595173060632
13633,"2024-05-01","North East and Yorkshire",0.740604724931381
13634,"2024-05-01","East of England",0.733556383450651
13635,"2024-05-01","North West",0.698571131900429
13636,"2024-05-02","London",0.75538972136759
13637,"2024-05-02","South East",0.775006129617366
13638,"2024-05-02","South West",0.803169135227748
13639,"2024-05-02","Midlands",0.773052790286379
13640,"2024-05-02","North East and Yorkshire",0.80090851526478
13641,"2024-05-02","East of England",0.776539731380461
13642,"2024-05-02","North West",0.760081188910362
13643,"2024-05-03","London",0.817565715655177
13644,"2024-05-03","South East",0.845317983494512
13645,"2024-05-03","South West",0.857633451271951
13646,"2024-05-03","Midlands",0.841846659315203
13647,"2024-05-03","North East and Yorkshire",0.858823746979565
13648,"2024-05-03","East of England",0.834896030881639
13649,"2024-05-03","North West",0.828847032263677
13650,"2024-05-04","London",0.934795078619998
13651,"2024-05-04","South East",0.943626150535925
13652,"2024-05-04","South West",0.936257158513027
13653,"2024-05-04","Midlands",0.926692167460663
13654,"2024-05-04","North East and Yorkshire",0.890063939439302
13655,"2024-05-04","East of England",0.921136059608152
13656,"2024-05-04","North West",0.854795073491425
13657,"2024-05-05","London",0.822502852452072
13658,"2024-05-05","South East",0.849552046505258
13659,"2024-05-05","South West",0.838167135351212
13660,"2024-05-05","Midlands",0.796436755200419
13661,"2024-05-05","North East and Yorkshire",0.841045786922252
13662,"2024-05-05","East of England",0.827900640505882
13663,"2024-05-05","North West",0.827882106361533
13664,"2024-05-06","London",0.880173300511224
13665,"2024-05-06","South East",0.919544700995757
13666,"2024-05-06","South West",0.952613966525548
13667,"2024-05-06","Midlands",0.920251643526445
13668,"2024-05-06","North East and Yorkshire",0.902805085032988
13669,"2024-05-06","East of England",0.868779768645633
13670,"2024-05-06","North West",0.893331454619184
13671,"2024-05-07","London",0.728172816448169
13672,"2024-05-07","South East",0.757593635191911
13673,"2024-05-07","South West",0.792630218736666
13674,"2024-05-07","Midlands",0.651982074374951
13675,"2024-05-07","North East and Yorkshire",0.663143628251637
13676,"2024-05-07","East of England",0.746095615524339
13677,"2024-05-07","North West",0.658291822291092
13678,"2024-05-08","London",0.830049322432138
13679,"2024-05-08","South East",0.861839129637444
13680,"2024-05-08","South West",0.843020769545081
13681,"2024-05-08","Midlands",0.835799487569725
13682,"2024-05-08","North East and Yorkshire",0.872726272448843
13683,"2024-05-08","East of England",0.843502135964794
13684,"2024-05-08","North West",0.803068152977538
13685,"2024-05-09","London",0.880695041969689
13686,"2024-05-09","South East",0.897660407119023
13687,"2024-05-09","South West",0.902028302947407
13688,"2024-05-09","Midlands",0.851070057699609
13689,"2024-05-09","North East and Yorkshire",0.842058327565243
13690,"2024-05-09","East of England",0.865038622086763
13691,"2024-05-09","North West",0.805384792863755
13692,"2024-05-10","London",0.872934450229622
13693,"2024-05-10","South East",0.842966854531069
13694,"2024-05-10","South West",0.827249770651366
13695,"2024-05-10","Midlands",0.914768348266161
13696,"2024-05-10","North East and Yorkshire",0.888840478822511
13697,"2024-05-10","East of England",0.899560306812189
13698,"2024-05-10","North West",0.874704306287127
13699,"2024-05-11","London",0.778446788278415
13700,"2024-05-11","South East",0.793444881420449
13701,"2024-05-11","South West",0.759463359430394
13702,"2024-05-11","Midlands",0.739816140339677
13703,"2024-05-11","North East and Yorkshire",0.865766378486527
13704,"2024-05-11","East of England",0.77965865626537
13705,"2024-05-11","North West",0.881145983639064
13706,"2024-05-12","London",0.79821156568112
13707,"2024-05-12","South East",0.847577508886347
13708,"2024-05-12","South West",0.864985553787585
13709,"2024-05-12","Midlands",0.713983770883149
13710,"2024-05-12","North East and Yorkshire",0.771016458124229
13711,"2024-05-12","East of England",0.786258152447771
13712,"2024-05-12","North West",0.74122516119628
13713,"2024-05-13","London",0.903410266959937
13714,"2024-05-13","South East",0.908526842274175
13715,"2024-05-13","South West",0.866760988141207
13716,"2024-05-13","Midlands",0.79139174343713
13717,"2024-05-13","North East and Yorkshire",0.822931036419
13718,"2024-05-13","East of England",0.851476093683576
13719,"2024-05-13","North West",0.828110866358962
13720,"2024-05-14","London",0.647794155158679
13721,"2024-05-14","South East",0.689367377432379
13722,"2024-05-14","South West",0.684952623263747
13723,"2024-05-14","Midlands",0.687702440699247
13724,"2024-05-14","North East and Yorkshire",0.755553036073802
13725,"2024-05-14","East of England",0.66910818770084
13726,"2024-05-14","North West",0.667524354337789
13727,"2024-05-15","London",0.773570996190315
13728,"2024-05-15","South East",0.814078520559031
13729,"2024-05-15","South West",0.827278638319671
13730,"2024-05-15","Midlands",0.818720139682526
13731,"2024-05-15","North East and Yorkshire",0.846477439347979
13732,"2024-05-15","East of England",0.767836858158587
13733,"2024-05-15","North West",0.80511755134933
13734,"2024-05-16","London",0.764162265423814
13735,"2024-05-16","South East",0.790053423686644
13736,"2024-05-16","South West",0.816763514611684
13737,"2024-05-16","Midlands",0.786042375861506
13738,"2024-05-16","North East and Yorkshire",0.829685755432335
13739,"2024-05-16","East of England",0.761549862456761
13740,"2024-05-16","North West",0.795480478948053
13741,"2024-05-17","London",0.800503296097042
13742,"2024-05-17","South East",0.825123600289459
13743,"2024-05-17","South West",0.843116794423006
13744,"2024-05-17","Midlands",0.801330653912396
13745,"2024-05-17","North East and Yorkshire",0.789389623518036
13746,"2024-05-17","East of England",0.763539024183357
13747,"2024-05-17","North West",0.836408556706507
13748,"2024-05-18","London",0.638917648004846
13749,"2024-05-18","South East",0.645005362498949
13750,"2024-05-18","South West",0.678908340458718
13751,"2024-05-18","Midlands",0.793206288800965
13752,"2024-05-18","North East and Yorkshire",0.85035901837232
13753,"2024-05-18","East of England",0.688819891225118
13754,"2024-05-18","North West",0.881344892831191
13755,"2024-05-19","London",0.721215172492018
13756,"2024-05-19","South East",0.693597883197457
13757,"2024-05-19","South West",0.747194255398624
13758,"2024-05-19","Midlands",0.770759214223146
13759,"2024-05-19","North East and Yorkshire",0.808820794653068
13760,"2024-05-19","East of England",0.775612509954679
13761,"2024-05-19","North West",0.824988757556575
13762,"2024-05-20","London",0.784662249399623
13763,"2024-05-20","South East",0.774550424691765
13764,"2024-05-20","South West",0.792658263446197
13765,"2024-05-20","Midlands",0.784079147111049
13766,"2024-05-20","North East and Yorkshire",0.842583871896322
13767,"2024-05-20","East of England",0.81051905307982
13768,"2024-05-20","North West",0.774899400693174
13769,"2024-05-21","London",0.753488780331958
13770,"2024-05-21","South East",0.734207038468039
13771,"2024-05-21","South West",0.705312447216289
13772,"2024-05-21","Midlands",0.767516529253839
13773,"2024-05-21","North East and Yorkshire",0.839301919168434
13774,"2024-05-21","East of England",0.78315639872181
13775,"2024-05-21","North West",0.790153226246189
13776,"2024-05-22","London",0.847764068482924
13777,"2024-05-22","South East",0.843345455401768
13778,"2024-05-22","South West",0.879983613406442
13779,"2024-05-22","Midlands",0.842152173551326
13780,"2024-05-22","North East and Yorkshire",0.808864566619198
13781,"2024-05-22","East of England",0.831233985540397
13782,"2024-05-22","North West",0.850159448361917
13783,"2024-05-23","London",0.734715966902075
13784,"2024-05-23","South East",0.783634675149205
13785,"2024-05-23","South West",0.805118254143412
13786,"2024-05-23","Midlands",0.782125017119234
13787,"2024-05-23","North East and Yorkshire",0.821183515039922
13788,"2024-05-23","East of England",0.76794699253245
13789,"2024-05-23","North West",0.844029422599614
13790,"2024-05-24","London",0.73789501466982
13791,"2024-05-24","South East",0.791047853157164
13792,"2024-05-24","South West",0.806091855476687
13793,"2024-05-24","Midlands",0.755518054772351
13794,"2024-05-24","North East and Yorkshire",0.783465376986054
13795,"2024-05-24","East of England",0.739025825797847
13796,"2024-05-24","North West",0.794659157845897
13797,"2024-05-25","London",0.646394325262491
13798,"2024-05-25","South East",0.712816235150012
13799,"2024-05-25","South West",0.744090752866565
13800,"2024-05-25","Midlands",0.703817218480292
13801,"2024-05-25","North East and Yorkshire",0.788451083564876
13802,"2024-05-25","East of England",0.685963680997417
13803,"2024-05-25","North West",0.808757616539606
13804,"2024-05-26","London",0.672331238198168
13805,"2024-05-26","South East",0.751548430878451
13806,"2024-05-26","South West",0.830652978565479
13807,"2024-05-26","Midlands",0.768064148008656
13808,"2024-05-26","North East and Yorkshire",0.768643635535181
13809,"2024-05-26","East of England",0.679442246842389
13810,"2024-05-26","North West",0.767396954793848
13811,"2024-05-27","London",0.642398461787309
13812,"2024-05-27","South East",0.714788952690274
13813,"2024-05-27","South West",0.759935841100714
13814,"2024-05-27","Midlands",0.680382159040077
13815,"2024-05-27","North East and Yorkshire",0.638917144891833
13816,"2024-05-27","East of England",0.631416208394601
13817,"2024-05-27","North West",0.649959412640916
13818,"2024-05-28","London",0.574467623285019
13819,"2024-05-28","South East",0.586203700343746
13820,"2024-05-28","South West",0.576387231580163
13821,"2024-05-28","Midlands",0.602289584894338
13822,"2024-05-28","North East and Yorkshire",0.708277971917225
13823,"2024-05-28","East of England",0.6284770927372
13824,"2024-05-28","North West",0.6377147486747
13825,"2024-05-29","London",0.612839222777046
13826,"2024-05-29","South East",0.664297987315941
13827,"2024-05-29","South West",0.744646124514328
13828,"2024-05-29","Midlands",0.657074821347429
13829,"2024-05-29","North East and Yorkshire",0.74518350255383
13830,"2024-05-29","East of England",0.649031348612126
13831,"2024-05-29","North West",0.67179557364582
13832,"2024-05-30","London",0.721201191909598
13833,"2024-05-30","South East",0.779434891634032
13834,"2024-05-30","South West",0.787820240011355
13835,"2024-05-30","Midlands",0.772745761386666
13836,"2024-05-30","North East and Yorkshire",0.824805329998149
13837,"2024-05-30","East of England",0.746552508104473
13838,"2024-05-30","North West",0.814977559723163
13839,"2024-05-31","London",0.862703815824197
13840,"2024-05-31","South East",0.814356840860341
13841,"2024-05-31","South West",0.717865236061432
13842,"2024-05-31","Midlands",0.681636875861247
13843,"2024-05-31","North East and Yorkshire",0.665266142670187
13844,"2024-05-31","East of England",0.864498095636377
13845,"2024-05-31","North West",0.675470426453548
13846,"2024-06-01","London",0.669984967398009
13847,"2024-06-01","South East",0.708103984611092
13848,"2024-06-01","South West",0.771635757112193
13849,"2024-06-01","Midlands",0.655422179986244
13850,"2024-06-01","North East and Yorkshire",0.640109576197535
13851,"2024-06-01","East of England",0.715166752125572
13852,"2024-06-01","North West",0.677796081759225
13853,"2024-06-02","London",0.756908361486425
13854,"2024-06-02","South East",0.825926913605438
13855,"2024-06-02","South West",0.82797320644555
13856,"2024-06-02","Midlands",0.802076051140135
13857,"2024-06-02","North East and Yorkshire",0.762005399823984
13858,"2024-06-02","East of England",0.769995113509839
13859,"2024-06-02","North West",0.766500656993038
13860,"2024-06-03","London",0.764750237441386
13861,"2024-06-03","South East",0.825047326680307
13862,"2024-06-03","South West",0.791048591853445
13863,"2024-06-03","Midlands",0.744113229212336
13864,"2024-06-03","North East and Yorkshire",0.776717968268053
13865,"2024-06-03","East of England",0.715169649283153
13866,"2024-06-03","North West",0.771279560165969
13867,"2024-06-04","London",0.684321996203171
13868,"2024-06-04","South East",0.738108587318652
13869,"2024-06-04","South West",0.734029358347363
13870,"2024-06-04","Midlands",0.621568472918637
13871,"2024-06-04","North East and Yorkshire",0.667664024602506
13872,"2024-06-04","East of England",0.696396668692361
13873,"2024-06-04","North West",0.698488886530371
13874,"2024-06-05","London",0.649168210070092
13875,"2024-06-05","South East",0.725586009038464
13876,"2024-06-05","South West",0.821411781689688
13877,"2024-06-05","Midlands",0.689304661013538
13878,"2024-06-05","North East and Yorkshire",0.696062060225077
13879,"2024-06-05","East of England",0.647163436722797
13880,"2024-06-05","North West",0.757626392073963
13881,"2024-06-06","London",0.800495838549717
13882,"2024-06-06","South East",0.851799015178241
13883,"2024-06-06","South West",0.878178809505589
13884,"2024-06-06","Midlands",0.780649538015128
13885,"2024-06-06","North East and Yorkshire",0.76201448590852
13886,"2024-06-06","East of England",0.776581922051856
13887,"2024-06-06","North West",0.808209628900201
13888,"2024-06-07","London",0.785509610341959
13889,"2024-06-07","South East",0.840937145722547
13890,"2024-06-07","South West",0.863442722873129
13891,"2024-06-07","Midlands",0.757001450309659
13892,"2024-06-07","North East and Yorkshire",0.735075199193375
13893,"2024-06-07","East of England",0.765288225991945
13894,"2024-06-07","North West",0.81064516436578
13895,"2024-06-08","London",0.669558662678516
13896,"2024-06-08","South East",0.712727513347469
13897,"2024-06-08","South West",0.749613676816881
13898,"2024-06-08","Midlands",0.676783431063864
13899,"2024-06-08","North East and Yorkshire",0.652587668114344
13900,"2024-06-08","East of England",0.672681034326307
13901,"2024-06-08","North West",0.730473653230964
13902,"2024-06-09","London",0.649686740016768
13903,"2024-06-09","South East",0.687952872817318
13904,"2024-06-09","South West",0.70081939091635
13905,"2024-06-09","Midlands",0.668325044525363
13906,"2024-06-09","North East and Yorkshire",0.716548354284496
13907,"2024-06-09","East of England",0.675953007325969
13908,"2024-06-09","North West",0.755064555466747
13909,"2024-06-10","London",0.631745815771779
13910,"2024-06-10","South East",0.67642730393046
13911,"2024-06-10","South West",0.744869386318586
13912,"2024-06-10","Midlands",0.699873919800452
13913,"2024-06-10","North East and Yorkshire",0.706896360611043
13914,"2024-06-10","East of England",0.665413474126464
13915,"2024-06-10","North West",0.764414662377626
13916,"2024-06-11","London",0.864488775479696
13917,"2024-06-11","South East",0.857384574331639
13918,"2024-06-11","South West",0.891297069037778
13919,"2024-06-11","Midlands",0.923139010268915
13920,"2024-06-11","North East and Yorkshire",0.879061961273631
13921,"2024-06-11","East of England",0.881881763069719
13922,"2024-06-11","North West",0.863374244821675
13923,"2024-06-12","London",0.887435168759656
13924,"2024-06-12","South East",0.882700279732287
13925,"2024-06-12","South West",0.861581755103039
13926,"2024-06-12","Midlands",0.936951533313355
13927,"2024-06-12","North East and Yorkshire",0.949252589874656
13928,"2024-06-12","East of England",0.896691307560392
13929,"2024-06-12","North West",0.916144266804505
13930,"2024-06-13","London",0.896880842371116
13931,"2024-06-13","South East",0.889163312395945
13932,"2024-06-13","South West",0.917831083584514
13933,"2024-06-13","Midlands",0.939699498158886
13934,"2024-06-13","North East and Yorkshire",0.929613343236663
13935,"2024-06-13","East of England",0.897819734969018
13936,"2024-06-13","North West",0.902577563832756
13937,"2024-06-14","London",0.782464500162014
13938,"2024-06-14","South East",0.810594618026244
13939,"2024-06-14","South West",0.861877909237363
13940,"2024-06-14","Midlands",0.869469432578791
13941,"2024-06-14","North East and Yorkshire",0.8340083989439
13942,"2024-06-14","East of England",0.785361749593848
13943,"2024-06-14","North West",0.796601110556359
13944,"2024-06-15","London",0.79491839550504
13945,"2024-06-15","South East",0.813613975149309
13946,"2024-06-15","South West",0.821013731755699
13947,"2024-06-15","Midlands",0.81901331559371
13948,"2024-06-15","North East and Yorkshire",0.826111492525349
13949,"2024-06-15","East of England",0.781096775207098
13950,"2024-06-15","North West",0.829012717125135
13951,"2024-06-16","London",0.806978331284125
13952,"2024-06-16","South East",0.834801989268731
13953,"2024-06-16","South West",0.85647761664481
13954,"2024-06-16","Midlands",0.795944246726705
13955,"2024-06-16","North East and Yorkshire",0.786875528744344
13956,"2024-06-16","East of England",0.79547651747885
13957,"2024-06-16","North West",0.81276152565622
13958,"2024-06-17","London",0.711254187590033
13959,"2024-06-17","South East",0.76646252519068
13960,"2024-06-17","South West",0.809949875130604
13961,"2024-06-17","Midlands",0.775248962284449
13962,"2024-06-17","North East and Yorkshire",0.759942423326869
13963,"2024-06-17","East of England",0.712817868002792
13964,"2024-06-17","North West",0.784174110994912
13965,"2024-06-18","London",0.752642272430041
13966,"2024-06-18","South East",0.701695180064928
13967,"2024-06-18","South West",0.657989018217038
13968,"2024-06-18","Midlands",0.71849761527972
13969,"2024-06-18","North East and Yorkshire",0.733646629529589
13970,"2024-06-18","East of England",0.759211351389422
13971,"2024-06-18","North West",0.717869054126585
13972,"2024-06-19","London",0.678422856370733
13973,"2024-06-19","South East",0.662748538981364
13974,"2024-06-19","South West",0.654521145740775
13975,"2024-06-19","Midlands",0.667570178502959
13976,"2024-06-19","North East and Yorkshire",0.749834114861698
13977,"2024-06-19","East of England",0.699046463236887
13978,"2024-06-19","North West",0.724864125161627
13979,"2024-06-20","London",0.744011903834095
13980,"2024-06-20","South East",0.766779633562672
13981,"2024-06-20","South West",0.848643256701245
13982,"2024-06-20","Midlands",0.787952592509381
13983,"2024-06-20","North East and Yorkshire",0.772219422879665
13984,"2024-06-20","East of England",0.731098128919027
13985,"2024-06-20","North West",0.814659021927554
13986,"2024-06-21","London",0.763451940022894
13987,"2024-06-21","South East",0.789716912798898
13988,"2024-06-21","South West",0.825850096613324
13989,"2024-06-21","Midlands",0.780472692269811
13990,"2024-06-21","North East and Yorkshire",0.789049366379614
13991,"2024-06-21","East of England",0.777066308933157
13992,"2024-06-21","North West",0.809439615024134
13993,"2024-06-22","London",0.779414464201114
13994,"2024-06-22","South East",0.784153153419564
13995,"2024-06-22","South West",0.78968339940448
13996,"2024-06-22","Midlands",0.828548620636263
13997,"2024-06-22","North East and Yorkshire",0.86498810180932
13998,"2024-06-22","East of England",0.778550941354764
13999,"2024-06-22","North West",0.851193823014505
14000,"2024-06-23","London",0.669556575269618
14001,"2024-06-23","South East",0.712014308043277
14002,"2024-06-23","South West",0.738254838613652
14003,"2024-06-23","Midlands",0.711460158012316
14004,"2024-06-23","North East and Yorkshire",0.750436669624936
14005,"2024-06-23","East of England",0.698828018832829
14006,"2024-06-23","North West",0.751729994461093
14007,"2024-06-24","London",0.636269593486608
14008,"2024-06-24","South East",0.704182132319823
14009,"2024-06-24","South West",0.744333907622224
14010,"2024-06-24","Midlands",0.74828440802671
14011,"2024-06-24","North East and Yorkshire",0.76884907151511
14012,"2024-06-24","East of England",0.675704132035557
14013,"2024-06-24","North West",0.819911506663937
14014,"2024-06-25","London",0.724423577853134
14015,"2024-06-25","South East",0.692397091454231
14016,"2024-06-25","South West",0.697637638027818
14017,"2024-06-25","Midlands",0.705893934555769
14018,"2024-06-25","North East and Yorkshire",0.736054619210642
14019,"2024-06-25","East of England",0.746958563181518
14020,"2024-06-25","North West",0.758535080618768
14021,"2024-06-26","London",0.804484545194676
14022,"2024-06-26","South East",0.807500397308315
14023,"2024-06-26","South West",0.824082671492307
14024,"2024-06-26","Midlands",0.818595000083069
14025,"2024-06-26","North East and Yorkshire",0.811911374643526
14026,"2024-06-26","East of England",0.805653630888327
14027,"2024-06-26","North West",0.829562247187485
14028,"2024-06-27","London",0.570789410739538
14029,"2024-06-27","South East",0.593222870611955
14030,"2024-06-27","South West",0.652285802803978
14031,"2024-06-27","Midlands",0.614625779126082
14032,"2024-06-27","North East and Yorkshire",0.6600297716601
14033,"2024-06-27","East of England",0.562914581430376
14034,"2024-06-27","North West",0.687995549697045
14035,"2024-06-28","London",0.886455805296946
14036,"2024-06-28","South East",0.883076897273203
14037,"2024-06-28","South West",0.895614388907188
14038,"2024-06-28","Midlands",0.699585267846894
14039,"2024-06-28","North East and Yorkshire",0.651418186804446
14040,"2024-06-28","East of England",0.811376398645357
14041,"2024-06-28","North West",0.705436676528437
14042,"2024-06-29","London",0.810270339741966
14043,"2024-06-29","South East",0.748535246487674
14044,"2024-06-29","South West",0.766974189152423
14045,"2024-06-29","Midlands",0.765494416901253
14046,"2024-06-29","North East and Yorkshire",0.728522916856714
14047,"2024-06-29","East of England",0.821765878427654
14048,"2024-06-29","North West",0.78046539487148
14049,"2024-06-30","London",0.791551472553314
14050,"2024-06-30","South East",0.789902933902502
14051,"2024-06-30","South West",0.800679676146895
14052,"2024-06-30","Midlands",0.760973424740732
14053,"2024-06-30","North East and Yorkshire",0.762029156997154
14054,"2024-06-30","East of England",0.770197775041724
14055,"2024-06-30","North West",0.821877082056508
14056,"2024-07-01","London",0.818403411768561
14057,"2024-07-01","South East",0.835123357649182
14058,"2024-07-01","South West",0.88288386609171
14059,"2024-07-01","Midlands",0.738471446990321
14060,"2024-07-01","North East and Yorkshire",0.703195051524315
14061,"2024-07-01","East of England",0.782035801925544
14062,"2024-07-01","North West",0.707782835141969
14063,"2024-07-02","London",0.796695268223703
14064,"2024-07-02","South East",0.846495026471874
14065,"2024-07-02","South West",0.858008450319815
14066,"2024-07-02","Midlands",0.755439693817084
14067,"2024-07-02","North East and Yorkshire",0.776442863165872
14068,"2024-07-02","East of England",0.782600590517725
14069,"2024-07-02","North West",0.792334217727074
14070,"2024-07-03","London",0.733345744176618
14071,"2024-07-03","South East",0.757202251617065
14072,"2024-07-03","South West",0.7790640201283
14073,"2024-07-03","Midlands",0.758016155051923
14074,"2024-07-03","North East and Yorkshire",0.811382248100207
14075,"2024-07-03","East of England",0.760152807951423
14076,"2024-07-03","North West",0.823330296918133
14077,"2024-07-04","London",0.739978793277517
14078,"2024-07-04","South East",0.78872735822122
14079,"2024-07-04","South West",0.851291442020177
14080,"2024-07-04","Midlands",0.790073733526516
14081,"2024-07-04","North East and Yorkshire",0.747251286687897
14082,"2024-07-04","East of England",0.727666308184114
14083,"2024-07-04","North West",0.800154159188159
14084,"2024-07-05","London",0.698321293273574
14085,"2024-07-05","South East",0.746043797510817
14086,"2024-07-05","South West",0.743226735206879
14087,"2024-07-05","Midlands",0.65811364914726
14088,"2024-07-05","North East and Yorkshire",0.636863988399887
14089,"2024-07-05","East of England",0.687852572101605
14090,"2024-07-05","North West",0.670074420060872
14091,"2024-07-06","London",0.6623945311289
14092,"2024-07-06","South East",0.72417469245857
14093,"2024-07-06","South West",0.744094679252384
14094,"2024-07-06","Midlands",0.6682299903375
14095,"2024-07-06","North East and Yorkshire",0.665605499089388
14096,"2024-07-06","East of England",0.655723966957708
14097,"2024-07-06","North West",0.711545320124858
14098,"2024-07-07","London",0.617701052847587
14099,"2024-07-07","South East",0.663497990820402
14100,"2024-07-07","South West",0.710524297851723
14101,"2024-07-07","Midlands",0.633121126603141
14102,"2024-07-07","North East and Yorkshire",0.674103497913537
14103,"2024-07-07","East of England",0.626741401231043
14104,"2024-07-07","North West",0.709980065637145
14105,"2024-07-08","London",0.615494046819994
14106,"2024-07-08","South East",0.657537193806276
14107,"2024-07-08","South West",0.690860941964219
14108,"2024-07-08","Midlands",0.662636635435837
14109,"2024-07-08","North East and Yorkshire",0.694084396113661
14110,"2024-07-08","East of England",0.633367148471934
14111,"2024-07-08","North West",0.745181309186956
14112,"2024-07-09","London",0.66888707745396
14113,"2024-07-09","South East",0.71170466553449
14114,"2024-07-09","South West",0.790275553254839
14115,"2024-07-09","Midlands",0.816293787290931
14116,"2024-07-09","North East and Yorkshire",0.859152955520817
14117,"2024-07-09","East of England",0.715423068206337
14118,"2024-07-09","North West",0.876538503013913
14119,"2024-07-10","London",0.706979065705986
14120,"2024-07-10","South East",0.70559880828054
14121,"2024-07-10","South West",0.742726056317142
14122,"2024-07-10","Midlands",0.777927444643114
14123,"2024-07-10","North East and Yorkshire",0.837445561734449
14124,"2024-07-10","East of England",0.781318650438579
14125,"2024-07-10","North West",0.809550463526002
14126,"2024-07-11","London",0.639285207835788
14127,"2024-07-11","South East",0.6711101637236
14128,"2024-07-11","South West",0.734071119740832
14129,"2024-07-11","Midlands",0.726322723133567
14130,"2024-07-11","North East and Yorkshire",0.739352311440144
14131,"2024-07-11","East of England",0.701337144948174
14132,"2024-07-11","North West",0.747625090262848
14133,"2024-07-12","London",0.652286555559947
14134,"2024-07-12","South East",0.672605191810978
14135,"2024-07-12","South West",0.743269344312153
14136,"2024-07-12","Midlands",0.76461466068441
14137,"2024-07-12","North East and Yorkshire",0.79717856239264
14138,"2024-07-12","East of England",0.707427728606398
14139,"2024-07-12","North West",0.844571508464369
14140,"2024-07-13","London",0.874307739055086
14141,"2024-07-13","South East",0.854901203117722
14142,"2024-07-13","South West",0.90911850548548
14143,"2024-07-13","Midlands",0.936419826343079
14144,"2024-07-13","North East and Yorkshire",0.936175592599797
14145,"2024-07-13","East of England",0.879204378873846
14146,"2024-07-13","North West",0.94126099560137
14147,"2024-07-14","London",0.781162011625933
14148,"2024-07-14","South East",0.813360698423005
14149,"2024-07-14","South West",0.832967300214374
14150,"2024-07-14","Midlands",0.835347734843518
14151,"2024-07-14","North East and Yorkshire",0.953135505749743
14152,"2024-07-14","East of England",0.781584829988329
14153,"2024-07-14","North West",0.929182652651925
14154,"2024-07-15","London",0.817379772195423
14155,"2024-07-15","South East",0.828813089702215
14156,"2024-07-15","South West",0.860010420723886
14157,"2024-07-15","Midlands",0.810505404382329
14158,"2024-07-15","North East and Yorkshire",0.78150242249942
14159,"2024-07-15","East of England",0.827228368035143
14160,"2024-07-15","North West",0.766671418378256
14161,"2024-07-16","London",0.708935442595948
14162,"2024-07-16","South East",0.72908577132459
14163,"2024-07-16","South West",0.734092488475721
14164,"2024-07-16","Midlands",0.750802563858276
14165,"2024-07-16","North East and Yorkshire",0.82385557486866
14166,"2024-07-16","East of England",0.752014534625373
14167,"2024-07-16","North West",0.802996328584777
14168,"2024-07-17","London",0.682306862078474
14169,"2024-07-17","South East",0.697051115295505
14170,"2024-07-17","South West",0.709072196275855
14171,"2024-07-17","Midlands",0.703270615672585
14172,"2024-07-17","North East and Yorkshire",0.734048163606529
14173,"2024-07-17","East of England",0.714304311814099
14174,"2024-07-17","North West",0.737011780617859
14175,"2024-07-18","London",0.639707322459984
14176,"2024-07-18","South East",0.644921269403011
14177,"2024-07-18","South West",0.647168947885097
14178,"2024-07-18","Midlands",0.644370853200039
14179,"2024-07-18","North East and Yorkshire",0.698310260047915
14180,"2024-07-18","East of England",0.666918364803645
14181,"2024-07-18","North West",0.715036021171374
14182,"2024-07-19","London",0.632672378789855
14183,"2024-07-19","South East",0.690840802694631
14184,"2024-07-19","South West",0.757884918990808
14185,"2024-07-19","Midlands",0.66224705863833
14186,"2024-07-19","North East and Yorkshire",0.67785580015513
14187,"2024-07-19","East of England",0.660589179750822
14188,"2024-07-19","North West",0.719612242011188
14189,"2024-07-20","London",0.679855210303178
14190,"2024-07-20","South East",0.704194478504026
14191,"2024-07-20","South West",0.743762623677668
14192,"2024-07-20","Midlands",0.684748808530806
14193,"2024-07-20","North East and Yorkshire",0.694403487359625
14194,"2024-07-20","East of England",0.697165328924052
14195,"2024-07-20","North West",0.750145900278311
14196,"2024-07-21","London",0.677901332626514
14197,"2024-07-21","South East",0.744396366585453
14198,"2024-07-21","South West",0.825068624203795
14199,"2024-07-21","Midlands",0.733949720165252
14200,"2024-07-21","North East and Yorkshire",0.734233362130278
14201,"2024-07-21","East of England",0.68765681843364
14202,"2024-07-21","North West",0.795753481248639
14203,"2024-07-22","London",0.681083745411785
14204,"2024-07-22","South East",0.740201167374216
14205,"2024-07-22","South West",0.819940962672886
14206,"2024-07-22","Midlands",0.736218966351288
14207,"2024-07-22","North East and Yorkshire",0.727134308544582
14208,"2024-07-22","East of England",0.699924634401012
14209,"2024-07-22","North West",0.763395697646098
14210,"2024-07-23","London",0.654380918261952
14211,"2024-07-23","South East",0.665337365775725
14212,"2024-07-23","South West",0.675885278743031
14213,"2024-07-23","Midlands",0.688697475797454
14214,"2024-07-23","North East and Yorkshire",0.680141263440118
14215,"2024-07-23","East of England",0.699161663865261
14216,"2024-07-23","North West",0.75589148995592
14217,"2024-07-24","London",0.63552856862694
14218,"2024-07-24","South East",0.629799961061423
14219,"2024-07-24","South West",0.664555352467247
14220,"2024-07-24","Midlands",0.662759979322865
14221,"2024-07-24","North East and Yorkshire",0.667488367136922
14222,"2024-07-24","East of England",0.668538379584222
14223,"2024-07-24","North West",0.70360892593559
14224,"2024-07-25","London",0.634977968563099
14225,"2024-07-25","South East",0.647739260795971
14226,"2024-07-25","South West",0.647108555261059
14227,"2024-07-25","Midlands",0.66803882817859
14228,"2024-07-25","North East and Yorkshire",0.717103337567853
14229,"2024-07-25","East of England",0.6534444924454
14230,"2024-07-25","North West",0.779924223467664
14231,"2024-07-26","London",0.603452139406456
14232,"2024-07-26","South East",0.655697266096867
14233,"2024-07-26","South West",0.66277810105596
14234,"2024-07-26","Midlands",0.668029213897053
14235,"2024-07-26","North East and Yorkshire",0.730146364282306
14236,"2024-07-26","East of England",0.633832075215969
14237,"2024-07-26","North West",0.782980556316999
14238,"2024-07-27","London",0.754582894637918
14239,"2024-07-27","South East",0.740361535851433
14240,"2024-07-27","South West",0.763688628931472
14241,"2024-07-27","Midlands",0.820984085411692
14242,"2024-07-27","North East and Yorkshire",0.716047462385089
14243,"2024-07-27","East of England",0.80647123167637
14244,"2024-07-27","North West",0.797257858470219
14245,"2024-07-28","London",0.801448132898181
14246,"2024-07-28","South East",0.793526376945712
14247,"2024-07-28","South West",0.699436270672587
14248,"2024-07-28","Midlands",0.665212007703811
14249,"2024-07-28","North East and Yorkshire",0.698590397869037
14250,"2024-07-28","East of England",0.727843510013118
14251,"2024-07-28","North West",0.729330074904287
14252,"2024-07-29","London",0.662748485259329
14253,"2024-07-29","South East",0.672035535908907
14254,"2024-07-29","South West",0.720947997321518
14255,"2024-07-29","Midlands",0.702889822989799
14256,"2024-07-29","North East and Yorkshire",0.701136403442624
14257,"2024-07-29","East of England",0.697355454918508
14258,"2024-07-29","North West",0.702979559592443
14259,"2024-07-30","London",0.744342784374203
14260,"2024-07-30","South East",0.800072954190206
14261,"2024-07-30","South West",0.846864000871108
14262,"2024-07-30","Midlands",0.83153599087428
14263,"2024-07-30","North East and Yorkshire",0.809998124896426
14264,"2024-07-30","East of England",0.73668373594374
14265,"2024-07-30","North West",0.861410598380342
14266,"2024-07-31","London",0.706884203816732
14267,"2024-07-31","South East",0.7510290736902
14268,"2024-07-31","South West",0.794478022854477
14269,"2024-07-31","Midlands",0.743804995995843
14270,"2024-07-31","North East and Yorkshire",0.783941151580432
14271,"2024-07-31","East of England",0.708768422789157
14272,"2024-07-31","North West",0.803317350942348
14273,"2024-08-01","London",0.745819915306114
14274,"2024-08-01","South East",0.774707004525433
14275,"2024-08-01","South West",0.801053337872419
14276,"2024-08-01","Midlands",0.743899374758687
14277,"2024-08-01","North East and Yorkshire",0.701262807877356
14278,"2024-08-01","East of England",0.742051989335743
14279,"2024-08-01","North West",0.772722673545131
14280,"2024-08-02","London",0.888616128407707
14281,"2024-08-02","South East",0.897303860597593
14282,"2024-08-02","South West",0.922222400122843
14283,"2024-08-02","Midlands",0.913003492366878
14284,"2024-08-02","North East and Yorkshire",0.884240424487352
14285,"2024-08-02","East of England",0.864541789561444
14286,"2024-08-02","North West",0.883788944971387
14287,"2024-08-03","London",0.765911081503422
14288,"2024-08-03","South East",0.800816210642474
14289,"2024-08-03","South West",0.828042935513139
14290,"2024-08-03","Midlands",0.803897917918009
14291,"2024-08-03","North East and Yorkshire",0.820014274660549
14292,"2024-08-03","East of England",0.743048647919532
14293,"2024-08-03","North West",0.825744434803048
14294,"2024-08-04","London",0.682927462250945
14295,"2024-08-04","South East",0.73264849495172
14296,"2024-08-04","South West",0.791614870515391
14297,"2024-08-04","Midlands",0.730005540482019
14298,"2024-08-04","North East and Yorkshire",0.771822663848192
14299,"2024-08-04","East of England",0.681878968048275
14300,"2024-08-04","North West",0.814186291393896
14301,"2024-08-05","London",0.688828349284639
14302,"2024-08-05","South East",0.726100698560574
14303,"2024-08-05","South West",0.768022353492087
14304,"2024-08-05","Midlands",0.706552742481033
14305,"2024-08-05","North East and Yorkshire",0.731803235989442
14306,"2024-08-05","East of England",0.695407057875042
14307,"2024-08-05","North West",0.816638693265143
14308,"2024-08-06","London",0.680817568048869
14309,"2024-08-06","South East",0.693372229360729
14310,"2024-08-06","South West",0.726994571667876
14311,"2024-08-06","Midlands",0.732266714494817
14312,"2024-08-06","North East and Yorkshire",0.756872670197512
14313,"2024-08-06","East of England",0.695037125684051
14314,"2024-08-06","North West",0.755346351941721
14315,"2024-08-07","London",0.700556218066787
14316,"2024-08-07","South East",0.752783705621254
14317,"2024-08-07","South West",0.862880670723739
14318,"2024-08-07","Midlands",0.775345480346536
14319,"2024-08-07","North East and Yorkshire",0.755796596663491
14320,"2024-08-07","East of England",0.688671822599966
14321,"2024-08-07","North West",0.80307546176148
14322,"2024-08-08","London",0.896447718854005
14323,"2024-08-08","South East",0.906835138807502
14324,"2024-08-08","South West",0.893089007923035
14325,"2024-08-08","Midlands",0.830137159159106
14326,"2024-08-08","North East and Yorkshire",0.882237440593463
14327,"2024-08-08","East of England",0.857919257117932
14328,"2024-08-08","North West",0.901194006404269
14329,"2024-08-09","London",0.798485989555692
14330,"2024-08-09","South East",0.83142738307222
14331,"2024-08-09","South West",0.850892853459562
14332,"2024-08-09","Midlands",0.774209538004572
14333,"2024-08-09","North East and Yorkshire",0.771421008658071
14334,"2024-08-09","East of England",0.800876784814313
14335,"2024-08-09","North West",0.789720708532091
14336,"2024-08-10","London",0.689369667768734
14337,"2024-08-10","South East",0.738402504953253
14338,"2024-08-10","South West",0.768876922568101
14339,"2024-08-10","Midlands",0.688615591525825
14340,"2024-08-10","North East and Yorkshire",0.708877200607338
14341,"2024-08-10","East of England",0.684469858836867
14342,"2024-08-10","North West",0.743979518992229
14343,"2024-08-11","London",0.802366309125845
14344,"2024-08-11","South East",0.828639595513746
14345,"2024-08-11","South West",0.868061753989872
14346,"2024-08-11","Midlands",0.799708872360709
14347,"2024-08-11","North East and Yorkshire",0.771783966987163
14348,"2024-08-11","East of England",0.778606832601883
14349,"2024-08-11","North West",0.820074644045802
14350,"2024-08-12","London",0.852769006481355
14351,"2024-08-12","South East",0.87505904219303
14352,"2024-08-12","South West",0.876379851147032
14353,"2024-08-12","Midlands",0.863358266138264
14354,"2024-08-12","North East and Yorkshire",0.909076790274185
14355,"2024-08-12","East of England",0.831989208982577
14356,"2024-08-12","North West",0.919494351597445
14357,"2024-08-13","London",0.870884353604294
14358,"2024-08-13","South East",0.870392924018002
14359,"2024-08-13","South West",0.848628539916165
14360,"2024-08-13","Midlands",0.819656363522238
14361,"2024-08-13","North East and Yorkshire",0.867583370957639
14362,"2024-08-13","East of England",0.845669465954691
14363,"2024-08-13","North West",0.81879239595219
14364,"2024-08-14","London",0.840543932788423
14365,"2024-08-14","South East",0.857828686688087
14366,"2024-08-14","South West",0.847244540645035
14367,"2024-08-14","Midlands",0.808138013876788
14368,"2024-08-14","North East and Yorkshire",0.808370317863722
14369,"2024-08-14","East of England",0.798534126457469
14370,"2024-08-14","North West",0.828388565559625
14371,"2024-08-15","London",0.891395575779502
14372,"2024-08-15","South East",0.902403944680914
14373,"2024-08-15","South West",0.908194989935815
14374,"2024-08-15","Midlands",0.894049501428758
14375,"2024-08-15","North East and Yorkshire",0.887657642166679
14376,"2024-08-15","East of England",0.855842075677861
14377,"2024-08-15","North West",0.850975195744188
14378,"2024-08-16","London",0.881646180591774
14379,"2024-08-16","South East",0.873285422044789
14380,"2024-08-16","South West",0.875217395824559
14381,"2024-08-16","Midlands",0.862611608409889
14382,"2024-08-16","North East and Yorkshire",0.887203836997333
14383,"2024-08-16","East of England",0.847625001221811
14384,"2024-08-16","North West",0.880783599794113
14385,"2024-08-17","London",0.820840526320591
14386,"2024-08-17","South East",0.817250786041258
14387,"2024-08-17","South West",0.841918048507094
14388,"2024-08-17","Midlands",0.824908964556568
14389,"2024-08-17","North East and Yorkshire",0.864267935752831
14390,"2024-08-17","East of England",0.834117617630973
14391,"2024-08-17","North West",0.823400673327715
14392,"2024-08-18","London",0.829413633847493
14393,"2024-08-18","South East",0.835026912288759
14394,"2024-08-18","South West",0.852554310871435
14395,"2024-08-18","Midlands",0.839227456788974
14396,"2024-08-18","North East and Yorkshire",0.850070861681745
14397,"2024-08-18","East of England",0.830337135309681
14398,"2024-08-18","North West",0.85292006011535
14399,"2024-08-19","London",0.779876915882353
14400,"2024-08-19","South East",0.795823022049124
14401,"2024-08-19","South West",0.807934678629155
14402,"2024-08-19","Midlands",0.839754205863334
14403,"2024-08-19","North East and Yorkshire",0.857815124994008
14404,"2024-08-19","East of England",0.801876237247819
14405,"2024-08-19","North West",0.911487028073315
14406,"2024-08-20","London",0.784688941338182
14407,"2024-08-20","South East",0.785044422882298
14408,"2024-08-20","South West",0.801813424678643
14409,"2024-08-20","Midlands",0.760856391595881
14410,"2024-08-20","North East and Yorkshire",0.696438156463137
14411,"2024-08-20","East of England",0.707502070745621
14412,"2024-08-20","North West",0.717838822779888
14413,"2024-08-21","London",0.698270128984729
14414,"2024-08-21","South East",0.746664482138191
14415,"2024-08-21","South West",0.75407271932711
14416,"2024-08-21","Midlands",0.699425631902976
14417,"2024-08-21","North East and Yorkshire",0.749299702639631
14418,"2024-08-21","East of England",0.686055950349703
14419,"2024-08-21","North West",0.785289756353008
14420,"2024-08-22","London",0.839659765787615
14421,"2024-08-22","South East",0.856377806795193
14422,"2024-08-22","South West",0.89719823399024
14423,"2024-08-22","Midlands",0.829995003474804
14424,"2024-08-22","North East and Yorkshire",0.781921595100674
14425,"2024-08-22","East of England",0.801289056447652
14426,"2024-08-22","North West",0.836807255697686
14427,"2024-08-23","London",0.804204203472965
14428,"2024-08-23","South East",0.814980644248207
14429,"2024-08-23","South West",0.825243723269048
14430,"2024-08-23","Midlands",0.796081468090962
14431,"2024-08-23","North East and Yorkshire",0.857329776440738
14432,"2024-08-23","East of England",0.791057268073983
14433,"2024-08-23","North West",0.858506111124682
14434,"2024-08-24","London",0.84910030316924
14435,"2024-08-24","South East",0.849107733857834
14436,"2024-08-24","South West",0.85250640454889
14437,"2024-08-24","Midlands",0.798274091097467
14438,"2024-08-24","North East and Yorkshire",0.809787984302406
14439,"2024-08-24","East of England",0.829816167044277
14440,"2024-08-24","North West",0.866946318501538
14441,"2024-08-25","London",0.812319217940454
14442,"2024-08-25","South East",0.818317900952135
14443,"2024-08-25","South West",0.819909722728712
14444,"2024-08-25","Midlands",0.818996890457405
14445,"2024-08-25","North East and Yorkshire",0.847618192040375
14446,"2024-08-25","East of England",0.801079751380772
14447,"2024-08-25","North West",0.880154611937448
14448,"2024-08-26","London",0.840642806596721
14449,"2024-08-26","South East",0.845091250105335
14450,"2024-08-26","South West",0.849175943208883
14451,"2024-08-26","Midlands",0.800844420762349
14452,"2024-08-26","North East and Yorkshire",0.767661985762418
14453,"2024-08-26","East of England",0.815255760377897
14454,"2024-08-26","North West",0.808949599957351
14455,"2024-08-27","London",0.840071251374639
14456,"2024-08-27","South East",0.835957559268563
14457,"2024-08-27","South West",0.834298406924386
14458,"2024-08-27","Midlands",0.806738330712055
14459,"2024-08-27","North East and Yorkshire",0.840889270318196
14460,"2024-08-27","East of England",0.817967210801922
14461,"2024-08-27","North West",0.850867670748055
14462,"2024-08-28","London",0.873179773821967
14463,"2024-08-28","South East",0.872277847004846
14464,"2024-08-28","South West",0.907512630807278
14465,"2024-08-28","Midlands",0.89138226469754
14466,"2024-08-28","North East and Yorkshire",0.865764289355664
14467,"2024-08-28","East of England",0.842916572893453
14468,"2024-08-28","North West",0.888428190089253
14469,"2024-08-29","London",0.888264784574844
14470,"2024-08-29","South East",0.883020216988877
14471,"2024-08-29","South West",0.891339662554372
14472,"2024-08-29","Midlands",0.894081856913248
14473,"2024-08-29","North East and Yorkshire",0.909758928284636
14474,"2024-08-29","East of England",0.878481512139619
14475,"2024-08-29","North West",0.909867678767285
14476,"2024-08-30","London",0.812790729961552
14477,"2024-08-30","South East",0.808928971205733
14478,"2024-08-30","South West",0.780275702534258
14479,"2024-08-30","Midlands",0.755950026552221
14480,"2024-08-30","North East and Yorkshire",0.736339608230681
14481,"2024-08-30","East of England",0.796093598024159
14482,"2024-08-30","North West",0.723603159192123
14483,"2024-08-31","London",0.735673588902333
14484,"2024-08-31","South East",0.727663605096039
14485,"2024-08-31","South West",0.778208918147666
14486,"2024-08-31","Midlands",0.77713384732546
14487,"2024-08-31","North East and Yorkshire",0.782150625671118
14488,"2024-08-31","East of England",0.709764909091249
14489,"2024-08-31","North West",0.828805157342634
14490,"2024-09-01","London",0.772943063375837
14491,"2024-09-01","South East",0.764324835898734
14492,"2024-09-01","South West",0.829805080850522
14493,"2024-09-01","Midlands",0.813504604281952
14494,"2024-09-01","North East and Yorkshire",0.82118319663479
14495,"2024-09-01","East of England",0.754871690887209
14496,"2024-09-01","North West",0.820984961862662
14497,"2024-09-02","London",0.888656734586082
14498,"2024-09-02","South East",0.870825487023889
14499,"2024-09-02","South West",0.883295972358376
14500,"2024-09-02","Midlands",0.936597495651484
14501,"2024-09-02","North East and Yorkshire",0.891857223675131
14502,"2024-09-02","East of England",0.905960436588269
14503,"2024-09-02","North West",0.897310461337504
14504,"2024-09-03","London",0.743971875286489
14505,"2024-09-03","South East",0.7494091354389
14506,"2024-09-03","South West",0.744844071624528
14507,"2024-09-03","Midlands",0.807127106432479
14508,"2024-09-03","North East and Yorkshire",0.83326594651993
14509,"2024-09-03","East of England",0.773815184005442
14510,"2024-09-03","North West",0.811805386677467
14511,"2024-09-04","London",0.773670604254274
14512,"2024-09-04","South East",0.769357475527998
14513,"2024-09-04","South West",0.77804321502814
14514,"2024-09-04","Midlands",0.821414841110442
14515,"2024-09-04","North East and Yorkshire",0.854966425190652
14516,"2024-09-04","East of England",0.796887357068492
14517,"2024-09-04","North West",0.848246274619568
14518,"2024-09-05","London",0.729807527350489
14519,"2024-09-05","South East",0.72319153409632
14520,"2024-09-05","South West",0.764726645780551
14521,"2024-09-05","Midlands",0.745995140255846
14522,"2024-09-05","North East and Yorkshire",0.775511962826424
14523,"2024-09-05","East of England",0.740668669152579
14524,"2024-09-05","North West",0.775090665285578
14525,"2024-09-06","London",0.761334545238509
14526,"2024-09-06","South East",0.736416567467946
14527,"2024-09-06","South West",0.754520256553161
14528,"2024-09-06","Midlands",0.760641075230249
14529,"2024-09-06","North East and Yorkshire",0.789489285921579
14530,"2024-09-06","East of England",0.768758090581462
14531,"2024-09-06","North West",0.778613290411991
14532,"2024-09-07","London",0.781199947727935
14533,"2024-09-07","South East",0.773696158783859
14534,"2024-09-07","South West",0.776506859709423
14535,"2024-09-07","Midlands",0.761734047954231
14536,"2024-09-07","North East and Yorkshire",0.770295309252068
14537,"2024-09-07","East of England",0.78332936852388
14538,"2024-09-07","North West",0.779507427378535
14539,"2024-09-08","London",0.77543957797028
14540,"2024-09-08","South East",0.765692151563875
14541,"2024-09-08","South West",0.757545665612107
14542,"2024-09-08","Midlands",0.772557016923176
14543,"2024-09-08","North East and Yorkshire",0.811106473424635
14544,"2024-09-08","East of England",0.780698706163799
14545,"2024-09-08","North West",0.799785647443249
14546,"2024-09-09","London",0.816369227433214
14547,"2024-09-09","South East",0.801253462275854
14548,"2024-09-09","South West",0.778957233963882
14549,"2024-09-09","Midlands",0.774095128979315
14550,"2024-09-09","North East and Yorkshire",0.811773678971227
14551,"2024-09-09","East of England",0.813698819102688
14552,"2024-09-09","North West",0.786126359855401
14553,"2024-09-10","London",0.832302149793341
14554,"2024-09-10","South East",0.854089697198185
14555,"2024-09-10","South West",0.885538043477345
14556,"2024-09-10","Midlands",0.845960651715009
14557,"2024-09-10","North East and Yorkshire",0.848841200375538
14558,"2024-09-10","East of England",0.822231921348485
14559,"2024-09-10","North West",0.908273747649434
14560,"2024-09-11","London",0.79610992400801
14561,"2024-09-11","South East",0.821525611261693
14562,"2024-09-11","South West",0.839038506911094
14563,"2024-09-11","Midlands",0.758647999760418
14564,"2024-09-11","North East and Yorkshire",0.725926634228721
14565,"2024-09-11","East of England",0.76655661774217
14566,"2024-09-11","North West",0.789875721095792
14567,"2024-09-12","London",0.675288469730257
14568,"2024-09-12","South East",0.68077468452579
14569,"2024-09-12","South West",0.730929553474617
14570,"2024-09-12","Midlands",0.742241474592304
14571,"2024-09-12","North East and Yorkshire",0.74301725262021
14572,"2024-09-12","East of England",0.683157665110322
14573,"2024-09-12","North West",0.750500767035522
14574,"2024-09-13","London",0.717193085085567
14575,"2024-09-13","South East",0.731581057321535
14576,"2024-09-13","South West",0.791247195258216
14577,"2024-09-13","Midlands",0.761830532801973
14578,"2024-09-13","North East and Yorkshire",0.760423277868831
14579,"2024-09-13","East of England",0.69630341027266
14580,"2024-09-13","North West",0.795197392174679
14581,"2024-09-14","London",0.719859171266215
14582,"2024-09-14","South East",0.752429982327605
14583,"2024-09-14","South West",0.784598860321275
14584,"2024-09-14","Midlands",0.696059885093789
14585,"2024-09-14","North East and Yorkshire",0.713569443199368
14586,"2024-09-14","East of England",0.692613079746675
14587,"2024-09-14","North West",0.747110064544623
14588,"2024-09-15","London",0.768640384147943
14589,"2024-09-15","South East",0.795899759984459
14590,"2024-09-15","South West",0.817610358259571
14591,"2024-09-15","Midlands",0.750919241841155
14592,"2024-09-15","North East and Yorkshire",0.74716744437091
14593,"2024-09-15","East of England",0.738164814715875
14594,"2024-09-15","North West",0.796129055711199
14595,"2024-09-16","London",0.690355473679934
14596,"2024-09-16","South East",0.694004630139295
14597,"2024-09-16","South West",0.705153168607557
14598,"2024-09-16","Midlands",0.708082989952159
14599,"2024-09-16","North East and Yorkshire",0.757210618844498
14600,"2024-09-16","East of England",0.72366281292155
14601,"2024-09-16","North West",0.786818482126955
14602,"2024-09-17","London",0.671863332336054
14603,"2024-09-17","South East",0.669877117573982
14604,"2024-09-17","South West",0.721146518252381
14605,"2024-09-17","Midlands",0.729049105008927
14606,"2024-09-17","North East and Yorkshire",0.703771366611027
14607,"2024-09-17","East of England",0.697720408998292
14608,"2024-09-17","North West",0.744601414292774
14609,"2024-09-18","London",0.640104145371354
14610,"2024-09-18","South East",0.628132285442698
14611,"2024-09-18","South West",0.688547706885643
14612,"2024-09-18","Midlands",0.738481238894808
14613,"2024-09-18","North East and Yorkshire",0.750993268572012
14614,"2024-09-18","East of England",0.658285536732185
14615,"2024-09-18","North West",0.806794819003473
14616,"2024-09-19","London",0.670760377600683
14617,"2024-09-19","South East",0.669646726017775
14618,"2024-09-19","South West",0.744099437304453
14619,"2024-09-19","Midlands",0.733659775433166
14620,"2024-09-19","North East and Yorkshire",0.79550497357288
14621,"2024-09-19","East of England",0.692700076387501
14622,"2024-09-19","North West",0.851602027950678
14623,"2024-09-20","London",0.665455531720032
14624,"2024-09-20","South East",0.61917804192461
14625,"2024-09-20","South West",0.644444176747823
14626,"2024-09-20","Midlands",0.71170286305984
14627,"2024-09-20","North East and Yorkshire",0.805790836014381
14628,"2024-09-20","East of England",0.71762742074947
14629,"2024-09-20","North West",0.795220328939413
14630,"2024-09-21","London",0.590202462035373
14631,"2024-09-21","South East",0.607786051732431
14632,"2024-09-21","South West",0.671952410689932
14633,"2024-09-21","Midlands",0.611689854126232
14634,"2024-09-21","North East and Yorkshire",0.733273828604572
14635,"2024-09-21","East of England",0.639836471981151
14636,"2024-09-21","North West",0.662256679570784
14637,"2024-09-22","London",0.802353634650547
14638,"2024-09-22","South East",0.840615032894483
14639,"2024-09-22","South West",0.878538691183695
14640,"2024-09-22","Midlands",0.869150294465806
14641,"2024-09-22","North East and Yorkshire",0.884582367812358
14642,"2024-09-22","East of England",0.803517767080047
14643,"2024-09-22","North West",0.882503127271135
14644,"2024-09-23","London",0.834936114905284
14645,"2024-09-23","South East",0.859908911059259
14646,"2024-09-23","South West",0.914869407608594
14647,"2024-09-23","Midlands",0.863195947567644
14648,"2024-09-23","North East and Yorkshire",0.822795298635062
14649,"2024-09-23","East of England",0.809863557351475
14650,"2024-09-23","North West",0.868065014408849
14651,"2024-09-24","London",0.838763728885661
14652,"2024-09-24","South East",0.871982130338871
14653,"2024-09-24","South West",0.860648625513364
14654,"2024-09-24","Midlands",0.934296062653575
14655,"2024-09-24","North East and Yorkshire",0.893268507810376
14656,"2024-09-24","East of England",0.854669739607389
14657,"2024-09-24","North West",0.90490592199808
14658,"2024-09-25","London",0.739454700845224
14659,"2024-09-25","South East",0.748464347498418
14660,"2024-09-25","South West",0.770114453256982
14661,"2024-09-25","Midlands",0.766650712830488
14662,"2024-09-25","North East and Yorkshire",0.744645871727622
14663,"2024-09-25","East of England",0.725353364249275
14664,"2024-09-25","North West",0.750855931866988
14665,"2024-09-26","London",0.727603077391266
14666,"2024-09-26","South East",0.767605002827479
14667,"2024-09-26","South West",0.840041947214628
14668,"2024-09-26","Midlands",0.839977265792807
14669,"2024-09-26","North East and Yorkshire",0.796148594169521
14670,"2024-09-26","East of England",0.746298683229835
14671,"2024-09-26","North West",0.847346662556261
14672,"2024-09-27","London",0.754918221171751
14673,"2024-09-27","South East",0.785181469653157
14674,"2024-09-27","South West",0.816425706025199
14675,"2024-09-27","Midlands",0.784848822820598
14676,"2024-09-27","North East and Yorkshire",0.881259976839776
14677,"2024-09-27","East of England",0.760442668927217
14678,"2024-09-27","North West",0.866435713548641
14679,"2024-09-28","London",0.772839882250765
14680,"2024-09-28","South East",0.763932985955927
14681,"2024-09-28","South West",0.870639550625424
14682,"2024-09-28","Midlands",0.844684900841788
14683,"2024-09-28","North East and Yorkshire",0.904034972092781
14684,"2024-09-28","East of England",0.808061691014191
14685,"2024-09-28","North West",0.896179995899586
14686,"2024-09-29","London",0.902574611072037
14687,"2024-09-29","South East",0.899785927684984
14688,"2024-09-29","South West",0.918382221521169
14689,"2024-09-29","Midlands",0.865522995271108
14690,"2024-09-29","North East and Yorkshire",0.891729313134348
14691,"2024-09-29","East of England",0.875323036907818
14692,"2024-09-29","North West",0.837844583699819
14693,"2024-09-30","London",0.807946245333757
14694,"2024-09-30","South East",0.80460828194247
14695,"2024-09-30","South West",0.820711632371773
14696,"2024-09-30","Midlands",0.834739997760647
14697,"2024-09-30","North East and Yorkshire",0.862713927972505
14698,"2024-09-30","East of England",0.819063110590644
14699,"2024-09-30","North West",0.87084292892979
14700,"2024-10-01","London",0.827915349523117
14701,"2024-10-01","South East",0.855113742213022
14702,"2024-10-01","South West",0.861431228506773
14703,"2024-10-01","Midlands",0.813614548761502
14704,"2024-10-01","North East and Yorkshire",0.811714678346025
14705,"2024-10-01","East of England",0.824493802495571
14706,"2024-10-01","North West",0.814275661891354
14707,"2024-10-02","London",0.840752030167609
14708,"2024-10-02","South East",0.855300267395168
14709,"2024-10-02","South West",0.865193040590683
14710,"2024-10-02","Midlands",0.840479083390221
14711,"2024-10-02","North East and Yorkshire",0.855849003994934
14712,"2024-10-02","East of England",0.840505322293714
14713,"2024-10-02","North West",0.864970992197287
14714,"2024-10-03","London",0.76081063771738
14715,"2024-10-03","South East",0.778166442909688
14716,"2024-10-03","South West",0.830398677501979
14717,"2024-10-03","Midlands",0.795185268177095
14718,"2024-10-03","North East and Yorkshire",0.781223520473565
14719,"2024-10-03","East of England",0.752108858661501
14720,"2024-10-03","North West",0.822851615272884
14721,"2024-10-04","London",0.765072242811496
14722,"2024-10-04","South East",0.778102387430725
14723,"2024-10-04","South West",0.810308444309327
14724,"2024-10-04","Midlands",0.786414328487388
14725,"2024-10-04","North East and Yorkshire",0.783019950606656
14726,"2024-10-04","East of England",0.762948868355761
14727,"2024-10-04","North West",0.819191578629073
14728,"2024-10-05","London",0.792743860561888
14729,"2024-10-05","South East",0.801257349963643
14730,"2024-10-05","South West",0.864446985443804
14731,"2024-10-05","Midlands",0.86483707034162
14732,"2024-10-05","North East and Yorkshire",0.894669340740544
14733,"2024-10-05","East of England",0.784174429966436
14734,"2024-10-05","North West",0.921525473404226
14735,"2024-10-06","London",0.841492632637671
14736,"2024-10-06","South East",0.86638355865586
14737,"2024-10-06","South West",0.907787695140747
14738,"2024-10-06","Midlands",0.899485641280531
14739,"2024-10-06","North East and Yorkshire",0.897873290231949
14740,"2024-10-06","East of England",0.83526803454436
14741,"2024-10-06","North West",0.93519694080446
14742,"2024-10-07","London",0.923870556907941
14743,"2024-10-07","South East",0.925817645664109
14744,"2024-10-07","South West",0.963796691384904
14745,"2024-10-07","Midlands",0.8923441592992
14746,"2024-10-07","North East and Yorkshire",0.870144170749145
14747,"2024-10-07","East of England",0.918887322790454
14748,"2024-10-07","North West",0.895009395638086
14749,"2024-10-08","London",0.929521929292636
14750,"2024-10-08","South East",0.922864910740553
14751,"2024-10-08","South West",0.937974646574307
14752,"2024-10-08","Midlands",0.920775781540551
14753,"2024-10-08","North East and Yorkshire",0.885789742994424
14754,"2024-10-08","East of England",0.911788651088938
14755,"2024-10-08","North West",0.878916788161046
14756,"2024-10-09","London",0.900979117047312
14757,"2024-10-09","South East",0.921699364479348
14758,"2024-10-09","South West",0.967905029705353
14759,"2024-10-09","Midlands",0.956918596633835
14760,"2024-10-09","North East and Yorkshire",0.956298718450804
14761,"2024-10-09","East of England",0.896045845560061
14762,"2024-10-09","North West",0.968331866679584
14763,"2024-10-10","London",0.86513970055706
14764,"2024-10-10","South East",0.87203414214515
14765,"2024-10-10","South West",0.87602246161933
14766,"2024-10-10","Midlands",0.85020062185943
14767,"2024-10-10","North East and Yorkshire",0.838251427811547
14768,"2024-10-10","East of England",0.863645383205366
14769,"2024-10-10","North West",0.866422428866554
14770,"2024-10-11","London",0.895237318856214
14771,"2024-10-11","South East",0.887922243966792
14772,"2024-10-11","South West",0.906134658666835
14773,"2024-10-11","Midlands",0.881450068108555
14774,"2024-10-11","North East and Yorkshire",0.85811956788954
14775,"2024-10-11","East of England",0.888487648172274
14776,"2024-10-11","North West",0.879899471666756
14777,"2024-10-12","London",0.873499954271999
14778,"2024-10-12","South East",0.855808126638105
14779,"2024-10-12","South West",0.860794226748715
14780,"2024-10-12","Midlands",0.867951686359107
14781,"2024-10-12","North East and Yorkshire",0.879975487614575
14782,"2024-10-12","East of England",0.883919151918625
14783,"2024-10-12","North West",0.880116620066937
14784,"2024-10-13","London",0.883803910322977
14785,"2024-10-13","South East",0.866131214920618
14786,"2024-10-13","South West",0.833416244151068
14787,"2024-10-13","Midlands",0.801810952928795
14788,"2024-10-13","North East and Yorkshire",0.789728150274137
14789,"2024-10-13","East of England",0.871611889580207
14790,"2024-10-13","North West",0.774863687150279
14791,"2024-10-14","London",0.877650556675369
14792,"2024-10-14","South East",0.863953488742491
14793,"2024-10-14","South West",0.859537665714971
14794,"2024-10-14","Midlands",0.803843818823126
14795,"2024-10-14","North East and Yorkshire",0.758700871975825
14796,"2024-10-14","East of England",0.834843053920944
14797,"2024-10-14","North West",0.768604648822158
14798,"2024-10-15","London",0.868676579139462
14799,"2024-10-15","South East",0.845112548507779
14800,"2024-10-15","South West",0.871815082934316
14801,"2024-10-15","Midlands",0.860167897713148
14802,"2024-10-15","North East and Yorkshire",0.867120577797482
14803,"2024-10-15","East of England",0.83284072474508
14804,"2024-10-15","North West",0.888666886350084
14805,"2024-10-16","London",0.74225286660142
14806,"2024-10-16","South East",0.728460848785061
14807,"2024-10-16","South West",0.7323623078265
14808,"2024-10-16","Midlands",0.752802266929434
14809,"2024-10-16","North East and Yorkshire",0.774129310318868
14810,"2024-10-16","East of England",0.734242827554489
14811,"2024-10-16","North West",0.800555313159253
14812,"2024-10-17","London",0.835412976155682
14813,"2024-10-17","South East",0.813062652610244
14814,"2024-10-17","South West",0.872581596944182
14815,"2024-10-17","Midlands",0.895665070523474
14816,"2024-10-17","North East and Yorkshire",0.873114750506024
14817,"2024-10-17","East of England",0.83406217965175
14818,"2024-10-17","North West",0.897640918017421
14819,"2024-10-18","London",0.79469910838323
14820,"2024-10-18","South East",0.78865586522234
14821,"2024-10-18","South West",0.78078378845231
14822,"2024-10-18","Midlands",0.76212091997099
14823,"2024-10-18","North East and Yorkshire",0.769376388355361
14824,"2024-10-18","East of England",0.790123898380148
14825,"2024-10-18","North West",0.775936387895447
14826,"2024-10-19","London",0.904915905011062
14827,"2024-10-19","South East",0.871788565919864
14828,"2024-10-19","South West",0.896861640050931
14829,"2024-10-19","Midlands",0.906332955927642
14830,"2024-10-19","North East and Yorkshire",0.879509298254932
14831,"2024-10-19","East of England",0.888873761572429
14832,"2024-10-19","North West",0.885404070963676
14833,"2024-10-20","London",0.821564642732539
14834,"2024-10-20","South East",0.796316249536461
14835,"2024-10-20","South West",0.828549334171672
14836,"2024-10-20","Midlands",0.825115043708398
14837,"2024-10-20","North East and Yorkshire",0.812352568003783
14838,"2024-10-20","East of England",0.795955758888232
14839,"2024-10-20","North West",0.835534819130586
14840,"2024-10-21","London",0.854105429850916
14841,"2024-10-21","South East",0.846799600951497
14842,"2024-10-21","South West",0.857071066573855
14843,"2024-10-21","Midlands",0.847932932378859
14844,"2024-10-21","North East and Yorkshire",0.838048006442388
14845,"2024-10-21","East of England",0.829211592926021
14846,"2024-10-21","North West",0.861414346615528
14847,"2024-10-22","London",0.848897928755533
14848,"2024-10-22","South East",0.839974553466252
14849,"2024-10-22","South West",0.840292651794145
14850,"2024-10-22","Midlands",0.845833800666112
14851,"2024-10-22","North East and Yorkshire",0.830177825816526
14852,"2024-10-22","East of England",0.83337364672677
14853,"2024-10-22","North West",0.862121140826218
14854,"2024-10-23","London",0.928862472931124
14855,"2024-10-23","South East",0.913515525013661
14856,"2024-10-23","South West",0.926434354886138
14857,"2024-10-23","Midlands",0.899572705732534
14858,"2024-10-23","North East and Yorkshire",0.839178814999012
14859,"2024-10-23","East of England",0.906190340400089
14860,"2024-10-23","North West",0.875956748981444
14861,"2024-10-24","London",0.970962157948253
14862,"2024-10-24","South East",0.93965503570505
14863,"2024-10-24","South West",0.901320502874943
14864,"2024-10-24","Midlands",0.928394334621553
14865,"2024-10-24","North East and Yorkshire",0.899195988440935
14866,"2024-10-24","East of England",0.96076947900286
14867,"2024-10-24","North West",0.905645994935851
14868,"2024-10-25","London",0.894387670899775
14869,"2024-10-25","South East",0.878654882623022
14870,"2024-10-25","South West",0.915810798846499
14871,"2024-10-25","Midlands",0.943824805616076
14872,"2024-10-25","North East and Yorkshire",0.939526314020763
14873,"2024-10-25","East of England",0.891178264493571
14874,"2024-10-25","North West",0.950546919243131
14875,"2024-10-26","London",0.870959815934514
14876,"2024-10-26","South East",0.872948029763547
14877,"2024-10-26","South West",0.912854210416501
14878,"2024-10-26","Midlands",0.958401004530698
14879,"2024-10-26","North East and Yorkshire",0.900267285320497
14880,"2024-10-26","East of England",0.87975093464761
14881,"2024-10-26","North West",0.871225716320088
14882,"2024-10-27","London",0.813832097647927
14883,"2024-10-27","South East",0.792493539240234
14884,"2024-10-27","South West",0.795958863880746
14885,"2024-10-27","Midlands",0.816800304055452
14886,"2024-10-27","North East and Yorkshire",0.778351822240019
14887,"2024-10-27","East of England",0.795460977053629
14888,"2024-10-27","North West",0.789417316753894
14889,"2024-10-28","London",0.87713336408832
14890,"2024-10-28","South East",0.854083179411752
14891,"2024-10-28","South West",0.862575080340906
14892,"2024-10-28","Midlands",0.872830227777693
14893,"2024-10-28","North East and Yorkshire",0.842059118233499
14894,"2024-10-28","East of England",0.870530867270951
14895,"2024-10-28","North West",0.850432010319859
14896,"2024-10-29","London",0.88391266009573
14897,"2024-10-29","South East",0.871218442322133
14898,"2024-10-29","South West",0.89328835660486
14899,"2024-10-29","Midlands",0.870514201518524
14900,"2024-10-29","North East and Yorkshire",0.844967050997826
14901,"2024-10-29","East of England",0.878806068546559
14902,"2024-10-29","North West",0.857295100431946
14903,"2024-10-30","London",0.832211110374778
14904,"2024-10-30","South East",0.840805334270611
14905,"2024-10-30","South West",0.840032330332098
14906,"2024-10-30","Midlands",0.804239894145974
14907,"2024-10-30","North East and Yorkshire",0.796415128389439
14908,"2024-10-30","East of England",0.81967634146484
14909,"2024-10-30","North West",0.799322849726913
14910,"2024-10-31","London",0.882418527001282
14911,"2024-10-31","South East",0.883992982212142
14912,"2024-10-31","South West",0.903141816535098
14913,"2024-10-31","Midlands",0.902770084664322
14914,"2024-10-31","North East and Yorkshire",0.90198730285242
14915,"2024-10-31","East of England",0.888980761770193
14916,"2024-10-31","North West",0.897460375268097
14917,"2024-11-01","London",0.846197047216656
14918,"2024-11-01","South East",0.84428002583178
14919,"2024-11-01","South West",0.843123791825569
14920,"2024-11-01","Midlands",0.815279785208639
14921,"2024-11-01","North East and Yorkshire",0.810503014931009
14922,"2024-11-01","East of England",0.841499153300708
14923,"2024-11-01","North West",0.809232046820416
14924,"2024-11-02","London",0.885546971629683
14925,"2024-11-02","South East",0.873154485584743
14926,"2024-11-02","South West",0.879892742833555
14927,"2024-11-02","Midlands",0.882360312279643
14928,"2024-11-02","North East and Yorkshire",0.920856175997966
14929,"2024-11-02","East of England",0.887366404936424
14930,"2024-11-02","North West",0.903353603932649
14931,"2024-11-03","London",0.891181854982355
14932,"2024-11-03","South East",0.867542818059608
14933,"2024-11-03","South West",0.855775647709009
14934,"2024-11-03","Midlands",0.861604922767503
14935,"2024-11-03","North East and Yorkshire",0.865015665798492
14936,"2024-11-03","East of England",0.889315988699005
14937,"2024-11-03","North West",0.855543679172233
14938,"2024-11-04","London",0.893963029148067
14939,"2024-11-04","South East",0.891077311108199
14940,"2024-11-04","South West",0.889875534629106
14941,"2024-11-04","Midlands",0.879538166191246
14942,"2024-11-04","North East and Yorkshire",0.870736252074013
14943,"2024-11-04","East of England",0.895413796148078
14944,"2024-11-04","North West",0.860269053966748
14945,"2024-11-05","London",0.856283660346222
14946,"2024-11-05","South East",0.856380943759642
14947,"2024-11-05","South West",0.86720457257332
14948,"2024-11-05","Midlands",0.82496921097713
14949,"2024-11-05","North East and Yorkshire",0.828807382870808
14950,"2024-11-05","East of England",0.846666386961791
14951,"2024-11-05","North West",0.818506922088698
14952,"2024-11-06","London",0.951784513915961
14953,"2024-11-06","South East",0.931012146479256
14954,"2024-11-06","South West",0.948818146175505
14955,"2024-11-06","Midlands",0.941353241422006
14956,"2024-11-06","North East and Yorkshire",0.913368067004127
14957,"2024-11-06","East of England",0.947931104673508
14958,"2024-11-06","North West",0.914064488604417
14959,"2024-11-07","London",0.845793393455281
14960,"2024-11-07","South East",0.848731572024359
14961,"2024-11-07","South West",0.8628498195129
14962,"2024-11-07","Midlands",0.81973205079187
14963,"2024-11-07","North East and Yorkshire",0.83897340031034
14964,"2024-11-07","East of England",0.827220136280932
14965,"2024-11-07","North West",0.836015813573286
14966,"2024-11-08","London",0.888210349758393
14967,"2024-11-08","South East",0.886713239890262
14968,"2024-11-08","South West",0.855339961156486
14969,"2024-11-08","Midlands",0.861942502554146
14970,"2024-11-08","North East and Yorkshire",0.870820293647792
14971,"2024-11-08","East of England",0.878824270114561
14972,"2024-11-08","North West",0.874417846284359
14973,"2024-11-09","London",0.892838594211527
14974,"2024-11-09","South East",0.878926621564822
14975,"2024-11-09","South West",0.888753359803125
14976,"2024-11-09","Midlands",0.884513103998312
14977,"2024-11-09","North East and Yorkshire",0.881714882510777
14978,"2024-11-09","East of England",0.873974552227356
14979,"2024-11-09","North West",0.885969114688781
14980,"2024-11-10","London",0.853389613102752
14981,"2024-11-10","South East",0.845844456342196
14982,"2024-11-10","South West",0.820464472723218
14983,"2024-11-10","Midlands",0.843831646145823
14984,"2024-11-10","North East and Yorkshire",0.828364989054161
14985,"2024-11-10","East of England",0.831841978927908
14986,"2024-11-10","North West",0.839789004333897
14987,"2024-11-11","London",0.86283391858114
14988,"2024-11-11","South East",0.839003289717263
14989,"2024-11-11","South West",0.843262515728259
14990,"2024-11-11","Midlands",0.856165979714657
14991,"2024-11-11","North East and Yorkshire",0.861233042025893
14992,"2024-11-11","East of England",0.847661229376457
14993,"2024-11-11","North West",0.890502611468967
14994,"2024-11-12","London",0.829890441970074
14995,"2024-11-12","South East",0.804891882022481
14996,"2024-11-12","South West",0.783310291582703
14997,"2024-11-12","Midlands",0.844193489027064
14998,"2024-11-12","North East and Yorkshire",0.845037964298168
14999,"2024-11-12","East of England",0.837433401062502
15000,"2024-11-12","North West",0.843215296018734
15001,"2024-11-13","London",0.846303808134433
15002,"2024-11-13","South East",0.838931396780354
15003,"2024-11-13","South West",0.865478109960918
15004,"2024-11-13","Midlands",0.8749830981017
15005,"2024-11-13","North East and Yorkshire",0.879421295716831
15006,"2024-11-13","East of England",0.843780391424847
15007,"2024-11-13","North West",0.874843882001522
15008,"2024-11-14","London",0.914643721128729
15009,"2024-11-14","South East",0.883839343020755
15010,"2024-11-14","South West",0.939400282572544
15011,"2024-11-14","Midlands",0.929737068898407
15012,"2024-11-14","North East and Yorkshire",0.849562800133452
15013,"2024-11-14","East of England",0.903152961936588
15014,"2024-11-14","North West",0.823861959973904
15015,"2024-11-15","London",0.918981580304441
15016,"2024-11-15","South East",0.896794018268878
15017,"2024-11-15","South West",0.864609182657534
15018,"2024-11-15","Midlands",0.895685737464765
15019,"2024-11-15","North East and Yorkshire",0.876002554025696
15020,"2024-11-15","East of England",0.885490506268077
15021,"2024-11-15","North West",0.858538840938658
15022,"2024-11-16","London",0.880320779673747
15023,"2024-11-16","South East",0.851835358398073
15024,"2024-11-16","South West",0.835201525075147
15025,"2024-11-16","Midlands",0.929921692586455
15026,"2024-11-16","North East and Yorkshire",0.945047742430059
15027,"2024-11-16","East of England",0.863882006584793
15028,"2024-11-16","North West",0.906181089135786
15029,"2024-11-17","London",0.95686573031007
15030,"2024-11-17","South East",0.899576454763419
15031,"2024-11-17","South West",0.905785792685391
15032,"2024-11-17","Midlands",0.939902285579503
15033,"2024-11-17","North East and Yorkshire",0.934737228997166
15034,"2024-11-17","East of England",0.90954333499786
15035,"2024-11-17","North West",0.922214243203572
15036,"2024-11-18","London",0.868240052964979
15037,"2024-11-18","South East",0.855315551722045
15038,"2024-11-18","South West",0.874958495462848
15039,"2024-11-18","Midlands",0.889926191259212
15040,"2024-11-18","North East and Yorkshire",0.853166374362079
15041,"2024-11-18","East of England",0.855042989485131
15042,"2024-11-18","North West",0.86987198498314
15043,"2024-11-19","London",0.926402990623815
15044,"2024-11-19","South East",0.914697476433843
15045,"2024-11-19","South West",0.919458161089493
15046,"2024-11-19","Midlands",0.904929481069736
15047,"2024-11-19","North East and Yorkshire",0.873235961455571
15048,"2024-11-19","East of England",0.918617436329224
15049,"2024-11-19","North West",0.890526630948364
15050,"2024-11-20","London",0.864898518954728
15051,"2024-11-20","South East",0.880752464056676
15052,"2024-11-20","South West",0.895353768449315
15053,"2024-11-20","Midlands",0.864084299273485
15054,"2024-11-20","North East and Yorkshire",0.834315749936392
15055,"2024-11-20","East of England",0.852245149611224
15056,"2024-11-20","North West",0.87560516166204
15057,"2024-11-21","London",0.808806699946993
15058,"2024-11-21","South East",0.803236650504676
15059,"2024-11-21","South West",0.789537041676908
15060,"2024-11-21","Midlands",0.822832466232773
15061,"2024-11-21","North East and Yorkshire",0.787091787104127
15062,"2024-11-21","East of England",0.803712708465461
15063,"2024-11-21","North West",0.815885151273363
15064,"2024-11-22","London",0.886963856430464
15065,"2024-11-22","South East",0.874263848540468
15066,"2024-11-22","South West",0.893203846612013
15067,"2024-11-22","Midlands",0.89365553071995
15068,"2024-11-22","North East and Yorkshire",0.857159746348146
15069,"2024-11-22","East of England",0.880389086601246
15070,"2024-11-22","North West",0.865910970891801
15071,"2024-11-23","London",0.861862715313299
15072,"2024-11-23","South East",0.856817032371946
15073,"2024-11-23","South West",0.854694125038582
15074,"2024-11-23","Midlands",0.809441900615796
15075,"2024-11-23","North East and Yorkshire",0.789857653391311
15076,"2024-11-23","East of England",0.848615568605278
15077,"2024-11-23","North West",0.826535787687234
15078,"2024-11-24","London",0.704243364520975
15079,"2024-11-24","South East",0.697472461409116
15080,"2024-11-24","South West",0.702281512635459
15081,"2024-11-24","Midlands",0.733577043737843
15082,"2024-11-24","North East and Yorkshire",0.738412241721861
15083,"2024-11-24","East of England",0.719586896564752
15084,"2024-11-24","North West",0.786734869784557
15085,"2024-11-25","London",0.748516086066025
15086,"2024-11-25","South East",0.760916218550876
15087,"2024-11-25","South West",0.824319150318324
15088,"2024-11-25","Midlands",0.794654238978182
15089,"2024-11-25","North East and Yorkshire",0.776138604120319
15090,"2024-11-25","East of England",0.73743139538553
15091,"2024-11-25","North West",0.819639728657538
15092,"2024-11-26","London",0.875758603430759
15093,"2024-11-26","South East",0.876194041215546
15094,"2024-11-26","South West",0.880178215649169
15095,"2024-11-26","Midlands",0.868924544498315
15096,"2024-11-26","North East and Yorkshire",0.851543730462106
15097,"2024-11-26","East of England",0.867480649563139
15098,"2024-11-26","North West",0.880197140209162
15099,"2024-11-27","London",0.825736748842439
15100,"2024-11-27","South East",0.835361257208106
15101,"2024-11-27","South West",0.841754825798361
15102,"2024-11-27","Midlands",0.807928231302921
15103,"2024-11-27","North East and Yorkshire",0.812280875720032
15104,"2024-11-27","East of England",0.814640511456884
15105,"2024-11-27","North West",0.822046623622877
15106,"2024-11-28","London",0.788474294372238
15107,"2024-11-28","South East",0.775552653745054
15108,"2024-11-28","South West",0.766810532468745
15109,"2024-11-28","Midlands",0.782482577868943
15110,"2024-11-28","North East and Yorkshire",0.764822849898226
15111,"2024-11-28","East of England",0.778689628809789
15112,"2024-11-28","North West",0.789626006386976
15113,"2024-11-29","London",0.928280540724936
15114,"2024-11-29","South East",0.897270475730331
15115,"2024-11-29","South West",0.91601178305102
15116,"2024-11-29","Midlands",0.92374194938236
15117,"2024-11-29","North East and Yorkshire",0.899791426024073
15118,"2024-11-29","East of England",0.908213055487938
15119,"2024-11-29","North West",0.899472793160662
15120,"2024-11-30","London",0.855034038999696
15121,"2024-11-30","South East",0.847583143385833
15122,"2024-11-30","South West",0.870714064768341
15123,"2024-11-30","Midlands",0.861745699535643
15124,"2024-11-30","North East and Yorkshire",0.838735295016883
15125,"2024-11-30","East of England",0.848993135811891
15126,"2024-11-30","North West",0.870011753285345
15127,"2024-12-01","London",0.878928260867375
15128,"2024-12-01","South East",0.870366693807046
15129,"2024-12-01","South West",0.908478516442078
15130,"2024-12-01","Midlands",0.853324401485198
15131,"2024-12-01","North East and Yorkshire",0.813232697763529
15132,"2024-12-01","East of England",0.867213333851265
15133,"2024-12-01","North West",0.810778350483561
15134,"2024-12-02","London",0.914652252591874
15135,"2024-12-02","South East",0.889894028027978
15136,"2024-12-02","South West",0.925325901415113
15137,"2024-12-02","Midlands",0.91428808931711
15138,"2024-12-02","North East and Yorkshire",0.876816850685864
15139,"2024-12-02","East of England",0.897272984641085
15140,"2024-12-02","North West",0.892769070674212
15141,"2024-12-03","London",0.905611689291482
15142,"2024-12-03","South East",0.863861790784306
15143,"2024-12-03","South West",0.839209968261059
15144,"2024-12-03","Midlands",0.889902468702077
15145,"2024-12-03","North East and Yorkshire",0.863202729129838
15146,"2024-12-03","East of England",0.896823036596531
15147,"2024-12-03","North West",0.895307441651676
15148,"2024-12-04","London",0.929164454365978
15149,"2024-12-04","South East",0.901324442002451
15150,"2024-12-04","South West",0.911490329988417
15151,"2024-12-04","Midlands",0.929025104830363
15152,"2024-12-04","North East and Yorkshire",0.878060488657124
15153,"2024-12-04","East of England",0.913777620633361
15154,"2024-12-04","North West",0.902832438848838
15155,"2024-12-05","London",0.927091854384652
15156,"2024-12-05","South East",0.896653127694748
15157,"2024-12-05","South West",0.910154061879177
15158,"2024-12-05","Midlands",0.91833722919486
15159,"2024-12-05","North East and Yorkshire",0.857646719463367
15160,"2024-12-05","East of England",0.919120900711085
15161,"2024-12-05","North West",0.892152780794482
15162,"2024-12-06","London",0.908997819854372
15163,"2024-12-06","South East",0.900493316791615
15164,"2024-12-06","South West",0.904914699890328
15165,"2024-12-06","Midlands",0.881832312335781
15166,"2024-12-06","North East and Yorkshire",0.875030131913651
15167,"2024-12-06","East of England",0.901337638656844
15168,"2024-12-06","North West",0.909167115092139
15169,"2024-12-07","London",0.854483114385316
15170,"2024-12-07","South East",0.85355514984069
15171,"2024-12-07","South West",0.873111216725866
15172,"2024-12-07","Midlands",0.844237944094896
15173,"2024-12-07","North East and Yorkshire",0.85598314011802
15174,"2024-12-07","East of England",0.838700763470851
15175,"2024-12-07","North West",0.880745539437572
15176,"2024-12-08","London",0.799902891742014
15177,"2024-12-08","South East",0.797656165529087
15178,"2024-12-08","South West",0.813210076926199
15179,"2024-12-08","Midlands",0.790409172933175
15180,"2024-12-08","North East and Yorkshire",0.794518428395029
15181,"2024-12-08","East of England",0.793255952919577
15182,"2024-12-08","North West",0.790541770146471
15183,"2024-12-09","London",0.746300156108417
15184,"2024-12-09","South East",0.747926127824368
15185,"2024-12-09","South West",0.759654152745908
15186,"2024-12-09","Midlands",0.775784538039238
15187,"2024-12-09","North East and Yorkshire",0.771922120743675
15188,"2024-12-09","East of England",0.74167872911001
15189,"2024-12-09","North West",0.800012694109293
15190,"2024-12-10","London",0.840884708136109
15191,"2024-12-10","South East",0.81598945612758
15192,"2024-12-10","South West",0.836510818015692
15193,"2024-12-10","Midlands",0.861424618362277
15194,"2024-12-10","North East and Yorkshire",0.840180747185845
15195,"2024-12-10","East of England",0.841324966110283
15196,"2024-12-10","North West",0.846187034137221
15197,"2024-12-11","London",0.928829716041434
15198,"2024-12-11","South East",0.905216561608975
15199,"2024-12-11","South West",0.89546914226969
15200,"2024-12-11","Midlands",0.911159005234366
15201,"2024-12-11","North East and Yorkshire",0.900189150689184
15202,"2024-12-11","East of England",0.913507319046358
15203,"2024-12-11","North West",0.908549488189759
15204,"2024-12-12","London",0.930904496148494
15205,"2024-12-12","South East",0.890105686077045
15206,"2024-12-12","South West",0.887226372420747
15207,"2024-12-12","Midlands",0.924963424467349
15208,"2024-12-12","North East and Yorkshire",0.900735151786475
15209,"2024-12-12","East of England",0.920024462198085
15210,"2024-12-12","North West",0.884511612238362
15211,"2024-12-13","London",0.804822781789188
15212,"2024-12-13","South East",0.780135813046629
15213,"2024-12-13","South West",0.878493214370315
15214,"2024-12-13","Midlands",0.837445656026384
15215,"2024-12-13","North East and Yorkshire",0.833499983272169
15216,"2024-12-13","East of England",0.816621239672964
15217,"2024-12-13","North West",0.845855899244876
15218,"2024-12-14","London",0.923869351167923
15219,"2024-12-14","South East",0.92392971568688
15220,"2024-12-14","South West",0.937965830953185
15221,"2024-12-14","Midlands",0.913181631349739
15222,"2024-12-14","North East and Yorkshire",0.893638370906358
15223,"2024-12-14","East of England",0.911829378506491
15224,"2024-12-14","North West",0.899373016628622
15225,"2024-12-15","London",0.931275847908779
15226,"2024-12-15","South East",0.926351174397876
15227,"2024-12-15","South West",0.932832999705168
15228,"2024-12-15","Midlands",0.919846485457843
15229,"2024-12-15","North East and Yorkshire",0.904838511509241
15230,"2024-12-15","East of England",0.929252223446366
15231,"2024-12-15","North West",0.911014687269102
15232,"2024-12-16","London",0.863325740520925
15233,"2024-12-16","South East",0.851795167524859
15234,"2024-12-16","South West",0.841714604941122
15235,"2024-12-16","Midlands",0.882057628244187
15236,"2024-12-16","North East and Yorkshire",0.887002530039846
15237,"2024-12-16","East of England",0.880635351236923
15238,"2024-12-16","North West",0.899503583152292
15239,"2024-12-17","London",0.943192369399072
15240,"2024-12-17","South East",0.926926485604054
15241,"2024-12-17","South West",0.92360239396607
15242,"2024-12-17","Midlands",0.9541200456439
15243,"2024-12-17","North East and Yorkshire",0.961443574746245
15244,"2024-12-17","East of England",0.944551630970595
15245,"2024-12-17","North West",0.947074127856817
15246,"2024-12-18","London",0.908560318101438
15247,"2024-12-18","South East",0.87792708335615
15248,"2024-12-18","South West",0.85215940780767
15249,"2024-12-18","Midlands",0.881925088867191
15250,"2024-12-18","North East and Yorkshire",0.891595293765923
15251,"2024-12-18","East of England",0.917459697081471
15252,"2024-12-18","North West",0.857517392816295
15253,"2024-12-19","London",0.910019616368469
15254,"2024-12-19","South East",0.902166802361615
15255,"2024-12-19","South West",0.89018353231771
15256,"2024-12-19","Midlands",0.900210312671399
15257,"2024-12-19","North East and Yorkshire",0.893127275754569
15258,"2024-12-19","East of England",0.908262709296339
15259,"2024-12-19","North West",0.893085992589188
15260,"2024-12-20","London",0.832538023104938
15261,"2024-12-20","South East",0.828432949344304
15262,"2024-12-20","South West",0.836527559234057
15263,"2024-12-20","Midlands",0.835055235822284
15264,"2024-12-20","North East and Yorkshire",0.826558052339492
15265,"2024-12-20","East of England",0.834030046556806
15266,"2024-12-20","North West",0.828657487063652
15267,"2024-12-21","London",0.920792060945722
15268,"2024-12-21","South East",0.922350567728396
15269,"2024-12-21","South West",0.931167038704266
15270,"2024-12-21","Midlands",0.891699515858513
15271,"2024-12-21","North East and Yorkshire",0.855185227346147
15272,"2024-12-21","East of England",0.908147828295297
15273,"2024-12-21","North West",0.887877599786029
15274,"2024-12-22","London",0.836362193789632
15275,"2024-12-22","South East",0.838051611954558
15276,"2024-12-22","South West",0.841421393112741
15277,"2024-12-22","Midlands",0.823076706901183
15278,"2024-12-22","North East and Yorkshire",0.813189004947959
15279,"2024-12-22","East of England",0.831033394459307
15280,"2024-12-22","North West",0.836507238504105
15281,"2024-12-23","London",0.855569586618417
15282,"2024-12-23","South East",0.854841177045274
15283,"2024-12-23","South West",0.877878732918762
15284,"2024-12-23","Midlands",0.882564491943231
15285,"2024-12-23","North East and Yorkshire",0.872311289707211
15286,"2024-12-23","East of England",0.86132554596746
15287,"2024-12-23","North West",0.910870204166614
15288,"2024-12-24","London",0.913085071561329
15289,"2024-12-24","South East",0.894826376363986
15290,"2024-12-24","South West",0.898824785111382
15291,"2024-12-24","Midlands",0.886851544400852
15292,"2024-12-24","North East and Yorkshire",0.882375456672791
15293,"2024-12-24","East of England",0.893170065435723
15294,"2024-12-24","North West",0.888666704553428
15295,"2024-12-25","London",0.838988582133004
15296,"2024-12-25","South East",0.837328404881431
15297,"2024-12-25","South West",0.842275043536555
15298,"2024-12-25","Midlands",0.820297320113921
15299,"2024-12-25","North East and Yorkshire",0.786346330100638
15300,"2024-12-25","East of England",0.837437538083334
15301,"2024-12-25","North West",0.801862874394093
15302,"2024-12-26","London",0.875294893791373
15303,"2024-12-26","South East",0.867000653875508
15304,"2024-12-26","South West",0.855238944340757
15305,"2024-12-26","Midlands",0.790898580663294
15306,"2024-12-26","North East and Yorkshire",0.810799325822932
15307,"2024-12-26","East of England",0.846086497054847
15308,"2024-12-26","North West",0.804836202559842
15309,"2024-12-27","London",0.733178875307292
15310,"2024-12-27","South East",0.74727189595691
15311,"2024-12-27","South West",0.768771239382087
15312,"2024-12-27","Midlands",0.744613771825856
15313,"2024-12-27","North East and Yorkshire",0.797836972909979
15314,"2024-12-27","East of England",0.718311245995766
15315,"2024-12-27","North West",0.818044774675297
15316,"2024-12-28","London",0.859682349997338
15317,"2024-12-28","South East",0.849144211800443
15318,"2024-12-28","South West",0.846118564029669
15319,"2024-12-28","Midlands",0.834732988192477
15320,"2024-12-28","North East and Yorkshire",0.828565599842231
15321,"2024-12-28","East of England",0.852173155930658
15322,"2024-12-28","North West",0.83277164481164
15323,"2024-12-29","London",0.780807686694666
15324,"2024-12-29","South East",0.771797584710782
15325,"2024-12-29","South West",0.809346308863962
15326,"2024-12-29","Midlands",0.806000309859811
15327,"2024-12-29","North East and Yorkshire",0.823864157635646
15328,"2024-12-29","East of England",0.770996471506735
15329,"2024-12-29","North West",0.849644057182387
15330,"2024-12-30","London",0.862455335666732
15331,"2024-12-30","South East",0.843227496970137
15332,"2024-12-30","South West",0.775899770313154
15333,"2024-12-30","Midlands",0.810793564822689
15334,"2024-12-30","North East and Yorkshire",0.811155435048803
15335,"2024-12-30","East of England",0.855385991044725
15336,"2024-12-30","North West",0.817084417762462
15337,"2024-12-31","London",0.900343361471822
15338,"2024-12-31","South East",0.86964280464217
15339,"2024-12-31","South West",0.889128986036773
15340,"2024-12-31","Midlands",0.911482330862496
15341,"2024-12-31","North East and Yorkshire",0.91176549314586
15342,"2024-12-31","East of England",0.901264162230426
15343,"2024-12-31","North West",0.918156872698526
