"date","nhs_region","ssrd"
"2019-01-01","London",142910.424
"2019-01-01","South East",144845.499
"2019-01-01","South West",143116.476
"2019-01-01","Midlands",104550.137
"2019-01-01","North East and Yorkshire",43963.33
"2019-01-01","East of England",132111.725
"2019-01-01","North West",35371.615
"2019-01-02","London",118039.915
"2019-01-02","South East",127878.458
"2019-01-02","South West",108412.969
"2019-01-02","Midlands",97868.693
"2019-01-02","North East and Yorkshire",66116.138
"2019-01-02","East of England",86786.489
"2019-01-02","North West",76194.911
"2019-01-03","London",50417.063
"2019-01-03","South East",56181.257
"2019-01-03","South West",81747.69
"2019-01-03","Midlands",44508.405
"2019-01-03","North East and Yorkshire",36786.08
"2019-01-03","East of England",63575.127
"2019-01-03","North West",23967.21
"2019-01-04","London",86924.129
"2019-01-04","South East",99922.768
"2019-01-04","South West",92794.485
"2019-01-04","Midlands",55382.486
"2019-01-04","North East and Yorkshire",27097.4
"2019-01-04","East of England",62810.64
"2019-01-04","North West",30526.985
"2019-01-05","London",58509.327
"2019-01-05","South East",93686.728
"2019-01-05","South West",140938.68
"2019-01-05","Midlands",53576.193
"2019-01-05","North East and Yorkshire",32127.489
"2019-01-05","East of England",51568.118
"2019-01-05","North West",43176.333
"2019-01-06","London",25394.742
"2019-01-06","South East",27318.055
"2019-01-06","South West",27782.635
"2019-01-06","Midlands",17175.359
"2019-01-06","North East and Yorkshire",19338.958
"2019-01-06","East of England",32721.003
"2019-01-06","North West",11054.695
"2019-01-07","London",96297.762
"2019-01-07","South East",93721.79
"2019-01-07","South West",108707.296
"2019-01-07","Midlands",113431.201
"2019-01-07","North East and Yorkshire",97847.009
"2019-01-07","East of England",114921.381
"2019-01-07","North West",87835.433
"2019-01-08","London",53813.525
"2019-01-08","South East",72073.215
"2019-01-08","South West",55543.434
"2019-01-08","Midlands",59706.94
"2019-01-08","North East and Yorkshire",115979.999
"2019-01-08","East of England",82304.717
"2019-01-08","North West",102418.305
"2019-01-09","London",56277.915
"2019-01-09","South East",60206.236
"2019-01-09","South West",58557.686
"2019-01-09","Midlands",64385.094
"2019-01-09","North East and Yorkshire",63755.037
"2019-01-09","East of England",68686.005
"2019-01-09","North West",65540.938
"2019-01-10","London",87132.518
"2019-01-10","South East",85546.129
"2019-01-10","South West",75596.495
"2019-01-10","Midlands",61875.618
"2019-01-10","North East and Yorkshire",61452.752
"2019-01-10","East of England",83243.624
"2019-01-10","North West",53546.594
"2019-01-11","London",72206.906
"2019-01-11","South East",80505.56
"2019-01-11","South West",119116.708
"2019-01-11","Midlands",126779.752
"2019-01-11","North East and Yorkshire",113556.665
"2019-01-11","East of England",68591.545
"2019-01-11","North West",120730.587
"2019-01-12","London",127109.243
"2019-01-12","South East",135433.754
"2019-01-12","South West",128684.457
"2019-01-12","Midlands",100773.794
"2019-01-12","North East and Yorkshire",71187.301
"2019-01-12","East of England",118482.431
"2019-01-12","North West",58534.31
"2019-01-13","London",91856.43
"2019-01-13","South East",105620.011
"2019-01-13","South West",106633.666
"2019-01-13","Midlands",76879.975
"2019-01-13","North East and Yorkshire",45815.764
"2019-01-13","East of England",82503.1
"2019-01-13","North West",37622.549
"2019-01-14","London",123468.54
"2019-01-14","South East",116255.961
"2019-01-14","South West",61702.151
"2019-01-14","Midlands",59483.739
"2019-01-14","North East and Yorkshire",53010.819
"2019-01-14","East of England",115475.2
"2019-01-14","North West",37764.521
"2019-01-15","London",97698.799
"2019-01-15","South East",96544.034
"2019-01-15","South West",49219.941
"2019-01-15","Midlands",49410.52
"2019-01-15","North East and Yorkshire",48909.384
"2019-01-15","East of England",94180.114
"2019-01-15","North West",42903.832
"2019-01-16","London",76202.421
"2019-01-16","South East",97637.396
"2019-01-16","South West",99896.418
"2019-01-16","Midlands",124506.058
"2019-01-16","North East and Yorkshire",120486.654
"2019-01-16","East of England",75193.162
"2019-01-16","North West",120990.469
"2019-01-17","London",85606.188
"2019-01-17","South East",80587.481
"2019-01-17","South West",102579.737
"2019-01-17","Midlands",77479.561
"2019-01-17","North East and Yorkshire",45654.125
"2019-01-17","East of England",90960.804
"2019-01-17","North West",58424.321
"2019-01-18","London",159689.379
"2019-01-18","South East",161581.317
"2019-01-18","South West",163276.392
"2019-01-18","Midlands",122361.076
"2019-01-18","North East and Yorkshire",118894.843
"2019-01-18","East of England",150366.023
"2019-01-18","North West",106518.769
"2019-01-19","London",90110.268
"2019-01-19","South East",94688.241
"2019-01-19","South West",63063.224
"2019-01-19","Midlands",46990.563
"2019-01-19","North East and Yorkshire",51011.116
"2019-01-19","East of England",98854.549
"2019-01-19","North West",31195.345
"2019-01-20","London",146427.083
"2019-01-20","South East",148344.963
"2019-01-20","South West",149253.882
"2019-01-20","Midlands",92606.657
"2019-01-20","North East and Yorkshire",85279.293
"2019-01-20","East of England",123488.007
"2019-01-20","North West",74229.026
"2019-01-21","London",116856.813
"2019-01-21","South East",114178.586
"2019-01-21","South West",80300.935
"2019-01-21","Midlands",84379.08
"2019-01-21","North East and Yorkshire",75192.908
"2019-01-21","East of England",121955.534
"2019-01-21","North West",55327.462
"2019-01-22","London",224339.397
"2019-01-22","South East",248079.628
"2019-01-22","South West",270940.286
"2019-01-22","Midlands",265370.757
"2019-01-22","North East and Yorkshire",219580.365
"2019-01-22","East of England",218478.589
"2019-01-22","North West",222836.298
"2019-01-23","London",272384.672
"2019-01-23","South East",305033.037
"2019-01-23","South West",276380.534
"2019-01-23","Midlands",300893.821
"2019-01-23","North East and Yorkshire",262014.578
"2019-01-23","East of England",275479.45
"2019-01-23","North West",272831.324
"2019-01-24","London",208870.62
"2019-01-24","South East",191566.196
"2019-01-24","South West",275955.448
"2019-01-24","Midlands",302958.59
"2019-01-24","North East and Yorkshire",241421.302
"2019-01-24","East of England",265077.923
"2019-01-24","North West",261458.929
"2019-01-25","London",301446.562
"2019-01-25","South East",306158.862
"2019-01-25","South West",206389.742
"2019-01-25","Midlands",181856.816
"2019-01-25","North East and Yorkshire",97461.35
"2019-01-25","East of England",281638.12
"2019-01-25","North West",94606.796
"2019-01-26","London",130105.694
"2019-01-26","South East",150314.767
"2019-01-26","South West",207141.095
"2019-01-26","Midlands",189124.697
"2019-01-26","North East and Yorkshire",185957.421
"2019-01-26","East of England",181057.86
"2019-01-26","North West",175729.693
"2019-01-27","London",118337.056
"2019-01-27","South East",142279.762
"2019-01-27","South West",219844.327
"2019-01-27","Midlands",179367.169
"2019-01-27","North East and Yorkshire",228647.862
"2019-01-27","East of England",140951.452
"2019-01-27","North West",223948.777
"2019-01-28","London",348644.864
"2019-01-28","South East",346118.252
"2019-01-28","South West",288703.193
"2019-01-28","Midlands",260424.229
"2019-01-28","North East and Yorkshire",241812.393
"2019-01-28","East of England",322504.771
"2019-01-28","North West",246328.749
"2019-01-29","London",188364.708
"2019-01-29","South East",179979.983
"2019-01-29","South West",120186.698
"2019-01-29","Midlands",134274.285
"2019-01-29","North East and Yorkshire",158494.17
"2019-01-29","East of England",176150.675
"2019-01-29","North West",149386.286
"2019-01-30","London",197243.917
"2019-01-30","South East",198872.071
"2019-01-30","South West",176691.101
"2019-01-30","Midlands",99385.466
"2019-01-30","North East and Yorkshire",56980.685
"2019-01-30","East of England",137309.656
"2019-01-30","North West",64490.866
"2019-01-31","London",137293.732
"2019-01-31","South East",146062.401
"2019-01-31","South West",168977.616
"2019-01-31","Midlands",129107.591
"2019-01-31","North East and Yorkshire",112494.277
"2019-01-31","East of England",128899.914
"2019-01-31","North West",108439.587
"2019-02-01","London",159091.681
"2019-02-01","South East",179857.317
"2019-02-01","South West",259727.356
"2019-02-01","Midlands",213900.232
"2019-02-01","North East and Yorkshire",192861.601
"2019-02-01","East of England",150308.846
"2019-02-01","North West",170272.138
"2019-02-02","London",245090.47
"2019-02-02","South East",247181.271
"2019-02-02","South West",200852.129
"2019-02-02","Midlands",165623.623
"2019-02-02","North East and Yorkshire",107927
"2019-02-02","East of England",222720.692
"2019-02-02","North West",53826.697
"2019-02-03","London",204933.699
"2019-02-03","South East",211052.576
"2019-02-03","South West",172348.2
"2019-02-03","Midlands",211609.738
"2019-02-03","North East and Yorkshire",179676.235
"2019-02-03","East of England",191703.78
"2019-02-03","North West",163122.046
"2019-02-04","London",237360.088
"2019-02-04","South East",249066.083
"2019-02-04","South West",179311.768
"2019-02-04","Midlands",130145.708
"2019-02-04","North East and Yorkshire",113625.638
"2019-02-04","East of England",233089.025
"2019-02-04","North West",72628.911
"2019-02-05","London",129781.972
"2019-02-05","South East",133341.869
"2019-02-05","South West",90229.151
"2019-02-05","Midlands",85978.742
"2019-02-05","North East and Yorkshire",139760.024
"2019-02-05","East of England",135758.387
"2019-02-05","North West",111812.009
"2019-02-06","London",59342.96
"2019-02-06","South East",65853.068
"2019-02-06","South West",102734.375
"2019-02-06","Midlands",80388.696
"2019-02-06","North East and Yorkshire",75177.135
"2019-02-06","East of England",78094.084
"2019-02-06","North West",71299.344
"2019-02-07","London",291771.906
"2019-02-07","South East",290516.242
"2019-02-07","South West",196267.677
"2019-02-07","Midlands",167314.742
"2019-02-07","North East and Yorkshire",110247.128
"2019-02-07","East of England",258250.681
"2019-02-07","North West",74000.72
"2019-02-08","London",180204.664
"2019-02-08","South East",205334.362
"2019-02-08","South West",239881.308
"2019-02-08","Midlands",185212.489
"2019-02-08","North East and Yorkshire",159527.189
"2019-02-08","East of England",224149.552
"2019-02-08","North West",81200.016
"2019-02-09","London",78517.515
"2019-02-09","South East",87413.986
"2019-02-09","South West",100730.163
"2019-02-09","Midlands",79183.92
"2019-02-09","North East and Yorkshire",96654.35
"2019-02-09","East of England",93385.034
"2019-02-09","North West",64220.158
"2019-02-10","London",165807.881
"2019-02-10","South East",196826.233
"2019-02-10","South West",206150.834
"2019-02-10","Midlands",179653.535
"2019-02-10","North East and Yorkshire",187025.619
"2019-02-10","East of England",137456.98
"2019-02-10","North West",177748.159
"2019-02-11","London",220449.51
"2019-02-11","South East",222933.146
"2019-02-11","South West",256438.641
"2019-02-11","Midlands",296362.291
"2019-02-11","North East and Yorkshire",293999.01
"2019-02-11","East of England",247339.594
"2019-02-11","North West",269447.789
"2019-02-12","London",21084.911
"2019-02-12","South East",26454.407
"2019-02-12","South West",32924.62
"2019-02-12","Midlands",16966.896
"2019-02-12","North East and Yorkshire",15667.838
"2019-02-12","East of England",30622.01
"2019-02-12","North West",16262.859
"2019-02-13","London",216842.849
"2019-02-13","South East",216280.079
"2019-02-13","South West",169183.59
"2019-02-13","Midlands",189868.197
"2019-02-13","North East and Yorkshire",159265.199
"2019-02-13","East of England",197735.441
"2019-02-13","North West",158695.663
"2019-02-14","London",83013.875
"2019-02-14","South East",90355.977
"2019-02-14","South West",93694.953
"2019-02-14","Midlands",71570.523
"2019-02-14","North East and Yorkshire",65331.819
"2019-02-14","East of England",77541.198
"2019-02-14","North West",54710.438
"2019-02-15","London",247559.079
"2019-02-15","South East",251825.05
"2019-02-15","South West",247133.658
"2019-02-15","Midlands",221323.847
"2019-02-15","North East and Yorkshire",183425.333
"2019-02-15","East of England",235490.496
"2019-02-15","North West",189063.879
"2019-02-16","London",151746.09
"2019-02-16","South East",151911.963
"2019-02-16","South West",158772.577
"2019-02-16","Midlands",159857.903
"2019-02-16","North East and Yorkshire",145674.471
"2019-02-16","East of England",166224.203
"2019-02-16","North West",122203.46
"2019-02-17","London",226202.498
"2019-02-17","South East",229523.95
"2019-02-17","South West",185596.39
"2019-02-17","Midlands",168656.282
"2019-02-17","North East and Yorkshire",147362.098
"2019-02-17","East of England",216204.845
"2019-02-17","North West",105010.654
"2019-02-18","London",148916.39
"2019-02-18","South East",165296.523
"2019-02-18","South West",109068.96
"2019-02-18","Midlands",65196.686
"2019-02-18","North East and Yorkshire",24203.964
"2019-02-18","East of England",129849.926
"2019-02-18","North West",16674.571
"2019-02-19","London",307986.412
"2019-02-19","South East",316026.558
"2019-02-19","South West",302585.576
"2019-02-19","Midlands",290599.481
"2019-02-19","North East and Yorkshire",232523.929
"2019-02-19","East of England",317047.917
"2019-02-19","North West",196866.793
"2019-02-20","London",332708.739
"2019-02-20","South East",328908.386
"2019-02-20","South West",289275.323
"2019-02-20","Midlands",316659.011
"2019-02-20","North East and Yorkshire",248264.458
"2019-02-20","East of England",328356.91
"2019-02-20","North West",214296.236
"2019-02-21","London",186106.759
"2019-02-21","South East",195936.909
"2019-02-21","South West",235453.698
"2019-02-21","Midlands",217169.551
"2019-02-21","North East and Yorkshire",162438.968
"2019-02-21","East of England",203640.778
"2019-02-21","North West",196270.204
"2019-02-22","London",272118.386
"2019-02-22","South East",260953.484
"2019-02-22","South West",161326.006
"2019-02-22","Midlands",176841.458
"2019-02-22","North East and Yorkshire",176934.268
"2019-02-22","East of England",280455.366
"2019-02-22","North West",124202.647
"2019-02-23","London",57598.289
"2019-02-23","South East",65914.344
"2019-02-23","South West",45598.72
"2019-02-23","Midlands",38609.055
"2019-02-23","North East and Yorkshire",40958.371
"2019-02-23","East of England",67865.435
"2019-02-23","North West",30402.772
"2019-02-24","London",41131.726
"2019-02-24","South East",45743.148
"2019-02-24","South West",84574.732
"2019-02-24","Midlands",133027.651
"2019-02-24","North East and Yorkshire",199539.103
"2019-02-24","East of England",62390.961
"2019-02-24","North West",210583.764
"2019-02-25","London",297182.847
"2019-02-25","South East",308469.352
"2019-02-25","South West",294878.696
"2019-02-25","Midlands",294880.857
"2019-02-25","North East and Yorkshire",243079.758
"2019-02-25","East of England",302543.265
"2019-02-25","North West",269235.61
"2019-02-26","London",454349.196
"2019-02-26","South East",420857.696
"2019-02-26","South West",328325.87
"2019-02-26","Midlands",432145.734
"2019-02-26","North East and Yorkshire",345850.277
"2019-02-26","East of England",466134.66
"2019-02-26","North West",412110.104
"2019-02-27","London",201012.806
"2019-02-27","South East",186260.923
"2019-02-27","South West",251085.942
"2019-02-27","Midlands",248935.839
"2019-02-27","North East and Yorkshire",206076.352
"2019-02-27","East of England",237192.929
"2019-02-27","North West",221314.981
"2019-02-28","London",399925.699
"2019-02-28","South East",420984.879
"2019-02-28","South West",413530.004
"2019-02-28","Midlands",200196.518
"2019-02-28","North East and Yorkshire",138622.618
"2019-02-28","East of England",387562.302
"2019-02-28","North West",121699.009
"2019-03-01","London",329165.415
"2019-03-01","South East",322531.18
"2019-03-01","South West",229245.103
"2019-03-01","Midlands",251021.221
"2019-03-01","North East and Yorkshire",252838.164
"2019-03-01","East of England",326526.233
"2019-03-01","North West",189573.531
"2019-03-02","London",421072.393
"2019-03-02","South East",410522.368
"2019-03-02","South West",404795.509
"2019-03-02","Midlands",453367.635
"2019-03-02","North East and Yorkshire",373864.576
"2019-03-02","East of England",454091.638
"2019-03-02","North West",354446.822
"2019-03-03","London",443719.655
"2019-03-03","South East",486118.215
"2019-03-03","South West",530536.342
"2019-03-03","Midlands",345034.275
"2019-03-03","North East and Yorkshire",229911.948
"2019-03-03","East of England",314962.136
"2019-03-03","North West",296636.345
"2019-03-04","London",517282.121
"2019-03-04","South East",533611.264
"2019-03-04","South West",461917.585
"2019-03-04","Midlands",494991.769
"2019-03-04","North East and Yorkshire",490270.031
"2019-03-04","East of England",524652.999
"2019-03-04","North West",435748.573
"2019-03-05","London",217659.356
"2019-03-05","South East",232013.883
"2019-03-05","South West",239118.16
"2019-03-05","Midlands",245835.153
"2019-03-05","North East and Yorkshire",284804.523
"2019-03-05","East of England",189487.737
"2019-03-05","North West",270302.616
"2019-03-06","London",298436.752
"2019-03-06","South East",308635.65
"2019-03-06","South West",275542.795
"2019-03-06","Midlands",269357.024
"2019-03-06","North East and Yorkshire",280761.248
"2019-03-06","East of England",312854.079
"2019-03-06","North West",268550.976
"2019-03-07","London",273544.06
"2019-03-07","South East",286576.041
"2019-03-07","South West",367713.081
"2019-03-07","Midlands",342487.889
"2019-03-07","North East and Yorkshire",313091.169
"2019-03-07","East of England",264542.354
"2019-03-07","North West",295592.137
"2019-03-08","London",399944.993
"2019-03-08","South East",421540.09
"2019-03-08","South West",376097.898
"2019-03-08","Midlands",347724.906
"2019-03-08","North East and Yorkshire",378079.684
"2019-03-08","East of England",396119.976
"2019-03-08","North West",344126.828
"2019-03-09","London",440696.146
"2019-03-09","South East",441816.256
"2019-03-09","South West",398811.143
"2019-03-09","Midlands",372658.527
"2019-03-09","North East and Yorkshire",373428.834
"2019-03-09","East of England",435307.369
"2019-03-09","North West",361864.975
"2019-03-10","London",492621.078
"2019-03-10","South East",494825.557
"2019-03-10","South West",462566.609
"2019-03-10","Midlands",461788.475
"2019-03-10","North East and Yorkshire",439506.302
"2019-03-10","East of England",479609.009
"2019-03-10","North West",443640.109
"2019-03-11","London",244899.698
"2019-03-11","South East",235754.913
"2019-03-11","South West",66623.523
"2019-03-11","Midlands",91154.169
"2019-03-11","North East and Yorkshire",93719.218
"2019-03-11","East of England",259298.412
"2019-03-11","North West",62285.101
"2019-03-12","London",303679.832
"2019-03-12","South East",319741.618
"2019-03-12","South West",258966.246
"2019-03-12","Midlands",230757.911
"2019-03-12","North East and Yorkshire",211580.233
"2019-03-12","East of England",305797.707
"2019-03-12","North West",160109.635
"2019-03-13","London",184670.228
"2019-03-13","South East",227789.064
"2019-03-13","South West",246180.241
"2019-03-13","Midlands",202471.545
"2019-03-13","North East and Yorkshire",204512.533
"2019-03-13","East of England",172684.368
"2019-03-13","North West",170471.14
"2019-03-14","London",226175.016
"2019-03-14","South East",247354.243
"2019-03-14","South West",283540.886
"2019-03-14","Midlands",303096.298
"2019-03-14","North East and Yorkshire",268301.252
"2019-03-14","East of England",238271.786
"2019-03-14","North West",278519.713
"2019-03-15","London",290448.227
"2019-03-15","South East",290855.755
"2019-03-15","South West",366803.539
"2019-03-15","Midlands",388915.817
"2019-03-15","North East and Yorkshire",363506.333
"2019-03-15","East of England",320763.406
"2019-03-15","North West",380801.326
"2019-03-16","London",423962.924
"2019-03-16","South East",426287.024
"2019-03-16","South West",406643.475
"2019-03-16","Midlands",378248.914
"2019-03-16","North East and Yorkshire",350267.545
"2019-03-16","East of England",402912.846
"2019-03-16","North West",379086.164
"2019-03-17","London",456805.527
"2019-03-17","South East",463258.533
"2019-03-17","South West",433588.798
"2019-03-17","Midlands",309339.128
"2019-03-17","North East and Yorkshire",257116.394
"2019-03-17","East of England",425954.832
"2019-03-17","North West",278859.941
"2019-03-18","London",456699.647
"2019-03-18","South East",463190.746
"2019-03-18","South West",469803.62
"2019-03-18","Midlands",438620.268
"2019-03-18","North East and Yorkshire",401841.511
"2019-03-18","East of England",444911.908
"2019-03-18","North West",425890.684
"2019-03-19","London",357391.564
"2019-03-19","South East",337095.33
"2019-03-19","South West",388373.678
"2019-03-19","Midlands",352763.157
"2019-03-19","North East and Yorkshire",268654.689
"2019-03-19","East of England",290585.089
"2019-03-19","North West",389505.176
"2019-03-20","London",363205.489
"2019-03-20","South East",409351.265
"2019-03-20","South West",409567.943
"2019-03-20","Midlands",282802.082
"2019-03-20","North East and Yorkshire",223115.388
"2019-03-20","East of England",323635.809
"2019-03-20","North West",335946.404
"2019-03-21","London",399361.9
"2019-03-21","South East",438757.647
"2019-03-21","South West",424311.762
"2019-03-21","Midlands",283338.959
"2019-03-21","North East and Yorkshire",256702.391
"2019-03-21","East of England",384917.842
"2019-03-21","North West",262295.51
"2019-03-22","London",515273.46
"2019-03-22","South East",510128.938
"2019-03-22","South West",388659.085
"2019-03-22","Midlands",280668.055
"2019-03-22","North East and Yorkshire",312787.492
"2019-03-22","East of England",483537.715
"2019-03-22","North West",307933.298
"2019-03-23","London",419456.072
"2019-03-23","South East",391186.895
"2019-03-23","South West",282864.889
"2019-03-23","Midlands",307587.248
"2019-03-23","North East and Yorkshire",176404.145
"2019-03-23","East of England",463526.388
"2019-03-23","North West",177684.056
"2019-03-24","London",200374.952
"2019-03-24","South East",260534.438
"2019-03-24","South West",343051.69
"2019-03-24","Midlands",148605.619
"2019-03-24","North East and Yorkshire",122767.612
"2019-03-24","East of England",171068.206
"2019-03-24","North West",129666.492
"2019-03-25","London",165185.146
"2019-03-25","South East",201390.375
"2019-03-25","South West",258655.357
"2019-03-25","Midlands",192308.104
"2019-03-25","North East and Yorkshire",206610.472
"2019-03-25","East of England",196143.181
"2019-03-25","North West",235713.799
"2019-03-26","London",475813.942
"2019-03-26","South East",389214.605
"2019-03-26","South West",353352.638
"2019-03-26","Midlands",470953.973
"2019-03-26","North East and Yorkshire",445929.498
"2019-03-26","East of England",528685.686
"2019-03-26","North West",457788.01
"2019-03-27","London",468337.034
"2019-03-27","South East",450009.413
"2019-03-27","South West",486838.354
"2019-03-27","Midlands",451269.161
"2019-03-27","North East and Yorkshire",437672.878
"2019-03-27","East of England",529151.977
"2019-03-27","North West",441346.544
"2019-03-28","London",354022.858
"2019-03-28","South East",348309.25
"2019-03-28","South West",375404.166
"2019-03-28","Midlands",350775.902
"2019-03-28","North East and Yorkshire",404781.533
"2019-03-28","East of England",402957.416
"2019-03-28","North West",404734.798
"2019-03-29","London",570955.575
"2019-03-29","South East",578693.559
"2019-03-29","South West",611848.922
"2019-03-29","Midlands",556218.718
"2019-03-29","North East and Yorkshire",559270.43
"2019-03-29","East of England",582885.784
"2019-03-29","North West",559255.092
"2019-03-30","London",620876.053
"2019-03-30","South East",640818.606
"2019-03-30","South West",635360.633
"2019-03-30","Midlands",615583.98
"2019-03-30","North East and Yorkshire",558631.307
"2019-03-30","East of England",566616.065
"2019-03-30","North West",598903.853
"2019-03-31","London",325676.053
"2019-03-31","South East",421264.595
"2019-03-31","South West",396296.076
"2019-03-31","Midlands",353584.282
"2019-03-31","North East and Yorkshire",563256.845
"2019-03-31","East of England",342701.133
"2019-03-31","North West",542500.678
"2019-04-01","London",586163.552
"2019-04-01","South East",600770.961
"2019-04-01","South West",622625.172
"2019-04-01","Midlands",413537.673
"2019-04-01","North East and Yorkshire",248469.363
"2019-04-01","East of England",548458.894
"2019-04-01","North West",210696.667
"2019-04-02","London",135622.588
"2019-04-02","South East",170922.437
"2019-04-02","South West",262848.678
"2019-04-02","Midlands",181687.858
"2019-04-02","North East and Yorkshire",268209.261
"2019-04-02","East of England",137345.181
"2019-04-02","North West",287882.894
"2019-04-03","London",372328.931
"2019-04-03","South East",367609.335
"2019-04-03","South West",473106.437
"2019-04-03","Midlands",392256.74
"2019-04-03","North East and Yorkshire",370724.718
"2019-04-03","East of England",353035.869
"2019-04-03","North West",389206.377
"2019-04-04","London",168056.182
"2019-04-04","South East",199118.231
"2019-04-04","South West",347159.266
"2019-04-04","Midlands",248697.62
"2019-04-04","North East and Yorkshire",256639.043
"2019-04-04","East of England",150720.77
"2019-04-04","North West",363132.157
"2019-04-05","London",428767.518
"2019-04-05","South East",391176.114
"2019-04-05","South West",253027.563
"2019-04-05","Midlands",175229.94
"2019-04-05","North East and Yorkshire",179620.841
"2019-04-05","East of England",403289.675
"2019-04-05","North West",209481.602
"2019-04-06","London",213868.577
"2019-04-06","South East",252966.508
"2019-04-06","South West",224280.421
"2019-04-06","Midlands",234982.059
"2019-04-06","North East and Yorkshire",387017.639
"2019-04-06","East of England",231790.466
"2019-04-06","North West",304029.95
"2019-04-07","London",416991.312
"2019-04-07","South East",371554.829
"2019-04-07","South West",261905.019
"2019-04-07","Midlands",260197.62
"2019-04-07","North East and Yorkshire",368795.766
"2019-04-07","East of England",402588.524
"2019-04-07","North West",265403.115
"2019-04-08","London",416945.271
"2019-04-08","South East",443861.258
"2019-04-08","South West",532516.358
"2019-04-08","Midlands",479107.2
"2019-04-08","North East and Yorkshire",519732.58
"2019-04-08","East of England",522716.398
"2019-04-08","North West",398929.095
"2019-04-09","London",549538.029
"2019-04-09","South East",603465.895
"2019-04-09","South West",642873.51
"2019-04-09","Midlands",448195.724
"2019-04-09","North East and Yorkshire",462274.172
"2019-04-09","East of England",521365.913
"2019-04-09","North West",510047.219
"2019-04-10","London",432306.115
"2019-04-10","South East",494927.841
"2019-04-10","South West",646764.357
"2019-04-10","Midlands",513206.725
"2019-04-10","North East and Yorkshire",472379.989
"2019-04-10","East of England",434951.449
"2019-04-10","North West",493816.285
"2019-04-11","London",519355.189
"2019-04-11","South East",515677.075
"2019-04-11","South West",611947.17
"2019-04-11","Midlands",683182.903
"2019-04-11","North East and Yorkshire",614504.952
"2019-04-11","East of England",535893.763
"2019-04-11","North West",612178.161
"2019-04-12","London",733691.044
"2019-04-12","South East",753517.846
"2019-04-12","South West",650629.5
"2019-04-12","Midlands",715683.152
"2019-04-12","North East and Yorkshire",701102.95
"2019-04-12","East of England",738096.767
"2019-04-12","North West",685752.267
"2019-04-13","London",629279.586
"2019-04-13","South East",683289.964
"2019-04-13","South West",686073.696
"2019-04-13","Midlands",608931.566
"2019-04-13","North East and Yorkshire",522895.001
"2019-04-13","East of England",650617.973
"2019-04-13","North West",476316.949
"2019-04-14","London",517765.804
"2019-04-14","South East",539454.855
"2019-04-14","South West",464049.482
"2019-04-14","Midlands",429035.712
"2019-04-14","North East and Yorkshire",537154.783
"2019-04-14","East of England",533400.126
"2019-04-14","North West",493520.766
"2019-04-15","London",748221.347
"2019-04-15","South East",754944.242
"2019-04-15","South West",747640.919
"2019-04-15","Midlands",514930.742
"2019-04-15","North East and Yorkshire",431956.941
"2019-04-15","East of England",743387.467
"2019-04-15","North West",368444.826
"2019-04-16","London",433250.518
"2019-04-16","South East",527003.373
"2019-04-16","South West",624707.807
"2019-04-16","Midlands",417179.489
"2019-04-16","North East and Yorkshire",380190.223
"2019-04-16","East of England",530894.456
"2019-04-16","North West",491174
"2019-04-17","London",1033449.847
"2019-04-17","South East",1038513.054
"2019-04-17","South West",936653.046
"2019-04-17","Midlands",934941.136
"2019-04-17","North East and Yorkshire",804969.347
"2019-04-17","East of England",993677.889
"2019-04-17","North West",832621.991
"2019-04-18","London",765014.203
"2019-04-18","South East",759069.035
"2019-04-18","South West",546487.474
"2019-04-18","Midlands",736808.981
"2019-04-18","North East and Yorkshire",738672.713
"2019-04-18","East of England",825026.251
"2019-04-18","North West",702384.662
"2019-04-19","London",640854.013
"2019-04-19","South East",691509.832
"2019-04-19","South West",644587.261
"2019-04-19","Midlands",651542.748
"2019-04-19","North East and Yorkshire",588516.703
"2019-04-19","East of England",664711.861
"2019-04-19","North West",682015.185
"2019-04-20","London",265301.71
"2019-04-20","South East",251711.253
"2019-04-20","South West",288528.32
"2019-04-20","Midlands",292115.8
"2019-04-20","North East and Yorkshire",644061.659
"2019-04-20","East of England",399424.508
"2019-04-20","North West",602597.177
"2019-04-21","London",480275.32
"2019-04-21","South East",565688.676
"2019-04-21","South West",720278.714
"2019-04-21","Midlands",650574.975
"2019-04-21","North East and Yorkshire",657982.975
"2019-04-21","East of England",626681.699
"2019-04-21","North West",704038.54
"2019-04-22","London",316002.427
"2019-04-22","South East",289794.428
"2019-04-22","South West",171054.835
"2019-04-22","Midlands",198115.795
"2019-04-22","North East and Yorkshire",216395.615
"2019-04-22","East of England",418889.026
"2019-04-22","North West",226068.265
"2019-04-23","London",800716.418
"2019-04-23","South East",870384.533
"2019-04-23","South West",870515.014
"2019-04-23","Midlands",803118.325
"2019-04-23","North East and Yorkshire",815107.023
"2019-04-23","East of England",785269.452
"2019-04-23","North West",883307.748
"2019-04-24","London",398137.092
"2019-04-24","South East",475095.558
"2019-04-24","South West",452993.332
"2019-04-24","Midlands",689865.46
"2019-04-24","North East and Yorkshire",738563.439
"2019-04-24","East of England",624416.351
"2019-04-24","North West",791623.683
"2019-04-25","London",454724.411
"2019-04-25","South East",421892.121
"2019-04-25","South West",243599.735
"2019-04-25","Midlands",407002.646
"2019-04-25","North East and Yorkshire",471515.751
"2019-04-25","East of England",521050.729
"2019-04-25","North West",406582.166
"2019-04-26","London",397373.317
"2019-04-26","South East",457542.164
"2019-04-26","South West",511523.935
"2019-04-26","Midlands",385992.914
"2019-04-26","North East and Yorkshire",319480.88
"2019-04-26","East of England",349694.338
"2019-04-26","North West",462079.672
"2019-04-27","London",873881.602
"2019-04-27","South East",833139.498
"2019-04-27","South West",627829.424
"2019-04-27","Midlands",732371.879
"2019-04-27","North East and Yorkshire",457590.974
"2019-04-27","East of England",869681.9
"2019-04-27","North West",620024.031
"2019-04-28","London",702513.899
"2019-04-28","South East",664081.78
"2019-04-28","South West",357101.364
"2019-04-28","Midlands",460476.716
"2019-04-28","North East and Yorkshire",388579.043
"2019-04-28","East of England",772496.326
"2019-04-28","North West",265125.06
"2019-04-29","London",615392.764
"2019-04-29","South East",668947.244
"2019-04-29","South West",746555.973
"2019-04-29","Midlands",745085.397
"2019-04-29","North East and Yorkshire",594955.977
"2019-04-29","East of England",640910.378
"2019-04-29","North West",705278.563
"2019-04-30","London",536834.886
"2019-04-30","South East",597108.934
"2019-04-30","South West",690045.536
"2019-04-30","Midlands",664811.453
"2019-04-30","North East and Yorkshire",680404.621
"2019-04-30","East of England",646745.915
"2019-04-30","North West",720744.378
"2019-05-01","London",888834.92
"2019-05-01","South East",877606.099
"2019-05-01","South West",847920.033
"2019-05-01","Midlands",772211.268
"2019-05-01","North East and Yorkshire",815969.208
"2019-05-01","East of England",905762.22
"2019-05-01","North West",825834.131
"2019-05-02","London",955368.294
"2019-05-02","South East",913941.539
"2019-05-02","South West",820339.75
"2019-05-02","Midlands",848900.885
"2019-05-02","North East and Yorkshire",933285.389
"2019-05-02","East of England",953109.236
"2019-05-02","North West",928907.358
"2019-05-03","London",534404.613
"2019-05-03","South East",565360.194
"2019-05-03","South West",488664.465
"2019-05-03","Midlands",663403.735
"2019-05-03","North East and Yorkshire",882199.143
"2019-05-03","East of England",668071.548
"2019-05-03","North West",830750.684
"2019-05-04","London",692529.029
"2019-05-04","South East",755863.301
"2019-05-04","South West",620292.259
"2019-05-04","Midlands",656949.324
"2019-05-04","North East and Yorkshire",754070.484
"2019-05-04","East of England",677771.308
"2019-05-04","North West",726226.365
"2019-05-05","London",847537.81
"2019-05-05","South East",856326.857
"2019-05-05","South West",730394.504
"2019-05-05","Midlands",791977.619
"2019-05-05","North East and Yorkshire",783432.874
"2019-05-05","East of England",915335.127
"2019-05-05","North West",671201.895
"2019-05-06","London",574544.249
"2019-05-06","South East",650098.689
"2019-05-06","South West",692527.594
"2019-05-06","Midlands",535208.838
"2019-05-06","North East and Yorkshire",643985.425
"2019-05-06","East of England",651938.483
"2019-05-06","North West",618740.605
"2019-05-07","London",898232.622
"2019-05-07","South East",899189.605
"2019-05-07","South West",813778.826
"2019-05-07","Midlands",902974.229
"2019-05-07","North East and Yorkshire",947786.751
"2019-05-07","East of England",941858.587
"2019-05-07","North West",970875.809
"2019-05-08","London",816990.067
"2019-05-08","South East",871380.764
"2019-05-08","South West",990861.988
"2019-05-08","Midlands",946655.017
"2019-05-08","North East and Yorkshire",954611.141
"2019-05-08","East of England",852116.641
"2019-05-08","North West",994969.755
"2019-05-09","London",334900.201
"2019-05-09","South East",369359.101
"2019-05-09","South West",496042.725
"2019-05-09","Midlands",343220.205
"2019-05-09","North East and Yorkshire",398765.016
"2019-05-09","East of England",451637.251
"2019-05-09","North West",279472.18
"2019-05-10","London",522488.747
"2019-05-10","South East",608278.905
"2019-05-10","South West",454813.055
"2019-05-10","Midlands",284790.161
"2019-05-10","North East and Yorkshire",275510.402
"2019-05-10","East of England",487406.23
"2019-05-10","North West",245319.683
"2019-05-11","London",728936.498
"2019-05-11","South East",697676.207
"2019-05-11","South West",872923.832
"2019-05-11","Midlands",707021.203
"2019-05-11","North East and Yorkshire",585877.015
"2019-05-11","East of England",726518.123
"2019-05-11","North West",799323.431
"2019-05-12","London",641343.564
"2019-05-12","South East",619469.673
"2019-05-12","South West",439517.312
"2019-05-12","Midlands",591037.305
"2019-05-12","North East and Yorkshire",703828.48
"2019-05-12","East of England",677723.105
"2019-05-12","North West",524534.563
"2019-05-13","London",906861.47
"2019-05-13","South East",901572.315
"2019-05-13","South West",863581.12
"2019-05-13","Midlands",778942.702
"2019-05-13","North East and Yorkshire",861053.95
"2019-05-13","East of England",914061.687
"2019-05-13","North West",799154.701
"2019-05-14","London",794556.355
"2019-05-14","South East",838753.259
"2019-05-14","South West",816223.674
"2019-05-14","Midlands",753826.761
"2019-05-14","North East and Yorkshire",653401.708
"2019-05-14","East of England",810745.284
"2019-05-14","North West",730893.293
"2019-05-15","London",636386.656
"2019-05-15","South East",665056.112
"2019-05-15","South West",664253.623
"2019-05-15","Midlands",260571.579
"2019-05-15","North East and Yorkshire",246479.96
"2019-05-15","East of England",466091.936
"2019-05-15","North West",249199.163
"2019-05-16","London",621472.384
"2019-05-16","South East",744142.283
"2019-05-16","South West",678924.594
"2019-05-16","Midlands",398399.769
"2019-05-16","North East and Yorkshire",488109.437
"2019-05-16","East of England",633374.751
"2019-05-16","North West",409750.97
"2019-05-17","London",909397.49
"2019-05-17","South East",943338.843
"2019-05-17","South West",883866.343
"2019-05-17","Midlands",763136.183
"2019-05-17","North East and Yorkshire",746698.839
"2019-05-17","East of England",814676.118
"2019-05-17","North West",707400.671
"2019-05-18","London",849441.249
"2019-05-18","South East",892049.023
"2019-05-18","South West",977873.057
"2019-05-18","Midlands",885733.432
"2019-05-18","North East and Yorkshire",896590.157
"2019-05-18","East of England",822325.134
"2019-05-18","North West",974433.034
"2019-05-19","London",858703.306
"2019-05-19","South East",920229.712
"2019-05-19","South West",1034668.976
"2019-05-19","Midlands",931848.23
"2019-05-19","North East and Yorkshire",921037.124
"2019-05-19","East of England",940971.085
"2019-05-19","North West",1075206.956
"2019-05-20","London",1102430.444
"2019-05-20","South East",1108841.712
"2019-05-20","South West",1127265.163
"2019-05-20","Midlands",1063153.73
"2019-05-20","North East and Yorkshire",1040936.25
"2019-05-20","East of England",1101635.896
"2019-05-20","North West",1061432.279
"2019-05-21","London",908617.796
"2019-05-21","South East",962691.192
"2019-05-21","South West",843142.337
"2019-05-21","Midlands",877324.073
"2019-05-21","North East and Yorkshire",763292.031
"2019-05-21","East of England",961352.068
"2019-05-21","North West",820328.624
"2019-05-22","London",688586.354
"2019-05-22","South East",772244.933
"2019-05-22","South West",756086.997
"2019-05-22","Midlands",777256.211
"2019-05-22","North East and Yorkshire",729123.12
"2019-05-22","East of England",798423.36
"2019-05-22","North West",890999.806
"2019-05-23","London",545247.496
"2019-05-23","South East",525285.15
"2019-05-23","South West",314100.869
"2019-05-23","Midlands",467710.483
"2019-05-23","North East and Yorkshire",614467.021
"2019-05-23","East of England",615348.972
"2019-05-23","North West",482040.046
"2019-05-24","London",921901.891
"2019-05-24","South East",915992.058
"2019-05-24","South West",840248.046
"2019-05-24","Midlands",848672.366
"2019-05-24","North East and Yorkshire",757540.343
"2019-05-24","East of England",896577.595
"2019-05-24","North West",775602.044
"2019-05-25","London",876866.109
"2019-05-25","South East",878189.953
"2019-05-25","South West",895578.161
"2019-05-25","Midlands",735042.121
"2019-05-25","North East and Yorkshire",659703.928
"2019-05-25","East of England",857908.912
"2019-05-25","North West",796085.183
"2019-05-26","London",904564.398
"2019-05-26","South East",928108.746
"2019-05-26","South West",901539.291
"2019-05-26","Midlands",866084.911
"2019-05-26","North East and Yorkshire",984574.738
"2019-05-26","East of England",937798.129
"2019-05-26","North West",990415.222
"2019-05-27","London",1109879.006
"2019-05-27","South East",1051119.37
"2019-05-27","South West",961976.635
"2019-05-27","Midlands",870379.962
"2019-05-27","North East and Yorkshire",861420.675
"2019-05-27","East of England",1050773.942
"2019-05-27","North West",874394.784
"2019-05-28","London",898232.622
"2019-05-28","South East",899189.605
"2019-05-28","South West",813778.826
"2019-05-28","Midlands",902974.229
"2019-05-28","North East and Yorkshire",947786.751
"2019-05-28","East of England",941858.587
"2019-05-28","North West",970875.809
"2019-05-29","London",816990.067
"2019-05-29","South East",871380.764
"2019-05-29","South West",990861.988
"2019-05-29","Midlands",946655.017
"2019-05-29","North East and Yorkshire",954611.141
"2019-05-29","East of England",852116.641
"2019-05-29","North West",994969.755
"2019-05-30","London",334900.201
"2019-05-30","South East",369359.101
"2019-05-30","South West",496042.725
"2019-05-30","Midlands",343220.205
"2019-05-30","North East and Yorkshire",398765.016
"2019-05-30","East of England",451637.251
"2019-05-30","North West",279472.18
"2019-05-31","London",522488.747
"2019-05-31","South East",608278.905
"2019-05-31","South West",454813.055
"2019-05-31","Midlands",284790.161
"2019-05-31","North East and Yorkshire",275510.402
"2019-05-31","East of England",487406.23
"2019-05-31","North West",245319.683
"2019-06-01","London",728936.498
"2019-06-01","South East",697676.207
"2019-06-01","South West",872923.832
"2019-06-01","Midlands",707021.203
"2019-06-01","North East and Yorkshire",585877.015
"2019-06-01","East of England",726518.123
"2019-06-01","North West",799323.431
"2019-06-02","London",641343.564
"2019-06-02","South East",619469.673
"2019-06-02","South West",439517.312
"2019-06-02","Midlands",591037.305
"2019-06-02","North East and Yorkshire",703828.48
"2019-06-02","East of England",677723.105
"2019-06-02","North West",524534.563
"2019-06-03","London",906861.47
"2019-06-03","South East",901572.315
"2019-06-03","South West",863581.12
"2019-06-03","Midlands",778942.702
"2019-06-03","North East and Yorkshire",861053.95
"2019-06-03","East of England",914061.687
"2019-06-03","North West",799154.701
"2019-06-04","London",427609.707
"2019-06-04","South East",513427.794
"2019-06-04","South West",676890.081
"2019-06-04","Midlands",749185.186
"2019-06-04","North East and Yorkshire",845323.4
"2019-06-04","East of England",535577.46
"2019-06-04","North West",870028.762
"2019-06-05","London",249845.296
"2019-06-05","South East",333984.223
"2019-06-05","South West",425360.597
"2019-06-05","Midlands",379966.763
"2019-06-05","North East and Yorkshire",658757.9
"2019-06-05","East of England",269812.992
"2019-06-05","North West",711383.833
"2019-06-06","London",897059.184
"2019-06-06","South East",867051.02
"2019-06-06","South West",725674.968
"2019-06-06","Midlands",736842.372
"2019-06-06","North East and Yorkshire",748627.603
"2019-06-06","East of England",876403.027
"2019-06-06","North West",733692.633
"2019-06-07","London",885977.718
"2019-06-07","South East",921738.126
"2019-06-07","South West",939941.697
"2019-06-07","Midlands",982882.763
"2019-06-07","North East and Yorkshire",816562.024
"2019-06-07","East of England",970281.476
"2019-06-07","North West",918578.343
"2019-06-08","London",1061301.084
"2019-06-08","South East",1041141.565
"2019-06-08","South West",933866.474
"2019-06-08","Midlands",1009003.749
"2019-06-08","North East and Yorkshire",932602.259
"2019-06-08","East of England",1094476.95
"2019-06-08","North West",896834.127
"2019-06-09","London",531496.208
"2019-06-09","South East",517105.959
"2019-06-09","South West",555712.207
"2019-06-09","Midlands",587498.992
"2019-06-09","North East and Yorkshire",610513.057
"2019-06-09","East of England",558642.168
"2019-06-09","North West",529802.766
"2019-06-10","London",829662.075
"2019-06-10","South East",799823.296
"2019-06-10","South West",741770.122
"2019-06-10","Midlands",637391.739
"2019-06-10","North East and Yorkshire",422306.601
"2019-06-10","East of England",793663.339
"2019-06-10","North West",543438.713
"2019-06-11","London",755706.674
"2019-06-11","South East",828094.234
"2019-06-11","South West",664638.577
"2019-06-11","Midlands",630627.878
"2019-06-11","North East and Yorkshire",789834.83
"2019-06-11","East of England",837543.795
"2019-06-11","North West",855825.973
"2019-06-12","London",926947.054
"2019-06-12","South East",1019458.046
"2019-06-12","South West",1139065.962
"2019-06-12","Midlands",1109755.362
"2019-06-12","North East and Yorkshire",1089391.516
"2019-06-12","East of England",928604.694
"2019-06-12","North West",965663.705
"2019-06-13","London",1033218.43
"2019-06-13","South East",1059285.794
"2019-06-13","South West",914527.9
"2019-06-13","Midlands",917947.443
"2019-06-13","North East and Yorkshire",907027.634
"2019-06-13","East of England",972851.068
"2019-06-13","North West",875189.112
"2019-06-14","London",1120264.963
"2019-06-14","South East",1162329.739
"2019-06-14","South West",1190332.08
"2019-06-14","Midlands",936941.272
"2019-06-14","North East and Yorkshire",787305.652
"2019-06-14","East of England",1151888.048
"2019-06-14","North West",772224.398
"2019-06-15","London",1132601.299
"2019-06-15","South East",1187758.318
"2019-06-15","South West",1223305.397
"2019-06-15","Midlands",1198821.921
"2019-06-15","North East and Yorkshire",958399.955
"2019-06-15","East of England",1129827.196
"2019-06-15","North West",1097144.419
"2019-06-16","London",1165940.766
"2019-06-16","South East",1160995.12
"2019-06-16","South West",998082.498
"2019-06-16","Midlands",726722.377
"2019-06-16","North East and Yorkshire",616307.724
"2019-06-16","East of England",1073131.868
"2019-06-16","North West",701548.466
"2019-06-17","London",1076859.429
"2019-06-17","South East",1119838.474
"2019-06-17","South West",1179178.566
"2019-06-17","Midlands",970020.6
"2019-06-17","North East and Yorkshire",1087449.867
"2019-06-17","East of England",998596.605
"2019-06-17","North West",1109892.51
"2019-06-18","London",777216.219
"2019-06-18","South East",836256.243
"2019-06-18","South West",853979.447
"2019-06-18","Midlands",665076.228
"2019-06-18","North East and Yorkshire",521508.903
"2019-06-18","East of England",738072.134
"2019-06-18","North West",556021.884
"2019-06-19","London",869638.124
"2019-06-19","South East",900042.381
"2019-06-19","South West",764634.287
"2019-06-19","Midlands",778836.618
"2019-06-19","North East and Yorkshire",789211.952
"2019-06-19","East of England",811833.253
"2019-06-19","North West",761559.012
"2019-06-20","London",740619.477
"2019-06-20","South East",804584.183
"2019-06-20","South West",857013.044
"2019-06-20","Midlands",835993.936
"2019-06-20","North East and Yorkshire",896155.694
"2019-06-20","East of England",798080.609
"2019-06-20","North West",884212.102
"2019-06-21","London",774311.969
"2019-06-21","South East",868275.304
"2019-06-21","South West",695616.356
"2019-06-21","Midlands",809232.32
"2019-06-21","North East and Yorkshire",778022.772
"2019-06-21","East of England",801652.825
"2019-06-21","North West",791587.561
"2019-06-22","London",593293.306
"2019-06-22","South East",584044.067
"2019-06-22","South West",581262.938
"2019-06-22","Midlands",626065.9
"2019-06-22","North East and Yorkshire",601546.396
"2019-06-22","East of England",619637.038
"2019-06-22","North West",636696.854
"2019-06-23","London",641456.701
"2019-06-23","South East",644207.977
"2019-06-23","South West",465648.621
"2019-06-23","Midlands",639367.146
"2019-06-23","North East and Yorkshire",730369.653
"2019-06-23","East of England",761441.024
"2019-06-23","North West",677344.892
"2019-06-24","London",572911.641
"2019-06-24","South East",652238.788
"2019-06-24","South West",571507.192
"2019-06-24","Midlands",487011.928
"2019-06-24","North East and Yorkshire",439463.779
"2019-06-24","East of England",618323.268
"2019-06-24","North West",352281.996
"2019-06-25","London",908617.796
"2019-06-25","South East",962691.192
"2019-06-25","South West",843142.337
"2019-06-25","Midlands",877324.073
"2019-06-25","North East and Yorkshire",763292.031
"2019-06-25","East of England",961352.068
"2019-06-25","North West",820328.624
"2019-06-26","London",688586.354
"2019-06-26","South East",772244.933
"2019-06-26","South West",756086.997
"2019-06-26","Midlands",777256.211
"2019-06-26","North East and Yorkshire",729123.12
"2019-06-26","East of England",798423.36
"2019-06-26","North West",890999.806
"2019-06-27","London",545247.496
"2019-06-27","South East",525285.15
"2019-06-27","South West",314100.869
"2019-06-27","Midlands",467710.483
"2019-06-27","North East and Yorkshire",614467.021
"2019-06-27","East of England",615348.972
"2019-06-27","North West",482040.046
"2019-06-28","London",921901.891
"2019-06-28","South East",915992.058
"2019-06-28","South West",840248.046
"2019-06-28","Midlands",848672.366
"2019-06-28","North East and Yorkshire",757540.343
"2019-06-28","East of England",896577.595
"2019-06-28","North West",775602.044
"2019-06-29","London",876866.109
"2019-06-29","South East",878189.953
"2019-06-29","South West",895578.161
"2019-06-29","Midlands",735042.121
"2019-06-29","North East and Yorkshire",659703.928
"2019-06-29","East of England",857908.912
"2019-06-29","North West",796085.183
"2019-06-30","London",904564.398
"2019-06-30","South East",928108.746
"2019-06-30","South West",901539.291
"2019-06-30","Midlands",866084.911
"2019-06-30","North East and Yorkshire",984574.738
"2019-06-30","East of England",937798.129
"2019-06-30","North West",990415.222
"2019-07-01","London",1109879.006
"2019-07-01","South East",1051119.37
"2019-07-01","South West",961976.635
"2019-07-01","Midlands",870379.962
"2019-07-01","North East and Yorkshire",861420.675
"2019-07-01","East of England",1050773.942
"2019-07-01","North West",874394.784
"2019-07-02","London",544486.066
"2019-07-02","South East",560308.831
"2019-07-02","South West",394410.363
"2019-07-02","Midlands",634300.142
"2019-07-02","North East and Yorkshire",949112.971
"2019-07-02","East of England",585657.3
"2019-07-02","North West",1025977.551
"2019-07-03","London",891724.449
"2019-07-03","South East",892068.671
"2019-07-03","South West",868465.073
"2019-07-03","Midlands",872244.557
"2019-07-03","North East and Yorkshire",851679.259
"2019-07-03","East of England",942745.792
"2019-07-03","North West",855103.679
"2019-07-04","London",915215.454
"2019-07-04","South East",974067.577
"2019-07-04","South West",909243.803
"2019-07-04","Midlands",766565.517
"2019-07-04","North East and Yorkshire",731791.207
"2019-07-04","East of England",844179.665
"2019-07-04","North West",736568.657
"2019-07-05","London",1195683.999
"2019-07-05","South East",1196249.63
"2019-07-05","South West",1054480.992
"2019-07-05","Midlands",1080308.717
"2019-07-05","North East and Yorkshire",1073434.622
"2019-07-05","East of England",1174147.934
"2019-07-05","North West",967833.537
"2019-07-06","London",783258.254
"2019-07-06","South East",751955.762
"2019-07-06","South West",625617.005
"2019-07-06","Midlands",750133.158
"2019-07-06","North East and Yorkshire",810107.947
"2019-07-06","East of England",855337.115
"2019-07-06","North West",685777.903
"2019-07-07","London",763426.266
"2019-07-07","South East",791903.58
"2019-07-07","South West",898579.309
"2019-07-07","Midlands",828304.309
"2019-07-07","North East and Yorkshire",815453.954
"2019-07-07","East of England",750178.232
"2019-07-07","North West",859340.881
"2019-07-08","London",891743.519
"2019-07-08","South East",838617.776
"2019-07-08","South West",543564.266
"2019-07-08","Midlands",582326.952
"2019-07-08","North East and Yorkshire",652341.81
"2019-07-08","East of England",875606.734
"2019-07-08","North West",585733.059
"2019-07-09","London",804931.453
"2019-07-09","South East",961061.555
"2019-07-09","South West",1195464.204
"2019-07-09","Midlands",1187669.918
"2019-07-09","North East and Yorkshire",1112990.254
"2019-07-09","East of England",980159.572
"2019-07-09","North West",1120380.062
"2019-07-10","London",1074961.048
"2019-07-10","South East",1023894.793
"2019-07-10","South West",960523.422
"2019-07-10","Midlands",1127565.845
"2019-07-10","North East and Yorkshire",913034.841
"2019-07-10","East of England",1116446.464
"2019-07-10","North West",708646.165
"2019-07-11","London",460049.631
"2019-07-11","South East",515925.825
"2019-07-11","South West",444916.498
"2019-07-11","Midlands",499266.189
"2019-07-11","North East and Yorkshire",595555.074
"2019-07-11","East of England",534684.348
"2019-07-11","North West",708248.976
"2019-07-12","London",151843.474
"2019-07-12","South East",180282.919
"2019-07-12","South West",416429.68
"2019-07-12","Midlands",243457.648
"2019-07-12","North East and Yorkshire",439520.317
"2019-07-12","East of England",200289.673
"2019-07-12","North West",570398.121
"2019-07-13","London",434074.469
"2019-07-13","South East",534192.098
"2019-07-13","South West",659876.767
"2019-07-13","Midlands",630587.691
"2019-07-13","North East and Yorkshire",602479.169
"2019-07-13","East of England",535329.045
"2019-07-13","North West",811468.54
"2019-07-14","London",494542.951
"2019-07-14","South East",630366.904
"2019-07-14","South West",431576.788
"2019-07-14","Midlands",345949.99
"2019-07-14","North East and Yorkshire",589528.886
"2019-07-14","East of England",442257.682
"2019-07-14","North West",820900.271
"2019-07-15","London",202840.327
"2019-07-15","South East",223138.844
"2019-07-15","South West",371148.362
"2019-07-15","Midlands",538842.792
"2019-07-15","North East and Yorkshire",522609.377
"2019-07-15","East of England",319764.123
"2019-07-15","North West",611182.665
"2019-07-16","London",269099.55
"2019-07-16","South East",264005.736
"2019-07-16","South West",272893.57
"2019-07-16","Midlands",424110.55
"2019-07-16","North East and Yorkshire",447183.616
"2019-07-16","East of England",436680.058
"2019-07-16","North West",360885.464
"2019-07-17","London",580593.597
"2019-07-17","South East",696991.744
"2019-07-17","South West",754933.56
"2019-07-17","Midlands",466833.498
"2019-07-17","North East and Yorkshire",452383.65
"2019-07-17","East of England",626076.088
"2019-07-17","North West",616827.403
"2019-07-18","London",771650.24
"2019-07-18","South East",837096.541
"2019-07-18","South West",810632.105
"2019-07-18","Midlands",613557.735
"2019-07-18","North East and Yorkshire",283653.355
"2019-07-18","East of England",826661.2
"2019-07-18","North West",385865.483
"2019-07-19","London",755870.381
"2019-07-19","South East",808166.005
"2019-07-19","South West",626249.359
"2019-07-19","Midlands",393602.982
"2019-07-19","North East and Yorkshire",214973.19
"2019-07-19","East of England",687629.258
"2019-07-19","North West",221956.38
"2019-07-20","London",283497.252
"2019-07-20","South East",274427.595
"2019-07-20","South West",270963.688
"2019-07-20","Midlands",264402.006
"2019-07-20","North East and Yorkshire",256863.878
"2019-07-20","East of England",302438.411
"2019-07-20","North West",232881.978
"2019-07-21","London",812046.424
"2019-07-21","South East",822962.05
"2019-07-21","South West",741575.337
"2019-07-21","Midlands",734602.186
"2019-07-21","North East and Yorkshire",933523.844
"2019-07-21","East of England",795952.662
"2019-07-21","North West",885901.222
"2019-07-22","London",693781.372
"2019-07-22","South East",722616.262
"2019-07-22","South West",814085.265
"2019-07-22","Midlands",859092.883
"2019-07-22","North East and Yorkshire",889720.55
"2019-07-22","East of England",798772.706
"2019-07-22","North West",940405.396
"2019-07-23","London",816375.528
"2019-07-23","South East",891158.834
"2019-07-23","South West",690678.183
"2019-07-23","Midlands",411631.253
"2019-07-23","North East and Yorkshire",386130.769
"2019-07-23","East of England",718756.987
"2019-07-23","North West",306091.076
"2019-07-24","London",776333.343
"2019-07-24","South East",856748.339
"2019-07-24","South West",955487.762
"2019-07-24","Midlands",827822.703
"2019-07-24","North East and Yorkshire",701045.49
"2019-07-24","East of England",719153.041
"2019-07-24","North West",914626.182
"2019-07-25","London",894444.921
"2019-07-25","South East",889770.794
"2019-07-25","South West",804206.083
"2019-07-25","Midlands",863576.929
"2019-07-25","North East and Yorkshire",898271.877
"2019-07-25","East of England",881034.313
"2019-07-25","North West",952664.741
"2019-07-26","London",720000.319
"2019-07-26","South East",766082.259
"2019-07-26","South West",843477.397
"2019-07-26","Midlands",762583.451
"2019-07-26","North East and Yorkshire",777226.91
"2019-07-26","East of England",814196.392
"2019-07-26","North West",720042.516
"2019-07-27","London",282693.858
"2019-07-27","South East",299537.23
"2019-07-27","South West",181821.489
"2019-07-27","Midlands",140543.432
"2019-07-27","North East and Yorkshire",113065.325
"2019-07-27","East of England",268664.989
"2019-07-27","North West",130899.588
"2019-07-28","London",698616.949
"2019-07-28","South East",742477.19
"2019-07-28","South West",677037.029
"2019-07-28","Midlands",604673.455
"2019-07-28","North East and Yorkshire",161458.646
"2019-07-28","East of England",728916.316
"2019-07-28","North West",179784.22
"2019-07-29","London",458734.666
"2019-07-29","South East",509738.962
"2019-07-29","South West",484404.485
"2019-07-29","Midlands",654158.485
"2019-07-29","North East and Yorkshire",727143.912
"2019-07-29","East of England",514336.388
"2019-07-29","North West",786832.777
"2019-07-30","London",364437.271
"2019-07-30","South East",493493.855
"2019-07-30","South West",594560.721
"2019-07-30","Midlands",350554.97
"2019-07-30","North East and Yorkshire",400414.49
"2019-07-30","East of England",474235.774
"2019-07-30","North West",688029.476
"2019-07-31","London",543223.437
"2019-07-31","South East",627520.208
"2019-07-31","South West",573352.879
"2019-07-31","Midlands",574724.691
"2019-07-31","North East and Yorkshire",637499.861
"2019-07-31","East of England",663098.277
"2019-07-31","North West",725208.78
"2019-08-01","London",695449.119
"2019-08-01","South East",752489.762
"2019-08-01","South West",634174.499
"2019-08-01","Midlands",410527.195
"2019-08-01","North East and Yorkshire",348392.082
"2019-08-01","East of England",673412.265
"2019-08-01","North West",302884.911
"2019-08-02","London",883095.533
"2019-08-02","South East",930939.087
"2019-08-02","South West",825337.993
"2019-08-02","Midlands",645760.536
"2019-08-02","North East and Yorkshire",595945.197
"2019-08-02","East of England",907252.148
"2019-08-02","North West",560416.233
"2019-08-03","London",573412.046
"2019-08-03","South East",572081.341
"2019-08-03","South West",456941.502
"2019-08-03","Midlands",415376.198
"2019-08-03","North East and Yorkshire",318855.589
"2019-08-03","East of England",560422.514
"2019-08-03","North West",236769.527
"2019-08-04","London",357692.233
"2019-08-04","South East",400588.629
"2019-08-04","South West",398125.449
"2019-08-04","Midlands",469949.653
"2019-08-04","North East and Yorkshire",412399.739
"2019-08-04","East of England",384986.11
"2019-08-04","North West",714921.259
"2019-08-05","London",664560.209
"2019-08-05","South East",745642.543
"2019-08-05","South West",740599.82
"2019-08-05","Midlands",884101.088
"2019-08-05","North East and Yorkshire",768668.023
"2019-08-05","East of England",665989.321
"2019-08-05","North West",618749.231
"2019-08-06","London",469795.99
"2019-08-06","South East",449096.522
"2019-08-06","South West",506873.372
"2019-08-06","Midlands",504479.763
"2019-08-06","North East and Yorkshire",576912.812
"2019-08-06","East of England",578042.035
"2019-08-06","North West",536271.003
"2019-08-07","London",499228.845
"2019-08-07","South East",521139.016
"2019-08-07","South West",350902.669
"2019-08-07","Midlands",446215.477
"2019-08-07","North East and Yorkshire",513982.742
"2019-08-07","East of England",526156.899
"2019-08-07","North West",433173.425
"2019-08-08","London",305452.731
"2019-08-08","South East",271671.91
"2019-08-08","South West",557334.383
"2019-08-08","Midlands",371970.384
"2019-08-08","North East and Yorkshire",468794.027
"2019-08-08","East of England",258720.087
"2019-08-08","North West",596533.138
"2019-08-09","London",598664.963
"2019-08-09","South East",612666.35
"2019-08-09","South West",570933.733
"2019-08-09","Midlands",526615.805
"2019-08-09","North East and Yorkshire",638080.947
"2019-08-09","East of England",664507.367
"2019-08-09","North West",592882.855
"2019-08-10","London",598172.114
"2019-08-10","South East",605143.488
"2019-08-10","South West",654886.857
"2019-08-10","Midlands",527342.45
"2019-08-10","North East and Yorkshire",568914.577
"2019-08-10","East of England",578576.193
"2019-08-10","North West",605236.901
"2019-08-11","London",582758.731
"2019-08-11","South East",594744.584
"2019-08-11","South West",616611.406
"2019-08-11","Midlands",607557.993
"2019-08-11","North East and Yorkshire",618595.861
"2019-08-11","East of England",635790.345
"2019-08-11","North West",578920.793
"2019-08-12","London",550075.639
"2019-08-12","South East",643714.665
"2019-08-12","South West",739258.132
"2019-08-12","Midlands",571066.018
"2019-08-12","North East and Yorkshire",461140.037
"2019-08-12","East of England",536601.514
"2019-08-12","North West",542642.723
"2019-08-13","London",1067307.274
"2019-08-13","South East",1066940.781
"2019-08-13","South West",1067250.888
"2019-08-13","Midlands",967976.982
"2019-08-13","North East and Yorkshire",994016.174
"2019-08-13","East of England",1028488.427
"2019-08-13","North West",989855.714
"2019-08-14","London",1040877.314
"2019-08-14","South East",1007813.181
"2019-08-14","South West",1041841.064
"2019-08-14","Midlands",1004174.721
"2019-08-14","North East and Yorkshire",868048.847
"2019-08-14","East of England",1058992.259
"2019-08-14","North West",914161.798
"2019-08-15","London",891317.776
"2019-08-15","South East",899215.275
"2019-08-15","South West",972225.037
"2019-08-15","Midlands",775667.302
"2019-08-15","North East and Yorkshire",660977.999
"2019-08-15","East of England",871049.953
"2019-08-15","North West",868075.901
"2019-08-16","London",788399.538
"2019-08-16","South East",915830.666
"2019-08-16","South West",879326.066
"2019-08-16","Midlands",950911.159
"2019-08-16","North East and Yorkshire",856824.428
"2019-08-16","East of England",785756.542
"2019-08-16","North West",802574.448
"2019-08-17","London",671102.274
"2019-08-17","South East",685825.366
"2019-08-17","South West",797910.272
"2019-08-17","Midlands",563456.251
"2019-08-17","North East and Yorkshire",712876.986
"2019-08-17","East of England",619733.335
"2019-08-17","North West",790404.508
"2019-08-18","London",721053.269
"2019-08-18","South East",682312.503
"2019-08-18","South West",560122.848
"2019-08-18","Midlands",381808.891
"2019-08-18","North East and Yorkshire",433761.981
"2019-08-18","East of England",556827.326
"2019-08-18","North West",390711.751
"2019-08-19","London",641591.956
"2019-08-19","South East",640645.254
"2019-08-19","South West",456394.436
"2019-08-19","Midlands",450376.609
"2019-08-19","North East and Yorkshire",508215.128
"2019-08-19","East of England",655049.707
"2019-08-19","North West",431303.944
"2019-08-20","London",364437.271
"2019-08-20","South East",493493.855
"2019-08-20","South West",594560.721
"2019-08-20","Midlands",350554.97
"2019-08-20","North East and Yorkshire",400414.49
"2019-08-20","East of England",474235.774
"2019-08-20","North West",688029.476
"2019-08-21","London",543223.437
"2019-08-21","South East",627520.208
"2019-08-21","South West",573352.879
"2019-08-21","Midlands",574724.691
"2019-08-21","North East and Yorkshire",637499.861
"2019-08-21","East of England",663098.277
"2019-08-21","North West",725208.78
"2019-08-22","London",695449.119
"2019-08-22","South East",752489.762
"2019-08-22","South West",634174.499
"2019-08-22","Midlands",410527.195
"2019-08-22","North East and Yorkshire",348392.082
"2019-08-22","East of England",673412.265
"2019-08-22","North West",302884.911
"2019-08-23","London",883095.533
"2019-08-23","South East",930939.087
"2019-08-23","South West",825337.993
"2019-08-23","Midlands",645760.536
"2019-08-23","North East and Yorkshire",595945.197
"2019-08-23","East of England",907252.148
"2019-08-23","North West",560416.233
"2019-08-24","London",573412.046
"2019-08-24","South East",572081.341
"2019-08-24","South West",456941.502
"2019-08-24","Midlands",415376.198
"2019-08-24","North East and Yorkshire",318855.589
"2019-08-24","East of England",560422.514
"2019-08-24","North West",236769.527
"2019-08-25","London",357692.233
"2019-08-25","South East",400588.629
"2019-08-25","South West",398125.449
"2019-08-25","Midlands",469949.653
"2019-08-25","North East and Yorkshire",412399.739
"2019-08-25","East of England",384986.11
"2019-08-25","North West",714921.259
"2019-08-26","London",664560.209
"2019-08-26","South East",745642.543
"2019-08-26","South West",740599.82
"2019-08-26","Midlands",884101.088
"2019-08-26","North East and Yorkshire",768668.023
"2019-08-26","East of England",665989.321
"2019-08-26","North West",618749.231
"2019-08-27","London",733494.845
"2019-08-27","South East",788256.581
"2019-08-27","South West",696800.433
"2019-08-27","Midlands",735596.048
"2019-08-27","North East and Yorkshire",683304.099
"2019-08-27","East of England",747299.756
"2019-08-27","North West",683052.976
"2019-08-28","London",788196.217
"2019-08-28","South East",819851.38
"2019-08-28","South West",803121.923
"2019-08-28","Midlands",765071.749
"2019-08-28","North East and Yorkshire",732270.495
"2019-08-28","East of England",788984.213
"2019-08-28","North West",712938.784
"2019-08-29","London",749421.489
"2019-08-29","South East",677065.089
"2019-08-29","South West",652664.647
"2019-08-29","Midlands",611472.392
"2019-08-29","North East and Yorkshire",709667.986
"2019-08-29","East of England",750830.269
"2019-08-29","North West",779220.202
"2019-08-30","London",748594.648
"2019-08-30","South East",764882.517
"2019-08-30","South West",598062.36
"2019-08-30","Midlands",663599.898
"2019-08-30","North East and Yorkshire",562930.717
"2019-08-30","East of England",710179.188
"2019-08-30","North West",654649.727
"2019-08-31","London",716479.451
"2019-08-31","South East",738770.546
"2019-08-31","South West",654400.079
"2019-08-31","Midlands",601946.947
"2019-08-31","North East and Yorkshire",446863.504
"2019-08-31","East of England",707887.828
"2019-08-31","North West",405161.413
"2019-09-01","London",749241.661
"2019-09-01","South East",761509.602
"2019-09-01","South West",755713.97
"2019-09-01","Midlands",591471.159
"2019-09-01","North East and Yorkshire",492461.555
"2019-09-01","East of England",703798.354
"2019-09-01","North West",590005.216
"2019-09-02","London",595429.343
"2019-09-02","South East",651089.18
"2019-09-02","South West",826697.873
"2019-09-02","Midlands",768904.137
"2019-09-02","North East and Yorkshire",650956.772
"2019-09-02","East of England",697066.187
"2019-09-02","North West",771534.136
"2019-09-03","London",174041.107
"2019-09-03","South East",244032.165
"2019-09-03","South West",369925.196
"2019-09-03","Midlands",256349.743
"2019-09-03","North East and Yorkshire",189527.468
"2019-09-03","East of England",157194.043
"2019-09-03","North West",409753.257
"2019-09-04","London",389455.401
"2019-09-04","South East",450011.546
"2019-09-04","South West",546317.137
"2019-09-04","Midlands",424090.254
"2019-09-04","North East and Yorkshire",431769.289
"2019-09-04","East of England",415078.318
"2019-09-04","North West",515140.151
"2019-09-05","London",536238.8
"2019-09-05","South East",548934.197
"2019-09-05","South West",450184.197
"2019-09-05","Midlands",433474.137
"2019-09-05","North East and Yorkshire",426529.046
"2019-09-05","East of England",535317.454
"2019-09-05","North West",452974.507
"2019-09-06","London",410424.28
"2019-09-06","South East",423871.356
"2019-09-06","South West",410366.222
"2019-09-06","Midlands",282906.873
"2019-09-06","North East and Yorkshire",308458.528
"2019-09-06","East of England",410651.039
"2019-09-06","North West",312861.999
"2019-09-07","London",421253.824
"2019-09-07","South East",490341.422
"2019-09-07","South West",459493.086
"2019-09-07","Midlands",374362.235
"2019-09-07","North East and Yorkshire",350044.687
"2019-09-07","East of England",474375.264
"2019-09-07","North West",255290.118
"2019-09-08","London",341036.045
"2019-09-08","South East",379922.808
"2019-09-08","South West",512067.041
"2019-09-08","Midlands",367539.181
"2019-09-08","North East and Yorkshire",274059.674
"2019-09-08","East of England",341595.92
"2019-09-08","North West",431777.512
"2019-09-09","London",348198.344
"2019-09-09","South East",446136.884
"2019-09-09","South West",679120.942
"2019-09-09","Midlands",621139.471
"2019-09-09","North East and Yorkshire",618534.895
"2019-09-09","East of England",393476.918
"2019-09-09","North West",628534.121
"2019-09-10","London",342336.315
"2019-09-10","South East",368042.834
"2019-09-10","South West",316922.712
"2019-09-10","Midlands",155671.753
"2019-09-10","North East and Yorkshire",134227.917
"2019-09-10","East of England",301875.209
"2019-09-10","North West",200631.586
"2019-09-11","London",570997.219
"2019-09-11","South East",556081.376
"2019-09-11","South West",456238.38
"2019-09-11","Midlands",527151.268
"2019-09-11","North East and Yorkshire",490982.666
"2019-09-11","East of England",556789.336
"2019-09-11","North West",533807.983
"2019-09-12","London",227658.306
"2019-09-12","South East",249446.742
"2019-09-12","South West",245497.294
"2019-09-12","Midlands",233387.124
"2019-09-12","North East and Yorkshire",274328.502
"2019-09-12","East of England",271577.83
"2019-09-12","North West",239177.473
"2019-09-13","London",153689.762
"2019-09-13","South East",192491.545
"2019-09-13","South West",221594.939
"2019-09-13","Midlands",139242.27
"2019-09-13","North East and Yorkshire",175428.751
"2019-09-13","East of England",193763.692
"2019-09-13","North West",209790.993
"2019-09-14","London",246225.923
"2019-09-14","South East",295197.277
"2019-09-14","South West",209411.156
"2019-09-14","Midlands",226808.599
"2019-09-14","North East and Yorkshire",225476.252
"2019-09-14","East of England",309156.941
"2019-09-14","North West",202973.724
"2019-09-15","London",407204.708
"2019-09-15","South East",447505.488
"2019-09-15","South West",473000.726
"2019-09-15","Midlands",361231.552
"2019-09-15","North East and Yorkshire",172988.957
"2019-09-15","East of England",289082.059
"2019-09-15","North West",306935.27
"2019-09-16","London",178843.082
"2019-09-16","South East",164991.373
"2019-09-16","South West",91808.848
"2019-09-16","Midlands",97732.369
"2019-09-16","North East and Yorkshire",73801.061
"2019-09-16","East of England",182095.186
"2019-09-16","North West",78373.228
"2019-09-17","London",518924.403
"2019-09-17","South East",495831.329
"2019-09-17","South West",487648.756
"2019-09-17","Midlands",195032.407
"2019-09-17","North East and Yorkshire",154120.87
"2019-09-17","East of England",447595.807
"2019-09-17","North West",107969.921
"2019-09-18","London",432421.539
"2019-09-18","South East",477352.663
"2019-09-18","South West",596550.637
"2019-09-18","Midlands",498204.075
"2019-09-18","North East and Yorkshire",498080.547
"2019-09-18","East of England",484156.819
"2019-09-18","North West",541058.517
"2019-09-19","London",579448.372
"2019-09-19","South East",558333.577
"2019-09-19","South West",376909.221
"2019-09-19","Midlands",176440.927
"2019-09-19","North East and Yorkshire",378589.606
"2019-09-19","East of England",469251.075
"2019-09-19","North West",481372.295
"2019-09-20","London",569781.36
"2019-09-20","South East",576299.715
"2019-09-20","South West",453933.088
"2019-09-20","Midlands",517688.039
"2019-09-20","North East and Yorkshire",295170.176
"2019-09-20","East of England",541379.01
"2019-09-20","North West",332542.087
"2019-09-21","London",486218.167
"2019-09-21","South East",453273.075
"2019-09-21","South West",218425.86
"2019-09-21","Midlands",322012.495
"2019-09-21","North East and Yorkshire",251519.368
"2019-09-21","East of England",502683.656
"2019-09-21","North West",268900.241
"2019-09-22","London",205352.503
"2019-09-22","South East",236893.385
"2019-09-22","South West",182368.613
"2019-09-22","Midlands",306900.67
"2019-09-22","North East and Yorkshire",364199.107
"2019-09-22","East of England",339539.037
"2019-09-22","North West",389720.525
"2019-09-23","London",388952.632
"2019-09-23","South East",416209.102
"2019-09-23","South West",479016.457
"2019-09-23","Midlands",341692.423
"2019-09-23","North East and Yorkshire",288807.913
"2019-09-23","East of England",390452.796
"2019-09-23","North West",280618.084
"2019-09-24","London",519733.478
"2019-09-24","South East",585693.813
"2019-09-24","South West",550651.807
"2019-09-24","Midlands",488561.804
"2019-09-24","North East and Yorkshire",560106.902
"2019-09-24","East of England",557128.743
"2019-09-24","North West",661541.106
"2019-09-25","London",537260.935
"2019-09-25","South East",564426.212
"2019-09-25","South West",413808.944
"2019-09-25","Midlands",421327.509
"2019-09-25","North East and Yorkshire",454011.965
"2019-09-25","East of England",569525.992
"2019-09-25","North West",315714.239
"2019-09-26","London",131511.051
"2019-09-26","South East",173646.131
"2019-09-26","South West",232749.902
"2019-09-26","Midlands",453860.542
"2019-09-26","North East and Yorkshire",501909.919
"2019-09-26","East of England",230548.438
"2019-09-26","North West",510197.137
"2019-09-27","London",493435.481
"2019-09-27","South East",519731.846
"2019-09-27","South West",439916.908
"2019-09-27","Midlands",374679.603
"2019-09-27","North East and Yorkshire",489143.158
"2019-09-27","East of England",487844.21
"2019-09-27","North West",474703.163
"2019-09-28","London",602128.317
"2019-09-28","South East",623365.166
"2019-09-28","South West",589500.633
"2019-09-28","Midlands",548900.908
"2019-09-28","North East and Yorkshire",531813.227
"2019-09-28","East of England",621457.151
"2019-09-28","North West",529794.947
"2019-09-29","London",539964.966
"2019-09-29","South East",565343.823
"2019-09-29","South West",500914.926
"2019-09-29","Midlands",477614.884
"2019-09-29","North East and Yorkshire",451722.636
"2019-09-29","East of England",552144.203
"2019-09-29","North West",468194.903
"2019-09-30","London",280356.841
"2019-09-30","South East",347229.554
"2019-09-30","South West",316138.935
"2019-09-30","Midlands",174860.239
"2019-09-30","North East and Yorkshire",207201.803
"2019-09-30","East of England",230699.98
"2019-09-30","North West",151761.68
"2019-10-01","London",466991.377
"2019-10-01","South East",504017.863
"2019-10-01","South West",453954.386
"2019-10-01","Midlands",430986.789
"2019-10-01","North East and Yorkshire",366743.653
"2019-10-01","East of England",435450.899
"2019-10-01","North West",374616.464
"2019-10-02","London",371963.361
"2019-10-02","South East",436564.286
"2019-10-02","South West",523500.125
"2019-10-02","Midlands",392953.167
"2019-10-02","North East and Yorkshire",384472.194
"2019-10-02","East of England",354478.138
"2019-10-02","North West",396768.477
"2019-10-03","London",400371.874
"2019-10-03","South East",419419.386
"2019-10-03","South West",384465.441
"2019-10-03","Midlands",275066.159
"2019-10-03","North East and Yorkshire",211622.661
"2019-10-03","East of England",425964.325
"2019-10-03","North West",161422.154
"2019-10-04","London",292580.762
"2019-10-04","South East",312310.296
"2019-10-04","South West",562915.833
"2019-10-04","Midlands",549466.932
"2019-10-04","North East and Yorkshire",535826.655
"2019-10-04","East of England",384422.805
"2019-10-04","North West",507611.93
"2019-10-05","London",445549.218
"2019-10-05","South East",473410.703
"2019-10-05","South West",539647.158
"2019-10-05","Midlands",483635.958
"2019-10-05","North East and Yorkshire",454486.721
"2019-10-05","East of England",444184.266
"2019-10-05","North West",485947.913
"2019-10-06","London",498144.025
"2019-10-06","South East",517663.253
"2019-10-06","South West",475857.903
"2019-10-06","Midlands",363012.353
"2019-10-06","North East and Yorkshire",330818.691
"2019-10-06","East of England",455496.82
"2019-10-06","North West",305116.177
"2019-10-07","London",390476.722
"2019-10-07","South East",420919.125
"2019-10-07","South West",429508.455
"2019-10-07","Midlands",389051.319
"2019-10-07","North East and Yorkshire",321596.781
"2019-10-07","East of England",381622.348
"2019-10-07","North West",439068.557
"2019-10-08","London",294536.952
"2019-10-08","South East",302272.066
"2019-10-08","South West",221518.327
"2019-10-08","Midlands",233068.742
"2019-10-08","North East and Yorkshire",182798.799
"2019-10-08","East of England",330019.126
"2019-10-08","North West",109549.213
"2019-10-09","London",551014.304
"2019-10-09","South East",564148.745
"2019-10-09","South West",544591.535
"2019-10-09","Midlands",489815.569
"2019-10-09","North East and Yorkshire",462706.192
"2019-10-09","East of England",533227.473
"2019-10-09","North West",433338.489
"2019-10-10","London",210640.043
"2019-10-10","South East",209740.708
"2019-10-10","South West",182251.74
"2019-10-10","Midlands",168137.08
"2019-10-10","North East and Yorkshire",170569.973
"2019-10-10","East of England",197699.48
"2019-10-10","North West",167167.277
"2019-10-11","London",360283.611
"2019-10-11","South East",374115.335
"2019-10-11","South West",452438.248
"2019-10-11","Midlands",456437.412
"2019-10-11","North East and Yorkshire",439317.792
"2019-10-11","East of England",354626.061
"2019-10-11","North West",420198.063
"2019-10-12","London",74505.524
"2019-10-12","South East",70389.593
"2019-10-12","South West",87499.81
"2019-10-12","Midlands",98547.333
"2019-10-12","North East and Yorkshire",163510.004
"2019-10-12","East of England",102532.711
"2019-10-12","North West",104008.261
"2019-10-13","London",411555.609
"2019-10-13","South East",419109.431
"2019-10-13","South West",408393.657
"2019-10-13","Midlands",418851.962
"2019-10-13","North East and Yorkshire",371820.37
"2019-10-13","East of England",407725.374
"2019-10-13","North West",321846.783
"2019-10-14","London",424776.808
"2019-10-14","South East",399602.476
"2019-10-14","South West",326657.368
"2019-10-14","Midlands",380112.589
"2019-10-14","North East and Yorkshire",386308.022
"2019-10-14","East of England",411070.432
"2019-10-14","North West",357668.714
"2019-10-15","London",187727.975
"2019-10-15","South East",299285.619
"2019-10-15","South West",448319.514
"2019-10-15","Midlands",406238.931
"2019-10-15","North East and Yorkshire",446941.214
"2019-10-15","East of England",160351.785
"2019-10-15","North West",455542.677
"2019-10-16","London",269503.357
"2019-10-16","South East",253636.409
"2019-10-16","South West",165465.039
"2019-10-16","Midlands",192936.768
"2019-10-16","North East and Yorkshire",153488.063
"2019-10-16","East of England",297262.163
"2019-10-16","North West",124270.431
"2019-10-17","London",418821.374
"2019-10-17","South East",450413.855
"2019-10-17","South West",447983.284
"2019-10-17","Midlands",461873.855
"2019-10-17","North East and Yorkshire",397286.428
"2019-10-17","East of England",381719.339
"2019-10-17","North West",441656.89
"2019-10-18","London",74396.652
"2019-10-18","South East",135700.423
"2019-10-18","South West",155157.801
"2019-10-18","Midlands",123745.584
"2019-10-18","North East and Yorkshire",266509.002
"2019-10-18","East of England",79951.017
"2019-10-18","North West",263838.163
"2019-10-19","London",100375.724
"2019-10-19","South East",124196.031
"2019-10-19","South West",61516.686
"2019-10-19","Midlands",44433.121
"2019-10-19","North East and Yorkshire",56684.633
"2019-10-19","East of England",100752.382
"2019-10-19","North West",68109.442
"2019-10-20","London",61534.903
"2019-10-20","South East",90625.351
"2019-10-20","South West",80575.967
"2019-10-20","Midlands",205802.687
"2019-10-20","North East and Yorkshire",327849.785
"2019-10-20","East of England",81239.223
"2019-10-20","North West",364498.482
"2019-10-21","London",412584.549
"2019-10-21","South East",382573.623
"2019-10-21","South West",220965.502
"2019-10-21","Midlands",256204.412
"2019-10-21","North East and Yorkshire",292376.653
"2019-10-21","East of England",368620.623
"2019-10-21","North West",284647.084
"2019-10-22","London",218680.043
"2019-10-22","South East",281195.148
"2019-10-22","South West",382189.35
"2019-10-22","Midlands",206821.169
"2019-10-22","North East and Yorkshire",120920.406
"2019-10-22","East of England",157435.72
"2019-10-22","North West",112922.453
"2019-10-23","London",299009.06
"2019-10-23","South East",303772.625
"2019-10-23","South West",304158.188
"2019-10-23","Midlands",220014.563
"2019-10-23","North East and Yorkshire",215364.955
"2019-10-23","East of England",280530.974
"2019-10-23","North West",268046.177
"2019-10-24","London",360515.961
"2019-10-24","South East",385126.317
"2019-10-24","South West",420186.664
"2019-10-24","Midlands",428392.441
"2019-10-24","North East and Yorkshire",329693.663
"2019-10-24","East of England",377402.626
"2019-10-24","North West",336679.93
"2019-10-25","London",380072.212
"2019-10-25","South East",380840.273
"2019-10-25","South West",345421.188
"2019-10-25","Midlands",282566.154
"2019-10-25","North East and Yorkshire",249636.579
"2019-10-25","East of England",381035.904
"2019-10-25","North West",250440.008
"2019-10-26","London",408146.515
"2019-10-26","South East",407784.112
"2019-10-26","South West",337596.211
"2019-10-26","Midlands",347985.745
"2019-10-26","North East and Yorkshire",362891.365
"2019-10-26","East of England",428166.177
"2019-10-26","North West",311588.759
"2019-10-27","London",207247.885
"2019-10-27","South East",235785.749
"2019-10-27","South West",307908.652
"2019-10-27","Midlands",188855.216
"2019-10-27","North East and Yorkshire",95304.889
"2019-10-27","East of England",238145.309
"2019-10-27","North West",93647.283
"2019-10-28","London",221253.962
"2019-10-28","South East",214618.344
"2019-10-28","South West",145074.088
"2019-10-28","Midlands",293566.449
"2019-10-28","North East and Yorkshire",337120.205
"2019-10-28","East of England",353107.164
"2019-10-28","North West",248974.544
"2019-10-29","London",365476.786
"2019-10-29","South East",394183.962
"2019-10-29","South West",415385.477
"2019-10-29","Midlands",303154.185
"2019-10-29","North East and Yorkshire",171872.513
"2019-10-29","East of England",341252.407
"2019-10-29","North West",159360.813
"2019-10-30","London",436742.453
"2019-10-30","South East",475238.715
"2019-10-30","South West",311380.352
"2019-10-30","Midlands",373578.676
"2019-10-30","North East and Yorkshire",391775.494
"2019-10-30","East of England",332774.224
"2019-10-30","North West",290289.884
"2019-10-31","London",176944.07
"2019-10-31","South East",175980.129
"2019-10-31","South West",221505.554
"2019-10-31","Midlands",212242.879
"2019-10-31","North East and Yorkshire",238834.398
"2019-10-31","East of England",251121.407
"2019-10-31","North West",171860.906
"2019-11-01","London",166526.962
"2019-11-01","South East",235972.034
"2019-11-01","South West",222900.192
"2019-11-01","Midlands",346800.65
"2019-11-01","North East and Yorkshire",387727.64
"2019-11-01","East of England",219616.105
"2019-11-01","North West",398603.518
"2019-11-02","London",325162.401
"2019-11-02","South East",386684.453
"2019-11-02","South West",369292.559
"2019-11-02","Midlands",243515.419
"2019-11-02","North East and Yorkshire",173256.034
"2019-11-02","East of England",352658.38
"2019-11-02","North West",122715.862
"2019-11-03","London",140387.552
"2019-11-03","South East",217733.855
"2019-11-03","South West",410627.252
"2019-11-03","Midlands",376020.098
"2019-11-03","North East and Yorkshire",365581.198
"2019-11-03","East of England",201473.87
"2019-11-03","North West",334253.525
"2019-11-04","London",363195.284
"2019-11-04","South East",383377.91
"2019-11-04","South West",405238.839
"2019-11-04","Midlands",353619.59
"2019-11-04","North East and Yorkshire",339852.748
"2019-11-04","East of England",374475.535
"2019-11-04","North West",313023.003
"2019-11-05","London",175764.873
"2019-11-05","South East",201053.842
"2019-11-05","South West",204191.168
"2019-11-05","Midlands",99836.751
"2019-11-05","North East and Yorkshire",98898.689
"2019-11-05","East of England",150068.888
"2019-11-05","North West",110632.297
"2019-11-06","London",206047.243
"2019-11-06","South East",210363.357
"2019-11-06","South West",171908.807
"2019-11-06","Midlands",191246.111
"2019-11-06","North East and Yorkshire",166530.398
"2019-11-06","East of England",193525.36
"2019-11-06","North West",159626.393
"2019-11-07","London",139956.946
"2019-11-07","South East",143056.505
"2019-11-07","South West",61144.278
"2019-11-07","Midlands",30476.306
"2019-11-07","North East and Yorkshire",87391.174
"2019-11-07","East of England",113483.511
"2019-11-07","North West",111042.607
"2019-11-08","London",111139.599
"2019-11-08","South East",116660.781
"2019-11-08","South West",133185.966
"2019-11-08","Midlands",131710.963
"2019-11-08","North East and Yorkshire",129339.68
"2019-11-08","East of England",104026.523
"2019-11-08","North West",153431.713
"2019-11-09","London",143777.163
"2019-11-09","South East",151017.653
"2019-11-09","South West",146593.48
"2019-11-09","Midlands",87857.927
"2019-11-09","North East and Yorkshire",31933.522
"2019-11-09","East of England",152071.688
"2019-11-09","North West",56193.89
"2019-11-10","London",152525.957
"2019-11-10","South East",159148.11
"2019-11-10","South West",120296.219
"2019-11-10","Midlands",104296.358
"2019-11-10","North East and Yorkshire",68600.488
"2019-11-10","East of England",134662.315
"2019-11-10","North West",89371.829
"2019-11-11","London",156791.28
"2019-11-11","South East",190074.91
"2019-11-11","South West",225415.553
"2019-11-11","Midlands",196044.949
"2019-11-11","North East and Yorkshire",182901.003
"2019-11-11","East of England",159753.865
"2019-11-11","North West",197655.292
"2019-11-12","London",209403.88
"2019-11-12","South East",274436.203
"2019-11-12","South West",290839.65
"2019-11-12","Midlands",166924.227
"2019-11-12","North East and Yorkshire",137270.127
"2019-11-12","East of England",209390.221
"2019-11-12","North West",194121.741
"2019-11-13","London",203291.458
"2019-11-13","South East",225198.116
"2019-11-13","South West",308889.229
"2019-11-13","Midlands",203024.453
"2019-11-13","North East and Yorkshire",160523.353
"2019-11-13","East of England",179367.439
"2019-11-13","North West",244759.215
"2019-11-14","London",249087.321
"2019-11-14","South East",264531.663
"2019-11-14","South West",319998.611
"2019-11-14","Midlands",337804.845
"2019-11-14","North East and Yorkshire",354129.686
"2019-11-14","East of England",287703.382
"2019-11-14","North West",345572.933
"2019-11-15","London",330327.004
"2019-11-15","South East",316028.096
"2019-11-15","South West",297884.426
"2019-11-15","Midlands",261860.919
"2019-11-15","North East and Yorkshire",245815.725
"2019-11-15","East of England",318079.208
"2019-11-15","North West",246956.234
"2019-11-16","London",328906.388
"2019-11-16","South East",328632.576
"2019-11-16","South West",348906.141
"2019-11-16","Midlands",236264.719
"2019-11-16","North East and Yorkshire",215793.476
"2019-11-16","East of England",298783.847
"2019-11-16","North West",267380.108
"2019-11-17","London",228555.084
"2019-11-17","South East",255468.214
"2019-11-17","South West",316449.085
"2019-11-17","Midlands",228731.994
"2019-11-17","North East and Yorkshire",186704.596
"2019-11-17","East of England",226717.289
"2019-11-17","North West",214688.895
"2019-11-18","London",130605.318
"2019-11-18","South East",154630.408
"2019-11-18","South West",222089.615
"2019-11-18","Midlands",223272.407
"2019-11-18","North East and Yorkshire",229611.253
"2019-11-18","East of England",138310.986
"2019-11-18","North West",259755.439
"2019-11-19","London",201686.741
"2019-11-19","South East",224602.337
"2019-11-19","South West",217036.176
"2019-11-19","Midlands",151154.741
"2019-11-19","North East and Yorkshire",59176.623
"2019-11-19","East of England",165468.543
"2019-11-19","North West",81535.67
"2019-11-20","London",127815.3
"2019-11-20","South East",153652.25
"2019-11-20","South West",237928.937
"2019-11-20","Midlands",215453.551
"2019-11-20","North East and Yorkshire",153339.707
"2019-11-20","East of England",116271.706
"2019-11-20","North West",202071.1
"2019-11-21","London",95478.064
"2019-11-21","South East",77396.855
"2019-11-21","South West",64161.683
"2019-11-21","Midlands",90490.89
"2019-11-21","North East and Yorkshire",76479.066
"2019-11-21","East of England",116671.579
"2019-11-21","North West",61473.172
"2019-11-22","London",246245.518
"2019-11-22","South East",242378.588
"2019-11-22","South West",237761.274
"2019-11-22","Midlands",192234.342
"2019-11-22","North East and Yorkshire",196428.323
"2019-11-22","East of England",201172.309
"2019-11-22","North West",192024.247
"2019-11-23","London",124010.555
"2019-11-23","South East",145694.48
"2019-11-23","South West",175327.085
"2019-11-23","Midlands",57292.189
"2019-11-23","North East and Yorkshire",137950.596
"2019-11-23","East of England",95066.622
"2019-11-23","North West",113090.336
"2019-11-24","London",260979.906
"2019-11-24","South East",271839.794
"2019-11-24","South West",253521.247
"2019-11-24","Midlands",230200.764
"2019-11-24","North East and Yorkshire",181519.863
"2019-11-24","East of England",230990.567
"2019-11-24","North West",195624.751
"2019-11-25","London",273267.188
"2019-11-25","South East",271272.464
"2019-11-25","South West",236559.917
"2019-11-25","Midlands",222875.624
"2019-11-25","North East and Yorkshire",175218.072
"2019-11-25","East of England",256005.722
"2019-11-25","North West",151667.146
"2019-11-26","London",119974.049
"2019-11-26","South East",127461.634
"2019-11-26","South West",104013.781
"2019-11-26","Midlands",95916.082
"2019-11-26","North East and Yorkshire",54288.731
"2019-11-26","East of England",110533.582
"2019-11-26","North West",58109.572
"2019-11-27","London",135490.028
"2019-11-27","South East",149998.785
"2019-11-27","South West",159951.782
"2019-11-27","Midlands",92058.459
"2019-11-27","North East and Yorkshire",96555.924
"2019-11-27","East of England",121563.776
"2019-11-27","North West",79119.795
"2019-11-28","London",21582.898
"2019-11-28","South East",24437.9
"2019-11-28","South West",54877.058
"2019-11-28","Midlands",20951.733
"2019-11-28","North East and Yorkshire",29285.686
"2019-11-28","East of England",28655.048
"2019-11-28","North West",22095.971
"2019-11-29","London",81184.154
"2019-11-29","South East",101654.763
"2019-11-29","South West",59983.136
"2019-11-29","Midlands",63618.038
"2019-11-29","North East and Yorkshire",55183.456
"2019-11-29","East of England",67353.421
"2019-11-29","North West",45242.091
"2019-11-30","London",85624.689
"2019-11-30","South East",89227.701
"2019-11-30","South West",92965.927
"2019-11-30","Midlands",69486.112
"2019-11-30","North East and Yorkshire",60111.324
"2019-11-30","East of England",78520.2
"2019-11-30","North West",74232.704
"2019-12-01","London",125210.618
"2019-12-01","South East",132621.254
"2019-12-01","South West",102983.633
"2019-12-01","Midlands",87301.747
"2019-12-01","North East and Yorkshire",69219.015
"2019-12-01","East of England",110349.935
"2019-12-01","North West",71210.754
"2019-12-02","London",124230.254
"2019-12-02","South East",135618.846
"2019-12-02","South West",137658.444
"2019-12-02","Midlands",126198.434
"2019-12-02","North East and Yorkshire",94076.369
"2019-12-02","East of England",127389.985
"2019-12-02","North West",113883.526
"2019-12-03","London",68959.232
"2019-12-03","South East",69992.03
"2019-12-03","South West",58744.321
"2019-12-03","Midlands",47304.377
"2019-12-03","North East and Yorkshire",39080.679
"2019-12-03","East of England",56921.074
"2019-12-03","North West",30558.265
"2019-12-04","London",60011.201
"2019-12-04","South East",63949.372
"2019-12-04","South West",70050.52
"2019-12-04","Midlands",63687.202
"2019-12-04","North East and Yorkshire",52436.821
"2019-12-04","East of England",68085.375
"2019-12-04","North West",47771.391
"2019-12-05","London",61346.913
"2019-12-05","South East",68489.107
"2019-12-05","South West",66416.894
"2019-12-05","Midlands",61518.692
"2019-12-05","North East and Yorkshire",57113.549
"2019-12-05","East of England",59375.874
"2019-12-05","North West",46725.442
"2019-12-06","London",45711.629
"2019-12-06","South East",58168.364
"2019-12-06","South West",63256.973
"2019-12-06","Midlands",54559.936
"2019-12-06","North East and Yorkshire",53824.793
"2019-12-06","East of England",52457.056
"2019-12-06","North West",45541.345
"2019-12-07","London",47430.166
"2019-12-07","South East",60144.277
"2019-12-07","South West",55279.324
"2019-12-07","Midlands",55704.274
"2019-12-07","North East and Yorkshire",42620.657
"2019-12-07","East of England",54607.221
"2019-12-07","North West",31253.55
"2019-12-08","London",77630.773
"2019-12-08","South East",94586.473
"2019-12-08","South West",88707.12
"2019-12-08","Midlands",99102.102
"2019-12-08","North East and Yorkshire",65452.964
"2019-12-08","East of England",71329.479
"2019-12-08","North West",70025.98
"2019-12-09","London",96051.464
"2019-12-09","South East",112849.032
"2019-12-09","South West",106491.862
"2019-12-09","Midlands",116950.892
"2019-12-09","North East and Yorkshire",79742.091
"2019-12-09","East of England",99920.211
"2019-12-09","North West",98932.701
"2019-12-10","London",52929.78
"2019-12-10","South East",58030.823
"2019-12-10","South West",43055.958
"2019-12-10","Midlands",88114.656
"2019-12-10","North East and Yorkshire",103568.497
"2019-12-10","East of England",72933.562
"2019-12-10","North West",98826.766
"2019-12-11","London",52314.664
"2019-12-11","South East",58006.869
"2019-12-11","South West",43333.841
"2019-12-11","Midlands",27480.129
"2019-12-11","North East and Yorkshire",21316.583
"2019-12-11","East of England",49668.325
"2019-12-11","North West",19051.984
"2019-12-12","London",151941.69
"2019-12-12","South East",159534.678
"2019-12-12","South West",153545.419
"2019-12-12","Midlands",132863.225
"2019-12-12","North East and Yorkshire",98769.045
"2019-12-12","East of England",126723.068
"2019-12-12","North West",122067.775
"2019-12-13","London",155987.642
"2019-12-13","South East",161815.002
"2019-12-13","South West",143792.198
"2019-12-13","Midlands",132916.643
"2019-12-13","North East and Yorkshire",103533.283
"2019-12-13","East of England",135170.971
"2019-12-13","North West",103161.521
"2019-12-14","London",67089.837
"2019-12-14","South East",72107.49
"2019-12-14","South West",59748.543
"2019-12-14","Midlands",80783.099
"2019-12-14","North East and Yorkshire",63883.326
"2019-12-14","East of England",69226.166
"2019-12-14","North West",65001.996
"2019-12-15","London",117968.762
"2019-12-15","South East",118363.471
"2019-12-15","South West",149230.634
"2019-12-15","Midlands",136186.012
"2019-12-15","North East and Yorkshire",93340.543
"2019-12-15","East of England",121488.379
"2019-12-15","North West",81031.055
"2019-12-16","London",87147.55
"2019-12-16","South East",73306.268
"2019-12-16","South West",89401.228
"2019-12-16","Midlands",73446.006
"2019-12-16","North East and Yorkshire",69901.791
"2019-12-16","East of England",87722.979
"2019-12-16","North West",85262.643
"2019-12-17","London",82250.632
"2019-12-17","South East",92347.624
"2019-12-17","South West",100082.786
"2019-12-17","Midlands",139989.777
"2019-12-17","North East and Yorkshire",115914.538
"2019-12-17","East of England",87637.398
"2019-12-17","North West",130456.908
"2019-12-18","London",115864.21
"2019-12-18","South East",114742.691
"2019-12-18","South West",120881.655
"2019-12-18","Midlands",144373.151
"2019-12-18","North East and Yorkshire",120574.19
"2019-12-18","East of England",123959.938
"2019-12-18","North West",127596.661
"2019-12-19","London",84292.087
"2019-12-19","South East",107424.927
"2019-12-19","South West",120574.021
"2019-12-19","Midlands",97078.958
"2019-12-19","North East and Yorkshire",59199.946
"2019-12-19","East of England",93008.769
"2019-12-19","North West",44222.605
"2019-12-20","London",24504.004
"2019-12-20","South East",32720.261
"2019-12-20","South West",59876.333
"2019-12-20","Midlands",56619.827
"2019-12-20","North East and Yorkshire",61506.718
"2019-12-20","East of England",39137.508
"2019-12-20","North West",56288.896
"2019-12-21","London",110763.202
"2019-12-21","South East",129618.345
"2019-12-21","South West",133265.684
"2019-12-21","Midlands",97643.848
"2019-12-21","North East and Yorkshire",63806.456
"2019-12-21","East of England",94084.933
"2019-12-21","North West",46708.867
"2019-12-22","London",144509.306
"2019-12-22","South East",149462.271
"2019-12-22","South West",135653.933
"2019-12-22","Midlands",133028.896
"2019-12-22","North East and Yorkshire",94434.908
"2019-12-22","East of England",142934.807
"2019-12-22","North West",97246.87
"2019-12-23","London",159712.329
"2019-12-23","South East",161254.52
"2019-12-23","South West",163960.047
"2019-12-23","Midlands",145231.162
"2019-12-23","North East and Yorkshire",127184.74
"2019-12-23","East of England",145103.863
"2019-12-23","North West",134181.215
"2019-12-24","London",70886.178
"2019-12-24","South East",104652.846
"2019-12-24","South West",157501.806
"2019-12-24","Midlands",129489.1
"2019-12-24","North East and Yorkshire",100745.836
"2019-12-24","East of England",80713.499
"2019-12-24","North West",122513.118
"2019-12-25","London",106207.157
"2019-12-25","South East",101026.13
"2019-12-25","South West",99054.1
"2019-12-25","Midlands",113431.488
"2019-12-25","North East and Yorkshire",106587.606
"2019-12-25","East of England",120493.29
"2019-12-25","North West",125027.206
"2019-12-26","London",168092.721
"2019-12-26","South East",169597.948
"2019-12-26","South West",180395.292
"2019-12-26","Midlands",145357.141
"2019-12-26","North East and Yorkshire",95052.57
"2019-12-26","East of England",146779.407
"2019-12-26","North West",68333.802
"2019-12-27","London",105229.115
"2019-12-27","South East",93711.968
"2019-12-27","South West",99315.976
"2019-12-27","Midlands",52200.825
"2019-12-27","North East and Yorkshire",56688.079
"2019-12-27","East of England",103448.282
"2019-12-27","North West",36617.502
"2019-12-28","London",154299.27
"2019-12-28","South East",151296.552
"2019-12-28","South West",125261.838
"2019-12-28","Midlands",101816.784
"2019-12-28","North East and Yorkshire",111266.62
"2019-12-28","East of England",152396.623
"2019-12-28","North West",90309.299
"2019-12-29","London",143444.058
"2019-12-29","South East",141894.972
"2019-12-29","South West",135954.61
"2019-12-29","Midlands",112672.982
"2019-12-29","North East and Yorkshire",56943.447
"2019-12-29","East of England",136202.852
"2019-12-29","North West",43515.02
"2019-12-30","London",120005.654
"2019-12-30","South East",130489.522
"2019-12-30","South West",137593.605
"2019-12-30","Midlands",52060.159
"2019-12-30","North East and Yorkshire",27760.121
"2019-12-30","East of England",101843.743
"2019-12-30","North West",21187.102
"2019-12-31","London",21084.911
"2019-12-31","South East",26454.407
"2019-12-31","South West",32924.62
"2019-12-31","Midlands",16966.896
"2019-12-31","North East and Yorkshire",15667.838
"2019-12-31","East of England",30622.01
"2019-12-31","North West",16262.859
"2020-01-01","London",216842.849
"2020-01-01","South East",216280.079
"2020-01-01","South West",169183.59
"2020-01-01","Midlands",189868.197
"2020-01-01","North East and Yorkshire",159265.199
"2020-01-01","East of England",197735.441
"2020-01-01","North West",158695.663
"2020-01-02","London",83013.875
"2020-01-02","South East",90355.977
"2020-01-02","South West",93694.953
"2020-01-02","Midlands",71570.523
"2020-01-02","North East and Yorkshire",65331.819
"2020-01-02","East of England",77541.198
"2020-01-02","North West",54710.438
"2020-01-03","London",247559.079
"2020-01-03","South East",251825.05
"2020-01-03","South West",247133.658
"2020-01-03","Midlands",221323.847
"2020-01-03","North East and Yorkshire",183425.333
"2020-01-03","East of England",235490.496
"2020-01-03","North West",189063.879
"2020-01-04","London",151746.09
"2020-01-04","South East",151911.963
"2020-01-04","South West",158772.577
"2020-01-04","Midlands",159857.903
"2020-01-04","North East and Yorkshire",145674.471
"2020-01-04","East of England",166224.203
"2020-01-04","North West",122203.46
"2020-01-05","London",226202.498
"2020-01-05","South East",229523.95
"2020-01-05","South West",185596.39
"2020-01-05","Midlands",168656.282
"2020-01-05","North East and Yorkshire",147362.098
"2020-01-05","East of England",216204.845
"2020-01-05","North West",105010.654
"2020-01-06","London",148916.39
"2020-01-06","South East",165296.523
"2020-01-06","South West",109068.96
"2020-01-06","Midlands",65196.686
"2020-01-06","North East and Yorkshire",24203.964
"2020-01-06","East of England",129849.926
"2020-01-06","North West",16674.571
"2020-01-07","London",162973.22
"2020-01-07","South East",162850.77
"2020-01-07","South West",145838.206
"2020-01-07","Midlands",144888.052
"2020-01-07","North East and Yorkshire",126967.722
"2020-01-07","East of England",151739.864
"2020-01-07","North West",137635.776
"2020-01-08","London",133867.931
"2020-01-08","South East",163407.89
"2020-01-08","South West",171647.412
"2020-01-08","Midlands",149224.952
"2020-01-08","North East and Yorkshire",112134.984
"2020-01-08","East of England",127134.963
"2020-01-08","North West",140826.394
"2020-01-09","London",71192.301
"2020-01-09","South East",81100.711
"2020-01-09","South West",116656.522
"2020-01-09","Midlands",48168.38
"2020-01-09","North East and Yorkshire",42544.714
"2020-01-09","East of England",66436.843
"2020-01-09","North West",34078.538
"2020-01-10","London",125639.854
"2020-01-10","South East",113433.662
"2020-01-10","South West",123918.922
"2020-01-10","Midlands",112737.083
"2020-01-10","North East and Yorkshire",112516.666
"2020-01-10","East of England",107951.761
"2020-01-10","North West",123492.701
"2020-01-11","London",36307.316
"2020-01-11","South East",46809.149
"2020-01-11","South West",78039.844
"2020-01-11","Midlands",54508.9
"2020-01-11","North East and Yorkshire",54644.057
"2020-01-11","East of England",48916.372
"2020-01-11","North West",49427.197
"2020-01-12","London",70179.485
"2020-01-12","South East",84933.414
"2020-01-12","South West",81856.994
"2020-01-12","Midlands",48875.871
"2020-01-12","North East and Yorkshire",63687.474
"2020-01-12","East of England",60754.04
"2020-01-12","North West",45113.023
"2020-01-13","London",126418.648
"2020-01-13","South East",139824.969
"2020-01-13","South West",133592.029
"2020-01-13","Midlands",111155.185
"2020-01-13","North East and Yorkshire",87942.33
"2020-01-13","East of England",116304.817
"2020-01-13","North West",113619.884
"2020-01-14","London",136461.47
"2020-01-14","South East",136135.811
"2020-01-14","South West",110232.284
"2020-01-14","Midlands",58763.452
"2020-01-14","North East and Yorkshire",90187.99
"2020-01-14","East of England",122523.958
"2020-01-14","North West",58130.337
"2020-01-15","London",144406.399
"2020-01-15","South East",125254.111
"2020-01-15","South West",161285.777
"2020-01-15","Midlands",222635.04
"2020-01-15","North East and Yorkshire",224551.445
"2020-01-15","East of England",211735.995
"2020-01-15","North West",222141.699
"2020-01-16","London",39755.313
"2020-01-16","South East",49978.873
"2020-01-16","South West",58770.628
"2020-01-16","Midlands",26045.232
"2020-01-16","North East and Yorkshire",42518.843
"2020-01-16","East of England",33171.311
"2020-01-16","North West",35047.101
"2020-01-17","London",108596.431
"2020-01-17","South East",122400.341
"2020-01-17","South West",117144.758
"2020-01-17","Midlands",63731.591
"2020-01-17","North East and Yorkshire",39104.226
"2020-01-17","East of England",134760.931
"2020-01-17","North West",40507.326
"2020-01-18","London",105193.436
"2020-01-18","South East",131937.811
"2020-01-18","South West",223550.987
"2020-01-18","Midlands",92744.9
"2020-01-18","North East and Yorkshire",117554.138
"2020-01-18","East of England",111407.104
"2020-01-18","North West",137439.894
"2020-01-19","London",269878.869
"2020-01-19","South East",268528.58
"2020-01-19","South West",259934.595
"2020-01-19","Midlands",136484.302
"2020-01-19","North East and Yorkshire",121249.127
"2020-01-19","East of England",225434.396
"2020-01-19","North West",152320.108
"2020-01-20","London",350438.858
"2020-01-20","South East",356265.636
"2020-01-20","South West",330693.762
"2020-01-20","Midlands",315050.194
"2020-01-20","North East and Yorkshire",262634.449
"2020-01-20","East of England",338095.691
"2020-01-20","North West",266158.783
"2020-01-21","London",147459.828
"2020-01-21","South East",130912.951
"2020-01-21","South West",83908.785
"2020-01-21","Midlands",115780.075
"2020-01-21","North East and Yorkshire",97127.468
"2020-01-21","East of England",159422.651
"2020-01-21","North West",64234.716
"2020-01-22","London",251702.245
"2020-01-22","South East",247493.284
"2020-01-22","South West",239703.909
"2020-01-22","Midlands",208173.462
"2020-01-22","North East and Yorkshire",191845.32
"2020-01-22","East of England",237089.192
"2020-01-22","North West",171157.256
"2020-01-23","London",190025.498
"2020-01-23","South East",182865.908
"2020-01-23","South West",121891.673
"2020-01-23","Midlands",160097.83
"2020-01-23","North East and Yorkshire",157177.528
"2020-01-23","East of England",219597.918
"2020-01-23","North West",173076.145
"2020-01-24","London",103703.081
"2020-01-24","South East",116243.263
"2020-01-24","South West",170764.456
"2020-01-24","Midlands",178047.224
"2020-01-24","North East and Yorkshire",176801.468
"2020-01-24","East of England",136040.032
"2020-01-24","North West",213815.955
"2020-01-25","London",272932.455
"2020-01-25","South East",283917.415
"2020-01-25","South West",292084.991
"2020-01-25","Midlands",240459.103
"2020-01-25","North East and Yorkshire",190245.488
"2020-01-25","East of England",246558.71
"2020-01-25","North West",211440.129
"2020-01-26","London",302724.711
"2020-01-26","South East",305196.924
"2020-01-26","South West",259162.34
"2020-01-26","Midlands",221786.888
"2020-01-26","North East and Yorkshire",171265.027
"2020-01-26","East of England",285882.818
"2020-01-26","North West",132543.666
"2020-01-27","London",42441.996
"2020-01-27","South East",54235.259
"2020-01-27","South West",155780.558
"2020-01-27","Midlands",128071.778
"2020-01-27","North East and Yorkshire",168849.828
"2020-01-27","East of England",56465.495
"2020-01-27","North West",143821.465
"2020-01-28","London",136461.47
"2020-01-28","South East",136135.811
"2020-01-28","South West",110232.284
"2020-01-28","Midlands",58763.452
"2020-01-28","North East and Yorkshire",90187.99
"2020-01-28","East of England",122523.958
"2020-01-28","North West",58130.337
"2020-01-29","London",144406.399
"2020-01-29","South East",125254.111
"2020-01-29","South West",161285.777
"2020-01-29","Midlands",222635.04
"2020-01-29","North East and Yorkshire",224551.445
"2020-01-29","East of England",211735.995
"2020-01-29","North West",222141.699
"2020-01-30","London",39755.313
"2020-01-30","South East",49978.873
"2020-01-30","South West",58770.628
"2020-01-30","Midlands",26045.232
"2020-01-30","North East and Yorkshire",42518.843
"2020-01-30","East of England",33171.311
"2020-01-30","North West",35047.101
"2020-01-31","London",108596.431
"2020-01-31","South East",122400.341
"2020-01-31","South West",117144.758
"2020-01-31","Midlands",63731.591
"2020-01-31","North East and Yorkshire",39104.226
"2020-01-31","East of England",134760.931
"2020-01-31","North West",40507.326
"2020-02-01","London",105193.436
"2020-02-01","South East",131937.811
"2020-02-01","South West",223550.987
"2020-02-01","Midlands",92744.9
"2020-02-01","North East and Yorkshire",117554.138
"2020-02-01","East of England",111407.104
"2020-02-01","North West",137439.894
"2020-02-02","London",269878.869
"2020-02-02","South East",268528.58
"2020-02-02","South West",259934.595
"2020-02-02","Midlands",136484.302
"2020-02-02","North East and Yorkshire",121249.127
"2020-02-02","East of England",225434.396
"2020-02-02","North West",152320.108
"2020-02-03","London",350438.858
"2020-02-03","South East",356265.636
"2020-02-03","South West",330693.762
"2020-02-03","Midlands",315050.194
"2020-02-03","North East and Yorkshire",262634.449
"2020-02-03","East of England",338095.691
"2020-02-03","North West",266158.783
"2020-02-04","London",188364.708
"2020-02-04","South East",179979.983
"2020-02-04","South West",120186.698
"2020-02-04","Midlands",134274.285
"2020-02-04","North East and Yorkshire",158494.17
"2020-02-04","East of England",176150.675
"2020-02-04","North West",149386.286
"2020-02-05","London",197243.917
"2020-02-05","South East",198872.071
"2020-02-05","South West",176691.101
"2020-02-05","Midlands",99385.466
"2020-02-05","North East and Yorkshire",56980.685
"2020-02-05","East of England",137309.656
"2020-02-05","North West",64490.866
"2020-02-06","London",137293.732
"2020-02-06","South East",146062.401
"2020-02-06","South West",168977.616
"2020-02-06","Midlands",129107.591
"2020-02-06","North East and Yorkshire",112494.277
"2020-02-06","East of England",128899.914
"2020-02-06","North West",108439.587
"2020-02-07","London",159091.681
"2020-02-07","South East",179857.317
"2020-02-07","South West",259727.356
"2020-02-07","Midlands",213900.232
"2020-02-07","North East and Yorkshire",192861.601
"2020-02-07","East of England",150308.846
"2020-02-07","North West",170272.138
"2020-02-08","London",245090.47
"2020-02-08","South East",247181.271
"2020-02-08","South West",200852.129
"2020-02-08","Midlands",165623.623
"2020-02-08","North East and Yorkshire",107927
"2020-02-08","East of England",222720.692
"2020-02-08","North West",53826.697
"2020-02-09","London",204933.699
"2020-02-09","South East",211052.576
"2020-02-09","South West",172348.2
"2020-02-09","Midlands",211609.738
"2020-02-09","North East and Yorkshire",179676.235
"2020-02-09","East of England",191703.78
"2020-02-09","North West",163122.046
"2020-02-10","London",237360.088
"2020-02-10","South East",249066.083
"2020-02-10","South West",179311.768
"2020-02-10","Midlands",130145.708
"2020-02-10","North East and Yorkshire",113625.638
"2020-02-10","East of England",233089.025
"2020-02-10","North West",72628.911
"2020-02-11","London",199565.374
"2020-02-11","South East",201093.643
"2020-02-11","South West",191577.733
"2020-02-11","Midlands",153751.663
"2020-02-11","North East and Yorkshire",88280.064
"2020-02-11","East of England",187912.743
"2020-02-11","North West",62668.854
"2020-02-12","London",91374.484
"2020-02-12","South East",86984.614
"2020-02-12","South West",120995.586
"2020-02-12","Midlands",163907.321
"2020-02-12","North East and Yorkshire",164063.278
"2020-02-12","East of England",101438.387
"2020-02-12","North West",165592.185
"2020-02-13","London",213642.068
"2020-02-13","South East",219964.787
"2020-02-13","South West",219902.293
"2020-02-13","Midlands",192736.055
"2020-02-13","North East and Yorkshire",161488.17
"2020-02-13","East of England",195582.624
"2020-02-13","North West",179823.329
"2020-02-14","London",214031.034
"2020-02-14","South East",218682.546
"2020-02-14","South West",222371.932
"2020-02-14","Midlands",192960.255
"2020-02-14","North East and Yorkshire",141738.09
"2020-02-14","East of England",203277.305
"2020-02-14","North West",158913.895
"2020-02-15","London",150228.804
"2020-02-15","South East",153071.35
"2020-02-15","South West",114989.128
"2020-02-15","Midlands",96383.351
"2020-02-15","North East and Yorkshire",70499.869
"2020-02-15","East of England",145593.729
"2020-02-15","North West",60193.232
"2020-02-16","London",139779.253
"2020-02-16","South East",129421.454
"2020-02-16","South West",113043.673
"2020-02-16","Midlands",88924.662
"2020-02-16","North East and Yorkshire",61469.108
"2020-02-16","East of England",124539.843
"2020-02-16","North West",28861.606
"2020-02-17","London",184408.219
"2020-02-17","South East",192049.246
"2020-02-17","South West",185718.719
"2020-02-17","Midlands",174240.545
"2020-02-17","North East and Yorkshire",149980.362
"2020-02-17","East of England",191288.286
"2020-02-17","North West",152802.87
"2020-02-18","London",89630.142
"2020-02-18","South East",102622.768
"2020-02-18","South West",208322.165
"2020-02-18","Midlands",185617.372
"2020-02-18","North East and Yorkshire",215363.797
"2020-02-18","East of England",102177.203
"2020-02-18","North West",215473.583
"2020-02-19","London",75104.35
"2020-02-19","South East",100501.609
"2020-02-19","South West",154252.208
"2020-02-19","Midlands",227348.804
"2020-02-19","North East and Yorkshire",248533.914
"2020-02-19","East of England",134289.779
"2020-02-19","North West",224301.561
"2020-02-20","London",237448.559
"2020-02-20","South East",246708.64
"2020-02-20","South West",321848.824
"2020-02-20","Midlands",245853.149
"2020-02-20","North East and Yorkshire",199042.979
"2020-02-20","East of England",212571.059
"2020-02-20","North West",257482.408
"2020-02-21","London",196315.9
"2020-02-21","South East",171874.191
"2020-02-21","South West",89660.072
"2020-02-21","Midlands",91991.726
"2020-02-21","North East and Yorkshire",85483.346
"2020-02-21","East of England",214427.257
"2020-02-21","North West",67099.843
"2020-02-22","London",313550.995
"2020-02-22","South East",278278.775
"2020-02-22","South West",77703.139
"2020-02-22","Midlands",140310.009
"2020-02-22","North East and Yorkshire",125512.087
"2020-02-22","East of England",287967.066
"2020-02-22","North West",75866.622
"2020-02-23","London",316342.767
"2020-02-23","South East",280265.042
"2020-02-23","South West",125284.652
"2020-02-23","Midlands",141572.356
"2020-02-23","North East and Yorkshire",215190.954
"2020-02-23","East of England",277219.845
"2020-02-23","North West",194858.837
"2020-02-24","London",189231.265
"2020-02-24","South East",192766.838
"2020-02-24","South West",316308.38
"2020-02-24","Midlands",229627.832
"2020-02-24","North East and Yorkshire",213136.581
"2020-02-24","East of England",214694.858
"2020-02-24","North West",335672.531
"2020-02-25","London",377524.657
"2020-02-25","South East",366224.43
"2020-02-25","South West",234069.832
"2020-02-25","Midlands",210903.021
"2020-02-25","North East and Yorkshire",220839.793
"2020-02-25","East of England",401023.25
"2020-02-25","North West",204500.3
"2020-02-26","London",237015.504
"2020-02-26","South East",278985.637
"2020-02-26","South West",189372.359
"2020-02-26","Midlands",69198.832
"2020-02-26","North East and Yorkshire",181309.843
"2020-02-26","East of England",198180.801
"2020-02-26","North West",181755.324
"2020-02-27","London",111279.729
"2020-02-27","South East",164056.106
"2020-02-27","South West",158575.004
"2020-02-27","Midlands",176166.575
"2020-02-27","North East and Yorkshire",437752.217
"2020-02-27","East of England",120612.085
"2020-02-27","North West",452642.732
"2020-02-28","London",268852.446
"2020-02-28","South East",238469.949
"2020-02-28","South West",371577.838
"2020-02-28","Midlands",450517.402
"2020-02-28","North East and Yorkshire",544415.306
"2020-02-28","East of England",387555.472
"2020-02-28","North West",548382.354
"2020-02-29","London",688561.522
"2020-02-29","South East",674191.529
"2020-02-29","South West",599157.05
"2020-02-29","Midlands",671587.701
"2020-02-29","North East and Yorkshire",606635.208
"2020-02-29","East of England",685204.41
"2020-02-29","North West",639386.959
"2020-03-01","London",716207.064
"2020-03-01","South East",721025.363
"2020-03-01","South West",686201.195
"2020-03-01","Midlands",701674.524
"2020-03-01","North East and Yorkshire",632044.988
"2020-03-01","East of England",708738.155
"2020-03-01","North West",681047.951
"2020-03-02","London",746803.568
"2020-03-02","South East",751708.343
"2020-03-02","South West",725626.182
"2020-03-02","Midlands",718931.203
"2020-03-02","North East and Yorkshire",654402.781
"2020-03-02","East of England",731725.529
"2020-03-02","North West",685136.268
"2020-03-03","London",308704.356
"2020-03-03","South East",314770.979
"2020-03-03","South West",285317.748
"2020-03-03","Midlands",236851.518
"2020-03-03","North East and Yorkshire",189134.89
"2020-03-03","East of England",343852.581
"2020-03-03","North West",139906.941
"2020-03-04","London",246507.153
"2020-03-04","South East",271609.276
"2020-03-04","South West",276061.751
"2020-03-04","Midlands",314484.512
"2020-03-04","North East and Yorkshire",330204.947
"2020-03-04","East of England",294860.061
"2020-03-04","North West",327640.481
"2020-03-05","London",267401.436
"2020-03-05","South East",289617.415
"2020-03-05","South West",243585.157
"2020-03-05","Midlands",280096.235
"2020-03-05","North East and Yorkshire",376572.464
"2020-03-05","East of England",327415.867
"2020-03-05","North West",318322.661
"2020-03-06","London",396732.673
"2020-03-06","South East",390157.564
"2020-03-06","South West",331942.613
"2020-03-06","Midlands",274960.657
"2020-03-06","North East and Yorkshire",306702.698
"2020-03-06","East of England",415576.655
"2020-03-06","North West",262029.782
"2020-03-07","London",290422.611
"2020-03-07","South East",287175.621
"2020-03-07","South West",319862.698
"2020-03-07","Midlands",494417.868
"2020-03-07","North East and Yorkshire",485095.102
"2020-03-07","East of England",429864.304
"2020-03-07","North West",471905.128
"2020-03-08","London",633634.879
"2020-03-08","South East",663705.762
"2020-03-08","South West",700460.738
"2020-03-08","Midlands",589909.503
"2020-03-08","North East and Yorkshire",492535.713
"2020-03-08","East of England",646170.016
"2020-03-08","North West",473704.011
"2020-03-09","London",662584.879
"2020-03-09","South East",686058.251
"2020-03-09","South West",663355.511
"2020-03-09","Midlands",687097.798
"2020-03-09","North East and Yorkshire",667707.604
"2020-03-09","East of England",627695.841
"2020-03-09","North West",696945.271
"2020-03-10","London",303679.832
"2020-03-10","South East",319741.618
"2020-03-10","South West",258966.246
"2020-03-10","Midlands",230757.911
"2020-03-10","North East and Yorkshire",211580.233
"2020-03-10","East of England",305797.707
"2020-03-10","North West",160109.635
"2020-03-11","London",184670.228
"2020-03-11","South East",227789.064
"2020-03-11","South West",246180.241
"2020-03-11","Midlands",202471.545
"2020-03-11","North East and Yorkshire",204512.533
"2020-03-11","East of England",172684.368
"2020-03-11","North West",170471.14
"2020-03-12","London",226175.016
"2020-03-12","South East",247354.243
"2020-03-12","South West",283540.886
"2020-03-12","Midlands",303096.298
"2020-03-12","North East and Yorkshire",268301.252
"2020-03-12","East of England",238271.786
"2020-03-12","North West",278519.713
"2020-03-13","London",290448.227
"2020-03-13","South East",290855.755
"2020-03-13","South West",366803.539
"2020-03-13","Midlands",388915.817
"2020-03-13","North East and Yorkshire",363506.333
"2020-03-13","East of England",320763.406
"2020-03-13","North West",380801.326
"2020-03-14","London",423962.924
"2020-03-14","South East",426287.024
"2020-03-14","South West",406643.475
"2020-03-14","Midlands",378248.914
"2020-03-14","North East and Yorkshire",350267.545
"2020-03-14","East of England",402912.846
"2020-03-14","North West",379086.164
"2020-03-15","London",456805.527
"2020-03-15","South East",463258.533
"2020-03-15","South West",433588.798
"2020-03-15","Midlands",309339.128
"2020-03-15","North East and Yorkshire",257116.394
"2020-03-15","East of England",425954.832
"2020-03-15","North West",278859.941
"2020-03-16","London",456699.647
"2020-03-16","South East",463190.746
"2020-03-16","South West",469803.62
"2020-03-16","Midlands",438620.268
"2020-03-16","North East and Yorkshire",401841.511
"2020-03-16","East of England",444911.908
"2020-03-16","North West",425890.684
"2020-03-17","London",282224.6
"2020-03-17","South East",290614.576
"2020-03-17","South West",225496.877
"2020-03-17","Midlands",165646.383
"2020-03-17","North East and Yorkshire",121579.895
"2020-03-17","East of England",260009.904
"2020-03-17","North West",107952.569
"2020-03-18","London",114776.072
"2020-03-18","South East",122176.626
"2020-03-18","South West",78150.842
"2020-03-18","Midlands",76103.835
"2020-03-18","North East and Yorkshire",137351.254
"2020-03-18","East of England",127030.146
"2020-03-18","North West",102603.393
"2020-03-19","London",47736.332
"2020-03-19","South East",77853.502
"2020-03-19","South West",160517.263
"2020-03-19","Midlands",176333.981
"2020-03-19","North East and Yorkshire",263880.795
"2020-03-19","East of England",77551.062
"2020-03-19","North West",270749.058
"2020-03-20","London",355389.517
"2020-03-20","South East",374771.624
"2020-03-20","South West",378194.032
"2020-03-20","Midlands",237888.09
"2020-03-20","North East and Yorkshire",216016.415
"2020-03-20","East of England",317707.291
"2020-03-20","North West",128191.285
"2020-03-21","London",335816.216
"2020-03-21","South East",355530.405
"2020-03-21","South West",324452.015
"2020-03-21","Midlands",196343.798
"2020-03-21","North East and Yorkshire",202292.86
"2020-03-21","East of England",325233.291
"2020-03-21","North West",152539.694
"2020-03-22","London",364107.225
"2020-03-22","South East",396128.176
"2020-03-22","South West",385826.356
"2020-03-22","Midlands",345671.786
"2020-03-22","North East and Yorkshire",291032.023
"2020-03-22","East of England",334804.491
"2020-03-22","North West",350907.195
"2020-03-23","London",355984.265
"2020-03-23","South East",370559.036
"2020-03-23","South West",184955.761
"2020-03-23","Midlands",309767.937
"2020-03-23","North East and Yorkshire",341983.223
"2020-03-23","East of England",348039.441
"2020-03-23","North West",351399.315
"2020-03-24","London",758906.594
"2020-03-24","South East",744284.158
"2020-03-24","South West",681884.182
"2020-03-24","Midlands",733247.994
"2020-03-24","North East and Yorkshire",779297.761
"2020-03-24","East of England",772305.266
"2020-03-24","North West",815196.428
"2020-03-25","London",821436.98
"2020-03-25","South East",807945.515
"2020-03-25","South West",759595.364
"2020-03-25","Midlands",725288.343
"2020-03-25","North East and Yorkshire",670568.834
"2020-03-25","East of England",815864.688
"2020-03-25","North West",624302.787
"2020-03-26","London",824004.035
"2020-03-26","South East",844462.053
"2020-03-26","South West",847297.458
"2020-03-26","Midlands",783568.919
"2020-03-26","North East and Yorkshire",611041.533
"2020-03-26","East of England",803586.073
"2020-03-26","North West",712694.807
"2020-03-27","London",852149.261
"2020-03-27","South East",867648.055
"2020-03-27","South West",867206.915
"2020-03-27","Midlands",800532.013
"2020-03-27","North East and Yorkshire",675940.062
"2020-03-27","East of England",836346.598
"2020-03-27","North West",717701.841
"2020-03-28","London",771232.102
"2020-03-28","South East",750875.072
"2020-03-28","South West",847751.404
"2020-03-28","Midlands",782643.569
"2020-03-28","North East and Yorkshire",721945.851
"2020-03-28","East of England",796964.208
"2020-03-28","North West",773619.216
"2020-03-29","London",867177.597
"2020-03-29","South East",868719.138
"2020-03-29","South West",805374.562
"2020-03-29","Midlands",669010.343
"2020-03-29","North East and Yorkshire",539467.85
"2020-03-29","East of England",830545.546
"2020-03-29","North West",554908.169
"2020-03-30","London",784863.029
"2020-03-30","South East",866711.287
"2020-03-30","South West",917580.109
"2020-03-30","Midlands",852635.746
"2020-03-30","North East and Yorkshire",679821.275
"2020-03-30","East of England",705649.288
"2020-03-30","North West",902038.701
"2020-03-31","London",468737.446
"2020-03-31","South East",466108.248
"2020-03-31","South West",451829.014
"2020-03-31","Midlands",434631.284
"2020-03-31","North East and Yorkshire",417850.331
"2020-03-31","East of England",482008.433
"2020-03-31","North West",411149.211
"2020-04-01","London",172140.627
"2020-04-01","South East",163883.427
"2020-04-01","South West",174729.515
"2020-04-01","Midlands",209442.521
"2020-04-01","North East and Yorkshire",232513.174
"2020-04-01","East of England",205258.93
"2020-04-01","North West",251280.326
"2020-04-02","London",615993.952
"2020-04-02","South East",592774.899
"2020-04-02","South West",530356.989
"2020-04-02","Midlands",469307.689
"2020-04-02","North East and Yorkshire",454580.005
"2020-04-02","East of England",605978.877
"2020-04-02","North West",410214.692
"2020-04-03","London",623503.854
"2020-04-03","South East",611256.922
"2020-04-03","South West",498721.263
"2020-04-03","Midlands",437087.686
"2020-04-03","North East and Yorkshire",538197.56
"2020-04-03","East of England",595408.699
"2020-04-03","North West",472820.051
"2020-04-04","London",674114.16
"2020-04-04","South East",680282.857
"2020-04-04","South West",679684.675
"2020-04-04","Midlands",647594.879
"2020-04-04","North East and Yorkshire",609868.244
"2020-04-04","East of England",658248.619
"2020-04-04","North West",632391.116
"2020-04-05","London",582799.788
"2020-04-05","South East",618513.34
"2020-04-05","South West",667029.967
"2020-04-05","Midlands",590136.341
"2020-04-05","North East and Yorkshire",519333.449
"2020-04-05","East of England",570192.305
"2020-04-05","North West",589989.37
"2020-04-06","London",636622.026
"2020-04-06","South East",620079.415
"2020-04-06","South West",561209.647
"2020-04-06","Midlands",537862.666
"2020-04-06","North East and Yorkshire",582968.994
"2020-04-06","East of England",641137.375
"2020-04-06","North West",498406.303
"2020-04-07","London",566482.685
"2020-04-07","South East",530804.077
"2020-04-07","South West",340938.817
"2020-04-07","Midlands",533702.749
"2020-04-07","North East and Yorkshire",665790.363
"2020-04-07","East of England",662477.616
"2020-04-07","North West",532896.425
"2020-04-08","London",751303.962
"2020-04-08","South East",726771.529
"2020-04-08","South West",588115.592
"2020-04-08","Midlands",585774.637
"2020-04-08","North East and Yorkshire",543135.42
"2020-04-08","East of England",756721.166
"2020-04-08","North West",461946.063
"2020-04-09","London",846331.71
"2020-04-09","South East",852541.26
"2020-04-09","South West",828926.39
"2020-04-09","Midlands",774989.321
"2020-04-09","North East and Yorkshire",585195.052
"2020-04-09","East of England",825929.204
"2020-04-09","North West",561196.983
"2020-04-10","London",453592.295
"2020-04-10","South East",376658.793
"2020-04-10","South West",329614.982
"2020-04-10","Midlands",402390.721
"2020-04-10","North East and Yorkshire",498208.567
"2020-04-10","East of England",581215.345
"2020-04-10","North West",408191.112
"2020-04-11","London",630726.335
"2020-04-11","South East",578998.31
"2020-04-11","South West",642790.789
"2020-04-11","Midlands",472959.24
"2020-04-11","North East and Yorkshire",582346.622
"2020-04-11","East of England",738572.968
"2020-04-11","North West",525489.329
"2020-04-12","London",437685.611
"2020-04-12","South East",358375.296
"2020-04-12","South West",256373.243
"2020-04-12","Midlands",237773.906
"2020-04-12","North East and Yorkshire",474466.906
"2020-04-12","East of England",588133.538
"2020-04-12","North West",228320.872
"2020-04-13","London",705090.524
"2020-04-13","South East",626215.025
"2020-04-13","South West",346937.632
"2020-04-13","Midlands",357434.107
"2020-04-13","North East and Yorkshire",568966.849
"2020-04-13","East of England",769813.429
"2020-04-13","North West",384630.248
"2020-04-14","London",763640.409
"2020-04-14","South East",773658.586
"2020-04-14","South West",796037.433
"2020-04-14","Midlands",758345.621
"2020-04-14","North East and Yorkshire",758037.035
"2020-04-14","East of England",682848.683
"2020-04-14","North West",778967.422
"2020-04-15","London",788235.814
"2020-04-15","South East",785046.234
"2020-04-15","South West",682819.644
"2020-04-15","Midlands",790659.392
"2020-04-15","North East and Yorkshire",792954.27
"2020-04-15","East of England",832332.789
"2020-04-15","North West",794139.481
"2020-04-16","London",743670.146
"2020-04-16","South East",791936.004
"2020-04-16","South West",849923.946
"2020-04-16","Midlands",619254.99
"2020-04-16","North East and Yorkshire",445694.371
"2020-04-16","East of England",666168.299
"2020-04-16","North West",423445.576
"2020-04-17","London",533276.279
"2020-04-17","South East",543953.335
"2020-04-17","South West",525548.026
"2020-04-17","Midlands",610895.788
"2020-04-17","North East and Yorkshire",763967.511
"2020-04-17","East of England",651550.123
"2020-04-17","North West",711378.641
"2020-04-18","London",519488.862
"2020-04-18","South East",620116.313
"2020-04-18","South West",830887.465
"2020-04-18","Midlands",616428.421
"2020-04-18","North East and Yorkshire",577217.848
"2020-04-18","East of England",543615.507
"2020-04-18","North West",679982.314
"2020-04-19","London",676317.251
"2020-04-19","South East",726535.31
"2020-04-19","South West",852392.91
"2020-04-19","Midlands",713001.521
"2020-04-19","North East and Yorkshire",636160.041
"2020-04-19","East of England",696098.211
"2020-04-19","North West",636201.175
"2020-04-20","London",454072.526
"2020-04-20","South East",440932.555
"2020-04-20","South West",319735.022
"2020-04-20","Midlands",170738.97
"2020-04-20","North East and Yorkshire",182239.854
"2020-04-20","East of England",494561.877
"2020-04-20","North West",279702.117
"2020-04-21","London",693234.098
"2020-04-21","South East",742220.195
"2020-04-21","South West",692684.933
"2020-04-21","Midlands",826905.129
"2020-04-21","North East and Yorkshire",760872.887
"2020-04-21","East of England",797942.097
"2020-04-21","North West",770504.264
"2020-04-22","London",753146.443
"2020-04-22","South East",780359.318
"2020-04-22","South West",806774.077
"2020-04-22","Midlands",720811.215
"2020-04-22","North East and Yorkshire",696837.401
"2020-04-22","East of England",740437.24
"2020-04-22","North West",703391.015
"2020-04-23","London",682887.888
"2020-04-23","South East",707786.78
"2020-04-23","South West",710823.071
"2020-04-23","Midlands",703617.464
"2020-04-23","North East and Yorkshire",767368.965
"2020-04-23","East of England",714556.93
"2020-04-23","North West",830621.513
"2020-04-24","London",594411.886
"2020-04-24","South East",635645.231
"2020-04-24","South West",695909.261
"2020-04-24","Midlands",584753.571
"2020-04-24","North East and Yorkshire",661666.161
"2020-04-24","East of England",669095.514
"2020-04-24","North West",718420.732
"2020-04-25","London",945007.237
"2020-04-25","South East",959546.454
"2020-04-25","South West",864659.207
"2020-04-25","Midlands",838210.593
"2020-04-25","North East and Yorkshire",741077.314
"2020-04-25","East of England",929118.761
"2020-04-25","North West",731772.726
"2020-04-26","London",948154.835
"2020-04-26","South East",920555.986
"2020-04-26","South West",787380.28
"2020-04-26","Midlands",850865.656
"2020-04-26","North East and Yorkshire",810130.593
"2020-04-26","East of England",915912.167
"2020-04-26","North West",635759.403
"2020-04-27","London",908451.011
"2020-04-27","South East",929309.697
"2020-04-27","South West",888766.028
"2020-04-27","Midlands",929744.64
"2020-04-27","North East and Yorkshire",915419.708
"2020-04-27","East of England",840750.516
"2020-04-27","North West",953964.319
"2020-04-28","London",427609.707
"2020-04-28","South East",513427.794
"2020-04-28","South West",676890.081
"2020-04-28","Midlands",749185.186
"2020-04-28","North East and Yorkshire",845323.4
"2020-04-28","East of England",535577.46
"2020-04-28","North West",870028.762
"2020-04-29","London",249845.296
"2020-04-29","South East",333984.223
"2020-04-29","South West",425360.597
"2020-04-29","Midlands",379966.763
"2020-04-29","North East and Yorkshire",658757.9
"2020-04-29","East of England",269812.992
"2020-04-29","North West",711383.833
"2020-04-30","London",897059.184
"2020-04-30","South East",867051.02
"2020-04-30","South West",725674.968
"2020-04-30","Midlands",736842.372
"2020-04-30","North East and Yorkshire",748627.603
"2020-04-30","East of England",876403.027
"2020-04-30","North West",733692.633
"2020-05-01","London",885977.718
"2020-05-01","South East",921738.126
"2020-05-01","South West",939941.697
"2020-05-01","Midlands",982882.763
"2020-05-01","North East and Yorkshire",816562.024
"2020-05-01","East of England",970281.476
"2020-05-01","North West",918578.343
"2020-05-02","London",1061301.084
"2020-05-02","South East",1041141.565
"2020-05-02","South West",933866.474
"2020-05-02","Midlands",1009003.749
"2020-05-02","North East and Yorkshire",932602.259
"2020-05-02","East of England",1094476.95
"2020-05-02","North West",896834.127
"2020-05-03","London",531496.208
"2020-05-03","South East",517105.959
"2020-05-03","South West",555712.207
"2020-05-03","Midlands",587498.992
"2020-05-03","North East and Yorkshire",610513.057
"2020-05-03","East of England",558642.168
"2020-05-03","North West",529802.766
"2020-05-04","London",829662.075
"2020-05-04","South East",799823.296
"2020-05-04","South West",741770.122
"2020-05-04","Midlands",637391.739
"2020-05-04","North East and Yorkshire",422306.601
"2020-05-04","East of England",793663.339
"2020-05-04","North West",543438.713
"2020-05-05","London",847122.975
"2020-05-05","South East",862838.275
"2020-05-05","South West",927780.282
"2020-05-05","Midlands",922824.939
"2020-05-05","North East and Yorkshire",875081.343
"2020-05-05","East of England",819856.028
"2020-05-05","North West",901637.598
"2020-05-06","London",932823.507
"2020-05-06","South East",939907.94
"2020-05-06","South West",947158.356
"2020-05-06","Midlands",851952.958
"2020-05-06","North East and Yorkshire",862151.89
"2020-05-06","East of England",902354.102
"2020-05-06","North West",816528.124
"2020-05-07","London",889538.377
"2020-05-07","South East",885276.499
"2020-05-07","South West",805805.631
"2020-05-07","Midlands",910680.708
"2020-05-07","North East and Yorkshire",847727.105
"2020-05-07","East of England",901013.897
"2020-05-07","North West",923619.566
"2020-05-08","London",617964.351
"2020-05-08","South East",558299.07
"2020-05-08","South West",431106.715
"2020-05-08","Midlands",751138.012
"2020-05-08","North East and Yorkshire",819177.496
"2020-05-08","East of England",769904.173
"2020-05-08","North West",889390.743
"2020-05-09","London",542609.999
"2020-05-09","South East",602862.712
"2020-05-09","South West",435757.259
"2020-05-09","Midlands",270803.403
"2020-05-09","North East and Yorkshire",728390.304
"2020-05-09","East of England",440803.109
"2020-05-09","North West",584546.742
"2020-05-10","London",962422.056
"2020-05-10","South East",951492.043
"2020-05-10","South West",885017.276
"2020-05-10","Midlands",915100.327
"2020-05-10","North East and Yorkshire",945028.047
"2020-05-10","East of England",950484.005
"2020-05-10","North West",939718.39
"2020-05-11","London",996196.328
"2020-05-11","South East",994696.868
"2020-05-11","South West",953961.925
"2020-05-11","Midlands",984887.975
"2020-05-11","North East and Yorkshire",970065.5
"2020-05-11","East of England",990442.947
"2020-05-11","North West",978684.28
"2020-05-12","London",454893.189
"2020-05-12","South East",555200.926
"2020-05-12","South West",534599.645
"2020-05-12","Midlands",482310.682
"2020-05-12","North East and Yorkshire",572107.493
"2020-05-12","East of England",529346.613
"2020-05-12","North West",464920.089
"2020-05-13","London",573319.86
"2020-05-13","South East",639582.956
"2020-05-13","South West",864191.196
"2020-05-13","Midlands",689041.332
"2020-05-13","North East and Yorkshire",663994.534
"2020-05-13","East of England",644867.175
"2020-05-13","North West",633858.409
"2020-05-14","London",1055835.217
"2020-05-14","South East",1084587.708
"2020-05-14","South West",1036988.24
"2020-05-14","Midlands",1078607.808
"2020-05-14","North East and Yorkshire",1048442.807
"2020-05-14","East of England",1086991.28
"2020-05-14","North West",1029782.779
"2020-05-15","London",467056.395
"2020-05-15","South East",527178.156
"2020-05-15","South West",476932.497
"2020-05-15","Midlands",326705.613
"2020-05-15","North East and Yorkshire",515211.65
"2020-05-15","East of England",471271.628
"2020-05-15","North West",455173.663
"2020-05-16","London",741280.035
"2020-05-16","South East",856127.268
"2020-05-16","South West",913172.81
"2020-05-16","Midlands",424435.98
"2020-05-16","North East and Yorkshire",345391.997
"2020-05-16","East of England",585610.445
"2020-05-16","North West",334950.513
"2020-05-17","London",922080.261
"2020-05-17","South East",905854.295
"2020-05-17","South West",905446.293
"2020-05-17","Midlands",926221.808
"2020-05-17","North East and Yorkshire",957829.122
"2020-05-17","East of England",962248.638
"2020-05-17","North West",984318.356
"2020-05-18","London",206945.156
"2020-05-18","South East",311770.231
"2020-05-18","South West",620486.815
"2020-05-18","Midlands",514360.06
"2020-05-18","North East and Yorkshire",660634.797
"2020-05-18","East of England",257691.724
"2020-05-18","North West",888616.334
"2020-05-19","London",271423.334
"2020-05-19","South East",412973.913
"2020-05-19","South West",821233.985
"2020-05-19","Midlands",524266.038
"2020-05-19","North East and Yorkshire",590378.269
"2020-05-19","East of England",352847.913
"2020-05-19","North West",775969.811
"2020-05-20","London",310333.198
"2020-05-20","South East",429453.318
"2020-05-20","South West",464097.918
"2020-05-20","Midlands",155482.435
"2020-05-20","North East and Yorkshire",138073.704
"2020-05-20","East of England",421125.631
"2020-05-20","North West",175189.496
"2020-05-21","London",673574.462
"2020-05-21","South East",767539.353
"2020-05-21","South West",756411.464
"2020-05-21","Midlands",429295.717
"2020-05-21","North East and Yorkshire",228701.572
"2020-05-21","East of England",684299.796
"2020-05-21","North West",181341.846
"2020-05-22","London",701501.287
"2020-05-22","South East",811957.962
"2020-05-22","South West",597425.725
"2020-05-22","Midlands",396098.542
"2020-05-22","North East and Yorkshire",432252.964
"2020-05-22","East of England",749253.848
"2020-05-22","North West",320935.601
"2020-05-23","London",832822.008
"2020-05-23","South East",1028009.263
"2020-05-23","South West",914193.385
"2020-05-23","Midlands",828270.316
"2020-05-23","North East and Yorkshire",807726.732
"2020-05-23","East of England",770999.387
"2020-05-23","North West",841547.856
"2020-05-24","London",758419.766
"2020-05-24","South East",842319.152
"2020-05-24","South West",837138.507
"2020-05-24","Midlands",698863.98
"2020-05-24","North East and Yorkshire",625195.293
"2020-05-24","East of England",767095.105
"2020-05-24","North West",688128.995
"2020-05-25","London",857884.203
"2020-05-25","South East",886035.828
"2020-05-25","South West",905173.477
"2020-05-25","Midlands",912297.481
"2020-05-25","North East and Yorkshire",810398.365
"2020-05-25","East of England",875662.838
"2020-05-25","North West",852600.26
"2020-05-26","London",856594.247
"2020-05-26","South East",926500.591
"2020-05-26","South West",983167.762
"2020-05-26","Midlands",962141.202
"2020-05-26","North East and Yorkshire",886521.202
"2020-05-26","East of England",837674.263
"2020-05-26","North West",971145.567
"2020-05-27","London",339979.827
"2020-05-27","South East",369186.625
"2020-05-27","South West",383311.238
"2020-05-27","Midlands",446133.671
"2020-05-27","North East and Yorkshire",506044.427
"2020-05-27","East of England",409307.095
"2020-05-27","North West",551092.468
"2020-05-28","London",649124.597
"2020-05-28","South East",664948.537
"2020-05-28","South West",543659.339
"2020-05-28","Midlands",433028.358
"2020-05-28","North East and Yorkshire",389374.596
"2020-05-28","East of England",617484.593
"2020-05-28","North West",345093.051
"2020-05-29","London",1144426.775
"2020-05-29","South East",1150804.588
"2020-05-29","South West",1196817.94
"2020-05-29","Midlands",1041068.477
"2020-05-29","North East and Yorkshire",733920.437
"2020-05-29","East of England",1098309.461
"2020-05-29","North West",789863.647
"2020-05-30","London",726129.87
"2020-05-30","South East",843446.355
"2020-05-30","South West",1013016.458
"2020-05-30","Midlands",743524.163
"2020-05-30","North East and Yorkshire",857892.371
"2020-05-30","East of England",796643.919
"2020-05-30","North West",895704.325
"2020-05-31","London",841731.823
"2020-05-31","South East",899249.597
"2020-05-31","South West",830282.26
"2020-05-31","Midlands",770086.29
"2020-05-31","North East and Yorkshire",848998.031
"2020-05-31","East of England",730394.598
"2020-05-31","North West",708550.798
"2020-06-01","London",825263.336
"2020-06-01","South East",854996.412
"2020-06-01","South West",784534.926
"2020-06-01","Midlands",834605.936
"2020-06-01","North East and Yorkshire",764562.012
"2020-06-01","East of England",844758.556
"2020-06-01","North West",756410.767
"2020-06-02","London",587567.124
"2020-06-02","South East",650527.465
"2020-06-02","South West",470250.837
"2020-06-02","Midlands",367143.313
"2020-06-02","North East and Yorkshire",379681.655
"2020-06-02","East of England",522675.659
"2020-06-02","North West",365282.703
"2020-06-03","London",861875.716
"2020-06-03","South East",944324.515
"2020-06-03","South West",935599.225
"2020-06-03","Midlands",964063.278
"2020-06-03","North East and Yorkshire",1027636.872
"2020-06-03","East of England",914506.791
"2020-06-03","North West",917642.77
"2020-06-04","London",883669.527
"2020-06-04","South East",889034.917
"2020-06-04","South West",884696.039
"2020-06-04","Midlands",908007.302
"2020-06-04","North East and Yorkshire",980326.864
"2020-06-04","East of England",948087.742
"2020-06-04","North West",972503.635
"2020-06-05","London",762009.255
"2020-06-05","South East",829081.12
"2020-06-05","South West",741352.62
"2020-06-05","Midlands",701488.5
"2020-06-05","North East and Yorkshire",646633.659
"2020-06-05","East of England",795408.735
"2020-06-05","North West",713286.693
"2020-06-06","London",657311.471
"2020-06-06","South East",704228.895
"2020-06-06","South West",737163.782
"2020-06-06","Midlands",792653.174
"2020-06-06","North East and Yorkshire",944932.455
"2020-06-06","East of England",762554.194
"2020-06-06","North West",999886.485
"2020-06-07","London",813457.347
"2020-06-07","South East",884009.246
"2020-06-07","South West",848113.5
"2020-06-07","Midlands",604723.762
"2020-06-07","North East and Yorkshire",726483.554
"2020-06-07","East of England",741240.369
"2020-06-07","North West",444747.645
"2020-06-08","London",861852.181
"2020-06-08","South East",914340.125
"2020-06-08","South West",962588.224
"2020-06-08","Midlands",992575.384
"2020-06-08","North East and Yorkshire",993316.006
"2020-06-08","East of England",800953.731
"2020-06-08","North West",1064062.257
"2020-06-09","London",1045345.26
"2020-06-09","South East",1113269.138
"2020-06-09","South West",1122221.115
"2020-06-09","Midlands",1173564.137
"2020-06-09","North East and Yorkshire",1072642.683
"2020-06-09","East of England",1031508.066
"2020-06-09","North West",1158715.528
"2020-06-10","London",1151327.65
"2020-06-10","South East",1131798.81
"2020-06-10","South West",736091.6
"2020-06-10","Midlands",894105.803
"2020-06-10","North East and Yorkshire",871865.922
"2020-06-10","East of England",1147303.535
"2020-06-10","North West",738365.631
"2020-06-11","London",598770.424
"2020-06-11","South East",675458.49
"2020-06-11","South West",537081.332
"2020-06-11","Midlands",607672.831
"2020-06-11","North East and Yorkshire",714969.833
"2020-06-11","East of England",675112.772
"2020-06-11","North West",715487.182
"2020-06-12","London",723686.086
"2020-06-12","South East",756513.704
"2020-06-12","South West",628822.036
"2020-06-12","Midlands",681734.746
"2020-06-12","North East and Yorkshire",669214.203
"2020-06-12","East of England",778785.492
"2020-06-12","North West",574520.17
"2020-06-13","London",732250.465
"2020-06-13","South East",800557.419
"2020-06-13","South West",892728.67
"2020-06-13","Midlands",839939.109
"2020-06-13","North East and Yorkshire",1031906.248
"2020-06-13","East of England",833921.706
"2020-06-13","North West",989980.2
"2020-06-14","London",1073406.632
"2020-06-14","South East",1127273.6
"2020-06-14","South West",1111951.362
"2020-06-14","Midlands",915869.441
"2020-06-14","North East and Yorkshire",828724.403
"2020-06-14","East of England",1106228.453
"2020-06-14","North West",783629.369
"2020-06-15","London",998810.644
"2020-06-15","South East",1061632.694
"2020-06-15","South West",1005157.689
"2020-06-15","Midlands",779465.773
"2020-06-15","North East and Yorkshire",679389.97
"2020-06-15","East of England",952710.173
"2020-06-15","North West",664666.653
"2020-06-16","London",856594.247
"2020-06-16","South East",926500.591
"2020-06-16","South West",983167.762
"2020-06-16","Midlands",962141.202
"2020-06-16","North East and Yorkshire",886521.202
"2020-06-16","East of England",837674.263
"2020-06-16","North West",971145.567
"2020-06-17","London",339979.827
"2020-06-17","South East",369186.625
"2020-06-17","South West",383311.238
"2020-06-17","Midlands",446133.671
"2020-06-17","North East and Yorkshire",506044.427
"2020-06-17","East of England",409307.095
"2020-06-17","North West",551092.468
"2020-06-18","London",649124.597
"2020-06-18","South East",664948.537
"2020-06-18","South West",543659.339
"2020-06-18","Midlands",433028.358
"2020-06-18","North East and Yorkshire",389374.596
"2020-06-18","East of England",617484.593
"2020-06-18","North West",345093.051
"2020-06-19","London",1144426.775
"2020-06-19","South East",1150804.588
"2020-06-19","South West",1196817.94
"2020-06-19","Midlands",1041068.477
"2020-06-19","North East and Yorkshire",733920.437
"2020-06-19","East of England",1098309.461
"2020-06-19","North West",789863.647
"2020-06-20","London",726129.87
"2020-06-20","South East",843446.355
"2020-06-20","South West",1013016.458
"2020-06-20","Midlands",743524.163
"2020-06-20","North East and Yorkshire",857892.371
"2020-06-20","East of England",796643.919
"2020-06-20","North West",895704.325
"2020-06-21","London",841731.823
"2020-06-21","South East",899249.597
"2020-06-21","South West",830282.26
"2020-06-21","Midlands",770086.29
"2020-06-21","North East and Yorkshire",848998.031
"2020-06-21","East of England",730394.598
"2020-06-21","North West",708550.798
"2020-06-22","London",825263.336
"2020-06-22","South East",854996.412
"2020-06-22","South West",784534.926
"2020-06-22","Midlands",834605.936
"2020-06-22","North East and Yorkshire",764562.012
"2020-06-22","East of England",844758.556
"2020-06-22","North West",756410.767
"2020-06-23","London",761227.889
"2020-06-23","South East",792973.944
"2020-06-23","South West",757978.08
"2020-06-23","Midlands",450727.173
"2020-06-23","North East and Yorkshire",301923.425
"2020-06-23","East of England",749458.617
"2020-06-23","North West",343807.933
"2020-06-24","London",927456.445
"2020-06-24","South East",966800.293
"2020-06-24","South West",911812.952
"2020-06-24","Midlands",895640.425
"2020-06-24","North East and Yorkshire",939522.183
"2020-06-24","East of England",971604.912
"2020-06-24","North West",980602.341
"2020-06-25","London",939103.504
"2020-06-25","South East",952597.525
"2020-06-25","South West",975242.53
"2020-06-25","Midlands",918965.571
"2020-06-25","North East and Yorkshire",999353.003
"2020-06-25","East of England",951139.965
"2020-06-25","North West",1031862.408
"2020-06-26","London",1057961.42
"2020-06-26","South East",1095933.18
"2020-06-26","South West",922435.595
"2020-06-26","Midlands",813248.964
"2020-06-26","North East and Yorkshire",697600.225
"2020-06-26","East of England",1003336.159
"2020-06-26","North West",627168.508
"2020-06-27","London",677547.423
"2020-06-27","South East",800484.475
"2020-06-27","South West",777958.431
"2020-06-27","Midlands",703869.324
"2020-06-27","North East and Yorkshire",770058.805
"2020-06-27","East of England",750972.756
"2020-06-27","North West",827365.029
"2020-06-28","London",1202068.576
"2020-06-28","South East",1191149.203
"2020-06-28","South West",1104018.188
"2020-06-28","Midlands",1017481.041
"2020-06-28","North East and Yorkshire",954017.679
"2020-06-28","East of England",1169405.749
"2020-06-28","North West",890555.318
"2020-06-29","London",848174.37
"2020-06-29","South East",867514.161
"2020-06-29","South West",828454.097
"2020-06-29","Midlands",920177.352
"2020-06-29","North East and Yorkshire",962566.506
"2020-06-29","East of England",895226.213
"2020-06-29","North West",949311.601
"2020-06-30","London",908617.796
"2020-06-30","South East",962691.192
"2020-06-30","South West",843142.337
"2020-06-30","Midlands",877324.073
"2020-06-30","North East and Yorkshire",763292.031
"2020-06-30","East of England",961352.068
"2020-06-30","North West",820328.624
"2020-07-01","London",688586.354
"2020-07-01","South East",772244.933
"2020-07-01","South West",756086.997
"2020-07-01","Midlands",777256.211
"2020-07-01","North East and Yorkshire",729123.12
"2020-07-01","East of England",798423.36
"2020-07-01","North West",890999.806
"2020-07-02","London",545247.496
"2020-07-02","South East",525285.15
"2020-07-02","South West",314100.869
"2020-07-02","Midlands",467710.483
"2020-07-02","North East and Yorkshire",614467.021
"2020-07-02","East of England",615348.972
"2020-07-02","North West",482040.046
"2020-07-03","London",921901.891
"2020-07-03","South East",915992.058
"2020-07-03","South West",840248.046
"2020-07-03","Midlands",848672.366
"2020-07-03","North East and Yorkshire",757540.343
"2020-07-03","East of England",896577.595
"2020-07-03","North West",775602.044
"2020-07-04","London",876866.109
"2020-07-04","South East",878189.953
"2020-07-04","South West",895578.161
"2020-07-04","Midlands",735042.121
"2020-07-04","North East and Yorkshire",659703.928
"2020-07-04","East of England",857908.912
"2020-07-04","North West",796085.183
"2020-07-05","London",904564.398
"2020-07-05","South East",928108.746
"2020-07-05","South West",901539.291
"2020-07-05","Midlands",866084.911
"2020-07-05","North East and Yorkshire",984574.738
"2020-07-05","East of England",937798.129
"2020-07-05","North West",990415.222
"2020-07-06","London",1109879.006
"2020-07-06","South East",1051119.37
"2020-07-06","South West",961976.635
"2020-07-06","Midlands",870379.962
"2020-07-06","North East and Yorkshire",861420.675
"2020-07-06","East of England",1050773.942
"2020-07-06","North West",874394.784
"2020-07-07","London",674271.439
"2020-07-07","South East",699665.607
"2020-07-07","South West",261258.409
"2020-07-07","Midlands",156113.594
"2020-07-07","North East and Yorkshire",286240.395
"2020-07-07","East of England",582044.609
"2020-07-07","North West",262182.611
"2020-07-08","London",346961.557
"2020-07-08","South East",428175.193
"2020-07-08","South West",427956.493
"2020-07-08","Midlands",287648.145
"2020-07-08","North East and Yorkshire",232450.179
"2020-07-08","East of England",423575.58
"2020-07-08","North West",227506.687
"2020-07-09","London",560167.19
"2020-07-09","South East",517221.247
"2020-07-09","South West",283840.153
"2020-07-09","Midlands",319976.226
"2020-07-09","North East and Yorkshire",233395.4
"2020-07-09","East of England",544525.569
"2020-07-09","North West",266736.609
"2020-07-10","London",933781.481
"2020-07-10","South East",904762.242
"2020-07-10","South West",616497.34
"2020-07-10","Midlands",533068.001
"2020-07-10","North East and Yorkshire",583753.946
"2020-07-10","East of England",836383.076
"2020-07-10","North West",670106.315
"2020-07-11","London",863098.697
"2020-07-11","South East",843019.961
"2020-07-11","South West",676383.413
"2020-07-11","Midlands",650755.798
"2020-07-11","North East and Yorkshire",644500.548
"2020-07-11","East of England",864697.65
"2020-07-11","North West",580419.479
"2020-07-12","London",782836.896
"2020-07-12","South East",793733.718
"2020-07-12","South West",668417.188
"2020-07-12","Midlands",653950.133
"2020-07-12","North East and Yorkshire",755661.803
"2020-07-12","East of England",829515.572
"2020-07-12","North West",644868.273
"2020-07-13","London",874775.909
"2020-07-13","South East",874884.862
"2020-07-13","South West",682271.274
"2020-07-13","Midlands",579981.706
"2020-07-13","North East and Yorkshire",708548.848
"2020-07-13","East of England",834656.738
"2020-07-13","North West",692320.521
"2020-07-14","London",728676.63
"2020-07-14","South East",751819.813
"2020-07-14","South West",521595.409
"2020-07-14","Midlands",395050.667
"2020-07-14","North East and Yorkshire",323712.38
"2020-07-14","East of England",693978.334
"2020-07-14","North West",335277.678
"2020-07-15","London",865096.61
"2020-07-15","South East",858735.291
"2020-07-15","South West",534804.885
"2020-07-15","Midlands",597628.724
"2020-07-15","North East and Yorkshire",433118.725
"2020-07-15","East of England",855705.776
"2020-07-15","North West",399881.924
"2020-07-16","London",445527.024
"2020-07-16","South East",514630.292
"2020-07-16","South West",367662.477
"2020-07-16","Midlands",416197.893
"2020-07-16","North East and Yorkshire",615750.469
"2020-07-16","East of England",421261.835
"2020-07-16","North West",521103.268
"2020-07-17","London",1034794.558
"2020-07-17","South East",1007333.825
"2020-07-17","South West",827487.478
"2020-07-17","Midlands",903282.86
"2020-07-17","North East and Yorkshire",775769.776
"2020-07-17","East of England",1026832.885
"2020-07-17","North West",691856.784
"2020-07-18","London",778738.316
"2020-07-18","South East",795465.326
"2020-07-18","South West",951248.8
"2020-07-18","Midlands",844909.933
"2020-07-18","North East and Yorkshire",875153.288
"2020-07-18","East of England",838557.415
"2020-07-18","North West",689184.982
"2020-07-19","London",893152.171
"2020-07-19","South East",897414.789
"2020-07-19","South West",965531.945
"2020-07-19","Midlands",725207.806
"2020-07-19","North East and Yorkshire",700182.046
"2020-07-19","East of England",862868.77
"2020-07-19","North West",679229.606
"2020-07-20","London",946933.754
"2020-07-20","South East",944409.717
"2020-07-20","South West",824485.731
"2020-07-20","Midlands",792459.587
"2020-07-20","North East and Yorkshire",866580.778
"2020-07-20","East of England",944808.627
"2020-07-20","North West",731645.048
"2020-07-21","London",656978.982
"2020-07-21","South East",681104.045
"2020-07-21","South West",465499.819
"2020-07-21","Midlands",283653.808
"2020-07-21","North East and Yorkshire",290176.519
"2020-07-21","East of England",588907.421
"2020-07-21","North West",265127.924
"2020-07-22","London",365976.399
"2020-07-22","South East",517305.561
"2020-07-22","South West",483946.01
"2020-07-22","Midlands",411012.897
"2020-07-22","North East and Yorkshire",423205.411
"2020-07-22","East of England",446647.691
"2020-07-22","North West",427966.997
"2020-07-23","London",580010.582
"2020-07-23","South East",656855.619
"2020-07-23","South West",930568.815
"2020-07-23","Midlands",890933.019
"2020-07-23","North East and Yorkshire",939801.292
"2020-07-23","East of England",588026.098
"2020-07-23","North West",1000309.721
"2020-07-24","London",398629.286
"2020-07-24","South East",437606.285
"2020-07-24","South West",297709.471
"2020-07-24","Midlands",200009.707
"2020-07-24","North East and Yorkshire",275095.671
"2020-07-24","East of England",429582.873
"2020-07-24","North West",202013.218
"2020-07-25","London",493453.338
"2020-07-25","South East",609628
"2020-07-25","South West",804044.469
"2020-07-25","Midlands",639680.608
"2020-07-25","North East and Yorkshire",775054.359
"2020-07-25","East of England",551452.592
"2020-07-25","North West",694617.588
"2020-07-26","London",864053.208
"2020-07-26","South East",851980.46
"2020-07-26","South West",794347.938
"2020-07-26","Midlands",722411.361
"2020-07-26","North East and Yorkshire",814358.034
"2020-07-26","East of England",882312.486
"2020-07-26","North West",753150.362
"2020-07-27","London",743161.055
"2020-07-27","South East",769695.42
"2020-07-27","South West",841077.565
"2020-07-27","Midlands",815286.654
"2020-07-27","North East and Yorkshire",781797.374
"2020-07-27","East of England",829257.22
"2020-07-27","North West",683580.12
"2020-07-28","London",364437.271
"2020-07-28","South East",493493.855
"2020-07-28","South West",594560.721
"2020-07-28","Midlands",350554.97
"2020-07-28","North East and Yorkshire",400414.49
"2020-07-28","East of England",474235.774
"2020-07-28","North West",688029.476
"2020-07-29","London",543223.437
"2020-07-29","South East",627520.208
"2020-07-29","South West",573352.879
"2020-07-29","Midlands",574724.691
"2020-07-29","North East and Yorkshire",637499.861
"2020-07-29","East of England",663098.277
"2020-07-29","North West",725208.78
"2020-07-30","London",695449.119
"2020-07-30","South East",752489.762
"2020-07-30","South West",634174.499
"2020-07-30","Midlands",410527.195
"2020-07-30","North East and Yorkshire",348392.082
"2020-07-30","East of England",673412.265
"2020-07-30","North West",302884.911
"2020-07-31","London",883095.533
"2020-07-31","South East",930939.087
"2020-07-31","South West",825337.993
"2020-07-31","Midlands",645760.536
"2020-07-31","North East and Yorkshire",595945.197
"2020-07-31","East of England",907252.148
"2020-07-31","North West",560416.233
"2020-08-01","London",573412.046
"2020-08-01","South East",572081.341
"2020-08-01","South West",456941.502
"2020-08-01","Midlands",415376.198
"2020-08-01","North East and Yorkshire",318855.589
"2020-08-01","East of England",560422.514
"2020-08-01","North West",236769.527
"2020-08-02","London",357692.233
"2020-08-02","South East",400588.629
"2020-08-02","South West",398125.449
"2020-08-02","Midlands",469949.653
"2020-08-02","North East and Yorkshire",412399.739
"2020-08-02","East of England",384986.11
"2020-08-02","North West",714921.259
"2020-08-03","London",664560.209
"2020-08-03","South East",745642.543
"2020-08-03","South West",740599.82
"2020-08-03","Midlands",884101.088
"2020-08-03","North East and Yorkshire",768668.023
"2020-08-03","East of England",665989.321
"2020-08-03","North West",618749.231
"2020-08-04","London",431242.565
"2020-08-04","South East",467622.029
"2020-08-04","South West",530675.987
"2020-08-04","Midlands",659980.216
"2020-08-04","North East and Yorkshire",758127.843
"2020-08-04","East of England",617643.111
"2020-08-04","North West",813915.457
"2020-08-05","London",695683.082
"2020-08-05","South East",723076.273
"2020-08-05","South West",457310.926
"2020-08-05","Midlands",548493.857
"2020-08-05","North East and Yorkshire",495339.319
"2020-08-05","East of England",717173.217
"2020-08-05","North West",417808.257
"2020-08-06","London",266510.157
"2020-08-06","South East",247861.446
"2020-08-06","South West",315034.033
"2020-08-06","Midlands",434445.175
"2020-08-06","North East and Yorkshire",507200.168
"2020-08-06","East of England",332076.325
"2020-08-06","North West",491386.757
"2020-08-07","London",686300.69
"2020-08-07","South East",788306.245
"2020-08-07","South West",828464.792
"2020-08-07","Midlands",837855.214
"2020-08-07","North East and Yorkshire",843724.3
"2020-08-07","East of England",773450.799
"2020-08-07","North West",882007.093
"2020-08-08","London",877373.612
"2020-08-08","South East",882979.677
"2020-08-08","South West",860148.865
"2020-08-08","Midlands",849254.217
"2020-08-08","North East and Yorkshire",747698.287
"2020-08-08","East of England",872029.126
"2020-08-08","North West",815926.443
"2020-08-09","London",911496.765
"2020-08-09","South East",1018098.784
"2020-08-09","South West",1000022.305
"2020-08-09","Midlands",840969.281
"2020-08-09","North East and Yorkshire",904608.815
"2020-08-09","East of England",920645.263
"2020-08-09","North West",919139.107
"2020-08-10","London",1094138.994
"2020-08-10","South East",1097511.417
"2020-08-10","South West",1073377.096
"2020-08-10","Midlands",1024508.981
"2020-08-10","North East and Yorkshire",981871
"2020-08-10","East of England",1077824.127
"2020-08-10","North West",964758.963
"2020-08-11","London",790814.225
"2020-08-11","South East",769294.647
"2020-08-11","South West",685729.856
"2020-08-11","Midlands",685959.029
"2020-08-11","North East and Yorkshire",690612.762
"2020-08-11","East of England",800704.704
"2020-08-11","North West",651748.939
"2020-08-12","London",720200.693
"2020-08-12","South East",705352.633
"2020-08-12","South West",425492.455
"2020-08-12","Midlands",400808.145
"2020-08-12","North East and Yorkshire",376715.452
"2020-08-12","East of England",676471.817
"2020-08-12","North West",265572.885
"2020-08-13","London",826497.348
"2020-08-13","South East",767037.737
"2020-08-13","South West",602337.451
"2020-08-13","Midlands",583260.037
"2020-08-13","North East and Yorkshire",581038.8
"2020-08-13","East of England",769363.041
"2020-08-13","North West",575512.76
"2020-08-14","London",774636.796
"2020-08-14","South East",737166.58
"2020-08-14","South West",701548.37
"2020-08-14","Midlands",591882.626
"2020-08-14","North East and Yorkshire",448767.566
"2020-08-14","East of England",787496.305
"2020-08-14","North West",393639.875
"2020-08-15","London",537053.892
"2020-08-15","South East",527109.959
"2020-08-15","South West",490334.948
"2020-08-15","Midlands",493192.233
"2020-08-15","North East and Yorkshire",525968.601
"2020-08-15","East of England",548628.606
"2020-08-15","North West",535675.849
"2020-08-16","London",693154.491
"2020-08-16","South East",722233.817
"2020-08-16","South West",784210.025
"2020-08-16","Midlands",700027.133
"2020-08-16","North East and Yorkshire",627381.025
"2020-08-16","East of England",693678.611
"2020-08-16","North West",577385.911
"2020-08-17","London",568560.551
"2020-08-17","South East",564722.985
"2020-08-17","South West",498725.842
"2020-08-17","Midlands",479730.818
"2020-08-17","North East and Yorkshire",343565.32
"2020-08-17","East of England",614028.59
"2020-08-17","North West",283584.457
"2020-08-18","London",817261.16
"2020-08-18","South East",785055.096
"2020-08-18","South West",757187.9
"2020-08-18","Midlands",788683.411
"2020-08-18","North East and Yorkshire",801929.787
"2020-08-18","East of England",839688.18
"2020-08-18","North West",802087.618
"2020-08-19","London",214403.402
"2020-08-19","South East",240340.304
"2020-08-19","South West",218261.706
"2020-08-19","Midlands",195197.121
"2020-08-19","North East and Yorkshire",193791.38
"2020-08-19","East of England",271010.383
"2020-08-19","North West",224183.861
"2020-08-20","London",732487.904
"2020-08-20","South East",782599.907
"2020-08-20","South West",741582.587
"2020-08-20","Midlands",796698.775
"2020-08-20","North East and Yorkshire",755282.98
"2020-08-20","East of England",801603.866
"2020-08-20","North West",675861.427
"2020-08-21","London",275575.729
"2020-08-21","South East",290023.052
"2020-08-21","South West",194578.064
"2020-08-21","Midlands",243021.426
"2020-08-21","North East and Yorkshire",226856.937
"2020-08-21","East of England",332175.735
"2020-08-21","North West",188965.754
"2020-08-22","London",617712.003
"2020-08-22","South East",656666.674
"2020-08-22","South West",759296.886
"2020-08-22","Midlands",769645.388
"2020-08-22","North East and Yorkshire",740317.328
"2020-08-22","East of England",703929.842
"2020-08-22","North West",741399.435
"2020-08-23","London",562573.295
"2020-08-23","South East",609459.13
"2020-08-23","South West",740299.401
"2020-08-23","Midlands",727163.819
"2020-08-23","North East and Yorkshire",711320.006
"2020-08-23","East of England",648017.474
"2020-08-23","North West",742366.801
"2020-08-24","London",729428.702
"2020-08-24","South East",750052.091
"2020-08-24","South West",759408.498
"2020-08-24","Midlands",743570.782
"2020-08-24","North East and Yorkshire",709029.149
"2020-08-24","East of England",735925.973
"2020-08-24","North West",748255.321
"2020-08-25","London",518924.403
"2020-08-25","South East",495831.329
"2020-08-25","South West",487648.756
"2020-08-25","Midlands",195032.407
"2020-08-25","North East and Yorkshire",154120.87
"2020-08-25","East of England",447595.807
"2020-08-25","North West",107969.921
"2020-08-26","London",432421.539
"2020-08-26","South East",477352.663
"2020-08-26","South West",596550.637
"2020-08-26","Midlands",498204.075
"2020-08-26","North East and Yorkshire",498080.547
"2020-08-26","East of England",484156.819
"2020-08-26","North West",541058.517
"2020-08-27","London",579448.372
"2020-08-27","South East",558333.577
"2020-08-27","South West",376909.221
"2020-08-27","Midlands",176440.927
"2020-08-27","North East and Yorkshire",378589.606
"2020-08-27","East of England",469251.075
"2020-08-27","North West",481372.295
"2020-08-28","London",569781.36
"2020-08-28","South East",576299.715
"2020-08-28","South West",453933.088
"2020-08-28","Midlands",517688.039
"2020-08-28","North East and Yorkshire",295170.176
"2020-08-28","East of England",541379.01
"2020-08-28","North West",332542.087
"2020-08-29","London",486218.167
"2020-08-29","South East",453273.075
"2020-08-29","South West",218425.86
"2020-08-29","Midlands",322012.495
"2020-08-29","North East and Yorkshire",251519.368
"2020-08-29","East of England",502683.656
"2020-08-29","North West",268900.241
"2020-08-30","London",205352.503
"2020-08-30","South East",236893.385
"2020-08-30","South West",182368.613
"2020-08-30","Midlands",306900.67
"2020-08-30","North East and Yorkshire",364199.107
"2020-08-30","East of England",339539.037
"2020-08-30","North West",389720.525
"2020-08-31","London",388952.632
"2020-08-31","South East",416209.102
"2020-08-31","South West",479016.457
"2020-08-31","Midlands",341692.423
"2020-08-31","North East and Yorkshire",288807.913
"2020-08-31","East of England",390452.796
"2020-08-31","North West",280618.084
"2020-09-01","London",552265.575
"2020-09-01","South East",510267.297
"2020-09-01","South West",321392.634
"2020-09-01","Midlands",467444.774
"2020-09-01","North East and Yorkshire",431777.498
"2020-09-01","East of England",585878.574
"2020-09-01","North West",492105.356
"2020-09-02","London",409090.565
"2020-09-02","South East",441619.042
"2020-09-02","South West",500124.274
"2020-09-02","Midlands",308066.416
"2020-09-02","North East and Yorkshire",653588.74
"2020-09-02","East of England",488342.443
"2020-09-02","North West",586918.266
"2020-09-03","London",608344.549
"2020-09-03","South East",685070.951
"2020-09-03","South West",486740.329
"2020-09-03","Midlands",424096.983
"2020-09-03","North East and Yorkshire",375203.77
"2020-09-03","East of England",603540.726
"2020-09-03","North West",349140.527
"2020-09-04","London",806322.383
"2020-09-04","South East",824076.352
"2020-09-04","South West",685150.347
"2020-09-04","Midlands",713463.92
"2020-09-04","North East and Yorkshire",638238.101
"2020-09-04","East of England",831158.778
"2020-09-04","North West",684511.506
"2020-09-05","London",602924.975
"2020-09-05","South East",648859.538
"2020-09-05","South West",619442.768
"2020-09-05","Midlands",723207.004
"2020-09-05","North East and Yorkshire",670108.486
"2020-09-05","East of England",653190.779
"2020-09-05","North West",711396.045
"2020-09-06","London",639657.396
"2020-09-06","South East",633095.299
"2020-09-06","South West",593312.891
"2020-09-06","Midlands",425431.789
"2020-09-06","North East and Yorkshire",784516.138
"2020-09-06","East of England",623031.157
"2020-09-06","North West",739692.969
"2020-09-07","London",613808.052
"2020-09-07","South East",535130.197
"2020-09-07","South West",324220.627
"2020-09-07","Midlands",427690.963
"2020-09-07","North East and Yorkshire",409084.924
"2020-09-07","East of England",642305.189
"2020-09-07","North West",362977.579
"2020-09-08","London",205996.244
"2020-09-08","South East",221353.383
"2020-09-08","South West",218098.355
"2020-09-08","Midlands",233209.758
"2020-09-08","North East and Yorkshire",472186.382
"2020-09-08","East of England",229984.464
"2020-09-08","North West",410590.986
"2020-09-09","London",644562.833
"2020-09-09","South East",648978.789
"2020-09-09","South West",611833.709
"2020-09-09","Midlands",570702.622
"2020-09-09","North East and Yorkshire",577554.092
"2020-09-09","East of England",621308.477
"2020-09-09","North West",534283.806
"2020-09-10","London",605699.836
"2020-09-10","South East",638119.682
"2020-09-10","South West",636141.751
"2020-09-10","Midlands",600300.037
"2020-09-10","North East and Yorkshire",641072.892
"2020-09-10","East of England",628831.866
"2020-09-10","North West",623119.238
"2020-09-11","London",602086.714
"2020-09-11","South East",618041.362
"2020-09-11","South West",571078.499
"2020-09-11","Midlands",516871.802
"2020-09-11","North East and Yorkshire",545173.695
"2020-09-11","East of England",600589.904
"2020-09-11","North West",490399.606
"2020-09-12","London",680364.213
"2020-09-12","South East",627491.063
"2020-09-12","South West",635022.605
"2020-09-12","Midlands",537894.611
"2020-09-12","North East and Yorkshire",449390.022
"2020-09-12","East of England",685526.65
"2020-09-12","North West",485570.317
"2020-09-13","London",580605.455
"2020-09-13","South East",553037.487
"2020-09-13","South West",416889.159
"2020-09-13","Midlands",314502.613
"2020-09-13","North East and Yorkshire",204845.406
"2020-09-13","East of England",565899.734
"2020-09-13","North West",148684.658
"2020-09-14","London",639576.749
"2020-09-14","South East",632984.414
"2020-09-14","South West",578349.248
"2020-09-14","Midlands",649449.415
"2020-09-14","North East and Yorkshire",635191.447
"2020-09-14","East of England",654055.165
"2020-09-14","North West",564121.969
"2020-09-15","London",174925.04
"2020-09-15","South East",274501.789
"2020-09-15","South West",365664.233
"2020-09-15","Midlands",151519.745
"2020-09-15","North East and Yorkshire",119977.474
"2020-09-15","East of England",138343.422
"2020-09-15","North West",252150.792
"2020-09-16","London",296529.973
"2020-09-16","South East",307221.041
"2020-09-16","South West",276517.855
"2020-09-16","Midlands",252378.36
"2020-09-16","North East and Yorkshire",366932.656
"2020-09-16","East of England",277333.427
"2020-09-16","North West",444713.879
"2020-09-17","London",371899.795
"2020-09-17","South East",418450.224
"2020-09-17","South West",455386.415
"2020-09-17","Midlands",388515.212
"2020-09-17","North East and Yorkshire",353634.632
"2020-09-17","East of England",394857.554
"2020-09-17","North West",371621.304
"2020-09-18","London",415036.359
"2020-09-18","South East",452018.058
"2020-09-18","South West",330405.701
"2020-09-18","Midlands",370132.038
"2020-09-18","North East and Yorkshire",407103.752
"2020-09-18","East of England",411145.711
"2020-09-18","North West",381608.833
"2020-09-19","London",394333.109
"2020-09-19","South East",431834.074
"2020-09-19","South West",427673.122
"2020-09-19","Midlands",368907.847
"2020-09-19","North East and Yorkshire",417564.134
"2020-09-19","East of England",367117.75
"2020-09-19","North West",424244.917
"2020-09-20","London",181933.343
"2020-09-20","South East",176411.887
"2020-09-20","South West",150360.45
"2020-09-20","Midlands",126255.197
"2020-09-20","North East and Yorkshire",166864.692
"2020-09-20","East of England",205032.477
"2020-09-20","North West",110530.599
"2020-09-21","London",324640.926
"2020-09-21","South East",346450.996
"2020-09-21","South West",342958.013
"2020-09-21","Midlands",349989.967
"2020-09-21","North East and Yorkshire",295796.296
"2020-09-21","East of England",342697.731
"2020-09-21","North West",312998.381
"2020-09-22","London",378496.772
"2020-09-22","South East",389486.1
"2020-09-22","South West",275040.066
"2020-09-22","Midlands",352000.01
"2020-09-22","North East and Yorkshire",256855.713
"2020-09-22","East of England",382904.955
"2020-09-22","North West",271465.583
"2020-09-23","London",136306.182
"2020-09-23","South East",108782.094
"2020-09-23","South West",81284.07
"2020-09-23","Midlands",200376.462
"2020-09-23","North East and Yorkshire",287214.094
"2020-09-23","East of England",220199.534
"2020-09-23","North West",297528.545
"2020-09-24","London",239567.644
"2020-09-24","South East",243578.665
"2020-09-24","South West",221092.452
"2020-09-24","Midlands",211376.96
"2020-09-24","North East and Yorkshire",151517.408
"2020-09-24","East of England",201106.532
"2020-09-24","North West",215356.51
"2020-09-25","London",155366.024
"2020-09-25","South East",188622.273
"2020-09-25","South West",163584.129
"2020-09-25","Midlands",27470.113
"2020-09-25","North East and Yorkshire",28249.171
"2020-09-25","East of England",73428.05
"2020-09-25","North West",35885.913
"2020-09-26","London",138112.917
"2020-09-26","South East",126843.908
"2020-09-26","South West",129330.026
"2020-09-26","Midlands",91386.559
"2020-09-26","North East and Yorkshire",140070.729
"2020-09-26","East of England",130248.174
"2020-09-26","North West",224526.948
"2020-09-27","London",332535.25
"2020-09-27","South East",312924.106
"2020-09-27","South West",315041.139
"2020-09-27","Midlands",296580.001
"2020-09-27","North East and Yorkshire",295400.439
"2020-09-27","East of England",346108.824
"2020-09-27","North West",268460.415
"2020-09-28","London",221245.626
"2020-09-28","South East",216680.896
"2020-09-28","South West",235394.685
"2020-09-28","Midlands",233354.286
"2020-09-28","North East and Yorkshire",231887.522
"2020-09-28","East of England",229900.69
"2020-09-28","North West",226205.042
"2020-09-29","London",426979.727
"2020-09-29","South East",448341.618
"2020-09-29","South West",447519.55
"2020-09-29","Midlands",391033.482
"2020-09-29","North East and Yorkshire",340064.818
"2020-09-29","East of England",391119.886
"2020-09-29","North West",315499.275
"2020-09-30","London",366204.302
"2020-09-30","South East",378902.409
"2020-09-30","South West",360232.769
"2020-09-30","Midlands",330482.002
"2020-09-30","North East and Yorkshire",306802.116
"2020-09-30","East of England",353211.278
"2020-09-30","North West",361429.275
"2020-10-01","London",408541.343
"2020-10-01","South East",396928.306
"2020-10-01","South West",360477.048
"2020-10-01","Midlands",220494.304
"2020-10-01","North East and Yorkshire",167154.073
"2020-10-01","East of England",376085.195
"2020-10-01","North West",157381.699
"2020-10-02","London",435531.787
"2020-10-02","South East",424127.244
"2020-10-02","South West",357914.5
"2020-10-02","Midlands",244782.718
"2020-10-02","North East and Yorkshire",161572.231
"2020-10-02","East of England",408734.604
"2020-10-02","North West",122219.118
"2020-10-03","London",450990.25
"2020-10-03","South East",457125.409
"2020-10-03","South West",465600.241
"2020-10-03","Midlands",363080.402
"2020-10-03","North East and Yorkshire",227304.712
"2020-10-03","East of England",418307.241
"2020-10-03","North West",324240.208
"2020-10-04","London",473222.054
"2020-10-04","South East",472186.236
"2020-10-04","South West",463098.498
"2020-10-04","Midlands",402640.932
"2020-10-04","North East and Yorkshire",242891.543
"2020-10-04","East of England",448141.869
"2020-10-04","North West",350165.304
"2020-10-05","London",448932.393
"2020-10-05","South East",432470.505
"2020-10-05","South West",438431.654
"2020-10-05","Midlands",383374.138
"2020-10-05","North East and Yorkshire",287434.957
"2020-10-05","East of England",446081.676
"2020-10-05","North West",259283.977
"2020-10-06","London",414290.096
"2020-10-06","South East",457469
"2020-10-06","South West",484519.706
"2020-10-06","Midlands",374582.145
"2020-10-06","North East and Yorkshire",388665.61
"2020-10-06","East of England",460753.434
"2020-10-06","North West",435076.367
"2020-10-07","London",215915.246
"2020-10-07","South East",229687.26
"2020-10-07","South West",245903.005
"2020-10-07","Midlands",352495.574
"2020-10-07","North East and Yorkshire",428207.18
"2020-10-07","East of England",289790.208
"2020-10-07","North West",420589.5
"2020-10-08","London",400110.843
"2020-10-08","South East",442129.601
"2020-10-08","South West",411150.206
"2020-10-08","Midlands",372866.326
"2020-10-08","North East and Yorkshire",289412.552
"2020-10-08","East of England",430190.11
"2020-10-08","North West",229020.993
"2020-10-09","London",687341.551
"2020-10-09","South East",642884.836
"2020-10-09","South West",662166.259
"2020-10-09","Midlands",699356.031
"2020-10-09","North East and Yorkshire",606055.839
"2020-10-09","East of England",694003.507
"2020-10-09","North West",590026.005
"2020-10-10","London",729265.774
"2020-10-10","South East",739926.076
"2020-10-10","South West",737176.629
"2020-10-10","Midlands",697426.803
"2020-10-10","North East and Yorkshire",607638.289
"2020-10-10","East of England",706487.018
"2020-10-10","North West",657684.362
"2020-10-11","London",689421.465
"2020-10-11","South East",695937.895
"2020-10-11","South West",576658.476
"2020-10-11","Midlands",324830.539
"2020-10-11","North East and Yorkshire",209310.309
"2020-10-11","East of England",564635.053
"2020-10-11","North West",178767.14
"2020-10-12","London",107727.21
"2020-10-12","South East",200293.579
"2020-10-12","South West",206866.145
"2020-10-12","Midlands",251881.363
"2020-10-12","North East and Yorkshire",578668.632
"2020-10-12","East of England",115130.076
"2020-10-12","North West",562525.126
"2020-10-13","London",209403.88
"2020-10-13","South East",274436.203
"2020-10-13","South West",290839.65
"2020-10-13","Midlands",166924.227
"2020-10-13","North East and Yorkshire",137270.127
"2020-10-13","East of England",209390.221
"2020-10-13","North West",194121.741
"2020-10-14","London",203291.458
"2020-10-14","South East",225198.116
"2020-10-14","South West",308889.229
"2020-10-14","Midlands",203024.453
"2020-10-14","North East and Yorkshire",160523.353
"2020-10-14","East of England",179367.439
"2020-10-14","North West",244759.215
"2020-10-15","London",249087.321
"2020-10-15","South East",264531.663
"2020-10-15","South West",319998.611
"2020-10-15","Midlands",337804.845
"2020-10-15","North East and Yorkshire",354129.686
"2020-10-15","East of England",287703.382
"2020-10-15","North West",345572.933
"2020-10-16","London",330327.004
"2020-10-16","South East",316028.096
"2020-10-16","South West",297884.426
"2020-10-16","Midlands",261860.919
"2020-10-16","North East and Yorkshire",245815.725
"2020-10-16","East of England",318079.208
"2020-10-16","North West",246956.234
"2020-10-17","London",328906.388
"2020-10-17","South East",328632.576
"2020-10-17","South West",348906.141
"2020-10-17","Midlands",236264.719
"2020-10-17","North East and Yorkshire",215793.476
"2020-10-17","East of England",298783.847
"2020-10-17","North West",267380.108
"2020-10-18","London",228555.084
"2020-10-18","South East",255468.214
"2020-10-18","South West",316449.085
"2020-10-18","Midlands",228731.994
"2020-10-18","North East and Yorkshire",186704.596
"2020-10-18","East of England",226717.289
"2020-10-18","North West",214688.895
"2020-10-19","London",130605.318
"2020-10-19","South East",154630.408
"2020-10-19","South West",222089.615
"2020-10-19","Midlands",223272.407
"2020-10-19","North East and Yorkshire",229611.253
"2020-10-19","East of England",138310.986
"2020-10-19","North West",259755.439
"2020-10-20","London",224368.224
"2020-10-20","South East",255736.578
"2020-10-20","South West",293325.305
"2020-10-20","Midlands",185425.304
"2020-10-20","North East and Yorkshire",143831.763
"2020-10-20","East of England",164348.058
"2020-10-20","North West",206306.27
"2020-10-21","London",218564.921
"2020-10-21","South East",246582.947
"2020-10-21","South West",272180.356
"2020-10-21","Midlands",222751.371
"2020-10-21","North East and Yorkshire",223588.705
"2020-10-21","East of England",235034.229
"2020-10-21","North West",164151.126
"2020-10-22","London",325790.624
"2020-10-22","South East",337513.476
"2020-10-22","South West",320446.579
"2020-10-22","Midlands",219605.917
"2020-10-22","North East and Yorkshire",240869.123
"2020-10-22","East of England",292764.494
"2020-10-22","North West",216557.689
"2020-10-23","London",210996.436
"2020-10-23","South East",249519.619
"2020-10-23","South West",285964.5
"2020-10-23","Midlands",339326.862
"2020-10-23","North East and Yorkshire",358654.918
"2020-10-23","East of England",266039.722
"2020-10-23","North West",393346.026
"2020-10-24","London",132533.099
"2020-10-24","South East",182532.396
"2020-10-24","South West",297311.007
"2020-10-24","Midlands",264002.499
"2020-10-24","North East and Yorkshire",184253.182
"2020-10-24","East of England",190409.454
"2020-10-24","North West",253276.395
"2020-10-25","London",99758.334
"2020-10-25","South East",138832.603
"2020-10-25","South West",200854.234
"2020-10-25","Midlands",91840.622
"2020-10-25","North East and Yorkshire",83923.556
"2020-10-25","East of England",100277.338
"2020-10-25","North West",101067.481
"2020-10-26","London",157717.847
"2020-10-26","South East",133515.682
"2020-10-26","South West",60405.813
"2020-10-26","Midlands",78646.019
"2020-10-26","North East and Yorkshire",96175.9
"2020-10-26","East of England",187553.713
"2020-10-26","North West",86552.434
"2020-10-27","London",155501.16
"2020-10-27","South East",160022.954
"2020-10-27","South West",135146.955
"2020-10-27","Midlands",89319.697
"2020-10-27","North East and Yorkshire",76877.753
"2020-10-27","East of England",133869.844
"2020-10-27","North West",44762.175
"2020-10-28","London",42638.802
"2020-10-28","South East",65527.495
"2020-10-28","South West",80962.118
"2020-10-28","Midlands",38903.13
"2020-10-28","North East and Yorkshire",135558.158
"2020-10-28","East of England",50999.173
"2020-10-28","North West",145527.047
"2020-10-29","London",163722.941
"2020-10-29","South East",162684.417
"2020-10-29","South West",134091.417
"2020-10-29","Midlands",70107.646
"2020-10-29","North East and Yorkshire",128633.727
"2020-10-29","East of England",107713.571
"2020-10-29","North West",90103.685
"2020-10-30","London",117236.307
"2020-10-30","South East",124752.735
"2020-10-30","South West",148870.856
"2020-10-30","Midlands",89995.28
"2020-10-30","North East and Yorkshire",50881.92
"2020-10-30","East of England",105325.785
"2020-10-30","North West",46856.127
"2020-10-31","London",131451.35
"2020-10-31","South East",147807.103
"2020-10-31","South West",150929.205
"2020-10-31","Midlands",155829.996
"2020-10-31","North East and Yorkshire",124444.427
"2020-10-31","East of England",102791.584
"2020-10-31","North West",147594.147
"2020-11-01","London",88147.545
"2020-11-01","South East",95285.062
"2020-11-01","South West",139891.015
"2020-11-01","Midlands",109666.214
"2020-11-01","North East and Yorkshire",86004.459
"2020-11-01","East of England",119435.387
"2020-11-01","North West",105320.96
"2020-11-02","London",104905.367
"2020-11-02","South East",124378.613
"2020-11-02","South West",124799.369
"2020-11-02","Midlands",111046.261
"2020-11-02","North East and Yorkshire",62243.991
"2020-11-02","East of England",110531.178
"2020-11-02","North West",50726.255
"2020-11-03","London",307051.311
"2020-11-03","South East",296307.328
"2020-11-03","South West",262197.038
"2020-11-03","Midlands",261855.663
"2020-11-03","North East and Yorkshire",292087.239
"2020-11-03","East of England",299179.147
"2020-11-03","North West",277174.134
"2020-11-04","London",225256.585
"2020-11-04","South East",249409.266
"2020-11-04","South West",225194.786
"2020-11-04","Midlands",147412.278
"2020-11-04","North East and Yorkshire",153412.646
"2020-11-04","East of England",211228.557
"2020-11-04","North West",138362.259
"2020-11-05","London",311428.937
"2020-11-05","South East",310377.406
"2020-11-05","South West",219523.574
"2020-11-05","Midlands",280750.72
"2020-11-05","North East and Yorkshire",273108.713
"2020-11-05","East of England",341082.85
"2020-11-05","North West",242557.418
"2020-11-06","London",125491.178
"2020-11-06","South East",132546.13
"2020-11-06","South West",211884.794
"2020-11-06","Midlands",102276.534
"2020-11-06","North East and Yorkshire",117429.765
"2020-11-06","East of England",192999.78
"2020-11-06","North West",112602.067
"2020-11-07","London",185984.339
"2020-11-07","South East",201665.423
"2020-11-07","South West",335880.842
"2020-11-07","Midlands",213613.378
"2020-11-07","North East and Yorkshire",240879.832
"2020-11-07","East of England",181521.525
"2020-11-07","North West",269442.852
"2020-11-08","London",332956.079
"2020-11-08","South East",313492.078
"2020-11-08","South West",283411.172
"2020-11-08","Midlands",321371.555
"2020-11-08","North East and Yorkshire",249211.667
"2020-11-08","East of England",343143.734
"2020-11-08","North West",194637.693
"2020-11-09","London",111884.601
"2020-11-09","South East",109916.045
"2020-11-09","South West",68252.87
"2020-11-09","Midlands",73039.45
"2020-11-09","North East and Yorkshire",76558.043
"2020-11-09","East of England",111048.575
"2020-11-09","North West",63189.026
"2020-11-10","London",120636.984
"2020-11-10","South East",132283.424
"2020-11-10","South West",131726.227
"2020-11-10","Midlands",81321.175
"2020-11-10","North East and Yorkshire",71914.173
"2020-11-10","East of England",177794.676
"2020-11-10","North West",128826.237
"2020-11-11","London",227624.212
"2020-11-11","South East",204482.13
"2020-11-11","South West",137849.853
"2020-11-11","Midlands",117901.41
"2020-11-11","North East and Yorkshire",135162.284
"2020-11-11","East of England",235840.82
"2020-11-11","North West",59880.311
"2020-11-12","London",188022.106
"2020-11-12","South East",212962.731
"2020-11-12","South West",241038.867
"2020-11-12","Midlands",79911.183
"2020-11-12","North East and Yorkshire",46072.075
"2020-11-12","East of England",108882.553
"2020-11-12","North West",26221.514
"2020-11-13","London",180158.945
"2020-11-13","South East",200759.616
"2020-11-13","South West",205650.355
"2020-11-13","Midlands",174901.756
"2020-11-13","North East and Yorkshire",165065.441
"2020-11-13","East of England",182968.013
"2020-11-13","North West",205820.739
"2020-11-14","London",162858.146
"2020-11-14","South East",140861.798
"2020-11-14","South West",81486.756
"2020-11-14","Midlands",106036.428
"2020-11-14","North East and Yorkshire",136179.312
"2020-11-14","East of England",207205.691
"2020-11-14","North West",83435.268
"2020-11-15","London",205701.977
"2020-11-15","South East",209472.92
"2020-11-15","South West",186622.001
"2020-11-15","Midlands",222851.267
"2020-11-15","North East and Yorkshire",210735.297
"2020-11-15","East of England",209509.155
"2020-11-15","North West",242760.273
"2020-11-16","London",198043.609
"2020-11-16","South East",216392.8
"2020-11-16","South West",228318.076
"2020-11-16","Midlands",170705.831
"2020-11-16","North East and Yorkshire",141268.267
"2020-11-16","East of England",157222.275
"2020-11-16","North West",114906.744
"2020-11-17","London",201686.741
"2020-11-17","South East",224602.337
"2020-11-17","South West",217036.176
"2020-11-17","Midlands",151154.741
"2020-11-17","North East and Yorkshire",59176.623
"2020-11-17","East of England",165468.543
"2020-11-17","North West",81535.67
"2020-11-18","London",127815.3
"2020-11-18","South East",153652.25
"2020-11-18","South West",237928.937
"2020-11-18","Midlands",215453.551
"2020-11-18","North East and Yorkshire",153339.707
"2020-11-18","East of England",116271.706
"2020-11-18","North West",202071.1
"2020-11-19","London",95478.064
"2020-11-19","South East",77396.855
"2020-11-19","South West",64161.683
"2020-11-19","Midlands",90490.89
"2020-11-19","North East and Yorkshire",76479.066
"2020-11-19","East of England",116671.579
"2020-11-19","North West",61473.172
"2020-11-20","London",246245.518
"2020-11-20","South East",242378.588
"2020-11-20","South West",237761.274
"2020-11-20","Midlands",192234.342
"2020-11-20","North East and Yorkshire",196428.323
"2020-11-20","East of England",201172.309
"2020-11-20","North West",192024.247
"2020-11-21","London",124010.555
"2020-11-21","South East",145694.48
"2020-11-21","South West",175327.085
"2020-11-21","Midlands",57292.189
"2020-11-21","North East and Yorkshire",137950.596
"2020-11-21","East of England",95066.622
"2020-11-21","North West",113090.336
"2020-11-22","London",260979.906
"2020-11-22","South East",271839.794
"2020-11-22","South West",253521.247
"2020-11-22","Midlands",230200.764
"2020-11-22","North East and Yorkshire",181519.863
"2020-11-22","East of England",230990.567
"2020-11-22","North West",195624.751
"2020-11-23","London",273267.188
"2020-11-23","South East",271272.464
"2020-11-23","South West",236559.917
"2020-11-23","Midlands",222875.624
"2020-11-23","North East and Yorkshire",175218.072
"2020-11-23","East of England",256005.722
"2020-11-23","North West",151667.146
"2020-11-24","London",191851.444
"2020-11-24","South East",189523.551
"2020-11-24","South West",180615.89
"2020-11-24","Midlands",179069.303
"2020-11-24","North East and Yorkshire",144525.276
"2020-11-24","East of England",186257.205
"2020-11-24","North West",142111.656
"2020-11-25","London",49056.044
"2020-11-25","South East",64244.883
"2020-11-25","South West",120199.502
"2020-11-25","Midlands",109626.169
"2020-11-25","North East and Yorkshire",100117.665
"2020-11-25","East of England",46703.955
"2020-11-25","North West",140292.035
"2020-11-26","London",166272.123
"2020-11-26","South East",169164.703
"2020-11-26","South West",118647.515
"2020-11-26","Midlands",122123.535
"2020-11-26","North East and Yorkshire",123876.024
"2020-11-26","East of England",167917.993
"2020-11-26","North West",109096.471
"2020-11-27","London",179595.449
"2020-11-27","South East",183372.307
"2020-11-27","South West",120712.744
"2020-11-27","Midlands",143818.9
"2020-11-27","North East and Yorkshire",108382.225
"2020-11-27","East of England",165153.693
"2020-11-27","North West",110420.655
"2020-11-28","London",57877.146
"2020-11-28","South East",79990.824
"2020-11-28","South West",86676.516
"2020-11-28","Midlands",66977.347
"2020-11-28","North East and Yorkshire",52937.476
"2020-11-28","East of England",57912.35
"2020-11-28","North West",57906.361
"2020-11-29","London",43132.931
"2020-11-29","South East",57142.154
"2020-11-29","South West",100056.908
"2020-11-29","Midlands",52957.097
"2020-11-29","North East and Yorkshire",47134.042
"2020-11-29","East of England",47278.442
"2020-11-29","North West",72627.141
"2020-11-30","London",114170.786
"2020-11-30","South East",137415.971
"2020-11-30","South West",151489.521
"2020-11-30","Midlands",64627.4
"2020-11-30","North East and Yorkshire",40275.042
"2020-11-30","East of England",77559.741
"2020-11-30","North West",37342.388
"2020-12-01","London",68959.232
"2020-12-01","South East",69992.03
"2020-12-01","South West",58744.321
"2020-12-01","Midlands",47304.377
"2020-12-01","North East and Yorkshire",39080.679
"2020-12-01","East of England",56921.074
"2020-12-01","North West",30558.265
"2020-12-02","London",60011.201
"2020-12-02","South East",63949.372
"2020-12-02","South West",70050.52
"2020-12-02","Midlands",63687.202
"2020-12-02","North East and Yorkshire",52436.821
"2020-12-02","East of England",68085.375
"2020-12-02","North West",47771.391
"2020-12-03","London",61346.913
"2020-12-03","South East",68489.107
"2020-12-03","South West",66416.894
"2020-12-03","Midlands",61518.692
"2020-12-03","North East and Yorkshire",57113.549
"2020-12-03","East of England",59375.874
"2020-12-03","North West",46725.442
"2020-12-04","London",45711.629
"2020-12-04","South East",58168.364
"2020-12-04","South West",63256.973
"2020-12-04","Midlands",54559.936
"2020-12-04","North East and Yorkshire",53824.793
"2020-12-04","East of England",52457.056
"2020-12-04","North West",45541.345
"2020-12-05","London",47430.166
"2020-12-05","South East",60144.277
"2020-12-05","South West",55279.324
"2020-12-05","Midlands",55704.274
"2020-12-05","North East and Yorkshire",42620.657
"2020-12-05","East of England",54607.221
"2020-12-05","North West",31253.55
"2020-12-06","London",77630.773
"2020-12-06","South East",94586.473
"2020-12-06","South West",88707.12
"2020-12-06","Midlands",99102.102
"2020-12-06","North East and Yorkshire",65452.964
"2020-12-06","East of England",71329.479
"2020-12-06","North West",70025.98
"2020-12-07","London",96051.464
"2020-12-07","South East",112849.032
"2020-12-07","South West",106491.862
"2020-12-07","Midlands",116950.892
"2020-12-07","North East and Yorkshire",79742.091
"2020-12-07","East of England",99920.211
"2020-12-07","North West",98932.701
"2020-12-08","London",166849.723
"2020-12-08","South East",168576.873
"2020-12-08","South West",172305.84
"2020-12-08","Midlands",148196.689
"2020-12-08","North East and Yorkshire",127511.278
"2020-12-08","East of England",151306.078
"2020-12-08","North West",124614.637
"2020-12-09","London",70324.047
"2020-12-09","South East",68805.621
"2020-12-09","South West",59567.575
"2020-12-09","Midlands",38827.553
"2020-12-09","North East and Yorkshire",60325.344
"2020-12-09","East of England",63774.144
"2020-12-09","North West",64517.163
"2020-12-10","London",30595.136
"2020-12-10","South East",28938.51
"2020-12-10","South West",47865.752
"2020-12-10","Midlands",25969.87
"2020-12-10","North East and Yorkshire",36986.353
"2020-12-10","East of England",33235.82
"2020-12-10","North West",41143.67
"2020-12-11","London",95573.383
"2020-12-11","South East",112658.727
"2020-12-11","South West",128348.113
"2020-12-11","Midlands",46522.362
"2020-12-11","North East and Yorkshire",33346.992
"2020-12-11","East of England",64920.822
"2020-12-11","North West",26926.232
"2020-12-12","London",153571.931
"2020-12-12","South East",131614.099
"2020-12-12","South West",104393.092
"2020-12-12","Midlands",126106.881
"2020-12-12","North East and Yorkshire",110388.716
"2020-12-12","East of England",135232.233
"2020-12-12","North West",121025.23
"2020-12-13","London",145690.06
"2020-12-13","South East",145521.519
"2020-12-13","South West",125923.696
"2020-12-13","Midlands",60532.425
"2020-12-13","North East and Yorkshire",59146.487
"2020-12-13","East of England",130821.151
"2020-12-13","North West",47919.993
"2020-12-14","London",69186.784
"2020-12-14","South East",76336.158
"2020-12-14","South West",85613.085
"2020-12-14","Midlands",73385.897
"2020-12-14","North East and Yorkshire",68206.327
"2020-12-14","East of England",77770.996
"2020-12-14","North West",75638.88
"2020-12-15","London",48214.921
"2020-12-15","South East",40617.679
"2020-12-15","South West",44707.331
"2020-12-15","Midlands",26864.169
"2020-12-15","North East and Yorkshire",29444.117
"2020-12-15","East of England",56081.834
"2020-12-15","North West",20209.681
"2020-12-16","London",128168.845
"2020-12-16","South East",131953.428
"2020-12-16","South West",146284.487
"2020-12-16","Midlands",86451.171
"2020-12-16","North East and Yorkshire",52663.572
"2020-12-16","East of England",100666.357
"2020-12-16","North West",60649.248
"2020-12-17","London",138373.484
"2020-12-17","South East",140272.096
"2020-12-17","South West",104007.318
"2020-12-17","Midlands",113393.151
"2020-12-17","North East and Yorkshire",89614.755
"2020-12-17","East of England",131383.872
"2020-12-17","North West",78240.034
"2020-12-18","London",158505.905
"2020-12-18","South East",163738.337
"2020-12-18","South West",158758.837
"2020-12-18","Midlands",133894.956
"2020-12-18","North East and Yorkshire",110548.068
"2020-12-18","East of England",112562.405
"2020-12-18","North West",107302.78
"2020-12-19","London",79053.19
"2020-12-19","South East",70145.223
"2020-12-19","South West",36625.535
"2020-12-19","Midlands",41993.461
"2020-12-19","North East and Yorkshire",36178.267
"2020-12-19","East of England",90443.929
"2020-12-19","North West",24751.46
"2020-12-20","London",50652.902
"2020-12-20","South East",59996.444
"2020-12-20","South West",59537.088
"2020-12-20","Midlands",37717.372
"2020-12-20","North East and Yorkshire",27430.113
"2020-12-20","East of England",45597.659
"2020-12-20","North West",34051.575
"2020-12-21","London",59842.93
"2020-12-21","South East",68772.792
"2020-12-21","South West",93113.426
"2020-12-21","Midlands",31693.864
"2020-12-21","North East and Yorkshire",28318.735
"2020-12-21","East of England",59487.96
"2020-12-21","North West",27935.53
"2020-12-22","London",70886.178
"2020-12-22","South East",104652.846
"2020-12-22","South West",157501.806
"2020-12-22","Midlands",129489.1
"2020-12-22","North East and Yorkshire",100745.836
"2020-12-22","East of England",80713.499
"2020-12-22","North West",122513.118
"2020-12-23","London",106207.157
"2020-12-23","South East",101026.13
"2020-12-23","South West",99054.1
"2020-12-23","Midlands",113431.488
"2020-12-23","North East and Yorkshire",106587.606
"2020-12-23","East of England",120493.29
"2020-12-23","North West",125027.206
"2020-12-24","London",168092.721
"2020-12-24","South East",169597.948
"2020-12-24","South West",180395.292
"2020-12-24","Midlands",145357.141
"2020-12-24","North East and Yorkshire",95052.57
"2020-12-24","East of England",146779.407
"2020-12-24","North West",68333.802
"2020-12-25","London",105229.115
"2020-12-25","South East",93711.968
"2020-12-25","South West",99315.976
"2020-12-25","Midlands",52200.825
"2020-12-25","North East and Yorkshire",56688.079
"2020-12-25","East of England",103448.282
"2020-12-25","North West",36617.502
"2020-12-26","London",154299.27
"2020-12-26","South East",151296.552
"2020-12-26","South West",125261.838
"2020-12-26","Midlands",101816.784
"2020-12-26","North East and Yorkshire",111266.62
"2020-12-26","East of England",152396.623
"2020-12-26","North West",90309.299
"2020-12-27","London",143444.058
"2020-12-27","South East",141894.972
"2020-12-27","South West",135954.61
"2020-12-27","Midlands",112672.982
"2020-12-27","North East and Yorkshire",56943.447
"2020-12-27","East of England",136202.852
"2020-12-27","North West",43515.02
"2020-12-28","London",120005.654
"2020-12-28","South East",130489.522
"2020-12-28","South West",137593.605
"2020-12-28","Midlands",52060.159
"2020-12-28","North East and Yorkshire",27760.121
"2020-12-28","East of England",101843.743
"2020-12-28","North West",21187.102
"2020-12-29","London",52929.78
"2020-12-29","South East",58030.823
"2020-12-29","South West",43055.958
"2020-12-29","Midlands",88114.656
"2020-12-29","North East and Yorkshire",103568.497
"2020-12-29","East of England",72933.562
"2020-12-29","North West",98826.766
"2020-12-30","London",52314.664
"2020-12-30","South East",58006.869
"2020-12-30","South West",43333.841
"2020-12-30","Midlands",27480.129
"2020-12-30","North East and Yorkshire",21316.583
"2020-12-30","East of England",49668.325
"2020-12-30","North West",19051.984
"2020-12-31","London",151941.69
"2020-12-31","South East",159534.678
"2020-12-31","South West",153545.419
"2020-12-31","Midlands",132863.225
"2020-12-31","North East and Yorkshire",98769.045
"2020-12-31","East of England",126723.068
"2020-12-31","North West",122067.775
"2021-01-01","London",155987.642
"2021-01-01","South East",161815.002
"2021-01-01","South West",143792.198
"2021-01-01","Midlands",132916.643
"2021-01-01","North East and Yorkshire",103533.283
"2021-01-01","East of England",135170.971
"2021-01-01","North West",103161.521
"2021-01-02","London",67089.837
"2021-01-02","South East",72107.49
"2021-01-02","South West",59748.543
"2021-01-02","Midlands",80783.099
"2021-01-02","North East and Yorkshire",63883.326
"2021-01-02","East of England",69226.166
"2021-01-02","North West",65001.996
"2021-01-03","London",117968.762
"2021-01-03","South East",118363.471
"2021-01-03","South West",149230.634
"2021-01-03","Midlands",136186.012
"2021-01-03","North East and Yorkshire",93340.543
"2021-01-03","East of England",121488.379
"2021-01-03","North West",81031.055
"2021-01-04","London",87147.55
"2021-01-04","South East",73306.268
"2021-01-04","South West",89401.228
"2021-01-04","Midlands",73446.006
"2021-01-04","North East and Yorkshire",69901.791
"2021-01-04","East of England",87722.979
"2021-01-04","North West",85262.643
"2021-01-05","London",50710.835
"2021-01-05","South East",55352.563
"2021-01-05","South West",64373.038
"2021-01-05","Midlands",45053.542
"2021-01-05","North East and Yorkshire",33054.71
"2021-01-05","East of England",55981.47
"2021-01-05","North West",40290.705
"2021-01-06","London",59991.117
"2021-01-06","South East",65189.6
"2021-01-06","South West",64785.933
"2021-01-06","Midlands",63269.199
"2021-01-06","North East and Yorkshire",61499.412
"2021-01-06","East of England",59826.913
"2021-01-06","North West",59849.208
"2021-01-07","London",129253.086
"2021-01-07","South East",139364.454
"2021-01-07","South West",135897.585
"2021-01-07","Midlands",110228.779
"2021-01-07","North East and Yorkshire",112468.222
"2021-01-07","East of England",121696.872
"2021-01-07","North West",103986.982
"2021-01-08","London",104809.234
"2021-01-08","South East",100675.989
"2021-01-08","South West",65210.282
"2021-01-08","Midlands",65080.724
"2021-01-08","North East and Yorkshire",40530.615
"2021-01-08","East of England",93678.93
"2021-01-08","North West",39750.795
"2021-01-09","London",29177.394
"2021-01-09","South East",35840.378
"2021-01-09","South West",57247.881
"2021-01-09","Midlands",72524.313
"2021-01-09","North East and Yorkshire",87219.904
"2021-01-09","East of England",34521.879
"2021-01-09","North West",74790.817
"2021-01-10","London",144515.659
"2021-01-10","South East",143130.659
"2021-01-10","South West",136783.764
"2021-01-10","Midlands",97023.053
"2021-01-10","North East and Yorkshire",88123.211
"2021-01-10","East of England",129155.101
"2021-01-10","North West",63215.587
"2021-01-11","London",107009.725
"2021-01-11","South East",104942.857
"2021-01-11","South West",76461.948
"2021-01-11","Midlands",69145.881
"2021-01-11","North East and Yorkshire",52411.984
"2021-01-11","East of England",110088.841
"2021-01-11","North West",38196.253
"2021-01-12","London",68959.232
"2021-01-12","South East",69992.03
"2021-01-12","South West",58744.321
"2021-01-12","Midlands",47304.377
"2021-01-12","North East and Yorkshire",39080.679
"2021-01-12","East of England",56921.074
"2021-01-12","North West",30558.265
"2021-01-13","London",60011.201
"2021-01-13","South East",63949.372
"2021-01-13","South West",70050.52
"2021-01-13","Midlands",63687.202
"2021-01-13","North East and Yorkshire",52436.821
"2021-01-13","East of England",68085.375
"2021-01-13","North West",47771.391
"2021-01-14","London",61346.913
"2021-01-14","South East",68489.107
"2021-01-14","South West",66416.894
"2021-01-14","Midlands",61518.692
"2021-01-14","North East and Yorkshire",57113.549
"2021-01-14","East of England",59375.874
"2021-01-14","North West",46725.442
"2021-01-15","London",45711.629
"2021-01-15","South East",58168.364
"2021-01-15","South West",63256.973
"2021-01-15","Midlands",54559.936
"2021-01-15","North East and Yorkshire",53824.793
"2021-01-15","East of England",52457.056
"2021-01-15","North West",45541.345
"2021-01-16","London",47430.166
"2021-01-16","South East",60144.277
"2021-01-16","South West",55279.324
"2021-01-16","Midlands",55704.274
"2021-01-16","North East and Yorkshire",42620.657
"2021-01-16","East of England",54607.221
"2021-01-16","North West",31253.55
"2021-01-17","London",77630.773
"2021-01-17","South East",94586.473
"2021-01-17","South West",88707.12
"2021-01-17","Midlands",99102.102
"2021-01-17","North East and Yorkshire",65452.964
"2021-01-17","East of England",71329.479
"2021-01-17","North West",70025.98
"2021-01-18","London",96051.464
"2021-01-18","South East",112849.032
"2021-01-18","South West",106491.862
"2021-01-18","Midlands",116950.892
"2021-01-18","North East and Yorkshire",79742.091
"2021-01-18","East of England",99920.211
"2021-01-18","North West",98932.701
"2021-01-19","London",21084.911
"2021-01-19","South East",26454.407
"2021-01-19","South West",32924.62
"2021-01-19","Midlands",16966.896
"2021-01-19","North East and Yorkshire",15667.838
"2021-01-19","East of England",30622.01
"2021-01-19","North West",16262.859
"2021-01-20","London",216842.849
"2021-01-20","South East",216280.079
"2021-01-20","South West",169183.59
"2021-01-20","Midlands",189868.197
"2021-01-20","North East and Yorkshire",159265.199
"2021-01-20","East of England",197735.441
"2021-01-20","North West",158695.663
"2021-01-21","London",83013.875
"2021-01-21","South East",90355.977
"2021-01-21","South West",93694.953
"2021-01-21","Midlands",71570.523
"2021-01-21","North East and Yorkshire",65331.819
"2021-01-21","East of England",77541.198
"2021-01-21","North West",54710.438
"2021-01-22","London",247559.079
"2021-01-22","South East",251825.05
"2021-01-22","South West",247133.658
"2021-01-22","Midlands",221323.847
"2021-01-22","North East and Yorkshire",183425.333
"2021-01-22","East of England",235490.496
"2021-01-22","North West",189063.879
"2021-01-23","London",151746.09
"2021-01-23","South East",151911.963
"2021-01-23","South West",158772.577
"2021-01-23","Midlands",159857.903
"2021-01-23","North East and Yorkshire",145674.471
"2021-01-23","East of England",166224.203
"2021-01-23","North West",122203.46
"2021-01-24","London",226202.498
"2021-01-24","South East",229523.95
"2021-01-24","South West",185596.39
"2021-01-24","Midlands",168656.282
"2021-01-24","North East and Yorkshire",147362.098
"2021-01-24","East of England",216204.845
"2021-01-24","North West",105010.654
"2021-01-25","London",148916.39
"2021-01-25","South East",165296.523
"2021-01-25","South West",109068.96
"2021-01-25","Midlands",65196.686
"2021-01-25","North East and Yorkshire",24203.964
"2021-01-25","East of England",129849.926
"2021-01-25","North West",16674.571
"2021-01-26","London",222926.876
"2021-01-26","South East",229469.279
"2021-01-26","South West",201455.248
"2021-01-26","Midlands",194095.657
"2021-01-26","North East and Yorkshire",124374.2
"2021-01-26","East of England",216602.022
"2021-01-26","North West",114787.512
"2021-01-27","London",237580.399
"2021-01-27","South East",236992.147
"2021-01-27","South West",222637.157
"2021-01-27","Midlands",196035.109
"2021-01-27","North East and Yorkshire",144648.679
"2021-01-27","East of England",225534.206
"2021-01-27","North West",137699.06
"2021-01-28","London",46266.161
"2021-01-28","South East",43414.155
"2021-01-28","South West",48543.775
"2021-01-28","Midlands",57557.679
"2021-01-28","North East and Yorkshire",67526.817
"2021-01-28","East of England",57568.383
"2021-01-28","North West",71392.64
"2021-01-29","London",71351.607
"2021-01-29","South East",73974.543
"2021-01-29","South West",59035.432
"2021-01-29","Midlands",49351.019
"2021-01-29","North East and Yorkshire",49082.745
"2021-01-29","East of England",82827.778
"2021-01-29","North West",47515.836
"2021-01-30","London",205357.453
"2021-01-30","South East",220968.948
"2021-01-30","South West",224854.122
"2021-01-30","Midlands",230679.479
"2021-01-30","North East and Yorkshire",173827.817
"2021-01-30","East of England",215452.397
"2021-01-30","North West",173868.7
"2021-01-31","London",136520.507
"2021-01-31","South East",140863.815
"2021-01-31","South West",148021.743
"2021-01-31","Midlands",145955.841
"2021-01-31","North East and Yorkshire",89541.973
"2021-01-31","East of England",122353.046
"2021-01-31","North West",147756.052
"2021-02-01","London",190577.372
"2021-02-01","South East",163424.637
"2021-02-01","South West",112515.929
"2021-02-01","Midlands",172084.689
"2021-02-01","North East and Yorkshire",212253.213
"2021-02-01","East of England",191745.942
"2021-02-01","North West",191290.716
"2021-02-02","London",224339.397
"2021-02-02","South East",248079.628
"2021-02-02","South West",270940.286
"2021-02-02","Midlands",265370.757
"2021-02-02","North East and Yorkshire",219580.365
"2021-02-02","East of England",218478.589
"2021-02-02","North West",222836.298
"2021-02-03","London",272384.672
"2021-02-03","South East",305033.037
"2021-02-03","South West",276380.534
"2021-02-03","Midlands",300893.821
"2021-02-03","North East and Yorkshire",262014.578
"2021-02-03","East of England",275479.45
"2021-02-03","North West",272831.324
"2021-02-04","London",208870.62
"2021-02-04","South East",191566.196
"2021-02-04","South West",275955.448
"2021-02-04","Midlands",302958.59
"2021-02-04","North East and Yorkshire",241421.302
"2021-02-04","East of England",265077.923
"2021-02-04","North West",261458.929
"2021-02-05","London",301446.562
"2021-02-05","South East",306158.862
"2021-02-05","South West",206389.742
"2021-02-05","Midlands",181856.816
"2021-02-05","North East and Yorkshire",97461.35
"2021-02-05","East of England",281638.12
"2021-02-05","North West",94606.796
"2021-02-06","London",130105.694
"2021-02-06","South East",150314.767
"2021-02-06","South West",207141.095
"2021-02-06","Midlands",189124.697
"2021-02-06","North East and Yorkshire",185957.421
"2021-02-06","East of England",181057.86
"2021-02-06","North West",175729.693
"2021-02-07","London",118337.056
"2021-02-07","South East",142279.762
"2021-02-07","South West",219844.327
"2021-02-07","Midlands",179367.169
"2021-02-07","North East and Yorkshire",228647.862
"2021-02-07","East of England",140951.452
"2021-02-07","North West",223948.777
"2021-02-08","London",348644.864
"2021-02-08","South East",346118.252
"2021-02-08","South West",288703.193
"2021-02-08","Midlands",260424.229
"2021-02-08","North East and Yorkshire",241812.393
"2021-02-08","East of England",322504.771
"2021-02-08","North West",246328.749
"2021-02-09","London",366673.718
"2021-02-09","South East",366870.009
"2021-02-09","South West",352841.053
"2021-02-09","Midlands",336707.817
"2021-02-09","North East and Yorkshire",305605.503
"2021-02-09","East of England",343032.139
"2021-02-09","North West",298032.096
"2021-02-10","London",339357.537
"2021-02-10","South East",344420.225
"2021-02-10","South West",254291.896
"2021-02-10","Midlands",259787.228
"2021-02-10","North East and Yorkshire",236849.054
"2021-02-10","East of England",313802.287
"2021-02-10","North West",196342.466
"2021-02-11","London",61880.642
"2021-02-11","South East",67566.244
"2021-02-11","South West",102865.612
"2021-02-11","Midlands",89100.942
"2021-02-11","North East and Yorkshire",83050.518
"2021-02-11","East of England",63869.078
"2021-02-11","North West",89722.885
"2021-02-12","London",146822.11
"2021-02-12","South East",144048.329
"2021-02-12","South West",122584.628
"2021-02-12","Midlands",202036.31
"2021-02-12","North East and Yorkshire",271286.933
"2021-02-12","East of England",171133.678
"2021-02-12","North West",239248.132
"2021-02-13","London",118730.054
"2021-02-13","South East",117662.182
"2021-02-13","South West",119910.701
"2021-02-13","Midlands",161824.195
"2021-02-13","North East and Yorkshire",141554.065
"2021-02-13","East of England",142947.083
"2021-02-13","North West",158747.237
"2021-02-14","London",317335.283
"2021-02-14","South East",341819.196
"2021-02-14","South West",307054.508
"2021-02-14","Midlands",292600.184
"2021-02-14","North East and Yorkshire",216528.193
"2021-02-14","East of England",286196.459
"2021-02-14","North West",215878.41
"2021-02-15","London",221134.42
"2021-02-15","South East",209668.864
"2021-02-15","South West",179567.572
"2021-02-15","Midlands",183697.095
"2021-02-15","North East and Yorkshire",138343.536
"2021-02-15","East of England",266707.962
"2021-02-15","North West",106885.991
"2021-02-16","London",318988.783
"2021-02-16","South East",301301.787
"2021-02-16","South West",307761.564
"2021-02-16","Midlands",483989.384
"2021-02-16","North East and Yorkshire",487577.577
"2021-02-16","East of England",400899.937
"2021-02-16","North West",516241.923
"2021-02-17","London",106422.78
"2021-02-17","South East",107847.302
"2021-02-17","South West",128043.236
"2021-02-17","Midlands",185169.921
"2021-02-17","North East and Yorkshire",328104.667
"2021-02-17","East of England",155023.617
"2021-02-17","North West",292366.105
"2021-02-18","London",113057.321
"2021-02-18","South East",148676.672
"2021-02-18","South West",199551.321
"2021-02-18","Midlands",94350.735
"2021-02-18","North East and Yorkshire",144279.505
"2021-02-18","East of England",110153.727
"2021-02-18","North West",97992.711
"2021-02-19","London",333830.336
"2021-02-19","South East",332403.077
"2021-02-19","South West",352801.9
"2021-02-19","Midlands",472703.011
"2021-02-19","North East and Yorkshire",465044.532
"2021-02-19","East of England",329335.585
"2021-02-19","North West",522496.818
"2021-02-20","London",346596.165
"2021-02-20","South East",275258.924
"2021-02-20","South West",159262.641
"2021-02-20","Midlands",340693.65
"2021-02-20","North East and Yorkshire",436041.158
"2021-02-20","East of England",426412.997
"2021-02-20","North West",354849.609
"2021-02-21","London",275084.183
"2021-02-21","South East",284414.293
"2021-02-21","South West",269331.067
"2021-02-21","Midlands",375886.509
"2021-02-21","North East and Yorkshire",331476.716
"2021-02-21","East of England",323888.759
"2021-02-21","North West",354373.13
"2021-02-22","London",382642.457
"2021-02-22","South East",395604.106
"2021-02-22","South West",380416.651
"2021-02-22","Midlands",271064.87
"2021-02-22","North East and Yorkshire",161044.893
"2021-02-22","East of England",413523.835
"2021-02-22","North West",122667.8
"2021-02-23","London",282356.079
"2021-02-23","South East",276569.54
"2021-02-23","South West",234050.447
"2021-02-23","Midlands",144273.976
"2021-02-23","North East and Yorkshire",142927.182
"2021-02-23","East of England",275545.568
"2021-02-23","North West",117941.085
"2021-02-24","London",280083.863
"2021-02-24","South East",292618.637
"2021-02-24","South West",291570.943
"2021-02-24","Midlands",248542.927
"2021-02-24","North East and Yorkshire",176534.968
"2021-02-24","East of England",267437.279
"2021-02-24","North West",201202.692
"2021-02-25","London",368935.59
"2021-02-25","South East",372031.522
"2021-02-25","South West",372103.589
"2021-02-25","Midlands",349571.465
"2021-02-25","North East and Yorkshire",309369.755
"2021-02-25","East of England",357450.035
"2021-02-25","North West",320357.84
"2021-02-26","London",379675.323
"2021-02-26","South East",382522.647
"2021-02-26","South West",382697.807
"2021-02-26","Midlands",355370.502
"2021-02-26","North East and Yorkshire",331185.859
"2021-02-26","East of England",368920.575
"2021-02-26","North West",340357.445
"2021-02-27","London",164775.799
"2021-02-27","South East",178811.963
"2021-02-27","South West",156887.298
"2021-02-27","Midlands",183370.409
"2021-02-27","North East and Yorkshire",245662.276
"2021-02-27","East of England",174089.152
"2021-02-27","North West",242730.631
"2021-02-28","London",356041.784
"2021-02-28","South East",333527.502
"2021-02-28","South West",248227.462
"2021-02-28","Midlands",278768.373
"2021-02-28","North East and Yorkshire",286840.325
"2021-02-28","East of England",355601.524
"2021-02-28","North West",245447.784
"2021-03-01","London",118348.607
"2021-03-01","South East",139582.969
"2021-03-01","South West",244420.109
"2021-03-01","Midlands",221437.663
"2021-03-01","North East and Yorkshire",247048.526
"2021-03-01","East of England",155329.775
"2021-03-01","North West",265357.289
"2021-03-02","London",282224.6
"2021-03-02","South East",290614.576
"2021-03-02","South West",225496.877
"2021-03-02","Midlands",165646.383
"2021-03-02","North East and Yorkshire",121579.895
"2021-03-02","East of England",260009.904
"2021-03-02","North West",107952.569
"2021-03-03","London",114776.072
"2021-03-03","South East",122176.626
"2021-03-03","South West",78150.842
"2021-03-03","Midlands",76103.835
"2021-03-03","North East and Yorkshire",137351.254
"2021-03-03","East of England",127030.146
"2021-03-03","North West",102603.393
"2021-03-04","London",47736.332
"2021-03-04","South East",77853.502
"2021-03-04","South West",160517.263
"2021-03-04","Midlands",176333.981
"2021-03-04","North East and Yorkshire",263880.795
"2021-03-04","East of England",77551.062
"2021-03-04","North West",270749.058
"2021-03-05","London",355389.517
"2021-03-05","South East",374771.624
"2021-03-05","South West",378194.032
"2021-03-05","Midlands",237888.09
"2021-03-05","North East and Yorkshire",216016.415
"2021-03-05","East of England",317707.291
"2021-03-05","North West",128191.285
"2021-03-06","London",335816.216
"2021-03-06","South East",355530.405
"2021-03-06","South West",324452.015
"2021-03-06","Midlands",196343.798
"2021-03-06","North East and Yorkshire",202292.86
"2021-03-06","East of England",325233.291
"2021-03-06","North West",152539.694
"2021-03-07","London",364107.225
"2021-03-07","South East",396128.176
"2021-03-07","South West",385826.356
"2021-03-07","Midlands",345671.786
"2021-03-07","North East and Yorkshire",291032.023
"2021-03-07","East of England",334804.491
"2021-03-07","North West",350907.195
"2021-03-08","London",355984.265
"2021-03-08","South East",370559.036
"2021-03-08","South West",184955.761
"2021-03-08","Midlands",309767.937
"2021-03-08","North East and Yorkshire",341983.223
"2021-03-08","East of England",348039.441
"2021-03-08","North West",351399.315
"2021-03-09","London",447715.948
"2021-03-09","South East",493382.488
"2021-03-09","South West",555816.74
"2021-03-09","Midlands",495610.097
"2021-03-09","North East and Yorkshire",470560.562
"2021-03-09","East of England",429665.988
"2021-03-09","North West",453842.791
"2021-03-10","London",407724.601
"2021-03-10","South East",372329.348
"2021-03-10","South West",215595.482
"2021-03-10","Midlands",300549.51
"2021-03-10","North East and Yorkshire",356697.574
"2021-03-10","East of England",432464.211
"2021-03-10","North West",235531.424
"2021-03-11","London",331964.582
"2021-03-11","South East",362213.913
"2021-03-11","South West",183728.777
"2021-03-11","Midlands",163740.442
"2021-03-11","North East and Yorkshire",130290.653
"2021-03-11","East of England",296456.853
"2021-03-11","North West",113134.156
"2021-03-12","London",259374.587
"2021-03-12","South East",320052.339
"2021-03-12","South West",412315.193
"2021-03-12","Midlands",396646.203
"2021-03-12","North East and Yorkshire",382557.833
"2021-03-12","East of England",266043.681
"2021-03-12","North West",405656.146
"2021-03-13","London",275878.774
"2021-03-13","South East",334209.136
"2021-03-13","South West",387147.098
"2021-03-13","Midlands",301384.319
"2021-03-13","North East and Yorkshire",337390.179
"2021-03-13","East of England",322640.559
"2021-03-13","North West",368533.601
"2021-03-14","London",314628.348
"2021-03-14","South East",354338.546
"2021-03-14","South West",458482.868
"2021-03-14","Midlands",311842.346
"2021-03-14","North East and Yorkshire",336385.503
"2021-03-14","East of England",350237.409
"2021-03-14","North West",326940.984
"2021-03-15","London",101640.793
"2021-03-15","South East",100090.308
"2021-03-15","South West",103794.638
"2021-03-15","Midlands",194968.674
"2021-03-15","North East and Yorkshire",137394.192
"2021-03-15","East of England",142269.619
"2021-03-15","North West",199458.049
"2021-03-16","London",320096.661
"2021-03-16","South East",340206.751
"2021-03-16","South West",318638.505
"2021-03-16","Midlands",449231.228
"2021-03-16","North East and Yorkshire",462366.248
"2021-03-16","East of England",424698.973
"2021-03-16","North West",440921.322
"2021-03-17","London",306857.527
"2021-03-17","South East",342336.988
"2021-03-17","South West",347077.635
"2021-03-17","Midlands",310101.438
"2021-03-17","North East and Yorkshire",213887.774
"2021-03-17","East of England",367926.135
"2021-03-17","North West",253833.302
"2021-03-18","London",579901.035
"2021-03-18","South East",574971.709
"2021-03-18","South West",464760.614
"2021-03-18","Midlands",337902.271
"2021-03-18","North East and Yorkshire",267561.574
"2021-03-18","East of England",463774.818
"2021-03-18","North West",337296.228
"2021-03-19","London",554456.052
"2021-03-19","South East",592287.054
"2021-03-19","South West",605522.717
"2021-03-19","Midlands",544757.352
"2021-03-19","North East and Yorkshire",494210.587
"2021-03-19","East of England",561012.795
"2021-03-19","North West",483046.663
"2021-03-20","London",702832.177
"2021-03-20","South East",639819.072
"2021-03-20","South West",605998.937
"2021-03-20","Midlands",637555.656
"2021-03-20","North East and Yorkshire",618481.096
"2021-03-20","East of England",692164.895
"2021-03-20","North West",578745.647
"2021-03-21","London",612660.571
"2021-03-21","South East",623595.517
"2021-03-21","South West",553039.54
"2021-03-21","Midlands",573906.489
"2021-03-21","North East and Yorkshire",557068.434
"2021-03-21","East of England",602411.089
"2021-03-21","North West",560279.772
"2021-03-22","London",476406.357
"2021-03-22","South East",478585.987
"2021-03-22","South West",344391.745
"2021-03-22","Midlands",377074.093
"2021-03-22","North East and Yorkshire",386281.335
"2021-03-22","East of England",546551.728
"2021-03-22","North West",327533.429
"2021-03-23","London",745167.881
"2021-03-23","South East",745691.945
"2021-03-23","South West",724500.118
"2021-03-23","Midlands",693252.264
"2021-03-23","North East and Yorkshire",634918.78
"2021-03-23","East of England",732211.249
"2021-03-23","North West",621325.865
"2021-03-24","London",759727.927
"2021-03-24","South East",764603.359
"2021-03-24","South West",766331.389
"2021-03-24","Midlands",731886.5
"2021-03-24","North East and Yorkshire",682351.152
"2021-03-24","East of England",746970.908
"2021-03-24","North West",693608.888
"2021-03-25","London",751031.954
"2021-03-25","South East",753688.711
"2021-03-25","South West",775243.946
"2021-03-25","Midlands",749385.679
"2021-03-25","North East and Yorkshire",696527
"2021-03-25","East of England",741852.644
"2021-03-25","North West",729299.068
"2021-03-26","London",729167.513
"2021-03-26","South East",717002.468
"2021-03-26","South West",712323.298
"2021-03-26","Midlands",730851.07
"2021-03-26","North East and Yorkshire",692217.473
"2021-03-26","East of England",734803.736
"2021-03-26","North West",742453.947
"2021-03-27","London",654767.822
"2021-03-27","South East",644535.699
"2021-03-27","South West",599917.627
"2021-03-27","Midlands",428471.152
"2021-03-27","North East and Yorkshire",431395.421
"2021-03-27","East of England",593156.911
"2021-03-27","North West",416707.528
"2021-03-28","London",688423.301
"2021-03-28","South East",702645.98
"2021-03-28","South West",667714.382
"2021-03-28","Midlands",573435.964
"2021-03-28","North East and Yorkshire",536653.865
"2021-03-28","East of England",678439.166
"2021-03-28","North West",541563.741
"2021-03-29","London",490159
"2021-03-29","South East",504831.221
"2021-03-29","South West",538967.862
"2021-03-29","Midlands",427372.728
"2021-03-29","North East and Yorkshire",388227.401
"2021-03-29","East of England",507615.873
"2021-03-29","North West",468805.712
"2021-03-30","London",320096.661
"2021-03-30","South East",340206.751
"2021-03-30","South West",318638.505
"2021-03-30","Midlands",449231.228
"2021-03-30","North East and Yorkshire",462366.248
"2021-03-30","East of England",424698.973
"2021-03-30","North West",440921.322
"2021-03-31","London",306857.527
"2021-03-31","South East",342336.988
"2021-03-31","South West",347077.635
"2021-03-31","Midlands",310101.438
"2021-03-31","North East and Yorkshire",213887.774
"2021-03-31","East of England",367926.135
"2021-03-31","North West",253833.302
"2021-04-01","London",579901.035
"2021-04-01","South East",574971.709
"2021-04-01","South West",464760.614
"2021-04-01","Midlands",337902.271
"2021-04-01","North East and Yorkshire",267561.574
"2021-04-01","East of England",463774.818
"2021-04-01","North West",337296.228
"2021-04-02","London",554456.052
"2021-04-02","South East",592287.054
"2021-04-02","South West",605522.717
"2021-04-02","Midlands",544757.352
"2021-04-02","North East and Yorkshire",494210.587
"2021-04-02","East of England",561012.795
"2021-04-02","North West",483046.663
"2021-04-03","London",702832.177
"2021-04-03","South East",639819.072
"2021-04-03","South West",605998.937
"2021-04-03","Midlands",637555.656
"2021-04-03","North East and Yorkshire",618481.096
"2021-04-03","East of England",692164.895
"2021-04-03","North West",578745.647
"2021-04-04","London",612660.571
"2021-04-04","South East",623595.517
"2021-04-04","South West",553039.54
"2021-04-04","Midlands",573906.489
"2021-04-04","North East and Yorkshire",557068.434
"2021-04-04","East of England",602411.089
"2021-04-04","North West",560279.772
"2021-04-05","London",476406.357
"2021-04-05","South East",478585.987
"2021-04-05","South West",344391.745
"2021-04-05","Midlands",377074.093
"2021-04-05","North East and Yorkshire",386281.335
"2021-04-05","East of England",546551.728
"2021-04-05","North West",327533.429
"2021-04-06","London",693234.098
"2021-04-06","South East",742220.195
"2021-04-06","South West",692684.933
"2021-04-06","Midlands",826905.129
"2021-04-06","North East and Yorkshire",760872.887
"2021-04-06","East of England",797942.097
"2021-04-06","North West",770504.264
"2021-04-07","London",753146.443
"2021-04-07","South East",780359.318
"2021-04-07","South West",806774.077
"2021-04-07","Midlands",720811.215
"2021-04-07","North East and Yorkshire",696837.401
"2021-04-07","East of England",740437.24
"2021-04-07","North West",703391.015
"2021-04-08","London",682887.888
"2021-04-08","South East",707786.78
"2021-04-08","South West",710823.071
"2021-04-08","Midlands",703617.464
"2021-04-08","North East and Yorkshire",767368.965
"2021-04-08","East of England",714556.93
"2021-04-08","North West",830621.513
"2021-04-09","London",594411.886
"2021-04-09","South East",635645.231
"2021-04-09","South West",695909.261
"2021-04-09","Midlands",584753.571
"2021-04-09","North East and Yorkshire",661666.161
"2021-04-09","East of England",669095.514
"2021-04-09","North West",718420.732
"2021-04-10","London",945007.237
"2021-04-10","South East",959546.454
"2021-04-10","South West",864659.207
"2021-04-10","Midlands",838210.593
"2021-04-10","North East and Yorkshire",741077.314
"2021-04-10","East of England",929118.761
"2021-04-10","North West",731772.726
"2021-04-11","London",948154.835
"2021-04-11","South East",920555.986
"2021-04-11","South West",787380.28
"2021-04-11","Midlands",850865.656
"2021-04-11","North East and Yorkshire",810130.593
"2021-04-11","East of England",915912.167
"2021-04-11","North West",635759.403
"2021-04-12","London",908451.011
"2021-04-12","South East",929309.697
"2021-04-12","South West",888766.028
"2021-04-12","Midlands",929744.64
"2021-04-12","North East and Yorkshire",915419.708
"2021-04-12","East of England",840750.516
"2021-04-12","North West",953964.319
"2021-04-13","London",931174.522
"2021-04-13","South East",897974.348
"2021-04-13","South West",880894.748
"2021-04-13","Midlands",894759.166
"2021-04-13","North East and Yorkshire",914324.468
"2021-04-13","East of England",946257.332
"2021-04-13","North West",887981.712
"2021-04-14","London",761070.718
"2021-04-14","South East",661315.764
"2021-04-14","South West",454221.128
"2021-04-14","Midlands",635073.075
"2021-04-14","North East and Yorkshire",726248.932
"2021-04-14","East of England",798827.761
"2021-04-14","North West",660930.426
"2021-04-15","London",733465.904
"2021-04-15","South East",761254.529
"2021-04-15","South West",772510.46
"2021-04-15","Midlands",690784.45
"2021-04-15","North East and Yorkshire",591372.312
"2021-04-15","East of England",657411.225
"2021-04-15","North West",638370.64
"2021-04-16","London",687369.902
"2021-04-16","South East",704375.059
"2021-04-16","South West",475772.51
"2021-04-16","Midlands",588069.09
"2021-04-16","North East and Yorkshire",650144.052
"2021-04-16","East of England",771973.805
"2021-04-16","North West",452425.984
"2021-04-17","London",718734.429
"2021-04-17","South East",787732.286
"2021-04-17","South West",840877.557
"2021-04-17","Midlands",451347.296
"2021-04-17","North East and Yorkshire",436726.248
"2021-04-17","East of England",578098.614
"2021-04-17","North West",353442.144
"2021-04-18","London",578323.45
"2021-04-18","South East",560210.339
"2021-04-18","South West",420674.696
"2021-04-18","Midlands",461417.619
"2021-04-18","North East and Yorkshire",619767.35
"2021-04-18","East of England",637618.048
"2021-04-18","North West",578658.482
"2021-04-19","London",412513.107
"2021-04-19","South East",594454.918
"2021-04-19","South West",487722.062
"2021-04-19","Midlands",510169.338
"2021-04-19","North East and Yorkshire",577588.753
"2021-04-19","East of England",542201.465
"2021-04-19","North West",735378.354
"2021-04-20","London",847122.975
"2021-04-20","South East",862838.275
"2021-04-20","South West",927780.282
"2021-04-20","Midlands",922824.939
"2021-04-20","North East and Yorkshire",875081.343
"2021-04-20","East of England",819856.028
"2021-04-20","North West",901637.598
"2021-04-21","London",932823.507
"2021-04-21","South East",939907.94
"2021-04-21","South West",947158.356
"2021-04-21","Midlands",851952.958
"2021-04-21","North East and Yorkshire",862151.89
"2021-04-21","East of England",902354.102
"2021-04-21","North West",816528.124
"2021-04-22","London",889538.377
"2021-04-22","South East",885276.499
"2021-04-22","South West",805805.631
"2021-04-22","Midlands",910680.708
"2021-04-22","North East and Yorkshire",847727.105
"2021-04-22","East of England",901013.897
"2021-04-22","North West",923619.566
"2021-04-23","London",617964.351
"2021-04-23","South East",558299.07
"2021-04-23","South West",431106.715
"2021-04-23","Midlands",751138.012
"2021-04-23","North East and Yorkshire",819177.496
"2021-04-23","East of England",769904.173
"2021-04-23","North West",889390.743
"2021-04-24","London",542609.999
"2021-04-24","South East",602862.712
"2021-04-24","South West",435757.259
"2021-04-24","Midlands",270803.403
"2021-04-24","North East and Yorkshire",728390.304
"2021-04-24","East of England",440803.109
"2021-04-24","North West",584546.742
"2021-04-25","London",962422.056
"2021-04-25","South East",951492.043
"2021-04-25","South West",885017.276
"2021-04-25","Midlands",915100.327
"2021-04-25","North East and Yorkshire",945028.047
"2021-04-25","East of England",950484.005
"2021-04-25","North West",939718.39
"2021-04-26","London",996196.328
"2021-04-26","South East",994696.868
"2021-04-26","South West",953961.925
"2021-04-26","Midlands",984887.975
"2021-04-26","North East and Yorkshire",970065.5
"2021-04-26","East of England",990442.947
"2021-04-26","North West",978684.28
"2021-04-27","London",856594.247
"2021-04-27","South East",926500.591
"2021-04-27","South West",983167.762
"2021-04-27","Midlands",962141.202
"2021-04-27","North East and Yorkshire",886521.202
"2021-04-27","East of England",837674.263
"2021-04-27","North West",971145.567
"2021-04-28","London",339979.827
"2021-04-28","South East",369186.625
"2021-04-28","South West",383311.238
"2021-04-28","Midlands",446133.671
"2021-04-28","North East and Yorkshire",506044.427
"2021-04-28","East of England",409307.095
"2021-04-28","North West",551092.468
"2021-04-29","London",649124.597
"2021-04-29","South East",664948.537
"2021-04-29","South West",543659.339
"2021-04-29","Midlands",433028.358
"2021-04-29","North East and Yorkshire",389374.596
"2021-04-29","East of England",617484.593
"2021-04-29","North West",345093.051
"2021-04-30","London",1144426.775
"2021-04-30","South East",1150804.588
"2021-04-30","South West",1196817.94
"2021-04-30","Midlands",1041068.477
"2021-04-30","North East and Yorkshire",733920.437
"2021-04-30","East of England",1098309.461
"2021-04-30","North West",789863.647
"2021-05-01","London",726129.87
"2021-05-01","South East",843446.355
"2021-05-01","South West",1013016.458
"2021-05-01","Midlands",743524.163
"2021-05-01","North East and Yorkshire",857892.371
"2021-05-01","East of England",796643.919
"2021-05-01","North West",895704.325
"2021-05-02","London",841731.823
"2021-05-02","South East",899249.597
"2021-05-02","South West",830282.26
"2021-05-02","Midlands",770086.29
"2021-05-02","North East and Yorkshire",848998.031
"2021-05-02","East of England",730394.598
"2021-05-02","North West",708550.798
"2021-05-03","London",825263.336
"2021-05-03","South East",854996.412
"2021-05-03","South West",784534.926
"2021-05-03","Midlands",834605.936
"2021-05-03","North East and Yorkshire",764562.012
"2021-05-03","East of England",844758.556
"2021-05-03","North West",756410.767
"2021-05-04","London",775683.374
"2021-05-04","South East",764940.921
"2021-05-04","South West",571994.852
"2021-05-04","Midlands",783134.666
"2021-05-04","North East and Yorkshire",814907.925
"2021-05-04","East of England",778615.36
"2021-05-04","North West",836273.84
"2021-05-05","London",749902.954
"2021-05-05","South East",811144.048
"2021-05-05","South West",853462.957
"2021-05-05","Midlands",591155.285
"2021-05-05","North East and Yorkshire",487558.885
"2021-05-05","East of England",653402.732
"2021-05-05","North West",516047.183
"2021-05-06","London",872532.407
"2021-05-06","South East",964017.885
"2021-05-06","South West",1031992.296
"2021-05-06","Midlands",832275.819
"2021-05-06","North East and Yorkshire",691877.425
"2021-05-06","East of England",817212.212
"2021-05-06","North West",820765.03
"2021-05-07","London",752282.303
"2021-05-07","South East",769974.097
"2021-05-07","South West",509455.439
"2021-05-07","Midlands",582003.026
"2021-05-07","North East and Yorkshire",715323.209
"2021-05-07","East of England",814290.607
"2021-05-07","North West",525032.776
"2021-05-08","London",885038.375
"2021-05-08","South East",866434.708
"2021-05-08","South West",755370.534
"2021-05-08","Midlands",612924.764
"2021-05-08","North East and Yorkshire",936970.587
"2021-05-08","East of England",996026.274
"2021-05-08","North West",762462.655
"2021-05-09","London",1016783.087
"2021-05-09","South East",1110063.748
"2021-05-09","South West",1176858.986
"2021-05-09","Midlands",1160784.051
"2021-05-09","North East and Yorkshire",1167196.057
"2021-05-09","East of England",1067392.438
"2021-05-09","North West",1210827.782
"2021-05-10","London",1166837.618
"2021-05-10","South East",1169065.088
"2021-05-10","South West",1154460.957
"2021-05-10","Midlands",1045791.176
"2021-05-10","North East and Yorkshire",1089082.969
"2021-05-10","East of England",1178423.035
"2021-05-10","North West",1088548.09
"2021-05-11","London",1061989.484
"2021-05-11","South East",1030537.363
"2021-05-11","South West",1003172.458
"2021-05-11","Midlands",852206.04
"2021-05-11","North East and Yorkshire",526596.712
"2021-05-11","East of England",961652.283
"2021-05-11","North West",493257.085
"2021-05-12","London",1133268.911
"2021-05-12","South East",1132714.807
"2021-05-12","South West",1155739.611
"2021-05-12","Midlands",1105853.36
"2021-05-12","North East and Yorkshire",1069832.01
"2021-05-12","East of England",1060020.685
"2021-05-12","North West",1063849.46
"2021-05-13","London",1103623.344
"2021-05-13","South East",1119807.725
"2021-05-13","South West",1075924.436
"2021-05-13","Midlands",1057494.272
"2021-05-13","North East and Yorkshire",962092.12
"2021-05-13","East of England",1054428.051
"2021-05-13","North West",935148.503
"2021-05-14","London",915820.311
"2021-05-14","South East",943860.594
"2021-05-14","South West",975836.399
"2021-05-14","Midlands",959153.305
"2021-05-14","North East and Yorkshire",967478.286
"2021-05-14","East of England",897795.246
"2021-05-14","North West",986683.766
"2021-05-15","London",1073474.18
"2021-05-15","South East",1056039.674
"2021-05-15","South West",999752.269
"2021-05-15","Midlands",951195.634
"2021-05-15","North East and Yorkshire",896934.997
"2021-05-15","East of England",1056949.61
"2021-05-15","North West",982616.148
"2021-05-16","London",535712.247
"2021-05-16","South East",713631.088
"2021-05-16","South West",1034028.745
"2021-05-16","Midlands",632022
"2021-05-16","North East and Yorkshire",621698.716
"2021-05-16","East of England",604992.83
"2021-05-16","North West",621614.076
"2021-05-17","London",1141330.423
"2021-05-17","South East",1176994.598
"2021-05-17","South West",1200539.631
"2021-05-17","Midlands",1205367.463
"2021-05-17","North East and Yorkshire",1179221.08
"2021-05-17","East of England",1144924.42
"2021-05-17","North West",1205275.791
"2021-05-18","London",958415.129
"2021-05-18","South East",964992.081
"2021-05-18","South West",967200.921
"2021-05-18","Midlands",822454.753
"2021-05-18","North East and Yorkshire",690743.107
"2021-05-18","East of England",832893.619
"2021-05-18","North West",850852.334
"2021-05-19","London",927319.985
"2021-05-19","South East",953471.439
"2021-05-19","South West",889158.317
"2021-05-19","Midlands",910007.575
"2021-05-19","North East and Yorkshire",949985.311
"2021-05-19","East of England",939184.324
"2021-05-19","North West",928340.839
"2021-05-20","London",951351.942
"2021-05-20","South East",1016699.842
"2021-05-20","South West",923251.832
"2021-05-20","Midlands",859679.227
"2021-05-20","North East and Yorkshire",875818.289
"2021-05-20","East of England",982075.663
"2021-05-20","North West",869591.85
"2021-05-21","London",1062993.464
"2021-05-21","South East",991940.23
"2021-05-21","South West",925817.01
"2021-05-21","Midlands",804307.733
"2021-05-21","North East and Yorkshire",877765.385
"2021-05-21","East of England",1005570.894
"2021-05-21","North West",776246.357
"2021-05-22","London",907677.6
"2021-05-22","South East",903823.353
"2021-05-22","South West",565893.663
"2021-05-22","Midlands",751844.082
"2021-05-22","North East and Yorkshire",834844.552
"2021-05-22","East of England",848627.093
"2021-05-22","North West",963669.528
"2021-05-23","London",439404.423
"2021-05-23","South East",541071.682
"2021-05-23","South West",451566.136
"2021-05-23","Midlands",177406.803
"2021-05-23","North East and Yorkshire",366226.932
"2021-05-23","East of England",352537.784
"2021-05-23","North West",327244.531
"2021-05-24","London",380083.086
"2021-05-24","South East",503165.3
"2021-05-24","South West",612757.706
"2021-05-24","Midlands",274193.114
"2021-05-24","North East and Yorkshire",556674.038
"2021-05-24","East of England",298516.16
"2021-05-24","North West",421143.855
"2021-05-25","London",1223870.228
"2021-05-25","South East",1226043.53
"2021-05-25","South West",1178272.091
"2021-05-25","Midlands",1128974.096
"2021-05-25","North East and Yorkshire",1122974.204
"2021-05-25","East of England",1208979.677
"2021-05-25","North West",1051514.491
"2021-05-26","London",1134099.669
"2021-05-26","South East",1066096.121
"2021-05-26","South West",784417.39
"2021-05-26","Midlands",996331.304
"2021-05-26","North East and Yorkshire",1133041.041
"2021-05-26","East of England",1156604.302
"2021-05-26","North West",1021410.908
"2021-05-27","London",1115961.445
"2021-05-27","South East",1060219.959
"2021-05-27","South West",801295.286
"2021-05-27","Midlands",853626.334
"2021-05-27","North East and Yorkshire",686433.844
"2021-05-27","East of England",1053250.33
"2021-05-27","North West",646072.779
"2021-05-28","London",238828.221
"2021-05-28","South East",301554.645
"2021-05-28","South West",826428.842
"2021-05-28","Midlands",781014.083
"2021-05-28","North East and Yorkshire",984722.973
"2021-05-28","East of England",318114.377
"2021-05-28","North West",1114496.442
"2021-05-29","London",996063.021
"2021-05-29","South East",1074250.612
"2021-05-29","South West",870237.949
"2021-05-29","Midlands",1002081.044
"2021-05-29","North East and Yorkshire",994969.232
"2021-05-29","East of England",911493.914
"2021-05-29","North West",1039410.739
"2021-05-30","London",711008.988
"2021-05-30","South East",720918.388
"2021-05-30","South West",669596.378
"2021-05-30","Midlands",465222.76
"2021-05-30","North East and Yorkshire",537951.943
"2021-05-30","East of England",720526.763
"2021-05-30","North West",605462.103
"2021-05-31","London",811274.111
"2021-05-31","South East",713824
"2021-05-31","South West",757025.736
"2021-05-31","Midlands",767538.741
"2021-05-31","North East and Yorkshire",788326.002
"2021-05-31","East of England",888104.504
"2021-05-31","North West",825347.788
"2021-06-01","London",400483.308
"2021-06-01","South East",428834.597
"2021-06-01","South West",732214.694
"2021-06-01","Midlands",748740.134
"2021-06-01","North East and Yorkshire",868251.336
"2021-06-01","East of England",586041.339
"2021-06-01","North West",829855.887
"2021-06-02","London",1063137.94
"2021-06-02","South East",1066331.216
"2021-06-02","South West",1111560.084
"2021-06-02","Midlands",1081514.876
"2021-06-02","North East and Yorkshire",831427.19
"2021-06-02","East of England",1120445.954
"2021-06-02","North West",669497.351
"2021-06-03","London",636814.855
"2021-06-03","South East",655979.996
"2021-06-03","South West",564769.392
"2021-06-03","Midlands",475247.067
"2021-06-03","North East and Yorkshire",659102.056
"2021-06-03","East of England",616297.956
"2021-06-03","North West",580126.069
"2021-06-04","London",678384.822
"2021-06-04","South East",699939.384
"2021-06-04","South West",904584.648
"2021-06-04","Midlands",675022.077
"2021-06-04","North East and Yorkshire",194533.879
"2021-06-04","East of England",750962.207
"2021-06-04","North West",259435.628
"2021-06-05","London",969705.17
"2021-06-05","South East",1001852.784
"2021-06-05","South West",836349.466
"2021-06-05","Midlands",746773.834
"2021-06-05","North East and Yorkshire",628286.597
"2021-06-05","East of England",902082.822
"2021-06-05","North West",684627.211
"2021-06-06","London",720729.397
"2021-06-06","South East",682640.157
"2021-06-06","South West",482833.73
"2021-06-06","Midlands",538851.027
"2021-06-06","North East and Yorkshire",584190.766
"2021-06-06","East of England",730299.556
"2021-06-06","North West",580559.703
"2021-06-07","London",522874.743
"2021-06-07","South East",518426.325
"2021-06-07","South West",456118.066
"2021-06-07","Midlands",222887.034
"2021-06-07","North East and Yorkshire",707090.839
"2021-06-07","East of England",409673.191
"2021-06-07","North West",684336.51
"2021-06-08","London",761227.889
"2021-06-08","South East",792973.944
"2021-06-08","South West",757978.08
"2021-06-08","Midlands",450727.173
"2021-06-08","North East and Yorkshire",301923.425
"2021-06-08","East of England",749458.617
"2021-06-08","North West",343807.933
"2021-06-09","London",927456.445
"2021-06-09","South East",966800.293
"2021-06-09","South West",911812.952
"2021-06-09","Midlands",895640.425
"2021-06-09","North East and Yorkshire",939522.183
"2021-06-09","East of England",971604.912
"2021-06-09","North West",980602.341
"2021-06-10","London",939103.504
"2021-06-10","South East",952597.525
"2021-06-10","South West",975242.53
"2021-06-10","Midlands",918965.571
"2021-06-10","North East and Yorkshire",999353.003
"2021-06-10","East of England",951139.965
"2021-06-10","North West",1031862.408
"2021-06-11","London",1057961.42
"2021-06-11","South East",1095933.18
"2021-06-11","South West",922435.595
"2021-06-11","Midlands",813248.964
"2021-06-11","North East and Yorkshire",697600.225
"2021-06-11","East of England",1003336.159
"2021-06-11","North West",627168.508
"2021-06-12","London",677547.423
"2021-06-12","South East",800484.475
"2021-06-12","South West",777958.431
"2021-06-12","Midlands",703869.324
"2021-06-12","North East and Yorkshire",770058.805
"2021-06-12","East of England",750972.756
"2021-06-12","North West",827365.029
"2021-06-13","London",1202068.576
"2021-06-13","South East",1191149.203
"2021-06-13","South West",1104018.188
"2021-06-13","Midlands",1017481.041
"2021-06-13","North East and Yorkshire",954017.679
"2021-06-13","East of England",1169405.749
"2021-06-13","North West",890555.318
"2021-06-14","London",848174.37
"2021-06-14","South East",867514.161
"2021-06-14","South West",828454.097
"2021-06-14","Midlands",920177.352
"2021-06-14","North East and Yorkshire",962566.506
"2021-06-14","East of England",895226.213
"2021-06-14","North West",949311.601
"2021-06-15","London",908617.796
"2021-06-15","South East",962691.192
"2021-06-15","South West",843142.337
"2021-06-15","Midlands",877324.073
"2021-06-15","North East and Yorkshire",763292.031
"2021-06-15","East of England",961352.068
"2021-06-15","North West",820328.624
"2021-06-16","London",688586.354
"2021-06-16","South East",772244.933
"2021-06-16","South West",756086.997
"2021-06-16","Midlands",777256.211
"2021-06-16","North East and Yorkshire",729123.12
"2021-06-16","East of England",798423.36
"2021-06-16","North West",890999.806
"2021-06-17","London",545247.496
"2021-06-17","South East",525285.15
"2021-06-17","South West",314100.869
"2021-06-17","Midlands",467710.483
"2021-06-17","North East and Yorkshire",614467.021
"2021-06-17","East of England",615348.972
"2021-06-17","North West",482040.046
"2021-06-18","London",921901.891
"2021-06-18","South East",915992.058
"2021-06-18","South West",840248.046
"2021-06-18","Midlands",848672.366
"2021-06-18","North East and Yorkshire",757540.343
"2021-06-18","East of England",896577.595
"2021-06-18","North West",775602.044
"2021-06-19","London",876866.109
"2021-06-19","South East",878189.953
"2021-06-19","South West",895578.161
"2021-06-19","Midlands",735042.121
"2021-06-19","North East and Yorkshire",659703.928
"2021-06-19","East of England",857908.912
"2021-06-19","North West",796085.183
"2021-06-20","London",904564.398
"2021-06-20","South East",928108.746
"2021-06-20","South West",901539.291
"2021-06-20","Midlands",866084.911
"2021-06-20","North East and Yorkshire",984574.738
"2021-06-20","East of England",937798.129
"2021-06-20","North West",990415.222
"2021-06-21","London",1109879.006
"2021-06-21","South East",1051119.37
"2021-06-21","South West",961976.635
"2021-06-21","Midlands",870379.962
"2021-06-21","North East and Yorkshire",861420.675
"2021-06-21","East of England",1050773.942
"2021-06-21","North West",874394.784
"2021-06-22","London",339422.165
"2021-06-22","South East",511370.092
"2021-06-22","South West",784850.387
"2021-06-22","Midlands",475764.798
"2021-06-22","North East and Yorkshire",270014.884
"2021-06-22","East of England",309094.464
"2021-06-22","North West",429970.029
"2021-06-23","London",760472.559
"2021-06-23","South East",827734.814
"2021-06-23","South West",953533.128
"2021-06-23","Midlands",724746.954
"2021-06-23","North East and Yorkshire",731099.209
"2021-06-23","East of England",683093.628
"2021-06-23","North West",674791.014
"2021-06-24","London",813990.605
"2021-06-24","South East",866078.329
"2021-06-24","South West",744323.078
"2021-06-24","Midlands",687187.478
"2021-06-24","North East and Yorkshire",730943.668
"2021-06-24","East of England",824646.953
"2021-06-24","North West",752488.009
"2021-06-25","London",809004.37
"2021-06-25","South East",843276.488
"2021-06-25","South West",934335.101
"2021-06-25","Midlands",899215.283
"2021-06-25","North East and Yorkshire",755936.422
"2021-06-25","East of England",857830.418
"2021-06-25","North West",857052.455
"2021-06-26","London",744022.526
"2021-06-26","South East",845417.247
"2021-06-26","South West",741574.49
"2021-06-26","Midlands",547092.662
"2021-06-26","North East and Yorkshire",576108.794
"2021-06-26","East of England",702014.057
"2021-06-26","North West",539165.288
"2021-06-27","London",597375.81
"2021-06-27","South East",695123.448
"2021-06-27","South West",785443.298
"2021-06-27","Midlands",593001.171
"2021-06-27","North East and Yorkshire",590121.244
"2021-06-27","East of England",733275.268
"2021-06-27","North West",590447.474
"2021-06-28","London",694052.499
"2021-06-28","South East",825644.976
"2021-06-28","South West",955542.66
"2021-06-28","Midlands",837485.039
"2021-06-28","North East and Yorkshire",827499.591
"2021-06-28","East of England",693915.692
"2021-06-28","North West",846173.334
"2021-06-29","London",1014541.115
"2021-06-29","South East",1052301.021
"2021-06-29","South West",961372.471
"2021-06-29","Midlands",826213.543
"2021-06-29","North East and Yorkshire",847593.601
"2021-06-29","East of England",990717.057
"2021-06-29","North West",875989.654
"2021-06-30","London",894526.703
"2021-06-30","South East",872235.615
"2021-06-30","South West",732388.358
"2021-06-30","Midlands",706836.389
"2021-06-30","North East and Yorkshire",740872.639
"2021-06-30","East of England",869143.965
"2021-06-30","North West",631552.11
"2021-07-01","London",632583.739
"2021-07-01","South East",687781.634
"2021-07-01","South West",804243.515
"2021-07-01","Midlands",751435.671
"2021-07-01","North East and Yorkshire",831419.694
"2021-07-01","East of England",665617.214
"2021-07-01","North West",846745.626
"2021-07-02","London",346922.426
"2021-07-02","South East",361306.423
"2021-07-02","South West",372885.602
"2021-07-02","Midlands",355164.985
"2021-07-02","North East and Yorkshire",460150.683
"2021-07-02","East of England",454217.739
"2021-07-02","North West",342003.836
"2021-07-03","London",787632.065
"2021-07-03","South East",846385.36
"2021-07-03","South West",930216.92
"2021-07-03","Midlands",766573.708
"2021-07-03","North East and Yorkshire",745577.742
"2021-07-03","East of England",777465.248
"2021-07-03","North West",684666.727
"2021-07-04","London",674519.14
"2021-07-04","South East",747121.475
"2021-07-04","South West",689692.917
"2021-07-04","Midlands",671435.641
"2021-07-04","North East and Yorkshire",708923.327
"2021-07-04","East of England",750530.241
"2021-07-04","North West",672154.396
"2021-07-05","London",813811.662
"2021-07-05","South East",827383.468
"2021-07-05","South West",679503.521
"2021-07-05","Midlands",933309.14
"2021-07-05","North East and Yorkshire",946230.186
"2021-07-05","East of England",917589.783
"2021-07-05","North West",988608.084
"2021-07-06","London",1110079.957
"2021-07-06","South East",1097169.53
"2021-07-06","South West",1018032.51
"2021-07-06","Midlands",1068866.201
"2021-07-06","North East and Yorkshire",1082999.823
"2021-07-06","East of England",1118309.234
"2021-07-06","North West",1078576.076
"2021-07-07","London",1108819.938
"2021-07-07","South East",1101876.949
"2021-07-07","South West",968505.333
"2021-07-07","Midlands",995346.543
"2021-07-07","North East and Yorkshire",817637.972
"2021-07-07","East of England",1090397.982
"2021-07-07","North West",792173.826
"2021-07-08","London",1064520.734
"2021-07-08","South East",1043268.017
"2021-07-08","South West",914962.415
"2021-07-08","Midlands",937372.88
"2021-07-08","North East and Yorkshire",955558.72
"2021-07-08","East of England",1057365.958
"2021-07-08","North West",792624.282
"2021-07-09","London",692220.107
"2021-07-09","South East",582673.268
"2021-07-09","South West",687894.891
"2021-07-09","Midlands",578511.952
"2021-07-09","North East and Yorkshire",743999.841
"2021-07-09","East of England",807988.499
"2021-07-09","North West",607783.242
"2021-07-10","London",224434.52
"2021-07-10","South East",344119.884
"2021-07-10","South West",729946.559
"2021-07-10","Midlands",201570.682
"2021-07-10","North East and Yorkshire",232264.635
"2021-07-10","East of England",254971.104
"2021-07-10","North West",161927.931
"2021-07-11","London",496326.308
"2021-07-11","South East",643212.272
"2021-07-11","South West",807474.721
"2021-07-11","Midlands",249898.566
"2021-07-11","North East and Yorkshire",432173.021
"2021-07-11","East of England",335120.418
"2021-07-11","North West",140900.565
"2021-07-12","London",981963.999
"2021-07-12","South East",1026219.871
"2021-07-12","South West",880637.661
"2021-07-12","Midlands",824839.458
"2021-07-12","North East and Yorkshire",534672.902
"2021-07-12","East of England",921625.549
"2021-07-12","North West",742603.873
"2021-07-13","London",816375.528
"2021-07-13","South East",891158.834
"2021-07-13","South West",690678.183
"2021-07-13","Midlands",411631.253
"2021-07-13","North East and Yorkshire",386130.769
"2021-07-13","East of England",718756.987
"2021-07-13","North West",306091.076
"2021-07-14","London",776333.343
"2021-07-14","South East",856748.339
"2021-07-14","South West",955487.762
"2021-07-14","Midlands",827822.703
"2021-07-14","North East and Yorkshire",701045.49
"2021-07-14","East of England",719153.041
"2021-07-14","North West",914626.182
"2021-07-15","London",894444.921
"2021-07-15","South East",889770.794
"2021-07-15","South West",804206.083
"2021-07-15","Midlands",863576.929
"2021-07-15","North East and Yorkshire",898271.877
"2021-07-15","East of England",881034.313
"2021-07-15","North West",952664.741
"2021-07-16","London",720000.319
"2021-07-16","South East",766082.259
"2021-07-16","South West",843477.397
"2021-07-16","Midlands",762583.451
"2021-07-16","North East and Yorkshire",777226.91
"2021-07-16","East of England",814196.392
"2021-07-16","North West",720042.516
"2021-07-17","London",282693.858
"2021-07-17","South East",299537.23
"2021-07-17","South West",181821.489
"2021-07-17","Midlands",140543.432
"2021-07-17","North East and Yorkshire",113065.325
"2021-07-17","East of England",268664.989
"2021-07-17","North West",130899.588
"2021-07-18","London",698616.949
"2021-07-18","South East",742477.19
"2021-07-18","South West",677037.029
"2021-07-18","Midlands",604673.455
"2021-07-18","North East and Yorkshire",161458.646
"2021-07-18","East of England",728916.316
"2021-07-18","North West",179784.22
"2021-07-19","London",458734.666
"2021-07-19","South East",509738.962
"2021-07-19","South West",484404.485
"2021-07-19","Midlands",654158.485
"2021-07-19","North East and Yorkshire",727143.912
"2021-07-19","East of England",514336.388
"2021-07-19","North West",786832.777
"2021-07-20","London",638680.387
"2021-07-20","South East",711224.136
"2021-07-20","South West",692308.516
"2021-07-20","Midlands",647208.755
"2021-07-20","North East and Yorkshire",678817.363
"2021-07-20","East of England",655517.877
"2021-07-20","North West",763749.778
"2021-07-21","London",541900.705
"2021-07-21","South East",662850.353
"2021-07-21","South West",927479.631
"2021-07-21","Midlands",632360.829
"2021-07-21","North East and Yorkshire",489442.971
"2021-07-21","East of England",601458.373
"2021-07-21","North West",479355.326
"2021-07-22","London",723186.677
"2021-07-22","South East",756492.04
"2021-07-22","South West",937961.829
"2021-07-22","Midlands",915219.412
"2021-07-22","North East and Yorkshire",955540.216
"2021-07-22","East of England",785327.604
"2021-07-22","North West",854420.405
"2021-07-23","London",1127654.292
"2021-07-23","South East",1149398.429
"2021-07-23","South West",1111740.16
"2021-07-23","Midlands",1075204.136
"2021-07-23","North East and Yorkshire",1002386.436
"2021-07-23","East of England",1047646.319
"2021-07-23","North West",873660.631
"2021-07-24","London",1138634.007
"2021-07-24","South East",1115999.342
"2021-07-24","South West",1112388.498
"2021-07-24","Midlands",1067938.941
"2021-07-24","North East and Yorkshire",1115755.01
"2021-07-24","East of England",1124137.507
"2021-07-24","North West",1028548.169
"2021-07-25","London",1163219.473
"2021-07-25","South East",1166257.941
"2021-07-25","South West",1184338.917
"2021-07-25","Midlands",1177274.417
"2021-07-25","North East and Yorkshire",1171700.301
"2021-07-25","East of England",1140373.272
"2021-07-25","North West",1127258.657
"2021-07-26","London",1116498.09
"2021-07-26","South East",1141422.271
"2021-07-26","South West",1132903.166
"2021-07-26","Midlands",1062595.833
"2021-07-26","North East and Yorkshire",959126.031
"2021-07-26","East of England",1091677.675
"2021-07-26","North West",970571.491
"2021-07-27","London",429938.591
"2021-07-27","South East",460063.408
"2021-07-27","South West",690227.99
"2021-07-27","Midlands",776435.088
"2021-07-27","North East and Yorkshire",932861.877
"2021-07-27","East of England",681298.721
"2021-07-27","North West",951754.638
"2021-07-28","London",402075.83
"2021-07-28","South East",533538.226
"2021-07-28","South West",880070.723
"2021-07-28","Midlands",717178.567
"2021-07-28","North East and Yorkshire",738833.126
"2021-07-28","East of England",433499.834
"2021-07-28","North West",867340.449
"2021-07-29","London",691562.497
"2021-07-29","South East",716964.132
"2021-07-29","South West",801355.773
"2021-07-29","Midlands",680800.097
"2021-07-29","North East and Yorkshire",929532.339
"2021-07-29","East of England",771036.159
"2021-07-29","North West",864498.918
"2021-07-30","London",902879.551
"2021-07-30","South East",925256.136
"2021-07-30","South West",717737.233
"2021-07-30","Midlands",712053.765
"2021-07-30","North East and Yorkshire",689244.209
"2021-07-30","East of England",873836.209
"2021-07-30","North West",598420.43
"2021-07-31","London",759415.651
"2021-07-31","South East",783238.964
"2021-07-31","South West",685823.04
"2021-07-31","Midlands",598246.209
"2021-07-31","North East and Yorkshire",540863.658
"2021-07-31","East of England",663616.999
"2021-07-31","North West",515819.886
"2021-08-01","London",613458.295
"2021-08-01","South East",609283.245
"2021-08-01","South West",480627.495
"2021-08-01","Midlands",572549.345
"2021-08-01","North East and Yorkshire",716655.584
"2021-08-01","East of England",638295.766
"2021-08-01","North West",668179.541
"2021-08-02","London",774762.717
"2021-08-02","South East",794023.247
"2021-08-02","South West",676907.421
"2021-08-02","Midlands",810830.82
"2021-08-02","North East and Yorkshire",821514.079
"2021-08-02","East of England",850737.14
"2021-08-02","North West",866755.456
"2021-08-03","London",854902.252
"2021-08-03","South East",861401.37
"2021-08-03","South West",922215.89
"2021-08-03","Midlands",805936.495
"2021-08-03","North East and Yorkshire",829548.089
"2021-08-03","East of England",843215.546
"2021-08-03","North West",914340.789
"2021-08-04","London",761540.862
"2021-08-04","South East",771471.544
"2021-08-04","South West",426914.677
"2021-08-04","Midlands",707221.494
"2021-08-04","North East and Yorkshire",766664.344
"2021-08-04","East of England",832418.646
"2021-08-04","North West",654739.462
"2021-08-05","London",294615.506
"2021-08-05","South East",289572.597
"2021-08-05","South West",415926.003
"2021-08-05","Midlands",524126.537
"2021-08-05","North East and Yorkshire",396101.963
"2021-08-05","East of England",449553.462
"2021-08-05","North West",418820.768
"2021-08-06","London",408659.804
"2021-08-06","South East",493360.137
"2021-08-06","South West",524006.037
"2021-08-06","Midlands",585979.896
"2021-08-06","North East and Yorkshire",715040.848
"2021-08-06","East of England",482996.732
"2021-08-06","North West",695708.419
"2021-08-07","London",824357.437
"2021-08-07","South East",901557.32
"2021-08-07","South West",865007.868
"2021-08-07","Midlands",832494.781
"2021-08-07","North East and Yorkshire",788479.57
"2021-08-07","East of England",841079.559
"2021-08-07","North West",838382.775
"2021-08-08","London",471924.376
"2021-08-08","South East",494402.749
"2021-08-08","South West",402925.248
"2021-08-08","Midlands",545568.546
"2021-08-08","North East and Yorkshire",703698.676
"2021-08-08","East of England",577931.909
"2021-08-08","North West",671367.265
"2021-08-09","London",326492.841
"2021-08-09","South East",318597.314
"2021-08-09","South West",388939.081
"2021-08-09","Midlands",355331.265
"2021-08-09","North East and Yorkshire",272691.397
"2021-08-09","East of England",404667.367
"2021-08-09","North West",197968.294
"2021-08-10","London",425381.01
"2021-08-10","South East",474736.823
"2021-08-10","South West",592536.884
"2021-08-10","Midlands",412765.774
"2021-08-10","North East and Yorkshire",224140.258
"2021-08-10","East of England",412709.432
"2021-08-10","North West",254562.436
"2021-08-11","London",527172.697
"2021-08-11","South East",569201.105
"2021-08-11","South West",555705.447
"2021-08-11","Midlands",474799.326
"2021-08-11","North East and Yorkshire",320763.183
"2021-08-11","East of England",474957.328
"2021-08-11","North West",510735.665
"2021-08-12","London",415842.601
"2021-08-12","South East",389282.741
"2021-08-12","South West",336125.939
"2021-08-12","Midlands",300881.059
"2021-08-12","North East and Yorkshire",348823.909
"2021-08-12","East of England",464151.846
"2021-08-12","North West",313976.577
"2021-08-13","London",465405.566
"2021-08-13","South East",528744.304
"2021-08-13","South West",502908.43
"2021-08-13","Midlands",345695.991
"2021-08-13","North East and Yorkshire",277959.163
"2021-08-13","East of England",482383.589
"2021-08-13","North West",313130.807
"2021-08-14","London",466172.303
"2021-08-14","South East",520790.658
"2021-08-14","South West",646394.038
"2021-08-14","Midlands",407156.346
"2021-08-14","North East and Yorkshire",326120.086
"2021-08-14","East of England",448921.871
"2021-08-14","North West",495983.297
"2021-08-15","London",573492.315
"2021-08-15","South East",634965.86
"2021-08-15","South West",759983.505
"2021-08-15","Midlands",527143.877
"2021-08-15","North East and Yorkshire",504712.915
"2021-08-15","East of England",611277.671
"2021-08-15","North West",560089.108
"2021-08-16","London",543808.263
"2021-08-16","South East",561413.357
"2021-08-16","South West",546982.411
"2021-08-16","Midlands",503699.049
"2021-08-16","North East and Yorkshire",567231.638
"2021-08-16","East of England",549922.571
"2021-08-16","North West",545010.441
"2021-08-17","London",518924.403
"2021-08-17","South East",495831.329
"2021-08-17","South West",487648.756
"2021-08-17","Midlands",195032.407
"2021-08-17","North East and Yorkshire",154120.87
"2021-08-17","East of England",447595.807
"2021-08-17","North West",107969.921
"2021-08-18","London",432421.539
"2021-08-18","South East",477352.663
"2021-08-18","South West",596550.637
"2021-08-18","Midlands",498204.075
"2021-08-18","North East and Yorkshire",498080.547
"2021-08-18","East of England",484156.819
"2021-08-18","North West",541058.517
"2021-08-19","London",579448.372
"2021-08-19","South East",558333.577
"2021-08-19","South West",376909.221
"2021-08-19","Midlands",176440.927
"2021-08-19","North East and Yorkshire",378589.606
"2021-08-19","East of England",469251.075
"2021-08-19","North West",481372.295
"2021-08-20","London",569781.36
"2021-08-20","South East",576299.715
"2021-08-20","South West",453933.088
"2021-08-20","Midlands",517688.039
"2021-08-20","North East and Yorkshire",295170.176
"2021-08-20","East of England",541379.01
"2021-08-20","North West",332542.087
"2021-08-21","London",486218.167
"2021-08-21","South East",453273.075
"2021-08-21","South West",218425.86
"2021-08-21","Midlands",322012.495
"2021-08-21","North East and Yorkshire",251519.368
"2021-08-21","East of England",502683.656
"2021-08-21","North West",268900.241
"2021-08-22","London",205352.503
"2021-08-22","South East",236893.385
"2021-08-22","South West",182368.613
"2021-08-22","Midlands",306900.67
"2021-08-22","North East and Yorkshire",364199.107
"2021-08-22","East of England",339539.037
"2021-08-22","North West",389720.525
"2021-08-23","London",388952.632
"2021-08-23","South East",416209.102
"2021-08-23","South West",479016.457
"2021-08-23","Midlands",341692.423
"2021-08-23","North East and Yorkshire",288807.913
"2021-08-23","East of England",390452.796
"2021-08-23","North West",280618.084
"2021-08-24","London",174041.107
"2021-08-24","South East",244032.165
"2021-08-24","South West",369925.196
"2021-08-24","Midlands",256349.743
"2021-08-24","North East and Yorkshire",189527.468
"2021-08-24","East of England",157194.043
"2021-08-24","North West",409753.257
"2021-08-25","London",389455.401
"2021-08-25","South East",450011.546
"2021-08-25","South West",546317.137
"2021-08-25","Midlands",424090.254
"2021-08-25","North East and Yorkshire",431769.289
"2021-08-25","East of England",415078.318
"2021-08-25","North West",515140.151
"2021-08-26","London",536238.8
"2021-08-26","South East",548934.197
"2021-08-26","South West",450184.197
"2021-08-26","Midlands",433474.137
"2021-08-26","North East and Yorkshire",426529.046
"2021-08-26","East of England",535317.454
"2021-08-26","North West",452974.507
"2021-08-27","London",410424.28
"2021-08-27","South East",423871.356
"2021-08-27","South West",410366.222
"2021-08-27","Midlands",282906.873
"2021-08-27","North East and Yorkshire",308458.528
"2021-08-27","East of England",410651.039
"2021-08-27","North West",312861.999
"2021-08-28","London",421253.824
"2021-08-28","South East",490341.422
"2021-08-28","South West",459493.086
"2021-08-28","Midlands",374362.235
"2021-08-28","North East and Yorkshire",350044.687
"2021-08-28","East of England",474375.264
"2021-08-28","North West",255290.118
"2021-08-29","London",341036.045
"2021-08-29","South East",379922.808
"2021-08-29","South West",512067.041
"2021-08-29","Midlands",367539.181
"2021-08-29","North East and Yorkshire",274059.674
"2021-08-29","East of England",341595.92
"2021-08-29","North West",431777.512
"2021-08-30","London",348198.344
"2021-08-30","South East",446136.884
"2021-08-30","South West",679120.942
"2021-08-30","Midlands",621139.471
"2021-08-30","North East and Yorkshire",618534.895
"2021-08-30","East of England",393476.918
"2021-08-30","North West",628534.121
"2021-08-31","London",1031516.019
"2021-08-31","South East",1035368.503
"2021-08-31","South West",1035824.461
"2021-08-31","Midlands",914776.417
"2021-08-31","North East and Yorkshire",898550.091
"2021-08-31","East of England",1002515.149
"2021-08-31","North West",897376.899
"2021-09-01","London",1018185.589
"2021-09-01","South East",1025961.998
"2021-09-01","South West",1044428.072
"2021-09-01","Midlands",1027040.665
"2021-09-01","North East and Yorkshire",1004438.175
"2021-09-01","East of England",1010196.226
"2021-09-01","North West",1007256.765
"2021-09-02","London",1026576.158
"2021-09-02","South East",1029868.672
"2021-09-02","South West",1040463.057
"2021-09-02","Midlands",1022689.375
"2021-09-02","North East and Yorkshire",1002196.582
"2021-09-02","East of England",1016562.301
"2021-09-02","North West",1008841.076
"2021-09-03","London",1019799.61
"2021-09-03","South East",1021683.27
"2021-09-03","South West",1030189.775
"2021-09-03","Midlands",1012123.329
"2021-09-03","North East and Yorkshire",991862.309
"2021-09-03","East of England",1009568.489
"2021-09-03","North West",1008261.035
"2021-09-04","London",1008391.09
"2021-09-04","South East",1011177.311
"2021-09-04","South West",998726.372
"2021-09-04","Midlands",975277.31
"2021-09-04","North East and Yorkshire",971955.149
"2021-09-04","East of England",1002299.279
"2021-09-04","North West",971895.082
"2021-09-05","London",851660.972
"2021-09-05","South East",833184.522
"2021-09-05","South West",823473.763
"2021-09-05","Midlands",898790.638
"2021-09-05","North East and Yorkshire",907963.514
"2021-09-05","East of England",883559.71
"2021-09-05","North West",885729.894
"2021-09-06","London",770719.601
"2021-09-06","South East",728990.801
"2021-09-06","South West",648043.183
"2021-09-06","Midlands",630436.179
"2021-09-06","North East and Yorkshire",670102.413
"2021-09-06","East of England",773640.921
"2021-09-06","North West",531555.556
"2021-09-07","London",728445.896
"2021-09-07","South East",741101.589
"2021-09-07","South West",799697.573
"2021-09-07","Midlands",747118.567
"2021-09-07","North East and Yorkshire",753078.886
"2021-09-07","East of England",690771.865
"2021-09-07","North West",743698.836
"2021-09-08","London",601577.797
"2021-09-08","South East",600202.846
"2021-09-08","South West",488935.457
"2021-09-08","Midlands",542957.86
"2021-09-08","North East and Yorkshire",427548.756
"2021-09-08","East of England",631256.09
"2021-09-08","North West",386661.313
"2021-09-09","London",208468.09
"2021-09-09","South East",233068.27
"2021-09-09","South West",236839.443
"2021-09-09","Midlands",344467.858
"2021-09-09","North East and Yorkshire",371457.827
"2021-09-09","East of England",271708.091
"2021-09-09","North West",321690.687
"2021-09-10","London",806643.36
"2021-09-10","South East",816546.137
"2021-09-10","South West",738448.742
"2021-09-10","Midlands",783788.614
"2021-09-10","North East and Yorkshire",700946.992
"2021-09-10","East of England",822425.343
"2021-09-10","North West",616312.788
"2021-09-11","London",197926.378
"2021-09-11","South East",253838.913
"2021-09-11","South West",428581.373
"2021-09-11","Midlands",315252.335
"2021-09-11","North East and Yorkshire",416540.036
"2021-09-11","East of England",210716.862
"2021-09-11","North West",567689.022
"2021-09-12","London",661765.07
"2021-09-12","South East",661595.554
"2021-09-12","South West",486063.205
"2021-09-12","Midlands",519331.007
"2021-09-12","North East and Yorkshire",511656.166
"2021-09-12","East of England",664050.227
"2021-09-12","North West",434315.655
"2021-09-13","London",717111.279
"2021-09-13","South East",732662.929
"2021-09-13","South West",702020.402
"2021-09-13","Midlands",689781.299
"2021-09-13","North East and Yorkshire",478783.951
"2021-09-13","East of England",760148.427
"2021-09-13","North West",567345.168
"2021-09-14","London",786097.398
"2021-09-14","South East",810395.281
"2021-09-14","South West",716861.945
"2021-09-14","Midlands",737790.434
"2021-09-14","North East and Yorkshire",672257.275
"2021-09-14","East of England",789195.268
"2021-09-14","North West",676446.289
"2021-09-15","London",732247.168
"2021-09-15","South East",766204.387
"2021-09-15","South West",741709.266
"2021-09-15","Midlands",648656.339
"2021-09-15","North East and Yorkshire",620025.554
"2021-09-15","East of England",701098.794
"2021-09-15","North West",627177.113
"2021-09-16","London",764912.27
"2021-09-16","South East",774444.211
"2021-09-16","South West",531275.827
"2021-09-16","Midlands",403993.726
"2021-09-16","North East and Yorkshire",272540.554
"2021-09-16","East of England",699724.826
"2021-09-16","North West",271723.248
"2021-09-17","London",857616.18
"2021-09-17","South East",863731.346
"2021-09-17","South West",809541.708
"2021-09-17","Midlands",704502.867
"2021-09-17","North East and Yorkshire",599003.268
"2021-09-17","East of England",849806.79
"2021-09-17","North West",596682.223
"2021-09-18","London",894375.422
"2021-09-18","South East",897882.892
"2021-09-18","South West",921677.422
"2021-09-18","Midlands",919775.763
"2021-09-18","North East and Yorkshire",897391.893
"2021-09-18","East of England",900232.501
"2021-09-18","North West",918398.478
"2021-09-19","London",869729.301
"2021-09-19","South East",866657.254
"2021-09-19","South West",867398.695
"2021-09-19","Midlands",847847.449
"2021-09-19","North East and Yorkshire",860881.169
"2021-09-19","East of England",869975.643
"2021-09-19","North West",879410.212
"2021-09-20","London",891600
"2021-09-20","South East",888508.972
"2021-09-20","South West",814048.656
"2021-09-20","Midlands",840295.43
"2021-09-20","North East and Yorkshire",839226.854
"2021-09-20","East of England",884949.965
"2021-09-20","North West",783547.502
"2021-09-21","London",321783.909
"2021-09-21","South East",378808.403
"2021-09-21","South West",336187.506
"2021-09-21","Midlands",296774.937
"2021-09-21","North East and Yorkshire",361666.565
"2021-09-21","East of England",325157.825
"2021-09-21","North West",464054.395
"2021-09-22","London",429786.216
"2021-09-22","South East",471679.874
"2021-09-22","South West",461189.514
"2021-09-22","Midlands",342125.535
"2021-09-22","North East and Yorkshire",469967.377
"2021-09-22","East of England",448793.71
"2021-09-22","North West",461723.384
"2021-09-23","London",427989.685
"2021-09-23","South East",470851.595
"2021-09-23","South West",448235.107
"2021-09-23","Midlands",441044.335
"2021-09-23","North East and Yorkshire",552644.353
"2021-09-23","East of England",447329.011
"2021-09-23","North West",554565.12
"2021-09-24","London",529356.2
"2021-09-24","South East",586732.953
"2021-09-24","South West",575339.147
"2021-09-24","Midlands",346630.54
"2021-09-24","North East and Yorkshire",382898.016
"2021-09-24","East of England",548552.582
"2021-09-24","North West",395407.813
"2021-09-25","London",386277.98
"2021-09-25","South East",493234.996
"2021-09-25","South West",609512.48
"2021-09-25","Midlands",373311.942
"2021-09-25","North East and Yorkshire",335403.709
"2021-09-25","East of England",403528.713
"2021-09-25","North West",412174.373
"2021-09-26","London",687695.72
"2021-09-26","South East",724528.646
"2021-09-26","South West",681676.637
"2021-09-26","Midlands",547828.651
"2021-09-26","North East and Yorkshire",530043.248
"2021-09-26","East of England",589959.02
"2021-09-26","North West",578676.821
"2021-09-27","London",709130.684
"2021-09-27","South East",734823.851
"2021-09-27","South West",753723.649
"2021-09-27","Midlands",652679.146
"2021-09-27","North East and Yorkshire",439216.71
"2021-09-27","East of England",672509.525
"2021-09-27","North West",564151.934
"2021-09-28","London",319845.047
"2021-09-28","South East",330719.903
"2021-09-28","South West",334681.207
"2021-09-28","Midlands",270350.72
"2021-09-28","North East and Yorkshire",222890.755
"2021-09-28","East of England",326683.56
"2021-09-28","North West",201898.794
"2021-09-29","London",142680.476
"2021-09-29","South East",147842.193
"2021-09-29","South West",178149.688
"2021-09-29","Midlands",252593.553
"2021-09-29","North East and Yorkshire",297332.084
"2021-09-29","East of England",210364.079
"2021-09-29","North West",302383.809
"2021-09-30","London",58881.431
"2021-09-30","South East",71198.787
"2021-09-30","South West",169176.757
"2021-09-30","Midlands",117832.72
"2021-09-30","North East and Yorkshire",109423.979
"2021-09-30","East of England",76999.639
"2021-09-30","North West",180580.377
"2021-10-01","London",142184.028
"2021-10-01","South East",146084.87
"2021-10-01","South West",93564.801
"2021-10-01","Midlands",71179.391
"2021-10-01","North East and Yorkshire",96019.506
"2021-10-01","East of England",138131.732
"2021-10-01","North West",64194.278
"2021-10-02","London",52798.198
"2021-10-02","South East",75433.812
"2021-10-02","South West",33543.408
"2021-10-02","Midlands",23164.177
"2021-10-02","North East and Yorkshire",57570.23
"2021-10-02","East of England",57292.73
"2021-10-02","North West",60001.063
"2021-10-03","London",348347.437
"2021-10-03","South East",349660.804
"2021-10-03","South West",362203.57
"2021-10-03","Midlands",335806.321
"2021-10-03","North East and Yorkshire",291266.533
"2021-10-03","East of England",343547.471
"2021-10-03","North West",248235.984
"2021-10-04","London",284497.087
"2021-10-04","South East",260895.551
"2021-10-04","South West",185208.498
"2021-10-04","Midlands",287757.956
"2021-10-04","North East and Yorkshire",250262.519
"2021-10-04","East of England",270941.25
"2021-10-04","North West",284759.427
"2021-10-05","London",396686.087
"2021-10-05","South East",387460.659
"2021-10-05","South West",343523.743
"2021-10-05","Midlands",366137.303
"2021-10-05","North East and Yorkshire",326598.369
"2021-10-05","East of England",376969.856
"2021-10-05","North West",309079.054
"2021-10-06","London",395210.104
"2021-10-06","South East",382006.663
"2021-10-06","South West",274773.842
"2021-10-06","Midlands",358412.814
"2021-10-06","North East and Yorkshire",339045.549
"2021-10-06","East of England",395636.9
"2021-10-06","North West",317789.536
"2021-10-07","London",134880.058
"2021-10-07","South East",165031.491
"2021-10-07","South West",255690.336
"2021-10-07","Midlands",172223.865
"2021-10-07","North East and Yorkshire",232358.074
"2021-10-07","East of England",143614.228
"2021-10-07","North West",250991.717
"2021-10-08","London",305903.861
"2021-10-08","South East",332924.455
"2021-10-08","South West",343111.657
"2021-10-08","Midlands",319966.185
"2021-10-08","North East and Yorkshire",303360.487
"2021-10-08","East of England",321456.402
"2021-10-08","North West",319421.118
"2021-10-09","London",350462.4
"2021-10-09","South East",368283.069
"2021-10-09","South West",342208.308
"2021-10-09","Midlands",297264.721
"2021-10-09","North East and Yorkshire",311598.157
"2021-10-09","East of England",310527.407
"2021-10-09","North West",314156.289
"2021-10-10","London",368210.825
"2021-10-10","South East",383737.727
"2021-10-10","South West",366395.331
"2021-10-10","Midlands",347852.973
"2021-10-10","North East and Yorkshire",282278.856
"2021-10-10","East of England",350454.445
"2021-10-10","North West",364222.738
"2021-10-11","London",162946.477
"2021-10-11","South East",153898.226
"2021-10-11","South West",83922.653
"2021-10-11","Midlands",88396.577
"2021-10-11","North East and Yorkshire",88565.356
"2021-10-11","East of England",201085.346
"2021-10-11","North West",85089.458
"2021-10-12","London",307051.311
"2021-10-12","South East",296307.328
"2021-10-12","South West",262197.038
"2021-10-12","Midlands",261855.663
"2021-10-12","North East and Yorkshire",292087.239
"2021-10-12","East of England",299179.147
"2021-10-12","North West",277174.134
"2021-10-13","London",225256.585
"2021-10-13","South East",249409.266
"2021-10-13","South West",225194.786
"2021-10-13","Midlands",147412.278
"2021-10-13","North East and Yorkshire",153412.646
"2021-10-13","East of England",211228.557
"2021-10-13","North West",138362.259
"2021-10-14","London",311428.937
"2021-10-14","South East",310377.406
"2021-10-14","South West",219523.574
"2021-10-14","Midlands",280750.72
"2021-10-14","North East and Yorkshire",273108.713
"2021-10-14","East of England",341082.85
"2021-10-14","North West",242557.418
"2021-10-15","London",125491.178
"2021-10-15","South East",132546.13
"2021-10-15","South West",211884.794
"2021-10-15","Midlands",102276.534
"2021-10-15","North East and Yorkshire",117429.765
"2021-10-15","East of England",192999.78
"2021-10-15","North West",112602.067
"2021-10-16","London",185984.339
"2021-10-16","South East",201665.423
"2021-10-16","South West",335880.842
"2021-10-16","Midlands",213613.378
"2021-10-16","North East and Yorkshire",240879.832
"2021-10-16","East of England",181521.525
"2021-10-16","North West",269442.852
"2021-10-17","London",332956.079
"2021-10-17","South East",313492.078
"2021-10-17","South West",283411.172
"2021-10-17","Midlands",321371.555
"2021-10-17","North East and Yorkshire",249211.667
"2021-10-17","East of England",343143.734
"2021-10-17","North West",194637.693
"2021-10-18","London",111884.601
"2021-10-18","South East",109916.045
"2021-10-18","South West",68252.87
"2021-10-18","Midlands",73039.45
"2021-10-18","North East and Yorkshire",76558.043
"2021-10-18","East of England",111048.575
"2021-10-18","North West",63189.026
"2021-10-19","London",218680.043
"2021-10-19","South East",281195.148
"2021-10-19","South West",382189.35
"2021-10-19","Midlands",206821.169
"2021-10-19","North East and Yorkshire",120920.406
"2021-10-19","East of England",157435.72
"2021-10-19","North West",112922.453
"2021-10-20","London",299009.06
"2021-10-20","South East",303772.625
"2021-10-20","South West",304158.188
"2021-10-20","Midlands",220014.563
"2021-10-20","North East and Yorkshire",215364.955
"2021-10-20","East of England",280530.974
"2021-10-20","North West",268046.177
"2021-10-21","London",360515.961
"2021-10-21","South East",385126.317
"2021-10-21","South West",420186.664
"2021-10-21","Midlands",428392.441
"2021-10-21","North East and Yorkshire",329693.663
"2021-10-21","East of England",377402.626
"2021-10-21","North West",336679.93
"2021-10-22","London",380072.212
"2021-10-22","South East",380840.273
"2021-10-22","South West",345421.188
"2021-10-22","Midlands",282566.154
"2021-10-22","North East and Yorkshire",249636.579
"2021-10-22","East of England",381035.904
"2021-10-22","North West",250440.008
"2021-10-23","London",408146.515
"2021-10-23","South East",407784.112
"2021-10-23","South West",337596.211
"2021-10-23","Midlands",347985.745
"2021-10-23","North East and Yorkshire",362891.365
"2021-10-23","East of England",428166.177
"2021-10-23","North West",311588.759
"2021-10-24","London",207247.885
"2021-10-24","South East",235785.749
"2021-10-24","South West",307908.652
"2021-10-24","Midlands",188855.216
"2021-10-24","North East and Yorkshire",95304.889
"2021-10-24","East of England",238145.309
"2021-10-24","North West",93647.283
"2021-10-25","London",221253.962
"2021-10-25","South East",214618.344
"2021-10-25","South West",145074.088
"2021-10-25","Midlands",293566.449
"2021-10-25","North East and Yorkshire",337120.205
"2021-10-25","East of England",353107.164
"2021-10-25","North West",248974.544
"2021-10-26","London",39482.607
"2021-10-26","South East",45923.538
"2021-10-26","South West",114479.425
"2021-10-26","Midlands",44660.117
"2021-10-26","North East and Yorkshire",51075.068
"2021-10-26","East of England",57996.223
"2021-10-26","North West",43793.081
"2021-10-27","London",250166.542
"2021-10-27","South East",233432.735
"2021-10-27","South West",212917.098
"2021-10-27","Midlands",221885.651
"2021-10-27","North East and Yorkshire",207161.099
"2021-10-27","East of England",256800.151
"2021-10-27","North West",208092.449
"2021-10-28","London",51530.49
"2021-10-28","South East",63623.466
"2021-10-28","South West",86928.548
"2021-10-28","Midlands",36518.025
"2021-10-28","North East and Yorkshire",31896.707
"2021-10-28","East of England",52961.723
"2021-10-28","North West",29425.658
"2021-10-29","London",32667.424
"2021-10-29","South East",42987.586
"2021-10-29","South West",42444.679
"2021-10-29","Midlands",67671.495
"2021-10-29","North East and Yorkshire",61397.15
"2021-10-29","East of England",56988.161
"2021-10-29","North West",79399.296
"2021-10-30","London",129041.541
"2021-10-30","South East",130354.177
"2021-10-30","South West",151986.733
"2021-10-30","Midlands",98005.916
"2021-10-30","North East and Yorkshire",77907.202
"2021-10-30","East of England",149258.771
"2021-10-30","North West",112040.014
"2021-10-31","London",109444.64
"2021-10-31","South East",120770.377
"2021-10-31","South West",128765.743
"2021-10-31","Midlands",114730.363
"2021-10-31","North East and Yorkshire",138393.357
"2021-10-31","East of England",112562.252
"2021-10-31","North West",120193.26
"2021-11-01","London",187173.765
"2021-11-01","South East",210408.469
"2021-11-01","South West",249113.233
"2021-11-01","Midlands",219267.251
"2021-11-01","North East and Yorkshire",176285.738
"2021-11-01","East of England",195102.608
"2021-11-01","North West",184726.499
"2021-11-02","London",138012.754
"2021-11-02","South East",157810.596
"2021-11-02","South West",106634.184
"2021-11-02","Midlands",96969.901
"2021-11-02","North East and Yorkshire",124907.667
"2021-11-02","East of England",157635.118
"2021-11-02","North West",126370.976
"2021-11-03","London",253233.37
"2021-11-03","South East",213107.888
"2021-11-03","South West",60020.835
"2021-11-03","Midlands",78415.535
"2021-11-03","North East and Yorkshire",77816.694
"2021-11-03","East of England",275447.938
"2021-11-03","North West",40129.669
"2021-11-04","London",314477.351
"2021-11-04","South East",308513.074
"2021-11-04","South West",307544.525
"2021-11-04","Midlands",267506.817
"2021-11-04","North East and Yorkshire",290314.424
"2021-11-04","East of England",293926.164
"2021-11-04","North West",261086.188
"2021-11-05","London",251280.166
"2021-11-05","South East",271154.832
"2021-11-05","South West",218175.097
"2021-11-05","Midlands",219594.392
"2021-11-05","North East and Yorkshire",259208.722
"2021-11-05","East of England",323568.104
"2021-11-05","North West",192918.978
"2021-11-06","London",303626.818
"2021-11-06","South East",338567.604
"2021-11-06","South West",376109.525
"2021-11-06","Midlands",273090.479
"2021-11-06","North East and Yorkshire",182202.141
"2021-11-06","East of England",215864.845
"2021-11-06","North West",297944.169
"2021-11-07","London",43643.297
"2021-11-07","South East",54080.564
"2021-11-07","South West",138265.738
"2021-11-07","Midlands",103454.732
"2021-11-07","North East and Yorkshire",103760.934
"2021-11-07","East of England",56164.758
"2021-11-07","North West",142430.262
"2021-11-08","London",102524.806
"2021-11-08","South East",98267.155
"2021-11-08","South West",177462.067
"2021-11-08","Midlands",196005.35
"2021-11-08","North East and Yorkshire",224121.193
"2021-11-08","East of England",139446.819
"2021-11-08","North West",270908.879
"2021-11-09","London",209403.88
"2021-11-09","South East",274436.203
"2021-11-09","South West",290839.65
"2021-11-09","Midlands",166924.227
"2021-11-09","North East and Yorkshire",137270.127
"2021-11-09","East of England",209390.221
"2021-11-09","North West",194121.741
"2021-11-10","London",203291.458
"2021-11-10","South East",225198.116
"2021-11-10","South West",308889.229
"2021-11-10","Midlands",203024.453
"2021-11-10","North East and Yorkshire",160523.353
"2021-11-10","East of England",179367.439
"2021-11-10","North West",244759.215
"2021-11-11","London",249087.321
"2021-11-11","South East",264531.663
"2021-11-11","South West",319998.611
"2021-11-11","Midlands",337804.845
"2021-11-11","North East and Yorkshire",354129.686
"2021-11-11","East of England",287703.382
"2021-11-11","North West",345572.933
"2021-11-12","London",330327.004
"2021-11-12","South East",316028.096
"2021-11-12","South West",297884.426
"2021-11-12","Midlands",261860.919
"2021-11-12","North East and Yorkshire",245815.725
"2021-11-12","East of England",318079.208
"2021-11-12","North West",246956.234
"2021-11-13","London",328906.388
"2021-11-13","South East",328632.576
"2021-11-13","South West",348906.141
"2021-11-13","Midlands",236264.719
"2021-11-13","North East and Yorkshire",215793.476
"2021-11-13","East of England",298783.847
"2021-11-13","North West",267380.108
"2021-11-14","London",228555.084
"2021-11-14","South East",255468.214
"2021-11-14","South West",316449.085
"2021-11-14","Midlands",228731.994
"2021-11-14","North East and Yorkshire",186704.596
"2021-11-14","East of England",226717.289
"2021-11-14","North West",214688.895
"2021-11-15","London",130605.318
"2021-11-15","South East",154630.408
"2021-11-15","South West",222089.615
"2021-11-15","Midlands",223272.407
"2021-11-15","North East and Yorkshire",229611.253
"2021-11-15","East of England",138310.986
"2021-11-15","North West",259755.439
"2021-11-16","London",191851.444
"2021-11-16","South East",189523.551
"2021-11-16","South West",180615.89
"2021-11-16","Midlands",179069.303
"2021-11-16","North East and Yorkshire",144525.276
"2021-11-16","East of England",186257.205
"2021-11-16","North West",142111.656
"2021-11-17","London",49056.044
"2021-11-17","South East",64244.883
"2021-11-17","South West",120199.502
"2021-11-17","Midlands",109626.169
"2021-11-17","North East and Yorkshire",100117.665
"2021-11-17","East of England",46703.955
"2021-11-17","North West",140292.035
"2021-11-18","London",166272.123
"2021-11-18","South East",169164.703
"2021-11-18","South West",118647.515
"2021-11-18","Midlands",122123.535
"2021-11-18","North East and Yorkshire",123876.024
"2021-11-18","East of England",167917.993
"2021-11-18","North West",109096.471
"2021-11-19","London",179595.449
"2021-11-19","South East",183372.307
"2021-11-19","South West",120712.744
"2021-11-19","Midlands",143818.9
"2021-11-19","North East and Yorkshire",108382.225
"2021-11-19","East of England",165153.693
"2021-11-19","North West",110420.655
"2021-11-20","London",57877.146
"2021-11-20","South East",79990.824
"2021-11-20","South West",86676.516
"2021-11-20","Midlands",66977.347
"2021-11-20","North East and Yorkshire",52937.476
"2021-11-20","East of England",57912.35
"2021-11-20","North West",57906.361
"2021-11-21","London",43132.931
"2021-11-21","South East",57142.154
"2021-11-21","South West",100056.908
"2021-11-21","Midlands",52957.097
"2021-11-21","North East and Yorkshire",47134.042
"2021-11-21","East of England",47278.442
"2021-11-21","North West",72627.141
"2021-11-22","London",114170.786
"2021-11-22","South East",137415.971
"2021-11-22","South West",151489.521
"2021-11-22","Midlands",64627.4
"2021-11-22","North East and Yorkshire",40275.042
"2021-11-22","East of England",77559.741
"2021-11-22","North West",37342.388
"2021-11-23","London",103913.668
"2021-11-23","South East",118626.619
"2021-11-23","South West",70978.883
"2021-11-23","Midlands",49374.645
"2021-11-23","North East and Yorkshire",63264.553
"2021-11-23","East of England",103913.302
"2021-11-23","North West",59954.516
"2021-11-24","London",142625.324
"2021-11-24","South East",120156.717
"2021-11-24","South West",41985.13
"2021-11-24","Midlands",40065.608
"2021-11-24","North East and Yorkshire",50102.201
"2021-11-24","East of England",143616.743
"2021-11-24","North West",25049.814
"2021-11-25","London",118858.136
"2021-11-25","South East",143291.676
"2021-11-25","South West",206093.223
"2021-11-25","Midlands",162529.293
"2021-11-25","North East and Yorkshire",172421.918
"2021-11-25","East of England",115210.166
"2021-11-25","North West",172761.92
"2021-11-26","London",90521.755
"2021-11-26","South East",78563.186
"2021-11-26","South West",35927.776
"2021-11-26","Midlands",34797.8
"2021-11-26","North East and Yorkshire",31612.757
"2021-11-26","East of England",84900.317
"2021-11-26","North West",20415.837
"2021-11-27","London",141663.785
"2021-11-27","South East",148386.633
"2021-11-27","South West",115494.985
"2021-11-27","Midlands",95316.804
"2021-11-27","North East and Yorkshire",60538.363
"2021-11-27","East of England",130165.053
"2021-11-27","North West",36442.985
"2021-11-28","London",99091.199
"2021-11-28","South East",96074.815
"2021-11-28","South West",98304.024
"2021-11-28","Midlands",161457.313
"2021-11-28","North East and Yorkshire",139718.376
"2021-11-28","East of England",144597.063
"2021-11-28","North West",137089.424
"2021-11-29","London",143191.597
"2021-11-29","South East",129167.969
"2021-11-29","South West",138778.2
"2021-11-29","Midlands",124715.989
"2021-11-29","North East and Yorkshire",92735.498
"2021-11-29","East of England",166702.402
"2021-11-29","North West",89939.702
"2021-11-30","London",119974.049
"2021-11-30","South East",127461.634
"2021-11-30","South West",104013.781
"2021-11-30","Midlands",95916.082
"2021-11-30","North East and Yorkshire",54288.731
"2021-11-30","East of England",110533.582
"2021-11-30","North West",58109.572
"2021-12-01","London",135490.028
"2021-12-01","South East",149998.785
"2021-12-01","South West",159951.782
"2021-12-01","Midlands",92058.459
"2021-12-01","North East and Yorkshire",96555.924
"2021-12-01","East of England",121563.776
"2021-12-01","North West",79119.795
"2021-12-02","London",21582.898
"2021-12-02","South East",24437.9
"2021-12-02","South West",54877.058
"2021-12-02","Midlands",20951.733
"2021-12-02","North East and Yorkshire",29285.686
"2021-12-02","East of England",28655.048
"2021-12-02","North West",22095.971
"2021-12-03","London",81184.154
"2021-12-03","South East",101654.763
"2021-12-03","South West",59983.136
"2021-12-03","Midlands",63618.038
"2021-12-03","North East and Yorkshire",55183.456
"2021-12-03","East of England",67353.421
"2021-12-03","North West",45242.091
"2021-12-04","London",85624.689
"2021-12-04","South East",89227.701
"2021-12-04","South West",92965.927
"2021-12-04","Midlands",69486.112
"2021-12-04","North East and Yorkshire",60111.324
"2021-12-04","East of England",78520.2
"2021-12-04","North West",74232.704
"2021-12-05","London",125210.618
"2021-12-05","South East",132621.254
"2021-12-05","South West",102983.633
"2021-12-05","Midlands",87301.747
"2021-12-05","North East and Yorkshire",69219.015
"2021-12-05","East of England",110349.935
"2021-12-05","North West",71210.754
"2021-12-06","London",124230.254
"2021-12-06","South East",135618.846
"2021-12-06","South West",137658.444
"2021-12-06","Midlands",126198.434
"2021-12-06","North East and Yorkshire",94076.369
"2021-12-06","East of England",127389.985
"2021-12-06","North West",113883.526
"2021-12-07","London",10007.299
"2021-12-07","South East",11712.681
"2021-12-07","South West",24903.033
"2021-12-07","Midlands",42044.922
"2021-12-07","North East and Yorkshire",64246.964
"2021-12-07","East of England",14855.899
"2021-12-07","North West",69237.468
"2021-12-08","London",126358.872
"2021-12-08","South East",119293.676
"2021-12-08","South West",97281.642
"2021-12-08","Midlands",28387.971
"2021-12-08","North East and Yorkshire",21125.484
"2021-12-08","East of England",96590.95
"2021-12-08","North West",12937.965
"2021-12-09","London",65860.386
"2021-12-09","South East",76692.512
"2021-12-09","South West",94532.9
"2021-12-09","Midlands",91639.11
"2021-12-09","North East and Yorkshire",93181.159
"2021-12-09","East of England",78979.289
"2021-12-09","North West",73686.656
"2021-12-10","London",53359.548
"2021-12-10","South East",80780.215
"2021-12-10","South West",100514.14
"2021-12-10","Midlands",30437.645
"2021-12-10","North East and Yorkshire",38763.76
"2021-12-10","East of England",37958.016
"2021-12-10","North West",30759.234
"2021-12-11","London",135260.236
"2021-12-11","South East",127512.04
"2021-12-11","South West",121912.515
"2021-12-11","Midlands",86011.162
"2021-12-11","North East and Yorkshire",28580.928
"2021-12-11","East of England",121581.305
"2021-12-11","North West",34853.781
"2021-12-12","London",31763.222
"2021-12-12","South East",36206.214
"2021-12-12","South West",27762.832
"2021-12-12","Midlands",30386.39
"2021-12-12","North East and Yorkshire",51437.794
"2021-12-12","East of England",32083.318
"2021-12-12","North West",36933.225
"2021-12-13","London",29289.153
"2021-12-13","South East",27121.718
"2021-12-13","South West",22873.965
"2021-12-13","Midlands",44138.893
"2021-12-13","North East and Yorkshire",42903.883
"2021-12-13","East of England",49977.119
"2021-12-13","North West",44980.286
"2021-12-14","London",10007.299
"2021-12-14","South East",11712.681
"2021-12-14","South West",24903.033
"2021-12-14","Midlands",42044.922
"2021-12-14","North East and Yorkshire",64246.964
"2021-12-14","East of England",14855.899
"2021-12-14","North West",69237.468
"2021-12-15","London",126358.872
"2021-12-15","South East",119293.676
"2021-12-15","South West",97281.642
"2021-12-15","Midlands",28387.971
"2021-12-15","North East and Yorkshire",21125.484
"2021-12-15","East of England",96590.95
"2021-12-15","North West",12937.965
"2021-12-16","London",65860.386
"2021-12-16","South East",76692.512
"2021-12-16","South West",94532.9
"2021-12-16","Midlands",91639.11
"2021-12-16","North East and Yorkshire",93181.159
"2021-12-16","East of England",78979.289
"2021-12-16","North West",73686.656
"2021-12-17","London",53359.548
"2021-12-17","South East",80780.215
"2021-12-17","South West",100514.14
"2021-12-17","Midlands",30437.645
"2021-12-17","North East and Yorkshire",38763.76
"2021-12-17","East of England",37958.016
"2021-12-17","North West",30759.234
"2021-12-18","London",135260.236
"2021-12-18","South East",127512.04
"2021-12-18","South West",121912.515
"2021-12-18","Midlands",86011.162
"2021-12-18","North East and Yorkshire",28580.928
"2021-12-18","East of England",121581.305
"2021-12-18","North West",34853.781
"2021-12-19","London",31763.222
"2021-12-19","South East",36206.214
"2021-12-19","South West",27762.832
"2021-12-19","Midlands",30386.39
"2021-12-19","North East and Yorkshire",51437.794
"2021-12-19","East of England",32083.318
"2021-12-19","North West",36933.225
"2021-12-20","London",29289.153
"2021-12-20","South East",27121.718
"2021-12-20","South West",22873.965
"2021-12-20","Midlands",44138.893
"2021-12-20","North East and Yorkshire",42903.883
"2021-12-20","East of England",49977.119
"2021-12-20","North West",44980.286
"2021-12-21","London",45288.739
"2021-12-21","South East",48565.848
"2021-12-21","South West",74873.61
"2021-12-21","Midlands",59861.305
"2021-12-21","North East and Yorkshire",59185.926
"2021-12-21","East of England",36809.172
"2021-12-21","North West",71096.493
"2021-12-22","London",111793.105
"2021-12-22","South East",112988.592
"2021-12-22","South West",64442.622
"2021-12-22","Midlands",66620.125
"2021-12-22","North East and Yorkshire",55652.004
"2021-12-22","East of England",110707.101
"2021-12-22","North West",49795.366
"2021-12-23","London",60602.513
"2021-12-23","South East",52917.586
"2021-12-23","South West",34373.86
"2021-12-23","Midlands",46910.561
"2021-12-23","North East and Yorkshire",47865.223
"2021-12-23","East of England",68396.977
"2021-12-23","North West",59506.55
"2021-12-24","London",23096.12
"2021-12-24","South East",39740.113
"2021-12-24","South West",80061.082
"2021-12-24","Midlands",29384.464
"2021-12-24","North East and Yorkshire",27665.287
"2021-12-24","East of England",24266.989
"2021-12-24","North West",38116.368
"2021-12-25","London",110430.477
"2021-12-25","South East",107769.862
"2021-12-25","South West",93552.761
"2021-12-25","Midlands",93757.756
"2021-12-25","North East and Yorkshire",49776.725
"2021-12-25","East of England",110007.564
"2021-12-25","North West",58333.632
"2021-12-26","London",102549.305
"2021-12-26","South East",111106.436
"2021-12-26","South West",113932.597
"2021-12-26","Midlands",92230.582
"2021-12-26","North East and Yorkshire",64091.647
"2021-12-26","East of England",73985.125
"2021-12-26","North West",69445.495
"2021-12-27","London",150592.903
"2021-12-27","South East",149791.858
"2021-12-27","South West",139426.478
"2021-12-27","Midlands",115825.984
"2021-12-27","North East and Yorkshire",68537.024
"2021-12-27","East of England",139300.873
"2021-12-27","North West",80874.438
"2021-12-28","London",55919.825
"2021-12-28","South East",60551.929
"2021-12-28","South West",68190.611
"2021-12-28","Midlands",69802.722
"2021-12-28","North East and Yorkshire",66577.653
"2021-12-28","East of England",52677.487
"2021-12-28","North West",99805.579
"2021-12-29","London",51032.453
"2021-12-29","South East",53335.48
"2021-12-29","South West",62087.725
"2021-12-29","Midlands",69946.593
"2021-12-29","North East and Yorkshire",57878.15
"2021-12-29","East of England",55742.19
"2021-12-29","North West",81000.82
"2021-12-30","London",34330.515
"2021-12-30","South East",40007.872
"2021-12-30","South West",61592.405
"2021-12-30","Midlands",24213.676
"2021-12-30","North East and Yorkshire",31953.439
"2021-12-30","East of England",42200.398
"2021-12-30","North West",28479.916
"2021-12-31","London",49684.82
"2021-12-31","South East",60015.094
"2021-12-31","South West",37017.11
"2021-12-31","Midlands",38674.643
"2021-12-31","North East and Yorkshire",40280.979
"2021-12-31","East of England",48032.436
"2021-12-31","North West",55045.021
"2022-01-01","London",101930.386
"2022-01-01","South East",107600.816
"2022-01-01","South West",139017.058
"2022-01-01","Midlands",126453.443
"2022-01-01","North East and Yorkshire",109206.027
"2022-01-01","East of England",102747.847
"2022-01-01","North West",91589.707
"2022-01-02","London",51234.044
"2022-01-02","South East",55915.607
"2022-01-02","South West",74696.887
"2022-01-02","Midlands",47089.956
"2022-01-02","North East and Yorkshire",38005.286
"2022-01-02","East of England",53041.322
"2022-01-02","North West",33315.723
"2022-01-03","London",85978.273
"2022-01-03","South East",105061.315
"2022-01-03","South West",96351.514
"2022-01-03","Midlands",94553.427
"2022-01-03","North East and Yorkshire",77063.256
"2022-01-03","East of England",92491.012
"2022-01-03","North West",84327.757
"2022-01-04","London",184202.114
"2022-01-04","South East",182171.62
"2022-01-04","South West",142686.63
"2022-01-04","Midlands",122177.205
"2022-01-04","North East and Yorkshire",125667.991
"2022-01-04","East of England",164889.857
"2022-01-04","North West",101453.549
"2022-01-05","London",158731.222
"2022-01-05","South East",181339.332
"2022-01-05","South West",212861.652
"2022-01-05","Midlands",192610.977
"2022-01-05","North East and Yorkshire",172774.064
"2022-01-05","East of England",151009.132
"2022-01-05","North West",199898.608
"2022-01-06","London",92674.621
"2022-01-06","South East",105729.146
"2022-01-06","South West",79920.993
"2022-01-06","Midlands",121264.28
"2022-01-06","North East and Yorkshire",126031.331
"2022-01-06","East of England",97407.63
"2022-01-06","North West",108030.78
"2022-01-07","London",88757.346
"2022-01-07","South East",99851.125
"2022-01-07","South West",126769.222
"2022-01-07","Midlands",60045.804
"2022-01-07","North East and Yorkshire",68937.63
"2022-01-07","East of England",63001.165
"2022-01-07","North West",49308.475
"2022-01-08","London",101483.797
"2022-01-08","South East",114828.438
"2022-01-08","South West",110162.426
"2022-01-08","Midlands",83206.041
"2022-01-08","North East and Yorkshire",79935.796
"2022-01-08","East of England",92457.56
"2022-01-08","North West",73337.533
"2022-01-09","London",205685.254
"2022-01-09","South East",206750.973
"2022-01-09","South West",234465.988
"2022-01-09","Midlands",188605.327
"2022-01-09","North East and Yorkshire",157858.657
"2022-01-09","East of England",191789.991
"2022-01-09","North West",181683.483
"2022-01-10","London",262493.444
"2022-01-10","South East",265624.254
"2022-01-10","South West",233620.665
"2022-01-10","Midlands",237424.426
"2022-01-10","North East and Yorkshire",212748.936
"2022-01-10","East of England",245633.533
"2022-01-10","North West",226059.029
"2022-01-11","London",107810.484
"2022-01-11","South East",103386.593
"2022-01-11","South West",108272.054
"2022-01-11","Midlands",92935.817
"2022-01-11","North East and Yorkshire",112035.596
"2022-01-11","East of England",88449.176
"2022-01-11","North West",116004.381
"2022-01-12","London",144830.39
"2022-01-12","South East",155950.595
"2022-01-12","South West",155428.672
"2022-01-12","Midlands",115504.277
"2022-01-12","North East and Yorkshire",85899.734
"2022-01-12","East of England",119171.501
"2022-01-12","North West",125309.571
"2022-01-13","London",118037.251
"2022-01-13","South East",116002.269
"2022-01-13","South West",121807.981
"2022-01-13","Midlands",105072.065
"2022-01-13","North East and Yorkshire",109152.913
"2022-01-13","East of England",126698.297
"2022-01-13","North West",120326.707
"2022-01-14","London",149795.895
"2022-01-14","South East",151425.972
"2022-01-14","South West",146147.353
"2022-01-14","Midlands",114658.389
"2022-01-14","North East and Yorkshire",86603.204
"2022-01-14","East of England",126338.972
"2022-01-14","North West",55414.755
"2022-01-15","London",152695.998
"2022-01-15","South East",147467.422
"2022-01-15","South West",133458.519
"2022-01-15","Midlands",93168.042
"2022-01-15","North East and Yorkshire",96812.987
"2022-01-15","East of England",140574.293
"2022-01-15","North West",57057.969
"2022-01-16","London",67676.6
"2022-01-16","South East",98045.817
"2022-01-16","South West",130244.857
"2022-01-16","Midlands",66235.05
"2022-01-16","North East and Yorkshire",40269.707
"2022-01-16","East of England",64885.892
"2022-01-16","North West",59444.592
"2022-01-17","London",76644.363
"2022-01-17","South East",74494.615
"2022-01-17","South West",55001.65
"2022-01-17","Midlands",44213.972
"2022-01-17","North East and Yorkshire",32996.318
"2022-01-17","East of England",73488.594
"2022-01-17","North West",25657.511
"2022-01-18","London",57541.238
"2022-01-18","South East",56429.352
"2022-01-18","South West",39746.536
"2022-01-18","Midlands",118035.371
"2022-01-18","North East and Yorkshire",145349.56
"2022-01-18","East of England",94703.866
"2022-01-18","North West",149900.482
"2022-01-19","London",13502.033
"2022-01-19","South East",17450.636
"2022-01-19","South West",45581.603
"2022-01-19","Midlands",17040.088
"2022-01-19","North East and Yorkshire",44168.147
"2022-01-19","East of England",35325.972
"2022-01-19","North West",15843.14
"2022-01-20","London",17748.695
"2022-01-20","South East",29994.571
"2022-01-20","South West",99127.227
"2022-01-20","Midlands",25856.96
"2022-01-20","North East and Yorkshire",25010.447
"2022-01-20","East of England",19651.135
"2022-01-20","North West",26787.586
"2022-01-21","London",139637.146
"2022-01-21","South East",144578.755
"2022-01-21","South West",125067.288
"2022-01-21","Midlands",83481.969
"2022-01-21","North East and Yorkshire",103537.062
"2022-01-21","East of England",134186.993
"2022-01-21","North West",92750.807
"2022-01-22","London",34149.696
"2022-01-22","South East",49138.424
"2022-01-22","South West",133856.247
"2022-01-22","Midlands",78856.028
"2022-01-22","North East and Yorkshire",59037.986
"2022-01-22","East of England",31009.043
"2022-01-22","North West",90786.15
"2022-01-23","London",169297.553
"2022-01-23","South East",180849.064
"2022-01-23","South West",181690.678
"2022-01-23","Midlands",138676.286
"2022-01-23","North East and Yorkshire",131848.695
"2022-01-23","East of England",171243.867
"2022-01-23","North West",108191.543
"2022-01-24","London",121064.854
"2022-01-24","South East",122856.354
"2022-01-24","South West",83138.61
"2022-01-24","Midlands",107997.495
"2022-01-24","North East and Yorkshire",88169.502
"2022-01-24","East of England",127908.583
"2022-01-24","North West",86597.49
"2022-01-25","London",307986.412
"2022-01-25","South East",316026.558
"2022-01-25","South West",302585.576
"2022-01-25","Midlands",290599.481
"2022-01-25","North East and Yorkshire",232523.929
"2022-01-25","East of England",317047.917
"2022-01-25","North West",196866.793
"2022-01-26","London",332708.739
"2022-01-26","South East",328908.386
"2022-01-26","South West",289275.323
"2022-01-26","Midlands",316659.011
"2022-01-26","North East and Yorkshire",248264.458
"2022-01-26","East of England",328356.91
"2022-01-26","North West",214296.236
"2022-01-27","London",186106.759
"2022-01-27","South East",195936.909
"2022-01-27","South West",235453.698
"2022-01-27","Midlands",217169.551
"2022-01-27","North East and Yorkshire",162438.968
"2022-01-27","East of England",203640.778
"2022-01-27","North West",196270.204
"2022-01-28","London",272118.386
"2022-01-28","South East",260953.484
"2022-01-28","South West",161326.006
"2022-01-28","Midlands",176841.458
"2022-01-28","North East and Yorkshire",176934.268
"2022-01-28","East of England",280455.366
"2022-01-28","North West",124202.647
"2022-01-29","London",57598.289
"2022-01-29","South East",65914.344
"2022-01-29","South West",45598.72
"2022-01-29","Midlands",38609.055
"2022-01-29","North East and Yorkshire",40958.371
"2022-01-29","East of England",67865.435
"2022-01-29","North West",30402.772
"2022-01-30","London",41131.726
"2022-01-30","South East",45743.148
"2022-01-30","South West",84574.732
"2022-01-30","Midlands",133027.651
"2022-01-30","North East and Yorkshire",199539.103
"2022-01-30","East of England",62390.961
"2022-01-30","North West",210583.764
"2022-01-31","London",297182.847
"2022-01-31","South East",308469.352
"2022-01-31","South West",294878.696
"2022-01-31","Midlands",294880.857
"2022-01-31","North East and Yorkshire",243079.758
"2022-01-31","East of England",302543.265
"2022-01-31","North West",269235.61
"2022-02-01","London",312326.219
"2022-02-01","South East",330458.172
"2022-02-01","South West",333463.448
"2022-02-01","Midlands",340286.74
"2022-02-01","North East and Yorkshire",271239.587
"2022-02-01","East of England",344806.075
"2022-02-01","North West",278715.525
"2022-02-02","London",385519.918
"2022-02-02","South East",394157.016
"2022-02-02","South West",413636.641
"2022-02-02","Midlands",349567.755
"2022-02-02","North East and Yorkshire",356873.131
"2022-02-02","East of England",350027.318
"2022-02-02","North West",337526.571
"2022-02-03","London",281527.257
"2022-02-03","South East",316456.5
"2022-02-03","South West",411461.699
"2022-02-03","Midlands",391215.25
"2022-02-03","North East and Yorkshire",396435.88
"2022-02-03","East of England",274136.945
"2022-02-03","North West",387764.027
"2022-02-04","London",57862.061
"2022-02-04","South East",57800.152
"2022-02-04","South West",69355.946
"2022-02-04","Midlands",54115.053
"2022-02-04","North East and Yorkshire",85278.985
"2022-02-04","East of England",83072.665
"2022-02-04","North West",62281.371
"2022-02-05","London",306483.18
"2022-02-05","South East",326366.608
"2022-02-05","South West",394959.222
"2022-02-05","Midlands",337711.88
"2022-02-05","North East and Yorkshire",293804.035
"2022-02-05","East of England",272325.852
"2022-02-05","North West",334107.886
"2022-02-06","London",477936.113
"2022-02-06","South East",467638.242
"2022-02-06","South West",428503.716
"2022-02-06","Midlands",446412.186
"2022-02-06","North East and Yorkshire",385448.919
"2022-02-06","East of England",463616.809
"2022-02-06","North West",402214.763
"2022-02-07","London",356491.137
"2022-02-07","South East",379462.698
"2022-02-07","South West",466466.928
"2022-02-07","Midlands",446668.19
"2022-02-07","North East and Yorkshire",401357.395
"2022-02-07","East of England",362930.992
"2022-02-07","North West",387171.909
"2022-02-08","London",89630.142
"2022-02-08","South East",102622.768
"2022-02-08","South West",208322.165
"2022-02-08","Midlands",185617.372
"2022-02-08","North East and Yorkshire",215363.797
"2022-02-08","East of England",102177.203
"2022-02-08","North West",215473.583
"2022-02-09","London",75104.35
"2022-02-09","South East",100501.609
"2022-02-09","South West",154252.208
"2022-02-09","Midlands",227348.804
"2022-02-09","North East and Yorkshire",248533.914
"2022-02-09","East of England",134289.779
"2022-02-09","North West",224301.561
"2022-02-10","London",237448.559
"2022-02-10","South East",246708.64
"2022-02-10","South West",321848.824
"2022-02-10","Midlands",245853.149
"2022-02-10","North East and Yorkshire",199042.979
"2022-02-10","East of England",212571.059
"2022-02-10","North West",257482.408
"2022-02-11","London",196315.9
"2022-02-11","South East",171874.191
"2022-02-11","South West",89660.072
"2022-02-11","Midlands",91991.726
"2022-02-11","North East and Yorkshire",85483.346
"2022-02-11","East of England",214427.257
"2022-02-11","North West",67099.843
"2022-02-12","London",313550.995
"2022-02-12","South East",278278.775
"2022-02-12","South West",77703.139
"2022-02-12","Midlands",140310.009
"2022-02-12","North East and Yorkshire",125512.087
"2022-02-12","East of England",287967.066
"2022-02-12","North West",75866.622
"2022-02-13","London",316342.767
"2022-02-13","South East",280265.042
"2022-02-13","South West",125284.652
"2022-02-13","Midlands",141572.356
"2022-02-13","North East and Yorkshire",215190.954
"2022-02-13","East of England",277219.845
"2022-02-13","North West",194858.837
"2022-02-14","London",189231.265
"2022-02-14","South East",192766.838
"2022-02-14","South West",316308.38
"2022-02-14","Midlands",229627.832
"2022-02-14","North East and Yorkshire",213136.581
"2022-02-14","East of England",214694.858
"2022-02-14","North West",335672.531
"2022-02-15","London",127342.549
"2022-02-15","South East",137084.229
"2022-02-15","South West",69338.315
"2022-02-15","Midlands",79353.127
"2022-02-15","North East and Yorkshire",117092.282
"2022-02-15","East of England",129707.833
"2022-02-15","North West",85135.28
"2022-02-16","London",154821.868
"2022-02-16","South East",147333.414
"2022-02-16","South West",189654.302
"2022-02-16","Midlands",192164.367
"2022-02-16","North East and Yorkshire",185109.318
"2022-02-16","East of England",177484.428
"2022-02-16","North West",174510.944
"2022-02-17","London",262507.473
"2022-02-17","South East",268948.826
"2022-02-17","South West",255463.282
"2022-02-17","Midlands",191806.51
"2022-02-17","North East and Yorkshire",99739.847
"2022-02-17","East of England",249669.078
"2022-02-17","North West",127578.8
"2022-02-18","London",43143.775
"2022-02-18","South East",44147.552
"2022-02-18","South West",60501.084
"2022-02-18","Midlands",76553.267
"2022-02-18","North East and Yorkshire",99307.717
"2022-02-18","East of England",47193.716
"2022-02-18","North West",134732.141
"2022-02-19","London",287448.965
"2022-02-19","South East",272225.368
"2022-02-19","South West",222331.6
"2022-02-19","Midlands",280281.529
"2022-02-19","North East and Yorkshire",197076.301
"2022-02-19","East of England",293792.231
"2022-02-19","North West",198376.387
"2022-02-20","London",132717.7
"2022-02-20","South East",167910.675
"2022-02-20","South West",256179.013
"2022-02-20","Midlands",177085.578
"2022-02-20","North East and Yorkshire",185551.707
"2022-02-20","East of England",93219.394
"2022-02-20","North West",210498.77
"2022-02-21","London",261611.587
"2022-02-21","South East",273423.247
"2022-02-21","South West",234883.069
"2022-02-21","Midlands",225307.632
"2022-02-21","North East and Yorkshire",224691.037
"2022-02-21","East of England",268382.131
"2022-02-21","North West",239483.483
"2022-02-22","London",318988.783
"2022-02-22","South East",301301.787
"2022-02-22","South West",307761.564
"2022-02-22","Midlands",483989.384
"2022-02-22","North East and Yorkshire",487577.577
"2022-02-22","East of England",400899.937
"2022-02-22","North West",516241.923
"2022-02-23","London",106422.78
"2022-02-23","South East",107847.302
"2022-02-23","South West",128043.236
"2022-02-23","Midlands",185169.921
"2022-02-23","North East and Yorkshire",328104.667
"2022-02-23","East of England",155023.617
"2022-02-23","North West",292366.105
"2022-02-24","London",113057.321
"2022-02-24","South East",148676.672
"2022-02-24","South West",199551.321
"2022-02-24","Midlands",94350.735
"2022-02-24","North East and Yorkshire",144279.505
"2022-02-24","East of England",110153.727
"2022-02-24","North West",97992.711
"2022-02-25","London",333830.336
"2022-02-25","South East",332403.077
"2022-02-25","South West",352801.9
"2022-02-25","Midlands",472703.011
"2022-02-25","North East and Yorkshire",465044.532
"2022-02-25","East of England",329335.585
"2022-02-25","North West",522496.818
"2022-02-26","London",346596.165
"2022-02-26","South East",275258.924
"2022-02-26","South West",159262.641
"2022-02-26","Midlands",340693.65
"2022-02-26","North East and Yorkshire",436041.158
"2022-02-26","East of England",426412.997
"2022-02-26","North West",354849.609
"2022-02-27","London",275084.183
"2022-02-27","South East",284414.293
"2022-02-27","South West",269331.067
"2022-02-27","Midlands",375886.509
"2022-02-27","North East and Yorkshire",331476.716
"2022-02-27","East of England",323888.759
"2022-02-27","North West",354373.13
"2022-02-28","London",382642.457
"2022-02-28","South East",395604.106
"2022-02-28","South West",380416.651
"2022-02-28","Midlands",271064.87
"2022-02-28","North East and Yorkshire",161044.893
"2022-02-28","East of England",413523.835
"2022-02-28","North West",122667.8
"2022-03-01","London",548669.088
"2022-03-01","South East",525673.245
"2022-03-01","South West",358683.115
"2022-03-01","Midlands",488587.399
"2022-03-01","North East and Yorkshire",510977.931
"2022-03-01","East of England",550624.384
"2022-03-01","North West",491134.429
"2022-03-02","London",383777.45
"2022-03-02","South East",395260.368
"2022-03-02","South West",331054.642
"2022-03-02","Midlands",357138.161
"2022-03-02","North East and Yorkshire",350158.436
"2022-03-02","East of England",383576.428
"2022-03-02","North West",316696.397
"2022-03-03","London",394913.491
"2022-03-03","South East",384294.202
"2022-03-03","South West",320112.535
"2022-03-03","Midlands",315835.046
"2022-03-03","North East and Yorkshire",299187.427
"2022-03-03","East of England",421534.563
"2022-03-03","North West",266863.824
"2022-03-04","London",245879.534
"2022-03-04","South East",220467.882
"2022-03-04","South West",209111.474
"2022-03-04","Midlands",203610.74
"2022-03-04","North East and Yorkshire",309797.606
"2022-03-04","East of England",344681.756
"2022-03-04","North West",190827.515
"2022-03-05","London",472585.507
"2022-03-05","South East",488167.382
"2022-03-05","South West",433486.031
"2022-03-05","Midlands",413978.84
"2022-03-05","North East and Yorkshire",413663.217
"2022-03-05","East of England",471677.425
"2022-03-05","North West",410388.054
"2022-03-06","London",294409.757
"2022-03-06","South East",330670.521
"2022-03-06","South West",416352.757
"2022-03-06","Midlands",369045.451
"2022-03-06","North East and Yorkshire",313000.008
"2022-03-06","East of England",262422.254
"2022-03-06","North West",364006.779
"2022-03-07","London",471045.874
"2022-03-07","South East",480761.93
"2022-03-07","South West",518570.603
"2022-03-07","Midlands",579746.132
"2022-03-07","North East and Yorkshire",535693.451
"2022-03-07","East of England",532600.697
"2022-03-07","North West",517101.877
"2022-03-08","London",396892.895
"2022-03-08","South East",375431.787
"2022-03-08","South West",180667.336
"2022-03-08","Midlands",221851.134
"2022-03-08","North East and Yorkshire",221141.512
"2022-03-08","East of England",358729.541
"2022-03-08","North West",172390.819
"2022-03-09","London",322727.814
"2022-03-09","South East",315765.96
"2022-03-09","South West",237693.452
"2022-03-09","Midlands",206461.496
"2022-03-09","North East and Yorkshire",125865.544
"2022-03-09","East of England",328845.869
"2022-03-09","North West",61263.528
"2022-03-10","London",117465.033
"2022-03-10","South East",165822.804
"2022-03-10","South West",365432.175
"2022-03-10","Midlands",372003.635
"2022-03-10","North East and Yorkshire",360841.449
"2022-03-10","East of England",177019.547
"2022-03-10","North West",363172.256
"2022-03-11","London",455407.055
"2022-03-11","South East",465984.539
"2022-03-11","South West",407587.6
"2022-03-11","Midlands",399046.479
"2022-03-11","North East and Yorkshire",346987.833
"2022-03-11","East of England",434708.449
"2022-03-11","North West",357550.616
"2022-03-12","London",419495.326
"2022-03-12","South East",442872.786
"2022-03-12","South West",434957.627
"2022-03-12","Midlands",387032.175
"2022-03-12","North East and Yorkshire",294322.735
"2022-03-12","East of England",428250.288
"2022-03-12","North West",279875.469
"2022-03-13","London",366968.747
"2022-03-13","South East",433279.43
"2022-03-13","South West",480682.463
"2022-03-13","Midlands",396634.847
"2022-03-13","North East and Yorkshire",362199.662
"2022-03-13","East of England",330815.982
"2022-03-13","North West",390210.1
"2022-03-14","London",317641.862
"2022-03-14","South East",397615.53
"2022-03-14","South West",376897.062
"2022-03-14","Midlands",217528.262
"2022-03-14","North East and Yorkshire",250124.215
"2022-03-14","East of England",246533.385
"2022-03-14","North West",351557.058
"2022-03-15","London",328311.719
"2022-03-15","South East",290436.49
"2022-03-15","South West",374455.035
"2022-03-15","Midlands",558290.776
"2022-03-15","North East and Yorkshire",559855.99
"2022-03-15","East of England",513883.054
"2022-03-15","North West",750443.358
"2022-03-16","London",767015.467
"2022-03-16","South East",750861.449
"2022-03-16","South West",645068.245
"2022-03-16","Midlands",582744.236
"2022-03-16","North East and Yorkshire",631959.888
"2022-03-16","East of England",706075.667
"2022-03-16","North West",776639.726
"2022-03-17","London",705672.481
"2022-03-17","South East",750588.484
"2022-03-17","South West",850561.772
"2022-03-17","Midlands",661814.181
"2022-03-17","North East and Yorkshire",595206.503
"2022-03-17","East of England",667509.286
"2022-03-17","North West",696865.609
"2022-03-18","London",563673.571
"2022-03-18","South East",584109.567
"2022-03-18","South West",570989.33
"2022-03-18","Midlands",569556.264
"2022-03-18","North East and Yorkshire",622069.572
"2022-03-18","East of England",652373.996
"2022-03-18","North West",648319.625
"2022-03-19","London",771429.969
"2022-03-19","South East",748740.097
"2022-03-19","South West",669395.869
"2022-03-19","Midlands",686418.601
"2022-03-19","North East and Yorkshire",704738.621
"2022-03-19","East of England",788533.792
"2022-03-19","North West",655453.6
"2022-03-20","London",705570.069
"2022-03-20","South East",717221.128
"2022-03-20","South West",530609.864
"2022-03-20","Midlands",571966.494
"2022-03-20","North East and Yorkshire",589803.164
"2022-03-20","East of England",732418.483
"2022-03-20","North West",528368.095
"2022-03-21","London",894600.681
"2022-03-21","South East",864503.235
"2022-03-21","South West",676355.306
"2022-03-21","Midlands",793278.623
"2022-03-21","North East and Yorkshire",665034.334
"2022-03-21","East of England",869895.108
"2022-03-21","North West",750829.467
"2022-03-22","London",447715.948
"2022-03-22","South East",493382.488
"2022-03-22","South West",555816.74
"2022-03-22","Midlands",495610.097
"2022-03-22","North East and Yorkshire",470560.562
"2022-03-22","East of England",429665.988
"2022-03-22","North West",453842.791
"2022-03-23","London",407724.601
"2022-03-23","South East",372329.348
"2022-03-23","South West",215595.482
"2022-03-23","Midlands",300549.51
"2022-03-23","North East and Yorkshire",356697.574
"2022-03-23","East of England",432464.211
"2022-03-23","North West",235531.424
"2022-03-24","London",331964.582
"2022-03-24","South East",362213.913
"2022-03-24","South West",183728.777
"2022-03-24","Midlands",163740.442
"2022-03-24","North East and Yorkshire",130290.653
"2022-03-24","East of England",296456.853
"2022-03-24","North West",113134.156
"2022-03-25","London",259374.587
"2022-03-25","South East",320052.339
"2022-03-25","South West",412315.193
"2022-03-25","Midlands",396646.203
"2022-03-25","North East and Yorkshire",382557.833
"2022-03-25","East of England",266043.681
"2022-03-25","North West",405656.146
"2022-03-26","London",275878.774
"2022-03-26","South East",334209.136
"2022-03-26","South West",387147.098
"2022-03-26","Midlands",301384.319
"2022-03-26","North East and Yorkshire",337390.179
"2022-03-26","East of England",322640.559
"2022-03-26","North West",368533.601
"2022-03-27","London",314628.348
"2022-03-27","South East",354338.546
"2022-03-27","South West",458482.868
"2022-03-27","Midlands",311842.346
"2022-03-27","North East and Yorkshire",336385.503
"2022-03-27","East of England",350237.409
"2022-03-27","North West",326940.984
"2022-03-28","London",101640.793
"2022-03-28","South East",100090.308
"2022-03-28","South West",103794.638
"2022-03-28","Midlands",194968.674
"2022-03-28","North East and Yorkshire",137394.192
"2022-03-28","East of England",142269.619
"2022-03-28","North West",199458.049
"2022-03-29","London",566482.685
"2022-03-29","South East",530804.077
"2022-03-29","South West",340938.817
"2022-03-29","Midlands",533702.749
"2022-03-29","North East and Yorkshire",665790.363
"2022-03-29","East of England",662477.616
"2022-03-29","North West",532896.425
"2022-03-30","London",751303.962
"2022-03-30","South East",726771.529
"2022-03-30","South West",588115.592
"2022-03-30","Midlands",585774.637
"2022-03-30","North East and Yorkshire",543135.42
"2022-03-30","East of England",756721.166
"2022-03-30","North West",461946.063
"2022-03-31","London",846331.71
"2022-03-31","South East",852541.26
"2022-03-31","South West",828926.39
"2022-03-31","Midlands",774989.321
"2022-03-31","North East and Yorkshire",585195.052
"2022-03-31","East of England",825929.204
"2022-03-31","North West",561196.983
"2022-04-01","London",453592.295
"2022-04-01","South East",376658.793
"2022-04-01","South West",329614.982
"2022-04-01","Midlands",402390.721
"2022-04-01","North East and Yorkshire",498208.567
"2022-04-01","East of England",581215.345
"2022-04-01","North West",408191.112
"2022-04-02","London",630726.335
"2022-04-02","South East",578998.31
"2022-04-02","South West",642790.789
"2022-04-02","Midlands",472959.24
"2022-04-02","North East and Yorkshire",582346.622
"2022-04-02","East of England",738572.968
"2022-04-02","North West",525489.329
"2022-04-03","London",437685.611
"2022-04-03","South East",358375.296
"2022-04-03","South West",256373.243
"2022-04-03","Midlands",237773.906
"2022-04-03","North East and Yorkshire",474466.906
"2022-04-03","East of England",588133.538
"2022-04-03","North West",228320.872
"2022-04-04","London",705090.524
"2022-04-04","South East",626215.025
"2022-04-04","South West",346937.632
"2022-04-04","Midlands",357434.107
"2022-04-04","North East and Yorkshire",568966.849
"2022-04-04","East of England",769813.429
"2022-04-04","North West",384630.248
"2022-04-05","London",720588.962
"2022-04-05","South East",737505.317
"2022-04-05","South West",749233.68
"2022-04-05","Midlands",761308.918
"2022-04-05","North East and Yorkshire",770558.642
"2022-04-05","East of England",764187.716
"2022-04-05","North West",770272.048
"2022-04-06","London",551712.605
"2022-04-06","South East",549845.872
"2022-04-06","South West",490872.446
"2022-04-06","Midlands",575519.015
"2022-04-06","North East and Yorkshire",602963.162
"2022-04-06","East of England",655376.317
"2022-04-06","North West",612433.183
"2022-04-07","London",353692.351
"2022-04-07","South East",462518.447
"2022-04-07","South West",468267.81
"2022-04-07","Midlands",401685.992
"2022-04-07","North East and Yorkshire",383517.734
"2022-04-07","East of England",416844.282
"2022-04-07","North West",375440.618
"2022-04-08","London",546244.854
"2022-04-08","South East",568721.523
"2022-04-08","South West",567600.266
"2022-04-08","Midlands",396631.072
"2022-04-08","North East and Yorkshire",728306.265
"2022-04-08","East of England",505996.226
"2022-04-08","North West",749051.371
"2022-04-09","London",442347.947
"2022-04-09","South East",402682.822
"2022-04-09","South West",640138.788
"2022-04-09","Midlands",663519.819
"2022-04-09","North East and Yorkshire",710443.141
"2022-04-09","East of England",517155.378
"2022-04-09","North West",741708.19
"2022-04-10","London",822448.456
"2022-04-10","South East",823484.323
"2022-04-10","South West",819393.524
"2022-04-10","Midlands",824823.227
"2022-04-10","North East and Yorkshire",798313.107
"2022-04-10","East of England",801977.146
"2022-04-10","North West",841478.414
"2022-04-11","London",697327.409
"2022-04-11","South East",709393.967
"2022-04-11","South West",718372.628
"2022-04-11","Midlands",802503.268
"2022-04-11","North East and Yorkshire",842671.878
"2022-04-11","East of England",819588.965
"2022-04-11","North West",845756.386
"2022-04-12","London",781380.828
"2022-04-12","South East",820075.637
"2022-04-12","South West",796542.261
"2022-04-12","Midlands",738245.98
"2022-04-12","North East and Yorkshire",753327.575
"2022-04-12","East of England",799281.219
"2022-04-12","North West",646742.317
"2022-04-13","London",826563.457
"2022-04-13","South East",833283.789
"2022-04-13","South West",823650.115
"2022-04-13","Midlands",502866.236
"2022-04-13","North East and Yorkshire",705523.129
"2022-04-13","East of England",809910.573
"2022-04-13","North West",593572.797
"2022-04-14","London",1004140.57
"2022-04-14","South East",1015452.907
"2022-04-14","South West",1025605.479
"2022-04-14","Midlands",1009327.052
"2022-04-14","North East and Yorkshire",994428.709
"2022-04-14","East of England",992374.761
"2022-04-14","North West",1008372.059
"2022-04-15","London",1042804.194
"2022-04-15","South East",1045580.404
"2022-04-15","South West",1026290.571
"2022-04-15","Midlands",1010643.318
"2022-04-15","North East and Yorkshire",979116.795
"2022-04-15","East of England",1029310.14
"2022-04-15","North West",978992.943
"2022-04-16","London",1025160.908
"2022-04-16","South East",1031978.762
"2022-04-16","South West",1028220.787
"2022-04-16","Midlands",897712.2
"2022-04-16","North East and Yorkshire",887108.253
"2022-04-16","East of England",941123.748
"2022-04-16","North West",883179.904
"2022-04-17","London",809475.649
"2022-04-17","South East",896725.874
"2022-04-17","South West",1020235.308
"2022-04-17","Midlands",784518.981
"2022-04-17","North East and Yorkshire",702421.874
"2022-04-17","East of England",663448.753
"2022-04-17","North West",843649.153
"2022-04-18","London",894268.689
"2022-04-18","South East",967241.465
"2022-04-18","South West",1021409.234
"2022-04-18","Midlands",888842.29
"2022-04-18","North East and Yorkshire",812216.776
"2022-04-18","East of England",817817.009
"2022-04-18","North West",877569.778
"2022-04-19","London",847882.077
"2022-04-19","South East",854364.841
"2022-04-19","South West",819611.309
"2022-04-19","Midlands",832450.789
"2022-04-19","North East and Yorkshire",805431.428
"2022-04-19","East of England",836139.917
"2022-04-19","North West",814940.146
"2022-04-20","London",496293.654
"2022-04-20","South East",459988.984
"2022-04-20","South West",220679.258
"2022-04-20","Midlands",165152.606
"2022-04-20","North East and Yorkshire",138895.279
"2022-04-20","East of England",563077.698
"2022-04-20","North West",102457.738
"2022-04-21","London",388709.796
"2022-04-21","South East",494802.33
"2022-04-21","South West",665459.779
"2022-04-21","Midlands",591632.869
"2022-04-21","North East and Yorkshire",571258.864
"2022-04-21","East of England",338167.099
"2022-04-21","North West",679943.911
"2022-04-22","London",725888.386
"2022-04-22","South East",766412.958
"2022-04-22","South West",819176.296
"2022-04-22","Midlands",802978.23
"2022-04-22","North East and Yorkshire",665734.845
"2022-04-22","East of England",725998.007
"2022-04-22","North West",829429.096
"2022-04-23","London",570599.143
"2022-04-23","South East",640215.265
"2022-04-23","South West",693712.052
"2022-04-23","Midlands",684219.074
"2022-04-23","North East and Yorkshire",610489.876
"2022-04-23","East of England",556771.254
"2022-04-23","North West",748616.589
"2022-04-24","London",751943.974
"2022-04-24","South East",751090.934
"2022-04-24","South West",664165.907
"2022-04-24","Midlands",583683.537
"2022-04-24","North East and Yorkshire",496388.109
"2022-04-24","East of England",703263.53
"2022-04-24","North West",622033.867
"2022-04-25","London",320816
"2022-04-25","South East",384947.043
"2022-04-25","South West",544402.007
"2022-04-25","Midlands",443923.892
"2022-04-25","North East and Yorkshire",420752.099
"2022-04-25","East of England",274106.189
"2022-04-25","North West",423472.129
"2022-04-26","London",870783.688
"2022-04-26","South East",952665.463
"2022-04-26","South West",1040868.205
"2022-04-26","Midlands",635393.574
"2022-04-26","North East and Yorkshire",636630.23
"2022-04-26","East of England",811292.573
"2022-04-26","North West",667493.798
"2022-04-27","London",806441.355
"2022-04-27","South East",796481.671
"2022-04-27","South West",761172.733
"2022-04-27","Midlands",675455.016
"2022-04-27","North East and Yorkshire",832584.414
"2022-04-27","East of England",864628.594
"2022-04-27","North West",843571.424
"2022-04-28","London",763494.545
"2022-04-28","South East",875818.033
"2022-04-28","South West",1103819.464
"2022-04-28","Midlands",997633.926
"2022-04-28","North East and Yorkshire",918744.439
"2022-04-28","East of England",820482.513
"2022-04-28","North West",959165.658
"2022-04-29","London",962114.143
"2022-04-29","South East",1016075.824
"2022-04-29","South West",1080014.095
"2022-04-29","Midlands",904823.788
"2022-04-29","North East and Yorkshire",858851.537
"2022-04-29","East of England",935057.561
"2022-04-29","North West",824835.639
"2022-04-30","London",650769.399
"2022-04-30","South East",698131.26
"2022-04-30","South West",840352.546
"2022-04-30","Midlands",637795.714
"2022-04-30","North East and Yorkshire",675126.852
"2022-04-30","East of England",657529.623
"2022-04-30","North West",793955.792
"2022-05-01","London",978461.041
"2022-05-01","South East",983181.555
"2022-05-01","South West",882674.583
"2022-05-01","Midlands",742162.427
"2022-05-01","North East and Yorkshire",580383.54
"2022-05-01","East of England",971747.326
"2022-05-01","North West",670013.528
"2022-05-02","London",1123281.739
"2022-05-02","South East",1131983.508
"2022-05-02","South West",1089625.744
"2022-05-02","Midlands",808478.866
"2022-05-02","North East and Yorkshire",477291.353
"2022-05-02","East of England",1036128.804
"2022-05-02","North West",387230.589
"2022-05-03","London",781380.828
"2022-05-03","South East",820075.637
"2022-05-03","South West",796542.261
"2022-05-03","Midlands",738245.98
"2022-05-03","North East and Yorkshire",753327.575
"2022-05-03","East of England",799281.219
"2022-05-03","North West",646742.317
"2022-05-04","London",826563.457
"2022-05-04","South East",833283.789
"2022-05-04","South West",823650.115
"2022-05-04","Midlands",502866.236
"2022-05-04","North East and Yorkshire",705523.129
"2022-05-04","East of England",809910.573
"2022-05-04","North West",593572.797
"2022-05-05","London",1004140.57
"2022-05-05","South East",1015452.907
"2022-05-05","South West",1025605.479
"2022-05-05","Midlands",1009327.052
"2022-05-05","North East and Yorkshire",994428.709
"2022-05-05","East of England",992374.761
"2022-05-05","North West",1008372.059
"2022-05-06","London",1042804.194
"2022-05-06","South East",1045580.404
"2022-05-06","South West",1026290.571
"2022-05-06","Midlands",1010643.318
"2022-05-06","North East and Yorkshire",979116.795
"2022-05-06","East of England",1029310.14
"2022-05-06","North West",978992.943
"2022-05-07","London",1025160.908
"2022-05-07","South East",1031978.762
"2022-05-07","South West",1028220.787
"2022-05-07","Midlands",897712.2
"2022-05-07","North East and Yorkshire",887108.253
"2022-05-07","East of England",941123.748
"2022-05-07","North West",883179.904
"2022-05-08","London",809475.649
"2022-05-08","South East",896725.874
"2022-05-08","South West",1020235.308
"2022-05-08","Midlands",784518.981
"2022-05-08","North East and Yorkshire",702421.874
"2022-05-08","East of England",663448.753
"2022-05-08","North West",843649.153
"2022-05-09","London",894268.689
"2022-05-09","South East",967241.465
"2022-05-09","South West",1021409.234
"2022-05-09","Midlands",888842.29
"2022-05-09","North East and Yorkshire",812216.776
"2022-05-09","East of England",817817.009
"2022-05-09","North West",877569.778
"2022-05-10","London",910852.364
"2022-05-10","South East",927841.78
"2022-05-10","South West",980399.334
"2022-05-10","Midlands",753106.369
"2022-05-10","North East and Yorkshire",487144.15
"2022-05-10","East of England",822619.868
"2022-05-10","North West",661815.125
"2022-05-11","London",897181.77
"2022-05-11","South East",907725.268
"2022-05-11","South West",887821.805
"2022-05-11","Midlands",933638.174
"2022-05-11","North East and Yorkshire",983861.474
"2022-05-11","East of England",913959.275
"2022-05-11","North West",1000373.058
"2022-05-12","London",860682.56
"2022-05-12","South East",837273.925
"2022-05-12","South West",841463.671
"2022-05-12","Midlands",968877.982
"2022-05-12","North East and Yorkshire",953017.629
"2022-05-12","East of England",884519.969
"2022-05-12","North West",949261.124
"2022-05-13","London",943730.469
"2022-05-13","South East",970928.264
"2022-05-13","South West",857641.371
"2022-05-13","Midlands",870962.42
"2022-05-13","North East and Yorkshire",895490.173
"2022-05-13","East of England",945057.497
"2022-05-13","North West",923862.192
"2022-05-14","London",220247.99
"2022-05-14","South East",299888.899
"2022-05-14","South West",196167.667
"2022-05-14","Midlands",72543.349
"2022-05-14","North East and Yorkshire",141682.896
"2022-05-14","East of England",168658.833
"2022-05-14","North West",197769.689
"2022-05-15","London",677897.341
"2022-05-15","South East",588440.875
"2022-05-15","South West",593095.936
"2022-05-15","Midlands",565467.46
"2022-05-15","North East and Yorkshire",612156.504
"2022-05-15","East of England",686708.549
"2022-05-15","North West",567943.402
"2022-05-16","London",899189.187
"2022-05-16","South East",895865.99
"2022-05-16","South West",888903.15
"2022-05-16","Midlands",803512.585
"2022-05-16","North East and Yorkshire",807074.988
"2022-05-16","East of England",881119.585
"2022-05-16","North West",725181.83
"2022-05-17","London",568394.991
"2022-05-17","South East",643556.099
"2022-05-17","South West",788512.396
"2022-05-17","Midlands",537544.393
"2022-05-17","North East and Yorkshire",565290.1
"2022-05-17","East of England",752866.665
"2022-05-17","North West",535358.215
"2022-05-18","London",472746.67
"2022-05-18","South East",542297.208
"2022-05-18","South West",450098.39
"2022-05-18","Midlands",535679.921
"2022-05-18","North East and Yorkshire",403742.446
"2022-05-18","East of England",459772.869
"2022-05-18","North West",527144.78
"2022-05-19","London",771407.959
"2022-05-19","South East",817471.895
"2022-05-19","South West",715292.476
"2022-05-19","Midlands",509876.9
"2022-05-19","North East and Yorkshire",458875.811
"2022-05-19","East of England",674427.289
"2022-05-19","North West",601461.008
"2022-05-20","London",684410.728
"2022-05-20","South East",641803.182
"2022-05-20","South West",555569.497
"2022-05-20","Midlands",491990.166
"2022-05-20","North East and Yorkshire",247634.913
"2022-05-20","East of England",725482.995
"2022-05-20","North West",332175.984
"2022-05-21","London",1015029.029
"2022-05-21","South East",996516.999
"2022-05-21","South West",869854.821
"2022-05-21","Midlands",812439.749
"2022-05-21","North East and Yorkshire",737505.712
"2022-05-21","East of England",1028703.393
"2022-05-21","North West",781081.031
"2022-05-22","London",974759.295
"2022-05-22","South East",962685.191
"2022-05-22","South West",892845.837
"2022-05-22","Midlands",725062.276
"2022-05-22","North East and Yorkshire",813465.861
"2022-05-22","East of England",969779.027
"2022-05-22","North West",884131.282
"2022-05-23","London",974228.243
"2022-05-23","South East",988019.577
"2022-05-23","South West",991512.342
"2022-05-23","Midlands",897905.846
"2022-05-23","North East and Yorkshire",612504.314
"2022-05-23","East of England",1011505.205
"2022-05-23","North West",763947.091
"2022-05-24","London",674271.439
"2022-05-24","South East",699665.607
"2022-05-24","South West",261258.409
"2022-05-24","Midlands",156113.594
"2022-05-24","North East and Yorkshire",286240.395
"2022-05-24","East of England",582044.609
"2022-05-24","North West",262182.611
"2022-05-25","London",346961.557
"2022-05-25","South East",428175.193
"2022-05-25","South West",427956.493
"2022-05-25","Midlands",287648.145
"2022-05-25","North East and Yorkshire",232450.179
"2022-05-25","East of England",423575.58
"2022-05-25","North West",227506.687
"2022-05-26","London",560167.19
"2022-05-26","South East",517221.247
"2022-05-26","South West",283840.153
"2022-05-26","Midlands",319976.226
"2022-05-26","North East and Yorkshire",233395.4
"2022-05-26","East of England",544525.569
"2022-05-26","North West",266736.609
"2022-05-27","London",933781.481
"2022-05-27","South East",904762.242
"2022-05-27","South West",616497.34
"2022-05-27","Midlands",533068.001
"2022-05-27","North East and Yorkshire",583753.946
"2022-05-27","East of England",836383.076
"2022-05-27","North West",670106.315
"2022-05-28","London",863098.697
"2022-05-28","South East",843019.961
"2022-05-28","South West",676383.413
"2022-05-28","Midlands",650755.798
"2022-05-28","North East and Yorkshire",644500.548
"2022-05-28","East of England",864697.65
"2022-05-28","North West",580419.479
"2022-05-29","London",782836.896
"2022-05-29","South East",793733.718
"2022-05-29","South West",668417.188
"2022-05-29","Midlands",653950.133
"2022-05-29","North East and Yorkshire",755661.803
"2022-05-29","East of England",829515.572
"2022-05-29","North West",644868.273
"2022-05-30","London",874775.909
"2022-05-30","South East",874884.862
"2022-05-30","South West",682271.274
"2022-05-30","Midlands",579981.706
"2022-05-30","North East and Yorkshire",708548.848
"2022-05-30","East of England",834656.738
"2022-05-30","North West",692320.521
"2022-05-31","London",1196764.947
"2022-05-31","South East",1165023.821
"2022-05-31","South West",1001335.349
"2022-05-31","Midlands",926477.422
"2022-05-31","North East and Yorkshire",808807.876
"2022-05-31","East of England",1166026.586
"2022-05-31","North West",786932.898
"2022-06-01","London",1053915.033
"2022-06-01","South East",1114931.722
"2022-06-01","South West",1003812.814
"2022-06-01","Midlands",1008282.454
"2022-06-01","North East and Yorkshire",1009305.255
"2022-06-01","East of England",1071064.518
"2022-06-01","North West",1000153.411
"2022-06-02","London",985479.952
"2022-06-02","South East",986169.485
"2022-06-02","South West",808024.798
"2022-06-02","Midlands",904364.575
"2022-06-02","North East and Yorkshire",908742.658
"2022-06-02","East of England",983544.623
"2022-06-02","North West",913267.765
"2022-06-03","London",740721.127
"2022-06-03","South East",759751.478
"2022-06-03","South West",777004.045
"2022-06-03","Midlands",695772.811
"2022-06-03","North East and Yorkshire",788351.78
"2022-06-03","East of England",729319.471
"2022-06-03","North West",752225.575
"2022-06-04","London",1176476.353
"2022-06-04","South East",1150417.898
"2022-06-04","South West",897086.923
"2022-06-04","Midlands",589901.264
"2022-06-04","North East and Yorkshire",430712.802
"2022-06-04","East of England",1122316.915
"2022-06-04","North West",321964.181
"2022-06-05","London",436115.88
"2022-06-05","South East",478377.67
"2022-06-05","South West",600977.277
"2022-06-05","Midlands",545318.448
"2022-06-05","North East and Yorkshire",692181.593
"2022-06-05","East of England",514318.285
"2022-06-05","North West",686430.689
"2022-06-06","London",595253.28
"2022-06-06","South East",635480.674
"2022-06-06","South West",568377.47
"2022-06-06","Midlands",356604.349
"2022-06-06","North East and Yorkshire",340197.147
"2022-06-06","East of England",622815.113
"2022-06-06","North West",244986.289
"2022-06-07","London",379703.32
"2022-06-07","South East",488574.666
"2022-06-07","South West",732528.155
"2022-06-07","Midlands",389383.318
"2022-06-07","North East and Yorkshire",276201.1
"2022-06-07","East of England",333854.277
"2022-06-07","North West",301763.09
"2022-06-08","London",886796.704
"2022-06-08","South East",925352.237
"2022-06-08","South West",825456.449
"2022-06-08","Midlands",648595.261
"2022-06-08","North East and Yorkshire",614546.203
"2022-06-08","East of England",638335.85
"2022-06-08","North West",623598.172
"2022-06-09","London",338908.202
"2022-06-09","South East",442841.808
"2022-06-09","South West",726675.714
"2022-06-09","Midlands",438427.62
"2022-06-09","North East and Yorkshire",542164.591
"2022-06-09","East of England",425935.691
"2022-06-09","North West",451542.887
"2022-06-10","London",919034.189
"2022-06-10","South East",918644.905
"2022-06-10","South West",841654.207
"2022-06-10","Midlands",749243.2
"2022-06-10","North East and Yorkshire",559031.523
"2022-06-10","East of England",914072.621
"2022-06-10","North West",625894.012
"2022-06-11","London",525441.257
"2022-06-11","South East",531146.092
"2022-06-11","South West",752164.645
"2022-06-11","Midlands",747035.575
"2022-06-11","North East and Yorkshire",954918.651
"2022-06-11","East of England",684003.082
"2022-06-11","North West",933385.256
"2022-06-12","London",884467.883
"2022-06-12","South East",939885.891
"2022-06-12","South West",1048000.344
"2022-06-12","Midlands",1118127.897
"2022-06-12","North East and Yorkshire",1066215.519
"2022-06-12","East of England",1029025.669
"2022-06-12","North West",1150940.575
"2022-06-13","London",1127140.406
"2022-06-13","South East",1136420.472
"2022-06-13","South West",1117640.358
"2022-06-13","Midlands",802703.957
"2022-06-13","North East and Yorkshire",586304.643
"2022-06-13","East of England",1064582.468
"2022-06-13","North West",571119.642
"2022-06-14","London",271423.334
"2022-06-14","South East",412973.913
"2022-06-14","South West",821233.985
"2022-06-14","Midlands",524266.038
"2022-06-14","North East and Yorkshire",590378.269
"2022-06-14","East of England",352847.913
"2022-06-14","North West",775969.811
"2022-06-15","London",310333.198
"2022-06-15","South East",429453.318
"2022-06-15","South West",464097.918
"2022-06-15","Midlands",155482.435
"2022-06-15","North East and Yorkshire",138073.704
"2022-06-15","East of England",421125.631
"2022-06-15","North West",175189.496
"2022-06-16","London",673574.462
"2022-06-16","South East",767539.353
"2022-06-16","South West",756411.464
"2022-06-16","Midlands",429295.717
"2022-06-16","North East and Yorkshire",228701.572
"2022-06-16","East of England",684299.796
"2022-06-16","North West",181341.846
"2022-06-17","London",701501.287
"2022-06-17","South East",811957.962
"2022-06-17","South West",597425.725
"2022-06-17","Midlands",396098.542
"2022-06-17","North East and Yorkshire",432252.964
"2022-06-17","East of England",749253.848
"2022-06-17","North West",320935.601
"2022-06-18","London",832822.008
"2022-06-18","South East",1028009.263
"2022-06-18","South West",914193.385
"2022-06-18","Midlands",828270.316
"2022-06-18","North East and Yorkshire",807726.732
"2022-06-18","East of England",770999.387
"2022-06-18","North West",841547.856
"2022-06-19","London",758419.766
"2022-06-19","South East",842319.152
"2022-06-19","South West",837138.507
"2022-06-19","Midlands",698863.98
"2022-06-19","North East and Yorkshire",625195.293
"2022-06-19","East of England",767095.105
"2022-06-19","North West",688128.995
"2022-06-20","London",857884.203
"2022-06-20","South East",886035.828
"2022-06-20","South West",905173.477
"2022-06-20","Midlands",912297.481
"2022-06-20","North East and Yorkshire",810398.365
"2022-06-20","East of England",875662.838
"2022-06-20","North West",852600.26
"2022-06-21","London",1014541.115
"2022-06-21","South East",1052301.021
"2022-06-21","South West",961372.471
"2022-06-21","Midlands",826213.543
"2022-06-21","North East and Yorkshire",847593.601
"2022-06-21","East of England",990717.057
"2022-06-21","North West",875989.654
"2022-06-22","London",894526.703
"2022-06-22","South East",872235.615
"2022-06-22","South West",732388.358
"2022-06-22","Midlands",706836.389
"2022-06-22","North East and Yorkshire",740872.639
"2022-06-22","East of England",869143.965
"2022-06-22","North West",631552.11
"2022-06-23","London",632583.739
"2022-06-23","South East",687781.634
"2022-06-23","South West",804243.515
"2022-06-23","Midlands",751435.671
"2022-06-23","North East and Yorkshire",831419.694
"2022-06-23","East of England",665617.214
"2022-06-23","North West",846745.626
"2022-06-24","London",346922.426
"2022-06-24","South East",361306.423
"2022-06-24","South West",372885.602
"2022-06-24","Midlands",355164.985
"2022-06-24","North East and Yorkshire",460150.683
"2022-06-24","East of England",454217.739
"2022-06-24","North West",342003.836
"2022-06-25","London",787632.065
"2022-06-25","South East",846385.36
"2022-06-25","South West",930216.92
"2022-06-25","Midlands",766573.708
"2022-06-25","North East and Yorkshire",745577.742
"2022-06-25","East of England",777465.248
"2022-06-25","North West",684666.727
"2022-06-26","London",674519.14
"2022-06-26","South East",747121.475
"2022-06-26","South West",689692.917
"2022-06-26","Midlands",671435.641
"2022-06-26","North East and Yorkshire",708923.327
"2022-06-26","East of England",750530.241
"2022-06-26","North West",672154.396
"2022-06-27","London",813811.662
"2022-06-27","South East",827383.468
"2022-06-27","South West",679503.521
"2022-06-27","Midlands",933309.14
"2022-06-27","North East and Yorkshire",946230.186
"2022-06-27","East of England",917589.783
"2022-06-27","North West",988608.084
"2022-06-28","London",679824.689
"2022-06-28","South East",715130.622
"2022-06-28","South West",769327.441
"2022-06-28","Midlands",413409.235
"2022-06-28","North East and Yorkshire",499614.784
"2022-06-28","East of England",609302.128
"2022-06-28","North West",466334.929
"2022-06-29","London",897638.611
"2022-06-29","South East",918141.547
"2022-06-29","South West",918916.78
"2022-06-29","Midlands",1077252.069
"2022-06-29","North East and Yorkshire",1064701.934
"2022-06-29","East of England",917447.689
"2022-06-29","North West",985496.089
"2022-06-30","London",1073387.206
"2022-06-30","South East",1108373.974
"2022-06-30","South West",1084242.423
"2022-06-30","Midlands",892426.327
"2022-06-30","North East and Yorkshire",789046.53
"2022-06-30","East of England",927019.351
"2022-06-30","North West",955418.708
"2022-07-01","London",950406.736
"2022-07-01","South East",1035033.884
"2022-07-01","South West",1001647.414
"2022-07-01","Midlands",714717.271
"2022-07-01","North East and Yorkshire",570175.647
"2022-07-01","East of England",837805.6
"2022-07-01","North West",656551.328
"2022-07-02","London",1166682.661
"2022-07-02","South East",1176813.392
"2022-07-02","South West",1166422.14
"2022-07-02","Midlands",1147127.34
"2022-07-02","North East and Yorkshire",1085325.767
"2022-07-02","East of England",1108786.239
"2022-07-02","North West",1131263.122
"2022-07-03","London",1091689.426
"2022-07-03","South East",1092545.457
"2022-07-03","South West",1070255.318
"2022-07-03","Midlands",950181.75
"2022-07-03","North East and Yorkshire",776947.988
"2022-07-03","East of England",1068681.701
"2022-07-03","North West",830719.242
"2022-07-04","London",1142423.725
"2022-07-04","South East",1130666.495
"2022-07-04","South West",1130366.616
"2022-07-04","Midlands",1141673.645
"2022-07-04","North East and Yorkshire",1100294.463
"2022-07-04","East of England",1143364.287
"2022-07-04","North West",1129656.31
"2022-07-05","London",587496.782
"2022-07-05","South East",559811.561
"2022-07-05","South West",556945.567
"2022-07-05","Midlands",516987.475
"2022-07-05","North East and Yorkshire",707121.855
"2022-07-05","East of England",660976.562
"2022-07-05","North West",733251.375
"2022-07-06","London",642928.349
"2022-07-06","South East",642162.217
"2022-07-06","South West",515834.838
"2022-07-06","Midlands",503609.527
"2022-07-06","North East and Yorkshire",654123.047
"2022-07-06","East of England",679268.845
"2022-07-06","North West",841386.982
"2022-07-07","London",881539.338
"2022-07-07","South East",914452.072
"2022-07-07","South West",911922.036
"2022-07-07","Midlands",933472.79
"2022-07-07","North East and Yorkshire",947813.513
"2022-07-07","East of England",867825.67
"2022-07-07","North West",959139.435
"2022-07-08","London",843027.906
"2022-07-08","South East",874462.865
"2022-07-08","South West",901736.885
"2022-07-08","Midlands",795075.221
"2022-07-08","North East and Yorkshire",875039.582
"2022-07-08","East of England",869453.903
"2022-07-08","North West",1003140.36
"2022-07-09","London",1016353.784
"2022-07-09","South East",1125443.415
"2022-07-09","South West",1163808.723
"2022-07-09","Midlands",908135.706
"2022-07-09","North East and Yorkshire",840534.348
"2022-07-09","East of England",1031534.255
"2022-07-09","North West",917597.113
"2022-07-10","London",726340.845
"2022-07-10","South East",634472.574
"2022-07-10","South West",469093.003
"2022-07-10","Midlands",596868.526
"2022-07-10","North East and Yorkshire",745057.508
"2022-07-10","East of England",806936.991
"2022-07-10","North West",677386.001
"2022-07-11","London",615983.797
"2022-07-11","South East",669576.393
"2022-07-11","South West",860052.926
"2022-07-11","Midlands",610581.603
"2022-07-11","North East and Yorkshire",475557.329
"2022-07-11","East of England",667213.216
"2022-07-11","North West",659668.193
"2022-07-12","London",269099.55
"2022-07-12","South East",264005.736
"2022-07-12","South West",272893.57
"2022-07-12","Midlands",424110.55
"2022-07-12","North East and Yorkshire",447183.616
"2022-07-12","East of England",436680.058
"2022-07-12","North West",360885.464
"2022-07-13","London",580593.597
"2022-07-13","South East",696991.744
"2022-07-13","South West",754933.56
"2022-07-13","Midlands",466833.498
"2022-07-13","North East and Yorkshire",452383.65
"2022-07-13","East of England",626076.088
"2022-07-13","North West",616827.403
"2022-07-14","London",771650.24
"2022-07-14","South East",837096.541
"2022-07-14","South West",810632.105
"2022-07-14","Midlands",613557.735
"2022-07-14","North East and Yorkshire",283653.355
"2022-07-14","East of England",826661.2
"2022-07-14","North West",385865.483
"2022-07-15","London",755870.381
"2022-07-15","South East",808166.005
"2022-07-15","South West",626249.359
"2022-07-15","Midlands",393602.982
"2022-07-15","North East and Yorkshire",214973.19
"2022-07-15","East of England",687629.258
"2022-07-15","North West",221956.38
"2022-07-16","London",283497.252
"2022-07-16","South East",274427.595
"2022-07-16","South West",270963.688
"2022-07-16","Midlands",264402.006
"2022-07-16","North East and Yorkshire",256863.878
"2022-07-16","East of England",302438.411
"2022-07-16","North West",232881.978
"2022-07-17","London",812046.424
"2022-07-17","South East",822962.05
"2022-07-17","South West",741575.337
"2022-07-17","Midlands",734602.186
"2022-07-17","North East and Yorkshire",933523.844
"2022-07-17","East of England",795952.662
"2022-07-17","North West",885901.222
"2022-07-18","London",693781.372
"2022-07-18","South East",722616.262
"2022-07-18","South West",814085.265
"2022-07-18","Midlands",859092.883
"2022-07-18","North East and Yorkshire",889720.55
"2022-07-18","East of England",798772.706
"2022-07-18","North West",940405.396
"2022-07-19","London",525991.114
"2022-07-19","South East",531060.383
"2022-07-19","South West",444889.493
"2022-07-19","Midlands",549930.877
"2022-07-19","North East and Yorkshire",728600.8
"2022-07-19","East of England",697852.394
"2022-07-19","North West",673849.692
"2022-07-20","London",709478.603
"2022-07-20","South East",731303.758
"2022-07-20","South West",726027.021
"2022-07-20","Midlands",472822.887
"2022-07-20","North East and Yorkshire",427249.744
"2022-07-20","East of England",622931.445
"2022-07-20","North West",537425.522
"2022-07-21","London",553264.609
"2022-07-21","South East",675641.883
"2022-07-21","South West",692137.69
"2022-07-21","Midlands",701179.896
"2022-07-21","North East and Yorkshire",642142.49
"2022-07-21","East of England",678686.601
"2022-07-21","North West",757749.292
"2022-07-22","London",583120.913
"2022-07-22","South East",716243.304
"2022-07-22","South West",804180.469
"2022-07-22","Midlands",619449.821
"2022-07-22","North East and Yorkshire",692878.205
"2022-07-22","East of England",729631.461
"2022-07-22","North West",719430.408
"2022-07-23","London",653792.061
"2022-07-23","South East",689401.308
"2022-07-23","South West",736878.067
"2022-07-23","Midlands",622449.271
"2022-07-23","North East and Yorkshire",609869.007
"2022-07-23","East of England",669623.587
"2022-07-23","North West",632299.172
"2022-07-24","London",645026.247
"2022-07-24","South East",631643.267
"2022-07-24","South West",634169.444
"2022-07-24","Midlands",579551.311
"2022-07-24","North East and Yorkshire",661902.772
"2022-07-24","East of England",684431.962
"2022-07-24","North West",644031.26
"2022-07-25","London",769011.742
"2022-07-25","South East",816879.087
"2022-07-25","South West",832449.112
"2022-07-25","Midlands",772453.677
"2022-07-25","North East and Yorkshire",786807.226
"2022-07-25","East of England",756698.036
"2022-07-25","North West",829064.464
"2022-07-26","London",667595.992
"2022-07-26","South East",721782.711
"2022-07-26","South West",746255.526
"2022-07-26","Midlands",733788.421
"2022-07-26","North East and Yorkshire",745715.078
"2022-07-26","East of England",730485.757
"2022-07-26","North West",778051.203
"2022-07-27","London",753429.156
"2022-07-27","South East",810286.597
"2022-07-27","South West",798546.422
"2022-07-27","Midlands",804031.922
"2022-07-27","North East and Yorkshire",730565.579
"2022-07-27","East of England",777379.581
"2022-07-27","North West",765485.986
"2022-07-28","London",839243.184
"2022-07-28","South East",788935.284
"2022-07-28","South West",629510.429
"2022-07-28","Midlands",664203.867
"2022-07-28","North East and Yorkshire",595492.674
"2022-07-28","East of England",860458.985
"2022-07-28","North West",673008.704
"2022-07-29","London",398113.988
"2022-07-29","South East",377686.645
"2022-07-29","South West",265011.974
"2022-07-29","Midlands",227349.174
"2022-07-29","North East and Yorkshire",264525.313
"2022-07-29","East of England",406687.252
"2022-07-29","North West",248961.406
"2022-07-30","London",667870.657
"2022-07-30","South East",683211.163
"2022-07-30","South West",677825.337
"2022-07-30","Midlands",638146.258
"2022-07-30","North East and Yorkshire",681907.606
"2022-07-30","East of England",733626.705
"2022-07-30","North West",687215.39
"2022-07-31","London",621298.951
"2022-07-31","South East",718424.129
"2022-07-31","South West",735875.035
"2022-07-31","Midlands",625292.144
"2022-07-31","North East and Yorkshire",702668.761
"2022-07-31","East of England",640089.171
"2022-07-31","North West",739008.156
"2022-08-01","London",817190.803
"2022-08-01","South East",733518.048
"2022-08-01","South West",528946.92
"2022-08-01","Midlands",551735.197
"2022-08-01","North East and Yorkshire",641441.008
"2022-08-01","East of England",862781.556
"2022-08-01","North West",607231.932
"2022-08-02","London",1031516.019
"2022-08-02","South East",1035368.503
"2022-08-02","South West",1035824.461
"2022-08-02","Midlands",914776.417
"2022-08-02","North East and Yorkshire",898550.091
"2022-08-02","East of England",1002515.149
"2022-08-02","North West",897376.899
"2022-08-03","London",1018185.589
"2022-08-03","South East",1025961.998
"2022-08-03","South West",1044428.072
"2022-08-03","Midlands",1027040.665
"2022-08-03","North East and Yorkshire",1004438.175
"2022-08-03","East of England",1010196.226
"2022-08-03","North West",1007256.765
"2022-08-04","London",1026576.158
"2022-08-04","South East",1029868.672
"2022-08-04","South West",1040463.057
"2022-08-04","Midlands",1022689.375
"2022-08-04","North East and Yorkshire",1002196.582
"2022-08-04","East of England",1016562.301
"2022-08-04","North West",1008841.076
"2022-08-05","London",1019799.61
"2022-08-05","South East",1021683.27
"2022-08-05","South West",1030189.775
"2022-08-05","Midlands",1012123.329
"2022-08-05","North East and Yorkshire",991862.309
"2022-08-05","East of England",1009568.489
"2022-08-05","North West",1008261.035
"2022-08-06","London",1008391.09
"2022-08-06","South East",1011177.311
"2022-08-06","South West",998726.372
"2022-08-06","Midlands",975277.31
"2022-08-06","North East and Yorkshire",971955.149
"2022-08-06","East of England",1002299.279
"2022-08-06","North West",971895.082
"2022-08-07","London",851660.972
"2022-08-07","South East",833184.522
"2022-08-07","South West",823473.763
"2022-08-07","Midlands",898790.638
"2022-08-07","North East and Yorkshire",907963.514
"2022-08-07","East of England",883559.71
"2022-08-07","North West",885729.894
"2022-08-08","London",770719.601
"2022-08-08","South East",728990.801
"2022-08-08","South West",648043.183
"2022-08-08","Midlands",630436.179
"2022-08-08","North East and Yorkshire",670102.413
"2022-08-08","East of England",773640.921
"2022-08-08","North West",531555.556
"2022-08-09","London",371899.505
"2022-08-09","South East",419595.569
"2022-08-09","South West",294145.176
"2022-08-09","Midlands",348057.635
"2022-08-09","North East and Yorkshire",541485.574
"2022-08-09","East of England",364624.091
"2022-08-09","North West",556132.462
"2022-08-10","London",480641.221
"2022-08-10","South East",501075.937
"2022-08-10","South West",548548.106
"2022-08-10","Midlands",346270.022
"2022-08-10","North East and Yorkshire",387911.94
"2022-08-10","East of England",494883.791
"2022-08-10","North West",538556.053
"2022-08-11","London",185558.22
"2022-08-11","South East",145521.826
"2022-08-11","South West",91227.316
"2022-08-11","Midlands",203933.519
"2022-08-11","North East and Yorkshire",243420.504
"2022-08-11","East of England",327672.79
"2022-08-11","North West",332101.33
"2022-08-12","London",326621.455
"2022-08-12","South East",316455.696
"2022-08-12","South West",259866.432
"2022-08-12","Midlands",660524.336
"2022-08-12","North East and Yorkshire",743189.228
"2022-08-12","East of England",576683.966
"2022-08-12","North West",760683.117
"2022-08-13","London",461664.506
"2022-08-13","South East",397244.331
"2022-08-13","South West",279813.32
"2022-08-13","Midlands",253665.831
"2022-08-13","North East and Yorkshire",320545.959
"2022-08-13","East of England",526032.463
"2022-08-13","North West",374469.432
"2022-08-14","London",459821.514
"2022-08-14","South East",437304.399
"2022-08-14","South West",256773.89
"2022-08-14","Midlands",240188.757
"2022-08-14","North East and Yorkshire",168128.877
"2022-08-14","East of England",488535.578
"2022-08-14","North West",153881.495
"2022-08-15","London",259608.77
"2022-08-15","South East",327582.95
"2022-08-15","South West",620556.816
"2022-08-15","Midlands",356021.14
"2022-08-15","North East and Yorkshire",289287.861
"2022-08-15","East of England",250483.669
"2022-08-15","North West",382887.49
"2022-08-16","London",640839.646
"2022-08-16","South East",719703.937
"2022-08-16","South West",736758.145
"2022-08-16","Midlands",607106.051
"2022-08-16","North East and Yorkshire",629288.903
"2022-08-16","East of England",673707.558
"2022-08-16","North West",646697.323
"2022-08-17","London",801636.644
"2022-08-17","South East",815938.235
"2022-08-17","South West",724669.341
"2022-08-17","Midlands",461787.738
"2022-08-17","North East and Yorkshire",522384.217
"2022-08-17","East of England",739015.781
"2022-08-17","North West",434131.862
"2022-08-18","London",412573.972
"2022-08-18","South East",468703.537
"2022-08-18","South West",699444.633
"2022-08-18","Midlands",481050.149
"2022-08-18","North East and Yorkshire",464137.015
"2022-08-18","East of England",496384.265
"2022-08-18","North West",570639.608
"2022-08-19","London",646945.856
"2022-08-19","South East",665957.304
"2022-08-19","South West",603956.505
"2022-08-19","Midlands",559659.612
"2022-08-19","North East and Yorkshire",536939.148
"2022-08-19","East of England",597633.846
"2022-08-19","North West",508934.322
"2022-08-20","London",655647.307
"2022-08-20","South East",664038.983
"2022-08-20","South West",648897.419
"2022-08-20","Midlands",580999.812
"2022-08-20","North East and Yorkshire",572716.795
"2022-08-20","East of England",688737.304
"2022-08-20","North West",614661.714
"2022-08-21","London",648751.395
"2022-08-21","South East",638247.524
"2022-08-21","South West",457510.033
"2022-08-21","Midlands",492796.958
"2022-08-21","North East and Yorkshire",532151.79
"2022-08-21","East of England",652996.586
"2022-08-21","North West",526608.411
"2022-08-22","London",498736.161
"2022-08-22","South East",526869.915
"2022-08-22","South West",517315.272
"2022-08-22","Midlands",460109.762
"2022-08-22","North East and Yorkshire",563363.779
"2022-08-22","East of England",572183.169
"2022-08-22","North West",523944.827
"2022-08-23","London",817261.16
"2022-08-23","South East",785055.096
"2022-08-23","South West",757187.9
"2022-08-23","Midlands",788683.411
"2022-08-23","North East and Yorkshire",801929.787
"2022-08-23","East of England",839688.18
"2022-08-23","North West",802087.618
"2022-08-24","London",214403.402
"2022-08-24","South East",240340.304
"2022-08-24","South West",218261.706
"2022-08-24","Midlands",195197.121
"2022-08-24","North East and Yorkshire",193791.38
"2022-08-24","East of England",271010.383
"2022-08-24","North West",224183.861
"2022-08-25","London",732487.904
"2022-08-25","South East",782599.907
"2022-08-25","South West",741582.587
"2022-08-25","Midlands",796698.775
"2022-08-25","North East and Yorkshire",755282.98
"2022-08-25","East of England",801603.866
"2022-08-25","North West",675861.427
"2022-08-26","London",275575.729
"2022-08-26","South East",290023.052
"2022-08-26","South West",194578.064
"2022-08-26","Midlands",243021.426
"2022-08-26","North East and Yorkshire",226856.937
"2022-08-26","East of England",332175.735
"2022-08-26","North West",188965.754
"2022-08-27","London",617712.003
"2022-08-27","South East",656666.674
"2022-08-27","South West",759296.886
"2022-08-27","Midlands",769645.388
"2022-08-27","North East and Yorkshire",740317.328
"2022-08-27","East of England",703929.842
"2022-08-27","North West",741399.435
"2022-08-28","London",562573.295
"2022-08-28","South East",609459.13
"2022-08-28","South West",740299.401
"2022-08-28","Midlands",727163.819
"2022-08-28","North East and Yorkshire",711320.006
"2022-08-28","East of England",648017.474
"2022-08-28","North West",742366.801
"2022-08-29","London",729428.702
"2022-08-29","South East",750052.091
"2022-08-29","South West",759408.498
"2022-08-29","Midlands",743570.782
"2022-08-29","North East and Yorkshire",709029.149
"2022-08-29","East of England",735925.973
"2022-08-29","North West",748255.321
"2022-08-30","London",374834.717
"2022-08-30","South East",369020.502
"2022-08-30","South West",369754.342
"2022-08-30","Midlands",290739.626
"2022-08-30","North East and Yorkshire",335412.036
"2022-08-30","East of England",414218.345
"2022-08-30","North West",199613.025
"2022-08-31","London",283032
"2022-08-31","South East",327658.864
"2022-08-31","South West",350653.529
"2022-08-31","Midlands",516027.18
"2022-08-31","North East and Yorkshire",599418.777
"2022-08-31","East of England",374363.601
"2022-08-31","North West",516854.528
"2022-09-01","London",730876.971
"2022-09-01","South East",660098.252
"2022-09-01","South West",542273.285
"2022-09-01","Midlands",459795.228
"2022-09-01","North East and Yorkshire",496413.535
"2022-09-01","East of England",720140.618
"2022-09-01","North West",450029.692
"2022-09-02","London",581066.545
"2022-09-02","South East",567684.529
"2022-09-02","South West",457820.969
"2022-09-02","Midlands",431756.51
"2022-09-02","North East and Yorkshire",417908.851
"2022-09-02","East of England",597788.539
"2022-09-02","North West",400827.343
"2022-09-03","London",499117.349
"2022-09-03","South East",497573.655
"2022-09-03","South West",547561.611
"2022-09-03","Midlands",624328.477
"2022-09-03","North East and Yorkshire",473068.207
"2022-09-03","East of England",554159.804
"2022-09-03","North West",555724.654
"2022-09-04","London",698651.743
"2022-09-04","South East",684247.166
"2022-09-04","South West",677284.298
"2022-09-04","Midlands",677344.348
"2022-09-04","North East and Yorkshire",598548.565
"2022-09-04","East of England",700049.14
"2022-09-04","North West",620862.535
"2022-09-05","London",725469.137
"2022-09-05","South East",734209.746
"2022-09-05","South West",737306.009
"2022-09-05","Midlands",711904.393
"2022-09-05","North East and Yorkshire",656460.001
"2022-09-05","East of England",717692.712
"2022-09-05","North West",635894.863
"2022-09-06","London",425381.01
"2022-09-06","South East",474736.823
"2022-09-06","South West",592536.884
"2022-09-06","Midlands",412765.774
"2022-09-06","North East and Yorkshire",224140.258
"2022-09-06","East of England",412709.432
"2022-09-06","North West",254562.436
"2022-09-07","London",527172.697
"2022-09-07","South East",569201.105
"2022-09-07","South West",555705.447
"2022-09-07","Midlands",474799.326
"2022-09-07","North East and Yorkshire",320763.183
"2022-09-07","East of England",474957.328
"2022-09-07","North West",510735.665
"2022-09-08","London",415842.601
"2022-09-08","South East",389282.741
"2022-09-08","South West",336125.939
"2022-09-08","Midlands",300881.059
"2022-09-08","North East and Yorkshire",348823.909
"2022-09-08","East of England",464151.846
"2022-09-08","North West",313976.577
"2022-09-09","London",465405.566
"2022-09-09","South East",528744.304
"2022-09-09","South West",502908.43
"2022-09-09","Midlands",345695.991
"2022-09-09","North East and Yorkshire",277959.163
"2022-09-09","East of England",482383.589
"2022-09-09","North West",313130.807
"2022-09-10","London",466172.303
"2022-09-10","South East",520790.658
"2022-09-10","South West",646394.038
"2022-09-10","Midlands",407156.346
"2022-09-10","North East and Yorkshire",326120.086
"2022-09-10","East of England",448921.871
"2022-09-10","North West",495983.297
"2022-09-11","London",573492.315
"2022-09-11","South East",634965.86
"2022-09-11","South West",759983.505
"2022-09-11","Midlands",527143.877
"2022-09-11","North East and Yorkshire",504712.915
"2022-09-11","East of England",611277.671
"2022-09-11","North West",560089.108
"2022-09-12","London",543808.263
"2022-09-12","South East",561413.357
"2022-09-12","South West",546982.411
"2022-09-12","Midlands",503699.049
"2022-09-12","North East and Yorkshire",567231.638
"2022-09-12","East of England",549922.571
"2022-09-12","North West",545010.441
"2022-09-13","London",790814.225
"2022-09-13","South East",769294.647
"2022-09-13","South West",685729.856
"2022-09-13","Midlands",685959.029
"2022-09-13","North East and Yorkshire",690612.762
"2022-09-13","East of England",800704.704
"2022-09-13","North West",651748.939
"2022-09-14","London",720200.693
"2022-09-14","South East",705352.633
"2022-09-14","South West",425492.455
"2022-09-14","Midlands",400808.145
"2022-09-14","North East and Yorkshire",376715.452
"2022-09-14","East of England",676471.817
"2022-09-14","North West",265572.885
"2022-09-15","London",826497.348
"2022-09-15","South East",767037.737
"2022-09-15","South West",602337.451
"2022-09-15","Midlands",583260.037
"2022-09-15","North East and Yorkshire",581038.8
"2022-09-15","East of England",769363.041
"2022-09-15","North West",575512.76
"2022-09-16","London",774636.796
"2022-09-16","South East",737166.58
"2022-09-16","South West",701548.37
"2022-09-16","Midlands",591882.626
"2022-09-16","North East and Yorkshire",448767.566
"2022-09-16","East of England",787496.305
"2022-09-16","North West",393639.875
"2022-09-17","London",537053.892
"2022-09-17","South East",527109.959
"2022-09-17","South West",490334.948
"2022-09-17","Midlands",493192.233
"2022-09-17","North East and Yorkshire",525968.601
"2022-09-17","East of England",548628.606
"2022-09-17","North West",535675.849
"2022-09-18","London",693154.491
"2022-09-18","South East",722233.817
"2022-09-18","South West",784210.025
"2022-09-18","Midlands",700027.133
"2022-09-18","North East and Yorkshire",627381.025
"2022-09-18","East of England",693678.611
"2022-09-18","North West",577385.911
"2022-09-19","London",568560.551
"2022-09-19","South East",564722.985
"2022-09-19","South West",498725.842
"2022-09-19","Midlands",479730.818
"2022-09-19","North East and Yorkshire",343565.32
"2022-09-19","East of England",614028.59
"2022-09-19","North West",283584.457
"2022-09-20","London",396686.087
"2022-09-20","South East",387460.659
"2022-09-20","South West",343523.743
"2022-09-20","Midlands",366137.303
"2022-09-20","North East and Yorkshire",326598.369
"2022-09-20","East of England",376969.856
"2022-09-20","North West",309079.054
"2022-09-21","London",395210.104
"2022-09-21","South East",382006.663
"2022-09-21","South West",274773.842
"2022-09-21","Midlands",358412.814
"2022-09-21","North East and Yorkshire",339045.549
"2022-09-21","East of England",395636.9
"2022-09-21","North West",317789.536
"2022-09-22","London",134880.058
"2022-09-22","South East",165031.491
"2022-09-22","South West",255690.336
"2022-09-22","Midlands",172223.865
"2022-09-22","North East and Yorkshire",232358.074
"2022-09-22","East of England",143614.228
"2022-09-22","North West",250991.717
"2022-09-23","London",305903.861
"2022-09-23","South East",332924.455
"2022-09-23","South West",343111.657
"2022-09-23","Midlands",319966.185
"2022-09-23","North East and Yorkshire",303360.487
"2022-09-23","East of England",321456.402
"2022-09-23","North West",319421.118
"2022-09-24","London",350462.4
"2022-09-24","South East",368283.069
"2022-09-24","South West",342208.308
"2022-09-24","Midlands",297264.721
"2022-09-24","North East and Yorkshire",311598.157
"2022-09-24","East of England",310527.407
"2022-09-24","North West",314156.289
"2022-09-25","London",368210.825
"2022-09-25","South East",383737.727
"2022-09-25","South West",366395.331
"2022-09-25","Midlands",347852.973
"2022-09-25","North East and Yorkshire",282278.856
"2022-09-25","East of England",350454.445
"2022-09-25","North West",364222.738
"2022-09-26","London",162946.477
"2022-09-26","South East",153898.226
"2022-09-26","South West",83922.653
"2022-09-26","Midlands",88396.577
"2022-09-26","North East and Yorkshire",88565.356
"2022-09-26","East of England",201085.346
"2022-09-26","North West",85089.458
"2022-09-27","London",808131.416
"2022-09-27","South East",810214.874
"2022-09-27","South West",801670.646
"2022-09-27","Midlands",796882.419
"2022-09-27","North East and Yorkshire",769310.792
"2022-09-27","East of England",799256.634
"2022-09-27","North West",797198.834
"2022-09-28","London",766996.961
"2022-09-28","South East",752830.122
"2022-09-28","South West",730102.486
"2022-09-28","Midlands",698159.077
"2022-09-28","North East and Yorkshire",659526.544
"2022-09-28","East of England",739094.222
"2022-09-28","North West",721552.047
"2022-09-29","London",794853.918
"2022-09-29","South East",786653.766
"2022-09-29","South West",615070.585
"2022-09-29","Midlands",687996.076
"2022-09-29","North East and Yorkshire",570759.513
"2022-09-29","East of England",785102.708
"2022-09-29","North West",491504.782
"2022-09-30","London",617223.915
"2022-09-30","South East",621818.601
"2022-09-30","South West",643446.389
"2022-09-30","Midlands",619088.036
"2022-09-30","North East and Yorkshire",565185.808
"2022-09-30","East of England",630377.83
"2022-09-30","North West",629904.338
"2022-10-01","London",746125.087
"2022-10-01","South East",746507.214
"2022-10-01","South West",719407.967
"2022-10-01","Midlands",674136.602
"2022-10-01","North East and Yorkshire",632808.996
"2022-10-01","East of England",729165.826
"2022-10-01","North West",612497.87
"2022-10-02","London",588568.967
"2022-10-02","South East",538053.361
"2022-10-02","South West",405789.824
"2022-10-02","Midlands",420283
"2022-10-02","North East and Yorkshire",461406.898
"2022-10-02","East of England",586627.655
"2022-10-02","North West",383654.278
"2022-10-03","London",494543.824
"2022-10-03","South East",493058.617
"2022-10-03","South West",501780.217
"2022-10-03","Midlands",460769.742
"2022-10-03","North East and Yorkshire",410359.481
"2022-10-03","East of England",509086.44
"2022-10-03","North West",352774.867
"2022-10-04","London",221228.246
"2022-10-04","South East",218283.543
"2022-10-04","South West",171947.531
"2022-10-04","Midlands",271427.821
"2022-10-04","North East and Yorkshire",230107.7
"2022-10-04","East of England",259846.318
"2022-10-04","North West",274518.467
"2022-10-05","London",277350.808
"2022-10-05","South East",233094.285
"2022-10-05","South West",131725.671
"2022-10-05","Midlands",231894.761
"2022-10-05","North East and Yorkshire",217881.153
"2022-10-05","East of England",259841.632
"2022-10-05","North West",235695.155
"2022-10-06","London",150279.809
"2022-10-06","South East",125287.746
"2022-10-06","South West",94600.464
"2022-10-06","Midlands",183462.368
"2022-10-06","North East and Yorkshire",232966.803
"2022-10-06","East of England",239194.597
"2022-10-06","North West",215980.416
"2022-10-07","London",71340.059
"2022-10-07","South East",90428.942
"2022-10-07","South West",103447.267
"2022-10-07","Midlands",66110.44
"2022-10-07","North East and Yorkshire",45153.268
"2022-10-07","East of England",61519.666
"2022-10-07","North West",64425.402
"2022-10-08","London",128653.275
"2022-10-08","South East",113655.588
"2022-10-08","South West",107087.934
"2022-10-08","Midlands",118548.197
"2022-10-08","North East and Yorkshire",116931.169
"2022-10-08","East of England",148469.433
"2022-10-08","North West",92997.038
"2022-10-09","London",199201.53
"2022-10-09","South East",198504.894
"2022-10-09","South West",252194.182
"2022-10-09","Midlands",190636.879
"2022-10-09","North East and Yorkshire",148585.356
"2022-10-09","East of England",178570.331
"2022-10-09","North West",146620.043
"2022-10-10","London",238222.801
"2022-10-10","South East",240299
"2022-10-10","South West",229646.301
"2022-10-10","Midlands",213903.284
"2022-10-10","North East and Yorkshire",147230.646
"2022-10-10","East of England",232853.467
"2022-10-10","North West",170397.228
"2022-10-11","London",39482.607
"2022-10-11","South East",45923.538
"2022-10-11","South West",114479.425
"2022-10-11","Midlands",44660.117
"2022-10-11","North East and Yorkshire",51075.068
"2022-10-11","East of England",57996.223
"2022-10-11","North West",43793.081
"2022-10-12","London",250166.542
"2022-10-12","South East",233432.735
"2022-10-12","South West",212917.098
"2022-10-12","Midlands",221885.651
"2022-10-12","North East and Yorkshire",207161.099
"2022-10-12","East of England",256800.151
"2022-10-12","North West",208092.449
"2022-10-13","London",51530.49
"2022-10-13","South East",63623.466
"2022-10-13","South West",86928.548
"2022-10-13","Midlands",36518.025
"2022-10-13","North East and Yorkshire",31896.707
"2022-10-13","East of England",52961.723
"2022-10-13","North West",29425.658
"2022-10-14","London",32667.424
"2022-10-14","South East",42987.586
"2022-10-14","South West",42444.679
"2022-10-14","Midlands",67671.495
"2022-10-14","North East and Yorkshire",61397.15
"2022-10-14","East of England",56988.161
"2022-10-14","North West",79399.296
"2022-10-15","London",129041.541
"2022-10-15","South East",130354.177
"2022-10-15","South West",151986.733
"2022-10-15","Midlands",98005.916
"2022-10-15","North East and Yorkshire",77907.202
"2022-10-15","East of England",149258.771
"2022-10-15","North West",112040.014
"2022-10-16","London",109444.64
"2022-10-16","South East",120770.377
"2022-10-16","South West",128765.743
"2022-10-16","Midlands",114730.363
"2022-10-16","North East and Yorkshire",138393.357
"2022-10-16","East of England",112562.252
"2022-10-16","North West",120193.26
"2022-10-17","London",187173.765
"2022-10-17","South East",210408.469
"2022-10-17","South West",249113.233
"2022-10-17","Midlands",219267.251
"2022-10-17","North East and Yorkshire",176285.738
"2022-10-17","East of England",195102.608
"2022-10-17","North West",184726.499
"2022-10-18","London",218680.043
"2022-10-18","South East",281195.148
"2022-10-18","South West",382189.35
"2022-10-18","Midlands",206821.169
"2022-10-18","North East and Yorkshire",120920.406
"2022-10-18","East of England",157435.72
"2022-10-18","North West",112922.453
"2022-10-19","London",299009.06
"2022-10-19","South East",303772.625
"2022-10-19","South West",304158.188
"2022-10-19","Midlands",220014.563
"2022-10-19","North East and Yorkshire",215364.955
"2022-10-19","East of England",280530.974
"2022-10-19","North West",268046.177
"2022-10-20","London",360515.961
"2022-10-20","South East",385126.317
"2022-10-20","South West",420186.664
"2022-10-20","Midlands",428392.441
"2022-10-20","North East and Yorkshire",329693.663
"2022-10-20","East of England",377402.626
"2022-10-20","North West",336679.93
"2022-10-21","London",380072.212
"2022-10-21","South East",380840.273
"2022-10-21","South West",345421.188
"2022-10-21","Midlands",282566.154
"2022-10-21","North East and Yorkshire",249636.579
"2022-10-21","East of England",381035.904
"2022-10-21","North West",250440.008
"2022-10-22","London",408146.515
"2022-10-22","South East",407784.112
"2022-10-22","South West",337596.211
"2022-10-22","Midlands",347985.745
"2022-10-22","North East and Yorkshire",362891.365
"2022-10-22","East of England",428166.177
"2022-10-22","North West",311588.759
"2022-10-23","London",207247.885
"2022-10-23","South East",235785.749
"2022-10-23","South West",307908.652
"2022-10-23","Midlands",188855.216
"2022-10-23","North East and Yorkshire",95304.889
"2022-10-23","East of England",238145.309
"2022-10-23","North West",93647.283
"2022-10-24","London",221253.962
"2022-10-24","South East",214618.344
"2022-10-24","South West",145074.088
"2022-10-24","Midlands",293566.449
"2022-10-24","North East and Yorkshire",337120.205
"2022-10-24","East of England",353107.164
"2022-10-24","North West",248974.544
"2022-10-25","London",62427.204
"2022-10-25","South East",78709.517
"2022-10-25","South West",89353.774
"2022-10-25","Midlands",70469.04
"2022-10-25","North East and Yorkshire",108167.722
"2022-10-25","East of England",94775.08
"2022-10-25","North West",134148.836
"2022-10-26","London",141340.768
"2022-10-26","South East",143299.716
"2022-10-26","South West",103784.15
"2022-10-26","Midlands",72385.151
"2022-10-26","North East and Yorkshire",51538.972
"2022-10-26","East of England",108726.89
"2022-10-26","North West",56313.03
"2022-10-27","London",146163.485
"2022-10-27","South East",149314.241
"2022-10-27","South West",145082.084
"2022-10-27","Midlands",98057.965
"2022-10-27","North East and Yorkshire",38421.425
"2022-10-27","East of England",149838.533
"2022-10-27","North West",55770.059
"2022-10-28","London",147430.839
"2022-10-28","South East",135786.55
"2022-10-28","South West",148382.667
"2022-10-28","Midlands",169123.392
"2022-10-28","North East and Yorkshire",162077.492
"2022-10-28","East of England",168393.112
"2022-10-28","North West",172327.608
"2022-10-29","London",210528.06
"2022-10-29","South East",215439.544
"2022-10-29","South West",200087.737
"2022-10-29","Midlands",178328.638
"2022-10-29","North East and Yorkshire",150516.14
"2022-10-29","East of England",190107.224
"2022-10-29","North West",149109.978
"2022-10-30","London",42675.163
"2022-10-30","South East",38200.806
"2022-10-30","South West",40869.698
"2022-10-30","Midlands",78089.679
"2022-10-30","North East and Yorkshire",85150.871
"2022-10-30","East of England",73744.419
"2022-10-30","North West",106716.749
"2022-10-31","London",55783.676
"2022-10-31","South East",76040.908
"2022-10-31","South West",112026.554
"2022-10-31","Midlands",27870.959
"2022-10-31","North East and Yorkshire",45951.183
"2022-10-31","East of England",36405.307
"2022-10-31","North West",43345.606
"2022-11-01","London",378496.772
"2022-11-01","South East",389486.1
"2022-11-01","South West",275040.066
"2022-11-01","Midlands",352000.01
"2022-11-01","North East and Yorkshire",256855.713
"2022-11-01","East of England",382904.955
"2022-11-01","North West",271465.583
"2022-11-02","London",136306.182
"2022-11-02","South East",108782.094
"2022-11-02","South West",81284.07
"2022-11-02","Midlands",200376.462
"2022-11-02","North East and Yorkshire",287214.094
"2022-11-02","East of England",220199.534
"2022-11-02","North West",297528.545
"2022-11-03","London",239567.644
"2022-11-03","South East",243578.665
"2022-11-03","South West",221092.452
"2022-11-03","Midlands",211376.96
"2022-11-03","North East and Yorkshire",151517.408
"2022-11-03","East of England",201106.532
"2022-11-03","North West",215356.51
"2022-11-04","London",155366.024
"2022-11-04","South East",188622.273
"2022-11-04","South West",163584.129
"2022-11-04","Midlands",27470.113
"2022-11-04","North East and Yorkshire",28249.171
"2022-11-04","East of England",73428.05
"2022-11-04","North West",35885.913
"2022-11-05","London",138112.917
"2022-11-05","South East",126843.908
"2022-11-05","South West",129330.026
"2022-11-05","Midlands",91386.559
"2022-11-05","North East and Yorkshire",140070.729
"2022-11-05","East of England",130248.174
"2022-11-05","North West",224526.948
"2022-11-06","London",332535.25
"2022-11-06","South East",312924.106
"2022-11-06","South West",315041.139
"2022-11-06","Midlands",296580.001
"2022-11-06","North East and Yorkshire",295400.439
"2022-11-06","East of England",346108.824
"2022-11-06","North West",268460.415
"2022-11-07","London",221245.626
"2022-11-07","South East",216680.896
"2022-11-07","South West",235394.685
"2022-11-07","Midlands",233354.286
"2022-11-07","North East and Yorkshire",231887.522
"2022-11-07","East of England",229900.69
"2022-11-07","North West",226205.042
"2022-11-08","London",86116.963
"2022-11-08","South East",97690.526
"2022-11-08","South West",114477.717
"2022-11-08","Midlands",91659.567
"2022-11-08","North East and Yorkshire",114677.375
"2022-11-08","East of England",111766.098
"2022-11-08","North West",99899.035
"2022-11-09","London",54268.352
"2022-11-09","South East",69122.649
"2022-11-09","South West",93390.946
"2022-11-09","Midlands",81315.044
"2022-11-09","North East and Yorkshire",82681.64
"2022-11-09","East of England",97329.25
"2022-11-09","North West",64394.48
"2022-11-10","London",30900.716
"2022-11-10","South East",38843.364
"2022-11-10","South West",43038.25
"2022-11-10","Midlands",55802.636
"2022-11-10","North East and Yorkshire",89639.178
"2022-11-10","East of England",36653.694
"2022-11-10","North West",76041.036
"2022-11-11","London",150908.107
"2022-11-11","South East",153812.996
"2022-11-11","South West",96481.268
"2022-11-11","Midlands",103726.957
"2022-11-11","North East and Yorkshire",102353.172
"2022-11-11","East of England",133862.576
"2022-11-11","North West",78783.395
"2022-11-12","London",21429.435
"2022-11-12","South East",32787.266
"2022-11-12","South West",78396.969
"2022-11-12","Midlands",25785.82
"2022-11-12","North East and Yorkshire",26568.57
"2022-11-12","East of England",23512.212
"2022-11-12","North West",28622.461
"2022-11-13","London",57690.553
"2022-11-13","South East",80714.366
"2022-11-13","South West",154613.718
"2022-11-13","Midlands",51258.495
"2022-11-13","North East and Yorkshire",40816.504
"2022-11-13","East of England",59925.62
"2022-11-13","North West",67423.328
"2022-11-14","London",50264.318
"2022-11-14","South East",60968.738
"2022-11-14","South West",98137.387
"2022-11-14","Midlands",78021.871
"2022-11-14","North East and Yorkshire",77790.589
"2022-11-14","East of England",49756.979
"2022-11-14","North West",110756.789
"2022-11-15","London",319845.047
"2022-11-15","South East",330719.903
"2022-11-15","South West",334681.207
"2022-11-15","Midlands",270350.72
"2022-11-15","North East and Yorkshire",222890.755
"2022-11-15","East of England",326683.56
"2022-11-15","North West",201898.794
"2022-11-16","London",142680.476
"2022-11-16","South East",147842.193
"2022-11-16","South West",178149.688
"2022-11-16","Midlands",252593.553
"2022-11-16","North East and Yorkshire",297332.084
"2022-11-16","East of England",210364.079
"2022-11-16","North West",302383.809
"2022-11-17","London",58881.431
"2022-11-17","South East",71198.787
"2022-11-17","South West",169176.757
"2022-11-17","Midlands",117832.72
"2022-11-17","North East and Yorkshire",109423.979
"2022-11-17","East of England",76999.639
"2022-11-17","North West",180580.377
"2022-11-18","London",142184.028
"2022-11-18","South East",146084.87
"2022-11-18","South West",93564.801
"2022-11-18","Midlands",71179.391
"2022-11-18","North East and Yorkshire",96019.506
"2022-11-18","East of England",138131.732
"2022-11-18","North West",64194.278
"2022-11-19","London",52798.198
"2022-11-19","South East",75433.812
"2022-11-19","South West",33543.408
"2022-11-19","Midlands",23164.177
"2022-11-19","North East and Yorkshire",57570.23
"2022-11-19","East of England",57292.73
"2022-11-19","North West",60001.063
"2022-11-20","London",348347.437
"2022-11-20","South East",349660.804
"2022-11-20","South West",362203.57
"2022-11-20","Midlands",335806.321
"2022-11-20","North East and Yorkshire",291266.533
"2022-11-20","East of England",343547.471
"2022-11-20","North West",248235.984
"2022-11-21","London",284497.087
"2022-11-21","South East",260895.551
"2022-11-21","South West",185208.498
"2022-11-21","Midlands",287757.956
"2022-11-21","North East and Yorkshire",250262.519
"2022-11-21","East of England",270941.25
"2022-11-21","North West",284759.427
"2022-11-22","London",179538.109
"2022-11-22","South East",195001.134
"2022-11-22","South West",214734.523
"2022-11-22","Midlands",161809.68
"2022-11-22","North East and Yorkshire",123111.684
"2022-11-22","East of England",162385.97
"2022-11-22","North West",137161.168
"2022-11-23","London",202120.631
"2022-11-23","South East",208236.58
"2022-11-23","South West",235557.722
"2022-11-23","Midlands",186178.101
"2022-11-23","North East and Yorkshire",151357.322
"2022-11-23","East of England",200607.935
"2022-11-23","North West",108939.682
"2022-11-24","London",155587.028
"2022-11-24","South East",134797.123
"2022-11-24","South West",100035.441
"2022-11-24","Midlands",129014.222
"2022-11-24","North East and Yorkshire",127691.04
"2022-11-24","East of England",161286.294
"2022-11-24","North West",108988.247
"2022-11-25","London",192109.023
"2022-11-25","South East",184028.227
"2022-11-25","South West",196699.678
"2022-11-25","Midlands",132886.63
"2022-11-25","North East and Yorkshire",78961.153
"2022-11-25","East of England",194952.954
"2022-11-25","North West",59201.047
"2022-11-26","London",122816.668
"2022-11-26","South East",145206.787
"2022-11-26","South West",130477.013
"2022-11-26","Midlands",66977.824
"2022-11-26","North East and Yorkshire",103827.678
"2022-11-26","East of England",101208.292
"2022-11-26","North West",73582.192
"2022-11-27","London",189576.583
"2022-11-27","South East",194253.524
"2022-11-27","South West",170664.296
"2022-11-27","Midlands",148755.935
"2022-11-27","North East and Yorkshire",143588.047
"2022-11-27","East of England",189916.789
"2022-11-27","North West",95890.85
"2022-11-28","London",92382.824
"2022-11-28","South East",92239.919
"2022-11-28","South West",63499.45
"2022-11-28","Midlands",107142.079
"2022-11-28","North East and Yorkshire",138000.384
"2022-11-28","East of England",131253.962
"2022-11-28","North West",112840.56
"2022-11-29","London",155501.16
"2022-11-29","South East",160022.954
"2022-11-29","South West",135146.955
"2022-11-29","Midlands",89319.697
"2022-11-29","North East and Yorkshire",76877.753
"2022-11-29","East of England",133869.844
"2022-11-29","North West",44762.175
"2022-11-30","London",42638.802
"2022-11-30","South East",65527.495
"2022-11-30","South West",80962.118
"2022-11-30","Midlands",38903.13
"2022-11-30","North East and Yorkshire",135558.158
"2022-11-30","East of England",50999.173
"2022-11-30","North West",145527.047
"2022-12-01","London",163722.941
"2022-12-01","South East",162684.417
"2022-12-01","South West",134091.417
"2022-12-01","Midlands",70107.646
"2022-12-01","North East and Yorkshire",128633.727
"2022-12-01","East of England",107713.571
"2022-12-01","North West",90103.685
"2022-12-02","London",117236.307
"2022-12-02","South East",124752.735
"2022-12-02","South West",148870.856
"2022-12-02","Midlands",89995.28
"2022-12-02","North East and Yorkshire",50881.92
"2022-12-02","East of England",105325.785
"2022-12-02","North West",46856.127
"2022-12-03","London",131451.35
"2022-12-03","South East",147807.103
"2022-12-03","South West",150929.205
"2022-12-03","Midlands",155829.996
"2022-12-03","North East and Yorkshire",124444.427
"2022-12-03","East of England",102791.584
"2022-12-03","North West",147594.147
"2022-12-04","London",88147.545
"2022-12-04","South East",95285.062
"2022-12-04","South West",139891.015
"2022-12-04","Midlands",109666.214
"2022-12-04","North East and Yorkshire",86004.459
"2022-12-04","East of England",119435.387
"2022-12-04","North West",105320.96
"2022-12-05","London",104905.367
"2022-12-05","South East",124378.613
"2022-12-05","South West",124799.369
"2022-12-05","Midlands",111046.261
"2022-12-05","North East and Yorkshire",62243.991
"2022-12-05","East of England",110531.178
"2022-12-05","North West",50726.255
"2022-12-06","London",68357.118
"2022-12-06","South East",65775.969
"2022-12-06","South West",83537.458
"2022-12-06","Midlands",76730.548
"2022-12-06","North East and Yorkshire",84970.008
"2022-12-06","East of England",79342.306
"2022-12-06","North West",100204.618
"2022-12-07","London",153326.568
"2022-12-07","South East",150363.776
"2022-12-07","South West",103662.622
"2022-12-07","Midlands",117953.273
"2022-12-07","North East and Yorkshire",119516.052
"2022-12-07","East of England",150314.425
"2022-12-07","North West",120995.259
"2022-12-08","London",32845.16
"2022-12-08","South East",27956.349
"2022-12-08","South West",16588.017
"2022-12-08","Midlands",14523.756
"2022-12-08","North East and Yorkshire",15743.317
"2022-12-08","East of England",33693.734
"2022-12-08","North West",15319.321
"2022-12-09","London",152330.312
"2022-12-09","South East",148658.373
"2022-12-09","South West",123481.08
"2022-12-09","Midlands",103655.426
"2022-12-09","North East and Yorkshire",84693.717
"2022-12-09","East of England",147120.191
"2022-12-09","North West",62469.92
"2022-12-10","London",56346.705
"2022-12-10","South East",65706.786
"2022-12-10","South West",97234.94
"2022-12-10","Midlands",54380.572
"2022-12-10","North East and Yorkshire",17733.522
"2022-12-10","East of England",40305.729
"2022-12-10","North West",37107.298
"2022-12-11","London",61166.739
"2022-12-11","South East",62236.369
"2022-12-11","South West",71049.504
"2022-12-11","Midlands",45364.593
"2022-12-11","North East and Yorkshire",37454.374
"2022-12-11","East of England",63718.952
"2022-12-11","North West",47470.033
"2022-12-12","London",94495.08
"2022-12-12","South East",108899.651
"2022-12-12","South West",142355.482
"2022-12-12","Midlands",61391.89
"2022-12-12","North East and Yorkshire",85873.162
"2022-12-12","East of England",81264.779
"2022-12-12","North West",68651.562
"2022-12-13","London",25428.403
"2022-12-13","South East",33466.806
"2022-12-13","South West",70095.596
"2022-12-13","Midlands",91045.944
"2022-12-13","North East and Yorkshire",136472.749
"2022-12-13","East of England",45513.974
"2022-12-13","North West",127138.536
"2022-12-14","London",209344.469
"2022-12-14","South East",214938.586
"2022-12-14","South West",208810.868
"2022-12-14","Midlands",199843.238
"2022-12-14","North East and Yorkshire",166743.525
"2022-12-14","East of England",207151.999
"2022-12-14","North West",185927.413
"2022-12-15","London",113630.617
"2022-12-15","South East",107716.838
"2022-12-15","South West",131643.444
"2022-12-15","Midlands",192693.005
"2022-12-15","North East and Yorkshire",165017.995
"2022-12-15","East of England",150199.961
"2022-12-15","North West",171626.288
"2022-12-16","London",197997.292
"2022-12-16","South East",209858.114
"2022-12-16","South West",206288.645
"2022-12-16","Midlands",162994.512
"2022-12-16","North East and Yorkshire",159735.488
"2022-12-16","East of England",193846.227
"2022-12-16","North West",138180.472
"2022-12-17","London",17691.261
"2022-12-17","South East",22951.982
"2022-12-17","South West",25671.199
"2022-12-17","Midlands",22558.409
"2022-12-17","North East and Yorkshire",21161.327
"2022-12-17","East of England",20233.299
"2022-12-17","North West",26313.975
"2022-12-18","London",94820.485
"2022-12-18","South East",87384.811
"2022-12-18","South West",25043.334
"2022-12-18","Midlands",55330.098
"2022-12-18","North East and Yorkshire",64986.938
"2022-12-18","East of England",82691.521
"2022-12-18","North West",61283.769
"2022-12-19","London",178730.235
"2022-12-19","South East",182616.44
"2022-12-19","South West",191836.094
"2022-12-19","Midlands",161282.975
"2022-12-19","North East and Yorkshire",134582.461
"2022-12-19","East of England",161703.523
"2022-12-19","North West",126286.768
"2022-12-20","London",173153.796
"2022-12-20","South East",160101.287
"2022-12-20","South West",175029.552
"2022-12-20","Midlands",161510.012
"2022-12-20","North East and Yorkshire",162467.898
"2022-12-20","East of England",187452.17
"2022-12-20","North West",146203.408
"2022-12-21","London",201287.854
"2022-12-21","South East",203689.599
"2022-12-21","South West",163064.859
"2022-12-21","Midlands",153694.039
"2022-12-21","North East and Yorkshire",152923.917
"2022-12-21","East of England",163680.681
"2022-12-21","North West",135153.314
"2022-12-22","London",203910.138
"2022-12-22","South East",204869.825
"2022-12-22","South West",205288.441
"2022-12-22","Midlands",182642.101
"2022-12-22","North East and Yorkshire",155970.797
"2022-12-22","East of England",194641.646
"2022-12-22","North West",151305.331
"2022-12-23","London",216968.643
"2022-12-23","South East",222174.686
"2022-12-23","South West",216356.855
"2022-12-23","Midlands",197401.672
"2022-12-23","North East and Yorkshire",162266.63
"2022-12-23","East of England",197748.472
"2022-12-23","North West",183514.276
"2022-12-24","London",197680.362
"2022-12-24","South East",198552.003
"2022-12-24","South West",185846.111
"2022-12-24","Midlands",174153.776
"2022-12-24","North East and Yorkshire",164383.191
"2022-12-24","East of England",178528.194
"2022-12-24","North West",164697.319
"2022-12-25","London",131389.024
"2022-12-25","South East",155062.783
"2022-12-25","South West",147021.08
"2022-12-25","Midlands",146624.912
"2022-12-25","North East and Yorkshire",99217.931
"2022-12-25","East of England",130923.196
"2022-12-25","North West",78898.201
"2022-12-26","London",169285.352
"2022-12-26","South East",174930.886
"2022-12-26","South West",179439.983
"2022-12-26","Midlands",146635.283
"2022-12-26","North East and Yorkshire",94642.622
"2022-12-26","East of England",144511.267
"2022-12-26","North West",61384.403
"2022-12-27","London",17504.562
"2022-12-27","South East",21282.693
"2022-12-27","South West",28806.747
"2022-12-27","Midlands",15346.768
"2022-12-27","North East and Yorkshire",10664.448
"2022-12-27","East of England",18668.435
"2022-12-27","North West",15023.975
"2022-12-28","London",155555.206
"2022-12-28","South East",153133.183
"2022-12-28","South West",97698.835
"2022-12-28","Midlands",107679.125
"2022-12-28","North East and Yorkshire",94619.233
"2022-12-28","East of England",149809.881
"2022-12-28","North West",79637.431
"2022-12-29","London",22378.727
"2022-12-29","South East",24313.978
"2022-12-29","South West",49559.942
"2022-12-29","Midlands",61960.473
"2022-12-29","North East and Yorkshire",72097.94
"2022-12-29","East of England",29230.952
"2022-12-29","North West",84690.61
"2022-12-30","London",182628.065
"2022-12-30","South East",183208.132
"2022-12-30","South West",173388.078
"2022-12-30","Midlands",147544.391
"2022-12-30","North East and Yorkshire",98172.07
"2022-12-30","East of England",156252.518
"2022-12-30","North West",80963.205
"2022-12-31","London",25003.003
"2022-12-31","South East",34566.813
"2022-12-31","South West",65118.631
"2022-12-31","Midlands",50552.65
"2022-12-31","North East and Yorkshire",84321.846
"2022-12-31","East of England",27455.447
"2022-12-31","North West",69855.534
"2023-01-01","London",179937.289
"2023-01-01","South East",178043.479
"2023-01-01","South West",159315.544
"2023-01-01","Midlands",91958.081
"2023-01-01","North East and Yorkshire",130480.678
"2023-01-01","East of England",123137.139
"2023-01-01","North West",106384.991
"2023-01-02","London",130925.188
"2023-01-02","South East",133643.351
"2023-01-02","South West",178532.459
"2023-01-02","Midlands",138535.554
"2023-01-02","North East and Yorkshire",134630.185
"2023-01-02","East of England",105431.316
"2023-01-02","North West",158830.206
"2023-01-03","London",222926.876
"2023-01-03","South East",229469.279
"2023-01-03","South West",201455.248
"2023-01-03","Midlands",194095.657
"2023-01-03","North East and Yorkshire",124374.2
"2023-01-03","East of England",216602.022
"2023-01-03","North West",114787.512
"2023-01-04","London",237580.399
"2023-01-04","South East",236992.147
"2023-01-04","South West",222637.157
"2023-01-04","Midlands",196035.109
"2023-01-04","North East and Yorkshire",144648.679
"2023-01-04","East of England",225534.206
"2023-01-04","North West",137699.06
"2023-01-05","London",46266.161
"2023-01-05","South East",43414.155
"2023-01-05","South West",48543.775
"2023-01-05","Midlands",57557.679
"2023-01-05","North East and Yorkshire",67526.817
"2023-01-05","East of England",57568.383
"2023-01-05","North West",71392.64
"2023-01-06","London",71351.607
"2023-01-06","South East",73974.543
"2023-01-06","South West",59035.432
"2023-01-06","Midlands",49351.019
"2023-01-06","North East and Yorkshire",49082.745
"2023-01-06","East of England",82827.778
"2023-01-06","North West",47515.836
"2023-01-07","London",205357.453
"2023-01-07","South East",220968.948
"2023-01-07","South West",224854.122
"2023-01-07","Midlands",230679.479
"2023-01-07","North East and Yorkshire",173827.817
"2023-01-07","East of England",215452.397
"2023-01-07","North West",173868.7
"2023-01-08","London",136520.507
"2023-01-08","South East",140863.815
"2023-01-08","South West",148021.743
"2023-01-08","Midlands",145955.841
"2023-01-08","North East and Yorkshire",89541.973
"2023-01-08","East of England",122353.046
"2023-01-08","North West",147756.052
"2023-01-09","London",190577.372
"2023-01-09","South East",163424.637
"2023-01-09","South West",112515.929
"2023-01-09","Midlands",172084.689
"2023-01-09","North East and Yorkshire",212253.213
"2023-01-09","East of England",191745.942
"2023-01-09","North West",191290.716
"2023-01-10","London",56080.071
"2023-01-10","South East",50331.348
"2023-01-10","South West",37904.714
"2023-01-10","Midlands",45524.274
"2023-01-10","North East and Yorkshire",52777.746
"2023-01-10","East of England",58004.091
"2023-01-10","North West",34102.383
"2023-01-11","London",83747.71
"2023-01-11","South East",95182.17
"2023-01-11","South West",169674.141
"2023-01-11","Midlands",143782.071
"2023-01-11","North East and Yorkshire",134088.15
"2023-01-11","East of England",82483.943
"2023-01-11","North West",152652.489
"2023-01-12","London",144759.143
"2023-01-12","South East",139168.714
"2023-01-12","South West",61738.451
"2023-01-12","Midlands",97226.189
"2023-01-12","North East and Yorkshire",95757.065
"2023-01-12","East of England",140762.848
"2023-01-12","North West",66438.776
"2023-01-13","London",176637.833
"2023-01-13","South East",174911.129
"2023-01-13","South West",150646.733
"2023-01-13","Midlands",96420.465
"2023-01-13","North East and Yorkshire",55605.947
"2023-01-13","East of England",149852.066
"2023-01-13","North West",62677.849
"2023-01-14","London",209725.421
"2023-01-14","South East",214999.569
"2023-01-14","South West",200027.628
"2023-01-14","Midlands",183668.148
"2023-01-14","North East and Yorkshire",161416.154
"2023-01-14","East of England",197917.702
"2023-01-14","North West",164851.054
"2023-01-15","London",212397.439
"2023-01-15","South East",216692.78
"2023-01-15","South West",221284.579
"2023-01-15","Midlands",190980.159
"2023-01-15","North East and Yorkshire",150030.455
"2023-01-15","East of England",197215.492
"2023-01-15","North West",156701.882
"2023-01-16","London",199860.342
"2023-01-16","South East",209083.357
"2023-01-16","South West",216467.39
"2023-01-16","Midlands",190062.856
"2023-01-16","North East and Yorkshire",139363.059
"2023-01-16","East of England",178899.629
"2023-01-16","North West",159452.813
"2023-01-17","London",119974.049
"2023-01-17","South East",127461.634
"2023-01-17","South West",104013.781
"2023-01-17","Midlands",95916.082
"2023-01-17","North East and Yorkshire",54288.731
"2023-01-17","East of England",110533.582
"2023-01-17","North West",58109.572
"2023-01-18","London",135490.028
"2023-01-18","South East",149998.785
"2023-01-18","South West",159951.782
"2023-01-18","Midlands",92058.459
"2023-01-18","North East and Yorkshire",96555.924
"2023-01-18","East of England",121563.776
"2023-01-18","North West",79119.795
"2023-01-19","London",21582.898
"2023-01-19","South East",24437.9
"2023-01-19","South West",54877.058
"2023-01-19","Midlands",20951.733
"2023-01-19","North East and Yorkshire",29285.686
"2023-01-19","East of England",28655.048
"2023-01-19","North West",22095.971
"2023-01-20","London",81184.154
"2023-01-20","South East",101654.763
"2023-01-20","South West",59983.136
"2023-01-20","Midlands",63618.038
"2023-01-20","North East and Yorkshire",55183.456
"2023-01-20","East of England",67353.421
"2023-01-20","North West",45242.091
"2023-01-21","London",85624.689
"2023-01-21","South East",89227.701
"2023-01-21","South West",92965.927
"2023-01-21","Midlands",69486.112
"2023-01-21","North East and Yorkshire",60111.324
"2023-01-21","East of England",78520.2
"2023-01-21","North West",74232.704
"2023-01-22","London",125210.618
"2023-01-22","South East",132621.254
"2023-01-22","South West",102983.633
"2023-01-22","Midlands",87301.747
"2023-01-22","North East and Yorkshire",69219.015
"2023-01-22","East of England",110349.935
"2023-01-22","North West",71210.754
"2023-01-23","London",124230.254
"2023-01-23","South East",135618.846
"2023-01-23","South West",137658.444
"2023-01-23","Midlands",126198.434
"2023-01-23","North East and Yorkshire",94076.369
"2023-01-23","East of England",127389.985
"2023-01-23","North West",113883.526
"2023-01-24","London",304458.969
"2023-01-24","South East",274278.755
"2023-01-24","South West",216038.416
"2023-01-24","Midlands",264141.411
"2023-01-24","North East and Yorkshire",259146.135
"2023-01-24","East of England",294657.262
"2023-01-24","North West",263057.076
"2023-01-25","London",324950.309
"2023-01-25","South East",299521.773
"2023-01-25","South West",241570.898
"2023-01-25","Midlands",274026.913
"2023-01-25","North East and Yorkshire",271891.072
"2023-01-25","East of England",319330.564
"2023-01-25","North West",296507.349
"2023-01-26","London",298982.176
"2023-01-26","South East",259780.522
"2023-01-26","South West",199883.625
"2023-01-26","Midlands",269137.415
"2023-01-26","North East and Yorkshire",296681.405
"2023-01-26","East of England",317370.322
"2023-01-26","North West",286912.467
"2023-01-27","London",318785.721
"2023-01-27","South East",331643.841
"2023-01-27","South West",273574.554
"2023-01-27","Midlands",266536.548
"2023-01-27","North East and Yorkshire",255276.646
"2023-01-27","East of England",276246.607
"2023-01-27","North West",276992.735
"2023-01-28","London",297815.333
"2023-01-28","South East",264180.012
"2023-01-28","South West",115713.181
"2023-01-28","Midlands",197726.18
"2023-01-28","North East and Yorkshire",227074.147
"2023-01-28","East of England",314590.253
"2023-01-28","North West",158710.829
"2023-01-29","London",224246.329
"2023-01-29","South East",179091.085
"2023-01-29","South West",57665.944
"2023-01-29","Midlands",75133.686
"2023-01-29","North East and Yorkshire",87965.405
"2023-01-29","East of England",215728.158
"2023-01-29","North West",77849.24
"2023-01-30","London",192450.792
"2023-01-30","South East",191880.03
"2023-01-30","South West",242729.693
"2023-01-30","Midlands",204945.098
"2023-01-30","North East and Yorkshire",174202.208
"2023-01-30","East of England",186462.753
"2023-01-30","North West",174848.708
"2023-01-31","London",366673.718
"2023-01-31","South East",366870.009
"2023-01-31","South West",352841.053
"2023-01-31","Midlands",336707.817
"2023-01-31","North East and Yorkshire",305605.503
"2023-01-31","East of England",343032.139
"2023-01-31","North West",298032.096
"2023-02-01","London",339357.537
"2023-02-01","South East",344420.225
"2023-02-01","South West",254291.896
"2023-02-01","Midlands",259787.228
"2023-02-01","North East and Yorkshire",236849.054
"2023-02-01","East of England",313802.287
"2023-02-01","North West",196342.466
"2023-02-02","London",61880.642
"2023-02-02","South East",67566.244
"2023-02-02","South West",102865.612
"2023-02-02","Midlands",89100.942
"2023-02-02","North East and Yorkshire",83050.518
"2023-02-02","East of England",63869.078
"2023-02-02","North West",89722.885
"2023-02-03","London",146822.11
"2023-02-03","South East",144048.329
"2023-02-03","South West",122584.628
"2023-02-03","Midlands",202036.31
"2023-02-03","North East and Yorkshire",271286.933
"2023-02-03","East of England",171133.678
"2023-02-03","North West",239248.132
"2023-02-04","London",118730.054
"2023-02-04","South East",117662.182
"2023-02-04","South West",119910.701
"2023-02-04","Midlands",161824.195
"2023-02-04","North East and Yorkshire",141554.065
"2023-02-04","East of England",142947.083
"2023-02-04","North West",158747.237
"2023-02-05","London",317335.283
"2023-02-05","South East",341819.196
"2023-02-05","South West",307054.508
"2023-02-05","Midlands",292600.184
"2023-02-05","North East and Yorkshire",216528.193
"2023-02-05","East of England",286196.459
"2023-02-05","North West",215878.41
"2023-02-06","London",221134.42
"2023-02-06","South East",209668.864
"2023-02-06","South West",179567.572
"2023-02-06","Midlands",183697.095
"2023-02-06","North East and Yorkshire",138343.536
"2023-02-06","East of England",266707.962
"2023-02-06","North West",106885.991
"2023-02-07","London",199565.374
"2023-02-07","South East",201093.643
"2023-02-07","South West",191577.733
"2023-02-07","Midlands",153751.663
"2023-02-07","North East and Yorkshire",88280.064
"2023-02-07","East of England",187912.743
"2023-02-07","North West",62668.854
"2023-02-08","London",91374.484
"2023-02-08","South East",86984.614
"2023-02-08","South West",120995.586
"2023-02-08","Midlands",163907.321
"2023-02-08","North East and Yorkshire",164063.278
"2023-02-08","East of England",101438.387
"2023-02-08","North West",165592.185
"2023-02-09","London",213642.068
"2023-02-09","South East",219964.787
"2023-02-09","South West",219902.293
"2023-02-09","Midlands",192736.055
"2023-02-09","North East and Yorkshire",161488.17
"2023-02-09","East of England",195582.624
"2023-02-09","North West",179823.329
"2023-02-10","London",214031.034
"2023-02-10","South East",218682.546
"2023-02-10","South West",222371.932
"2023-02-10","Midlands",192960.255
"2023-02-10","North East and Yorkshire",141738.09
"2023-02-10","East of England",203277.305
"2023-02-10","North West",158913.895
"2023-02-11","London",150228.804
"2023-02-11","South East",153071.35
"2023-02-11","South West",114989.128
"2023-02-11","Midlands",96383.351
"2023-02-11","North East and Yorkshire",70499.869
"2023-02-11","East of England",145593.729
"2023-02-11","North West",60193.232
"2023-02-12","London",139779.253
"2023-02-12","South East",129421.454
"2023-02-12","South West",113043.673
"2023-02-12","Midlands",88924.662
"2023-02-12","North East and Yorkshire",61469.108
"2023-02-12","East of England",124539.843
"2023-02-12","North West",28861.606
"2023-02-13","London",184408.219
"2023-02-13","South East",192049.246
"2023-02-13","South West",185718.719
"2023-02-13","Midlands",174240.545
"2023-02-13","North East and Yorkshire",149980.362
"2023-02-13","East of England",191288.286
"2023-02-13","North West",152802.87
"2023-02-14","London",99592.984
"2023-02-14","South East",115291.944
"2023-02-14","South West",101521.859
"2023-02-14","Midlands",143576.334
"2023-02-14","North East and Yorkshire",152779.585
"2023-02-14","East of England",128611.771
"2023-02-14","North West",152649.219
"2023-02-15","London",96585.136
"2023-02-15","South East",98222.225
"2023-02-15","South West",104092.032
"2023-02-15","Midlands",122241.432
"2023-02-15","North East and Yorkshire",150080.56
"2023-02-15","East of England",102003.319
"2023-02-15","North West",140062.587
"2023-02-16","London",214990.885
"2023-02-16","South East",218485.318
"2023-02-16","South West",204367.006
"2023-02-16","Midlands",195420.805
"2023-02-16","North East and Yorkshire",165141.193
"2023-02-16","East of England",190319.435
"2023-02-16","North West",184131.172
"2023-02-17","London",210346.256
"2023-02-17","South East",214995.275
"2023-02-17","South West",216755.451
"2023-02-17","Midlands",165523.739
"2023-02-17","North East and Yorkshire",152566.947
"2023-02-17","East of England",194917.885
"2023-02-17","North West",136324.022
"2023-02-18","London",182670.224
"2023-02-18","South East",203322.048
"2023-02-18","South West",188649.506
"2023-02-18","Midlands",126547.413
"2023-02-18","North East and Yorkshire",85282.901
"2023-02-18","East of England",167452.093
"2023-02-18","North West",73624.057
"2023-02-19","London",95588.091
"2023-02-19","South East",109422.259
"2023-02-19","South West",141387.601
"2023-02-19","Midlands",121120.325
"2023-02-19","North East and Yorkshire",100767.094
"2023-02-19","East of England",96978.066
"2023-02-19","North West",105472.063
"2023-02-20","London",113846.457
"2023-02-20","South East",114749.525
"2023-02-20","South West",108381.371
"2023-02-20","Midlands",150171.457
"2023-02-20","North East and Yorkshire",160945.182
"2023-02-20","East of England",113951.211
"2023-02-20","North West",173459.01
"2023-02-21","London",454349.196
"2023-02-21","South East",420857.696
"2023-02-21","South West",328325.87
"2023-02-21","Midlands",432145.734
"2023-02-21","North East and Yorkshire",345850.277
"2023-02-21","East of England",466134.66
"2023-02-21","North West",412110.104
"2023-02-22","London",201012.806
"2023-02-22","South East",186260.923
"2023-02-22","South West",251085.942
"2023-02-22","Midlands",248935.839
"2023-02-22","North East and Yorkshire",206076.352
"2023-02-22","East of England",237192.929
"2023-02-22","North West",221314.981
"2023-02-23","London",399925.699
"2023-02-23","South East",420984.879
"2023-02-23","South West",413530.004
"2023-02-23","Midlands",200196.518
"2023-02-23","North East and Yorkshire",138622.618
"2023-02-23","East of England",387562.302
"2023-02-23","North West",121699.009
"2023-02-24","London",329165.415
"2023-02-24","South East",322531.18
"2023-02-24","South West",229245.103
"2023-02-24","Midlands",251021.221
"2023-02-24","North East and Yorkshire",252838.164
"2023-02-24","East of England",326526.233
"2023-02-24","North West",189573.531
"2023-02-25","London",421072.393
"2023-02-25","South East",410522.368
"2023-02-25","South West",404795.509
"2023-02-25","Midlands",453367.635
"2023-02-25","North East and Yorkshire",373864.576
"2023-02-25","East of England",454091.638
"2023-02-25","North West",354446.822
"2023-02-26","London",443719.655
"2023-02-26","South East",486118.215
"2023-02-26","South West",530536.342
"2023-02-26","Midlands",345034.275
"2023-02-26","North East and Yorkshire",229911.948
"2023-02-26","East of England",314962.136
"2023-02-26","North West",296636.345
"2023-02-27","London",517282.121
"2023-02-27","South East",533611.264
"2023-02-27","South West",461917.585
"2023-02-27","Midlands",494991.769
"2023-02-27","North East and Yorkshire",490270.031
"2023-02-27","East of England",524652.999
"2023-02-27","North West",435748.573
"2023-02-28","London",184792.344
"2023-02-28","South East",206023.323
"2023-02-28","South West",224171.673
"2023-02-28","Midlands",139543.753
"2023-02-28","North East and Yorkshire",179074.19
"2023-02-28","East of England",160619.07
"2023-02-28","North West",156176.178
"2023-03-01","London",229374.83
"2023-03-01","South East",226213.753
"2023-03-01","South West",237776.107
"2023-03-01","Midlands",192489.587
"2023-03-01","North East and Yorkshire",158202.426
"2023-03-01","East of England",216684.223
"2023-03-01","North West",130540.968
"2023-03-02","London",223028.361
"2023-03-02","South East",245015.421
"2023-03-02","South West",249009.285
"2023-03-02","Midlands",237943.715
"2023-03-02","North East and Yorkshire",205432.395
"2023-03-02","East of England",257857.15
"2023-03-02","North West",216852.837
"2023-03-03","London",299030.283
"2023-03-03","South East",293517.219
"2023-03-03","South West",235337.194
"2023-03-03","Midlands",262649.448
"2023-03-03","North East and Yorkshire",230315.033
"2023-03-03","East of England",296490.758
"2023-03-03","North West",242653.258
"2023-03-04","London",211421.206
"2023-03-04","South East",218616.612
"2023-03-04","South West",265445.713
"2023-03-04","Midlands",224670.398
"2023-03-04","North East and Yorkshire",230441.074
"2023-03-04","East of England",196467.883
"2023-03-04","North West",243397.787
"2023-03-05","London",38445.033
"2023-03-05","South East",45870.2
"2023-03-05","South West",56879.193
"2023-03-05","Midlands",67223.287
"2023-03-05","North East and Yorkshire",88255.186
"2023-03-05","East of England",53348.133
"2023-03-05","North West",100959.954
"2023-03-06","London",256892.934
"2023-03-06","South East",249512.953
"2023-03-06","South West",231717.245
"2023-03-06","Midlands",215613.42
"2023-03-06","North East and Yorkshire",201842.851
"2023-03-06","East of England",256839.159
"2023-03-06","North West",182820.624
"2023-03-07","London",549538.029
"2023-03-07","South East",603465.895
"2023-03-07","South West",642873.51
"2023-03-07","Midlands",448195.724
"2023-03-07","North East and Yorkshire",462274.172
"2023-03-07","East of England",521365.913
"2023-03-07","North West",510047.219
"2023-03-08","London",432306.115
"2023-03-08","South East",494927.841
"2023-03-08","South West",646764.357
"2023-03-08","Midlands",513206.725
"2023-03-08","North East and Yorkshire",472379.989
"2023-03-08","East of England",434951.449
"2023-03-08","North West",493816.285
"2023-03-09","London",519355.189
"2023-03-09","South East",515677.075
"2023-03-09","South West",611947.17
"2023-03-09","Midlands",683182.903
"2023-03-09","North East and Yorkshire",614504.952
"2023-03-09","East of England",535893.763
"2023-03-09","North West",612178.161
"2023-03-10","London",733691.044
"2023-03-10","South East",753517.846
"2023-03-10","South West",650629.5
"2023-03-10","Midlands",715683.152
"2023-03-10","North East and Yorkshire",701102.95
"2023-03-10","East of England",738096.767
"2023-03-10","North West",685752.267
"2023-03-11","London",629279.586
"2023-03-11","South East",683289.964
"2023-03-11","South West",686073.696
"2023-03-11","Midlands",608931.566
"2023-03-11","North East and Yorkshire",522895.001
"2023-03-11","East of England",650617.973
"2023-03-11","North West",476316.949
"2023-03-12","London",517765.804
"2023-03-12","South East",539454.855
"2023-03-12","South West",464049.482
"2023-03-12","Midlands",429035.712
"2023-03-12","North East and Yorkshire",537154.783
"2023-03-12","East of England",533400.126
"2023-03-12","North West",493520.766
"2023-03-13","London",748221.347
"2023-03-13","South East",754944.242
"2023-03-13","South West",747640.919
"2023-03-13","Midlands",514930.742
"2023-03-13","North East and Yorkshire",431956.941
"2023-03-13","East of England",743387.467
"2023-03-13","North West",368444.826
"2023-03-14","London",377524.657
"2023-03-14","South East",366224.43
"2023-03-14","South West",234069.832
"2023-03-14","Midlands",210903.021
"2023-03-14","North East and Yorkshire",220839.793
"2023-03-14","East of England",401023.25
"2023-03-14","North West",204500.3
"2023-03-15","London",237015.504
"2023-03-15","South East",278985.637
"2023-03-15","South West",189372.359
"2023-03-15","Midlands",69198.832
"2023-03-15","North East and Yorkshire",181309.843
"2023-03-15","East of England",198180.801
"2023-03-15","North West",181755.324
"2023-03-16","London",111279.729
"2023-03-16","South East",164056.106
"2023-03-16","South West",158575.004
"2023-03-16","Midlands",176166.575
"2023-03-16","North East and Yorkshire",437752.217
"2023-03-16","East of England",120612.085
"2023-03-16","North West",452642.732
"2023-03-17","London",268852.446
"2023-03-17","South East",238469.949
"2023-03-17","South West",371577.838
"2023-03-17","Midlands",450517.402
"2023-03-17","North East and Yorkshire",544415.306
"2023-03-17","East of England",387555.472
"2023-03-17","North West",548382.354
"2023-03-18","London",688561.522
"2023-03-18","South East",674191.529
"2023-03-18","South West",599157.05
"2023-03-18","Midlands",671587.701
"2023-03-18","North East and Yorkshire",606635.208
"2023-03-18","East of England",685204.41
"2023-03-18","North West",639386.959
"2023-03-19","London",716207.064
"2023-03-19","South East",721025.363
"2023-03-19","South West",686201.195
"2023-03-19","Midlands",701674.524
"2023-03-19","North East and Yorkshire",632044.988
"2023-03-19","East of England",708738.155
"2023-03-19","North West",681047.951
"2023-03-20","London",746803.568
"2023-03-20","South East",751708.343
"2023-03-20","South West",725626.182
"2023-03-20","Midlands",718931.203
"2023-03-20","North East and Yorkshire",654402.781
"2023-03-20","East of England",731725.529
"2023-03-20","North West",685136.268
"2023-03-21","London",454349.196
"2023-03-21","South East",420857.696
"2023-03-21","South West",328325.87
"2023-03-21","Midlands",432145.734
"2023-03-21","North East and Yorkshire",345850.277
"2023-03-21","East of England",466134.66
"2023-03-21","North West",412110.104
"2023-03-22","London",201012.806
"2023-03-22","South East",186260.923
"2023-03-22","South West",251085.942
"2023-03-22","Midlands",248935.839
"2023-03-22","North East and Yorkshire",206076.352
"2023-03-22","East of England",237192.929
"2023-03-22","North West",221314.981
"2023-03-23","London",399925.699
"2023-03-23","South East",420984.879
"2023-03-23","South West",413530.004
"2023-03-23","Midlands",200196.518
"2023-03-23","North East and Yorkshire",138622.618
"2023-03-23","East of England",387562.302
"2023-03-23","North West",121699.009
"2023-03-24","London",329165.415
"2023-03-24","South East",322531.18
"2023-03-24","South West",229245.103
"2023-03-24","Midlands",251021.221
"2023-03-24","North East and Yorkshire",252838.164
"2023-03-24","East of England",326526.233
"2023-03-24","North West",189573.531
"2023-03-25","London",421072.393
"2023-03-25","South East",410522.368
"2023-03-25","South West",404795.509
"2023-03-25","Midlands",453367.635
"2023-03-25","North East and Yorkshire",373864.576
"2023-03-25","East of England",454091.638
"2023-03-25","North West",354446.822
"2023-03-26","London",443719.655
"2023-03-26","South East",486118.215
"2023-03-26","South West",530536.342
"2023-03-26","Midlands",345034.275
"2023-03-26","North East and Yorkshire",229911.948
"2023-03-26","East of England",314962.136
"2023-03-26","North West",296636.345
"2023-03-27","London",517282.121
"2023-03-27","South East",533611.264
"2023-03-27","South West",461917.585
"2023-03-27","Midlands",494991.769
"2023-03-27","North East and Yorkshire",490270.031
"2023-03-27","East of England",524652.999
"2023-03-27","North West",435748.573
"2023-03-28","London",189200.682
"2023-03-28","South East",210009.046
"2023-03-28","South West",329235.238
"2023-03-28","Midlands",394744.28
"2023-03-28","North East and Yorkshire",449170.484
"2023-03-28","East of England",269745.955
"2023-03-28","North West",493450.883
"2023-03-29","London",331800.117
"2023-03-29","South East",365173.341
"2023-03-29","South West",282094.341
"2023-03-29","Midlands",211285.039
"2023-03-29","North East and Yorkshire",153064.65
"2023-03-29","East of England",282709.23
"2023-03-29","North West",203120.467
"2023-03-30","London",223719.577
"2023-03-30","South East",258358.645
"2023-03-30","South West",299286.948
"2023-03-30","Midlands",251821.876
"2023-03-30","North East and Yorkshire",207481.269
"2023-03-30","East of England",246732.74
"2023-03-30","North West",193184.63
"2023-03-31","London",175044.873
"2023-03-31","South East",190281.309
"2023-03-31","South West",384062.009
"2023-03-31","Midlands",479451.569
"2023-03-31","North East and Yorkshire",597074.599
"2023-03-31","East of England",240941.974
"2023-03-31","North West",578370.596
"2023-04-01","London",591453.591
"2023-04-01","South East",578943.956
"2023-04-01","South West",570189.216
"2023-04-01","Midlands",572694.937
"2023-04-01","North East and Yorkshire",509100.368
"2023-04-01","East of England",610256.53
"2023-04-01","North West",430897.243
"2023-04-02","London",466749.014
"2023-04-02","South East",514533.761
"2023-04-02","South West",513085.314
"2023-04-02","Midlands",515349.323
"2023-04-02","North East and Yorkshire",565770.147
"2023-04-02","East of England",485298.826
"2023-04-02","North West",588689.908
"2023-04-03","London",300522.961
"2023-04-03","South East",311797.364
"2023-04-03","South West",210251.417
"2023-04-03","Midlands",195261.266
"2023-04-03","North East and Yorkshire",173743.425
"2023-04-03","East of England",370360.56
"2023-04-03","North West",117472.4
"2023-04-04","London",853897.441
"2023-04-04","South East",916504.657
"2023-04-04","South West",473990.644
"2023-04-04","Midlands",890882.161
"2023-04-04","North East and Yorkshire",924803.762
"2023-04-04","East of England",785944.17
"2023-04-04","North West",725584.024
"2023-04-05","London",720013.872
"2023-04-05","South East",633612.48
"2023-04-05","South West",483984.011
"2023-04-05","Midlands",542513.351
"2023-04-05","North East and Yorkshire",628772.875
"2023-04-05","East of England",759806.825
"2023-04-05","North West",642740.276
"2023-04-06","London",440364.546
"2023-04-06","South East",402557.308
"2023-04-06","South West",283043.174
"2023-04-06","Midlands",648338.363
"2023-04-06","North East and Yorkshire",880566.349
"2023-04-06","East of England",740542.895
"2023-04-06","North West",833050.375
"2023-04-07","London",256334.102
"2023-04-07","South East",365974.679
"2023-04-07","South West",457962.386
"2023-04-07","Midlands",214215.813
"2023-04-07","North East and Yorkshire",517836.557
"2023-04-07","East of England",222831.047
"2023-04-07","North West",349388.361
"2023-04-08","London",842848.509
"2023-04-08","South East",881507.719
"2023-04-08","South West",871460.678
"2023-04-08","Midlands",616229.551
"2023-04-08","North East and Yorkshire",219471.076
"2023-04-08","East of England",843921.833
"2023-04-08","North West",179274.816
"2023-04-09","London",620643.568
"2023-04-09","South East",577397.4
"2023-04-09","South West",418026.253
"2023-04-09","Midlands",792634.342
"2023-04-09","North East and Yorkshire",489327.727
"2023-04-09","East of England",804454.621
"2023-04-09","North West",739591.587
"2023-04-10","London",332238.176
"2023-04-10","South East",366805.897
"2023-04-10","South West",736052.804
"2023-04-10","Midlands",794942.945
"2023-04-10","North East and Yorkshire",695737.151
"2023-04-10","East of England",620888.353
"2023-04-10","North West",696027.008
"2023-04-11","London",720588.962
"2023-04-11","South East",737505.317
"2023-04-11","South West",749233.68
"2023-04-11","Midlands",761308.918
"2023-04-11","North East and Yorkshire",770558.642
"2023-04-11","East of England",764187.716
"2023-04-11","North West",770272.048
"2023-04-12","London",551712.605
"2023-04-12","South East",549845.872
"2023-04-12","South West",490872.446
"2023-04-12","Midlands",575519.015
"2023-04-12","North East and Yorkshire",602963.162
"2023-04-12","East of England",655376.317
"2023-04-12","North West",612433.183
"2023-04-13","London",353692.351
"2023-04-13","South East",462518.447
"2023-04-13","South West",468267.81
"2023-04-13","Midlands",401685.992
"2023-04-13","North East and Yorkshire",383517.734
"2023-04-13","East of England",416844.282
"2023-04-13","North West",375440.618
"2023-04-14","London",546244.854
"2023-04-14","South East",568721.523
"2023-04-14","South West",567600.266
"2023-04-14","Midlands",396631.072
"2023-04-14","North East and Yorkshire",728306.265
"2023-04-14","East of England",505996.226
"2023-04-14","North West",749051.371
"2023-04-15","London",442347.947
"2023-04-15","South East",402682.822
"2023-04-15","South West",640138.788
"2023-04-15","Midlands",663519.819
"2023-04-15","North East and Yorkshire",710443.141
"2023-04-15","East of England",517155.378
"2023-04-15","North West",741708.19
"2023-04-16","London",822448.456
"2023-04-16","South East",823484.323
"2023-04-16","South West",819393.524
"2023-04-16","Midlands",824823.227
"2023-04-16","North East and Yorkshire",798313.107
"2023-04-16","East of England",801977.146
"2023-04-16","North West",841478.414
"2023-04-17","London",697327.409
"2023-04-17","South East",709393.967
"2023-04-17","South West",718372.628
"2023-04-17","Midlands",802503.268
"2023-04-17","North East and Yorkshire",842671.878
"2023-04-17","East of England",819588.965
"2023-04-17","North West",845756.386
"2023-04-18","London",715896.914
"2023-04-18","South East",807191.606
"2023-04-18","South West",853962.514
"2023-04-18","Midlands",607837.958
"2023-04-18","North East and Yorkshire",498547.053
"2023-04-18","East of England",737744.621
"2023-04-18","North West",644993.955
"2023-04-19","London",512486.496
"2023-04-19","South East",604322.301
"2023-04-19","South West",636732.653
"2023-04-19","Midlands",632676.918
"2023-04-19","North East and Yorkshire",609873.694
"2023-04-19","East of England",574130.064
"2023-04-19","North West",768279.747
"2023-04-20","London",740538.198
"2023-04-20","South East",739131.013
"2023-04-20","South West",715139.521
"2023-04-20","Midlands",477424.802
"2023-04-20","North East and Yorkshire",500964.243
"2023-04-20","East of England",687738.209
"2023-04-20","North West",541399.356
"2023-04-21","London",618132.499
"2023-04-21","South East",678469.827
"2023-04-21","South West",724516.489
"2023-04-21","Midlands",751168.197
"2023-04-21","North East and Yorkshire",899400.757
"2023-04-21","East of England",633473.926
"2023-04-21","North West",879076.78
"2023-04-22","London",887060.04
"2023-04-22","South East",907614.538
"2023-04-22","South West",893397.875
"2023-04-22","Midlands",911244.4
"2023-04-22","North East and Yorkshire",802510.242
"2023-04-22","East of England",936481.506
"2023-04-22","North West",783529.256
"2023-04-23","London",422992.462
"2023-04-23","South East",373050.014
"2023-04-23","South West",243505.574
"2023-04-23","Midlands",290419.992
"2023-04-23","North East and Yorkshire",332594.97
"2023-04-23","East of England",448383.286
"2023-04-23","North West",297261.344
"2023-04-24","London",491616.224
"2023-04-24","South East",498974.383
"2023-04-24","South West",447108.843
"2023-04-24","Midlands",453290.678
"2023-04-24","North East and Yorkshire",409652.081
"2023-04-24","East of England",582587.7
"2023-04-24","North West",524770.223
"2023-04-25","London",931174.522
"2023-04-25","South East",897974.348
"2023-04-25","South West",880894.748
"2023-04-25","Midlands",894759.166
"2023-04-25","North East and Yorkshire",914324.468
"2023-04-25","East of England",946257.332
"2023-04-25","North West",887981.712
"2023-04-26","London",761070.718
"2023-04-26","South East",661315.764
"2023-04-26","South West",454221.128
"2023-04-26","Midlands",635073.075
"2023-04-26","North East and Yorkshire",726248.932
"2023-04-26","East of England",798827.761
"2023-04-26","North West",660930.426
"2023-04-27","London",733465.904
"2023-04-27","South East",761254.529
"2023-04-27","South West",772510.46
"2023-04-27","Midlands",690784.45
"2023-04-27","North East and Yorkshire",591372.312
"2023-04-27","East of England",657411.225
"2023-04-27","North West",638370.64
"2023-04-28","London",687369.902
"2023-04-28","South East",704375.059
"2023-04-28","South West",475772.51
"2023-04-28","Midlands",588069.09
"2023-04-28","North East and Yorkshire",650144.052
"2023-04-28","East of England",771973.805
"2023-04-28","North West",452425.984
"2023-04-29","London",718734.429
"2023-04-29","South East",787732.286
"2023-04-29","South West",840877.557
"2023-04-29","Midlands",451347.296
"2023-04-29","North East and Yorkshire",436726.248
"2023-04-29","East of England",578098.614
"2023-04-29","North West",353442.144
"2023-04-30","London",578323.45
"2023-04-30","South East",560210.339
"2023-04-30","South West",420674.696
"2023-04-30","Midlands",461417.619
"2023-04-30","North East and Yorkshire",619767.35
"2023-04-30","East of England",637618.048
"2023-04-30","North West",578658.482
"2023-05-01","London",412513.107
"2023-05-01","South East",594454.918
"2023-05-01","South West",487722.062
"2023-05-01","Midlands",510169.338
"2023-05-01","North East and Yorkshire",577588.753
"2023-05-01","East of England",542201.465
"2023-05-01","North West",735378.354
"2023-05-02","London",463974.386
"2023-05-02","South East",589896.66
"2023-05-02","South West",690726.478
"2023-05-02","Midlands",377123.292
"2023-05-02","North East and Yorkshire",300774.83
"2023-05-02","East of England",423969.857
"2023-05-02","North West",496288.123
"2023-05-03","London",677583.249
"2023-05-03","South East",709506.068
"2023-05-03","South West",680691.143
"2023-05-03","Midlands",617991.609
"2023-05-03","North East and Yorkshire",558270.672
"2023-05-03","East of England",629393.799
"2023-05-03","North West",526825.189
"2023-05-04","London",769808.473
"2023-05-04","South East",745796.495
"2023-05-04","South West",738962.286
"2023-05-04","Midlands",724839.274
"2023-05-04","North East and Yorkshire",705535.375
"2023-05-04","East of England",790279.408
"2023-05-04","North West",731449.296
"2023-05-05","London",967700.521
"2023-05-05","South East",962434.903
"2023-05-05","South West",703840.114
"2023-05-05","Midlands",606678.615
"2023-05-05","North East and Yorkshire",453027.395
"2023-05-05","East of England",915978.328
"2023-05-05","North West",453025.909
"2023-05-06","London",571908.746
"2023-05-06","South East",618757.515
"2023-05-06","South West",920038
"2023-05-06","Midlands",804185.263
"2023-05-06","North East and Yorkshire",719459.75
"2023-05-06","East of England",670344.008
"2023-05-06","North West",732618.493
"2023-05-07","London",972007.853
"2023-05-07","South East",912620.802
"2023-05-07","South West",772597.119
"2023-05-07","Midlands",553106.251
"2023-05-07","North East and Yorkshire",691482.599
"2023-05-07","East of England",891966.895
"2023-05-07","North West",556190.098
"2023-05-08","London",905310.433
"2023-05-08","South East",920404.848
"2023-05-08","South West",829820.455
"2023-05-08","Midlands",724415.713
"2023-05-08","North East and Yorkshire",619476.78
"2023-05-08","East of England",921614.385
"2023-05-08","North West",534802.985
"2023-05-09","London",202986.407
"2023-05-09","South East",228789.93
"2023-05-09","South West",246697.258
"2023-05-09","Midlands",304429.947
"2023-05-09","North East and Yorkshire",370798.56
"2023-05-09","East of England",313678.271
"2023-05-09","North West",354804.742
"2023-05-10","London",765850.535
"2023-05-10","South East",774776.635
"2023-05-10","South West",729642.95
"2023-05-10","Midlands",828702.525
"2023-05-10","North East and Yorkshire",854904.095
"2023-05-10","East of England",884067.48
"2023-05-10","North West",734332.674
"2023-05-11","London",664422.339
"2023-05-11","South East",753821.905
"2023-05-11","South West",920913.848
"2023-05-11","Midlands",697725.31
"2023-05-11","North East and Yorkshire",551645.998
"2023-05-11","East of England",620944.109
"2023-05-11","North West",760542.092
"2023-05-12","London",499514.734
"2023-05-12","South East",582754.389
"2023-05-12","South West",829578.417
"2023-05-12","Midlands",598394.507
"2023-05-12","North East and Yorkshire",759208.481
"2023-05-12","East of England",533418.142
"2023-05-12","North West",827240.006
"2023-05-13","London",602148.004
"2023-05-13","South East",678890.14
"2023-05-13","South West",788518.019
"2023-05-13","Midlands",599258.761
"2023-05-13","North East and Yorkshire",734914.915
"2023-05-13","East of England",644852.143
"2023-05-13","North West",686522.004
"2023-05-14","London",1127416.432
"2023-05-14","South East",1150937.542
"2023-05-14","South West",1199833.806
"2023-05-14","Midlands",1169600.196
"2023-05-14","North East and Yorkshire",1091418.099
"2023-05-14","East of England",1120417.768
"2023-05-14","North West",1076513.349
"2023-05-15","London",561080.86
"2023-05-15","South East",598602.049
"2023-05-15","South West",583134.688
"2023-05-15","Midlands",483589.721
"2023-05-15","North East and Yorkshire",528127.188
"2023-05-15","East of England",584190.87
"2023-05-15","North West",486361.816
"2023-05-16","London",271423.334
"2023-05-16","South East",412973.913
"2023-05-16","South West",821233.985
"2023-05-16","Midlands",524266.038
"2023-05-16","North East and Yorkshire",590378.269
"2023-05-16","East of England",352847.913
"2023-05-16","North West",775969.811
"2023-05-17","London",310333.198
"2023-05-17","South East",429453.318
"2023-05-17","South West",464097.918
"2023-05-17","Midlands",155482.435
"2023-05-17","North East and Yorkshire",138073.704
"2023-05-17","East of England",421125.631
"2023-05-17","North West",175189.496
"2023-05-18","London",673574.462
"2023-05-18","South East",767539.353
"2023-05-18","South West",756411.464
"2023-05-18","Midlands",429295.717
"2023-05-18","North East and Yorkshire",228701.572
"2023-05-18","East of England",684299.796
"2023-05-18","North West",181341.846
"2023-05-19","London",701501.287
"2023-05-19","South East",811957.962
"2023-05-19","South West",597425.725
"2023-05-19","Midlands",396098.542
"2023-05-19","North East and Yorkshire",432252.964
"2023-05-19","East of England",749253.848
"2023-05-19","North West",320935.601
"2023-05-20","London",832822.008
"2023-05-20","South East",1028009.263
"2023-05-20","South West",914193.385
"2023-05-20","Midlands",828270.316
"2023-05-20","North East and Yorkshire",807726.732
"2023-05-20","East of England",770999.387
"2023-05-20","North West",841547.856
"2023-05-21","London",758419.766
"2023-05-21","South East",842319.152
"2023-05-21","South West",837138.507
"2023-05-21","Midlands",698863.98
"2023-05-21","North East and Yorkshire",625195.293
"2023-05-21","East of England",767095.105
"2023-05-21","North West",688128.995
"2023-05-22","London",857884.203
"2023-05-22","South East",886035.828
"2023-05-22","South West",905173.477
"2023-05-22","Midlands",912297.481
"2023-05-22","North East and Yorkshire",810398.365
"2023-05-22","East of England",875662.838
"2023-05-22","North West",852600.26
"2023-05-23","London",910852.364
"2023-05-23","South East",927841.78
"2023-05-23","South West",980399.334
"2023-05-23","Midlands",753106.369
"2023-05-23","North East and Yorkshire",487144.15
"2023-05-23","East of England",822619.868
"2023-05-23","North West",661815.125
"2023-05-24","London",897181.77
"2023-05-24","South East",907725.268
"2023-05-24","South West",887821.805
"2023-05-24","Midlands",933638.174
"2023-05-24","North East and Yorkshire",983861.474
"2023-05-24","East of England",913959.275
"2023-05-24","North West",1000373.058
"2023-05-25","London",860682.56
"2023-05-25","South East",837273.925
"2023-05-25","South West",841463.671
"2023-05-25","Midlands",968877.982
"2023-05-25","North East and Yorkshire",953017.629
"2023-05-25","East of England",884519.969
"2023-05-25","North West",949261.124
"2023-05-26","London",943730.469
"2023-05-26","South East",970928.264
"2023-05-26","South West",857641.371
"2023-05-26","Midlands",870962.42
"2023-05-26","North East and Yorkshire",895490.173
"2023-05-26","East of England",945057.497
"2023-05-26","North West",923862.192
"2023-05-27","London",220247.99
"2023-05-27","South East",299888.899
"2023-05-27","South West",196167.667
"2023-05-27","Midlands",72543.349
"2023-05-27","North East and Yorkshire",141682.896
"2023-05-27","East of England",168658.833
"2023-05-27","North West",197769.689
"2023-05-28","London",677897.341
"2023-05-28","South East",588440.875
"2023-05-28","South West",593095.936
"2023-05-28","Midlands",565467.46
"2023-05-28","North East and Yorkshire",612156.504
"2023-05-28","East of England",686708.549
"2023-05-28","North West",567943.402
"2023-05-29","London",899189.187
"2023-05-29","South East",895865.99
"2023-05-29","South West",888903.15
"2023-05-29","Midlands",803512.585
"2023-05-29","North East and Yorkshire",807074.988
"2023-05-29","East of England",881119.585
"2023-05-29","North West",725181.83
"2023-05-30","London",898232.622
"2023-05-30","South East",899189.605
"2023-05-30","South West",813778.826
"2023-05-30","Midlands",902974.229
"2023-05-30","North East and Yorkshire",947786.751
"2023-05-30","East of England",941858.587
"2023-05-30","North West",970875.809
"2023-05-31","London",816990.067
"2023-05-31","South East",871380.764
"2023-05-31","South West",990861.988
"2023-05-31","Midlands",946655.017
"2023-05-31","North East and Yorkshire",954611.141
"2023-05-31","East of England",852116.641
"2023-05-31","North West",994969.755
"2023-06-01","London",334900.201
"2023-06-01","South East",369359.101
"2023-06-01","South West",496042.725
"2023-06-01","Midlands",343220.205
"2023-06-01","North East and Yorkshire",398765.016
"2023-06-01","East of England",451637.251
"2023-06-01","North West",279472.18
"2023-06-02","London",522488.747
"2023-06-02","South East",608278.905
"2023-06-02","South West",454813.055
"2023-06-02","Midlands",284790.161
"2023-06-02","North East and Yorkshire",275510.402
"2023-06-02","East of England",487406.23
"2023-06-02","North West",245319.683
"2023-06-03","London",728936.498
"2023-06-03","South East",697676.207
"2023-06-03","South West",872923.832
"2023-06-03","Midlands",707021.203
"2023-06-03","North East and Yorkshire",585877.015
"2023-06-03","East of England",726518.123
"2023-06-03","North West",799323.431
"2023-06-04","London",641343.564
"2023-06-04","South East",619469.673
"2023-06-04","South West",439517.312
"2023-06-04","Midlands",591037.305
"2023-06-04","North East and Yorkshire",703828.48
"2023-06-04","East of England",677723.105
"2023-06-04","North West",524534.563
"2023-06-05","London",906861.47
"2023-06-05","South East",901572.315
"2023-06-05","South West",863581.12
"2023-06-05","Midlands",778942.702
"2023-06-05","North East and Yorkshire",861053.95
"2023-06-05","East of England",914061.687
"2023-06-05","North West",799154.701
"2023-06-06","London",784848.303
"2023-06-06","South East",876168.886
"2023-06-06","South West",915987.835
"2023-06-06","Midlands",777334.479
"2023-06-06","North East and Yorkshire",784248.774
"2023-06-06","East of England",844090.256
"2023-06-06","North West",881958.741
"2023-06-07","London",831326.034
"2023-06-07","South East",916791.982
"2023-06-07","South West",920729.54
"2023-06-07","Midlands",982221.742
"2023-06-07","North East and Yorkshire",1000511.345
"2023-06-07","East of England",867208.968
"2023-06-07","North West",1131332.461
"2023-06-08","London",1201079.83
"2023-06-08","South East",1209797.998
"2023-06-08","South West",1224984.369
"2023-06-08","Midlands",1127903.483
"2023-06-08","North East and Yorkshire",929935.972
"2023-06-08","East of England",1167603.947
"2023-06-08","North West",951514.636
"2023-06-09","London",1163719.176
"2023-06-09","South East",1133480.668
"2023-06-09","South West",1152720.398
"2023-06-09","Midlands",1053144.447
"2023-06-09","North East and Yorkshire",645222.034
"2023-06-09","East of England",1148439.088
"2023-06-09","North West",850115.972
"2023-06-10","London",624496.342
"2023-06-10","South East",760769.859
"2023-06-10","South West",804625.144
"2023-06-10","Midlands",432685.17
"2023-06-10","North East and Yorkshire",811849.865
"2023-06-10","East of England",489470.418
"2023-06-10","North West",828458.137
"2023-06-11","London",332716.344
"2023-06-11","South East",507444.465
"2023-06-11","South West",903163.67
"2023-06-11","Midlands",673673.934
"2023-06-11","North East and Yorkshire",545401.876
"2023-06-11","East of England",526553.68
"2023-06-11","North West",778972.048
"2023-06-12","London",685485.458
"2023-06-12","South East",780569.634
"2023-06-12","South West",785229.899
"2023-06-12","Midlands",665228.311
"2023-06-12","North East and Yorkshire",723996.818
"2023-06-12","East of England",625853.502
"2023-06-12","North West",538218.272
"2023-06-13","London",1153655.184
"2023-06-13","South East",1112189.246
"2023-06-13","South West",1163753.706
"2023-06-13","Midlands",1200330.863
"2023-06-13","North East and Yorkshire",922076.733
"2023-06-13","East of England",1173440.848
"2023-06-13","North West",1095490.254
"2023-06-14","London",1227233.834
"2023-06-14","South East",1228019.625
"2023-06-14","South West",1211445.935
"2023-06-14","Midlands",1026835.987
"2023-06-14","North East and Yorkshire",1006135.597
"2023-06-14","East of England",1191284.334
"2023-06-14","North West",1097003.948
"2023-06-15","London",663308.089
"2023-06-15","South East",701727.598
"2023-06-15","South West",888844.193
"2023-06-15","Midlands",795235.936
"2023-06-15","North East and Yorkshire",999042.53
"2023-06-15","East of England",884696.586
"2023-06-15","North West",926197
"2023-06-16","London",754999.25
"2023-06-16","South East",796790.002
"2023-06-16","South West",571140.047
"2023-06-16","Midlands",631244.838
"2023-06-16","North East and Yorkshire",653549.654
"2023-06-16","East of England",728747.314
"2023-06-16","North West",560169.684
"2023-06-17","London",907501.147
"2023-06-17","South East",920804.545
"2023-06-17","South West",993786.721
"2023-06-17","Midlands",965934.185
"2023-06-17","North East and Yorkshire",992683.475
"2023-06-17","East of England",870773.397
"2023-06-17","North West",984000.04
"2023-06-18","London",940952.984
"2023-06-18","South East",1014804.55
"2023-06-18","South West",961180.876
"2023-06-18","Midlands",868611.147
"2023-06-18","North East and Yorkshire",790435.891
"2023-06-18","East of England",902541.698
"2023-06-18","North West",710690.462
"2023-06-19","London",854041.525
"2023-06-19","South East",847768.963
"2023-06-19","South West",851206.87
"2023-06-19","Midlands",842360.214
"2023-06-19","North East and Yorkshire",795112.879
"2023-06-19","East of England",897170.711
"2023-06-19","North West",787871.942
"2023-06-20","London",755706.674
"2023-06-20","South East",828094.234
"2023-06-20","South West",664638.577
"2023-06-20","Midlands",630627.878
"2023-06-20","North East and Yorkshire",789834.83
"2023-06-20","East of England",837543.795
"2023-06-20","North West",855825.973
"2023-06-21","London",926947.054
"2023-06-21","South East",1019458.046
"2023-06-21","South West",1139065.962
"2023-06-21","Midlands",1109755.362
"2023-06-21","North East and Yorkshire",1089391.516
"2023-06-21","East of England",928604.694
"2023-06-21","North West",965663.705
"2023-06-22","London",1033218.43
"2023-06-22","South East",1059285.794
"2023-06-22","South West",914527.9
"2023-06-22","Midlands",917947.443
"2023-06-22","North East and Yorkshire",907027.634
"2023-06-22","East of England",972851.068
"2023-06-22","North West",875189.112
"2023-06-23","London",1120264.963
"2023-06-23","South East",1162329.739
"2023-06-23","South West",1190332.08
"2023-06-23","Midlands",936941.272
"2023-06-23","North East and Yorkshire",787305.652
"2023-06-23","East of England",1151888.048
"2023-06-23","North West",772224.398
"2023-06-24","London",1132601.299
"2023-06-24","South East",1187758.318
"2023-06-24","South West",1223305.397
"2023-06-24","Midlands",1198821.921
"2023-06-24","North East and Yorkshire",958399.955
"2023-06-24","East of England",1129827.196
"2023-06-24","North West",1097144.419
"2023-06-25","London",1165940.766
"2023-06-25","South East",1160995.12
"2023-06-25","South West",998082.498
"2023-06-25","Midlands",726722.377
"2023-06-25","North East and Yorkshire",616307.724
"2023-06-25","East of England",1073131.868
"2023-06-25","North West",701548.466
"2023-06-26","London",1076859.429
"2023-06-26","South East",1119838.474
"2023-06-26","South West",1179178.566
"2023-06-26","Midlands",970020.6
"2023-06-26","North East and Yorkshire",1087449.867
"2023-06-26","East of England",998596.605
"2023-06-26","North West",1109892.51
"2023-06-27","London",1196764.947
"2023-06-27","South East",1165023.821
"2023-06-27","South West",1001335.349
"2023-06-27","Midlands",926477.422
"2023-06-27","North East and Yorkshire",808807.876
"2023-06-27","East of England",1166026.586
"2023-06-27","North West",786932.898
"2023-06-28","London",1053915.033
"2023-06-28","South East",1114931.722
"2023-06-28","South West",1003812.814
"2023-06-28","Midlands",1008282.454
"2023-06-28","North East and Yorkshire",1009305.255
"2023-06-28","East of England",1071064.518
"2023-06-28","North West",1000153.411
"2023-06-29","London",985479.952
"2023-06-29","South East",986169.485
"2023-06-29","South West",808024.798
"2023-06-29","Midlands",904364.575
"2023-06-29","North East and Yorkshire",908742.658
"2023-06-29","East of England",983544.623
"2023-06-29","North West",913267.765
"2023-06-30","London",740721.127
"2023-06-30","South East",759751.478
"2023-06-30","South West",777004.045
"2023-06-30","Midlands",695772.811
"2023-06-30","North East and Yorkshire",788351.78
"2023-06-30","East of England",729319.471
"2023-06-30","North West",752225.575
"2023-07-01","London",1176476.353
"2023-07-01","South East",1150417.898
"2023-07-01","South West",897086.923
"2023-07-01","Midlands",589901.264
"2023-07-01","North East and Yorkshire",430712.802
"2023-07-01","East of England",1122316.915
"2023-07-01","North West",321964.181
"2023-07-02","London",436115.88
"2023-07-02","South East",478377.67
"2023-07-02","South West",600977.277
"2023-07-02","Midlands",545318.448
"2023-07-02","North East and Yorkshire",692181.593
"2023-07-02","East of England",514318.285
"2023-07-02","North West",686430.689
"2023-07-03","London",595253.28
"2023-07-03","South East",635480.674
"2023-07-03","South West",568377.47
"2023-07-03","Midlands",356604.349
"2023-07-03","North East and Yorkshire",340197.147
"2023-07-03","East of England",622815.113
"2023-07-03","North West",244986.289
"2023-07-04","London",908617.796
"2023-07-04","South East",962691.192
"2023-07-04","South West",843142.337
"2023-07-04","Midlands",877324.073
"2023-07-04","North East and Yorkshire",763292.031
"2023-07-04","East of England",961352.068
"2023-07-04","North West",820328.624
"2023-07-05","London",688586.354
"2023-07-05","South East",772244.933
"2023-07-05","South West",756086.997
"2023-07-05","Midlands",777256.211
"2023-07-05","North East and Yorkshire",729123.12
"2023-07-05","East of England",798423.36
"2023-07-05","North West",890999.806
"2023-07-06","London",545247.496
"2023-07-06","South East",525285.15
"2023-07-06","South West",314100.869
"2023-07-06","Midlands",467710.483
"2023-07-06","North East and Yorkshire",614467.021
"2023-07-06","East of England",615348.972
"2023-07-06","North West",482040.046
"2023-07-07","London",921901.891
"2023-07-07","South East",915992.058
"2023-07-07","South West",840248.046
"2023-07-07","Midlands",848672.366
"2023-07-07","North East and Yorkshire",757540.343
"2023-07-07","East of England",896577.595
"2023-07-07","North West",775602.044
"2023-07-08","London",876866.109
"2023-07-08","South East",878189.953
"2023-07-08","South West",895578.161
"2023-07-08","Midlands",735042.121
"2023-07-08","North East and Yorkshire",659703.928
"2023-07-08","East of England",857908.912
"2023-07-08","North West",796085.183
"2023-07-09","London",904564.398
"2023-07-09","South East",928108.746
"2023-07-09","South West",901539.291
"2023-07-09","Midlands",866084.911
"2023-07-09","North East and Yorkshire",984574.738
"2023-07-09","East of England",937798.129
"2023-07-09","North West",990415.222
"2023-07-10","London",1109879.006
"2023-07-10","South East",1051119.37
"2023-07-10","South West",961976.635
"2023-07-10","Midlands",870379.962
"2023-07-10","North East and Yorkshire",861420.675
"2023-07-10","East of England",1050773.942
"2023-07-10","North West",874394.784
"2023-07-11","London",148365.965
"2023-07-11","South East",181697.945
"2023-07-11","South West",227962.92
"2023-07-11","Midlands",376628.035
"2023-07-11","North East and Yorkshire",811651.53
"2023-07-11","East of England",302997.638
"2023-07-11","North West",823761.818
"2023-07-12","London",840994.028
"2023-07-12","South East",743308.246
"2023-07-12","South West",586226.014
"2023-07-12","Midlands",731332.209
"2023-07-12","North East and Yorkshire",733513.729
"2023-07-12","East of England",894127.985
"2023-07-12","North West",669489.761
"2023-07-13","London",879127.014
"2023-07-13","South East",903003.561
"2023-07-13","South West",832670.797
"2023-07-13","Midlands",829156.119
"2023-07-13","North East and Yorkshire",602587.161
"2023-07-13","East of England",895625.144
"2023-07-13","North West",774765.219
"2023-07-14","London",630510.893
"2023-07-14","South East",643999.669
"2023-07-14","South West",805689.905
"2023-07-14","Midlands",765096.655
"2023-07-14","North East and Yorkshire",785567.989
"2023-07-14","East of England",657345.572
"2023-07-14","North West",775799.32
"2023-07-15","London",576222.4
"2023-07-15","South East",673118.663
"2023-07-15","South West",676382.509
"2023-07-15","Midlands",626825.362
"2023-07-15","North East and Yorkshire",577704.068
"2023-07-15","East of England",611364.765
"2023-07-15","North West",546805.544
"2023-07-16","London",756767.458
"2023-07-16","South East",769865.695
"2023-07-16","South West",637798.008
"2023-07-16","Midlands",599674.995
"2023-07-16","North East and Yorkshire",632766.732
"2023-07-16","East of England",700821.74
"2023-07-16","North West",651027.349
"2023-07-17","London",473709.798
"2023-07-17","South East",513573.526
"2023-07-17","South West",598673.963
"2023-07-17","Midlands",416820.274
"2023-07-17","North East and Yorkshire",256989.426
"2023-07-17","East of England",548034.201
"2023-07-17","North West",235196.299
"2023-07-18","London",980216.115
"2023-07-18","South East",1048352.787
"2023-07-18","South West",1133442.224
"2023-07-18","Midlands",1008402.394
"2023-07-18","North East and Yorkshire",1019732.865
"2023-07-18","East of England",928658.623
"2023-07-18","North West",1120684.785
"2023-07-19","London",1012678.233
"2023-07-19","South East",1010822.716
"2023-07-19","South West",1117843.317
"2023-07-19","Midlands",1001103.987
"2023-07-19","North East and Yorkshire",926913.86
"2023-07-19","East of England",1027550.388
"2023-07-19","North West",1010633.25
"2023-07-20","London",1011864.324
"2023-07-20","South East",1047252.177
"2023-07-20","South West",1045819.513
"2023-07-20","Midlands",975585.59
"2023-07-20","North East and Yorkshire",1000544.17
"2023-07-20","East of England",1027585.802
"2023-07-20","North West",1049436.432
"2023-07-21","London",1043431.535
"2023-07-21","South East",1047693.181
"2023-07-21","South West",1015413.98
"2023-07-21","Midlands",812169.949
"2023-07-21","North East and Yorkshire",873438.984
"2023-07-21","East of England",973712.327
"2023-07-21","North West",920722.548
"2023-07-22","London",539818.232
"2023-07-22","South East",612046.035
"2023-07-22","South West",508284.868
"2023-07-22","Midlands",441486.329
"2023-07-22","North East and Yorkshire",734996.983
"2023-07-22","East of England",561020.87
"2023-07-22","North West",752783.293
"2023-07-23","London",556801.912
"2023-07-23","South East",594342.873
"2023-07-23","South West",607532.858
"2023-07-23","Midlands",454626.435
"2023-07-23","North East and Yorkshire",663774.608
"2023-07-23","East of England",669013.551
"2023-07-23","North West",609663.984
"2023-07-24","London",780442.136
"2023-07-24","South East",798662.859
"2023-07-24","South West",815883.682
"2023-07-24","Midlands",747641.006
"2023-07-24","North East and Yorkshire",683788.288
"2023-07-24","East of England",729345.973
"2023-07-24","North West",807334.42
"2023-07-25","London",418954.947
"2023-07-25","South East",520095.523
"2023-07-25","South West",741920.154
"2023-07-25","Midlands",651062.07
"2023-07-25","North East and Yorkshire",793401.971
"2023-07-25","East of England",450538.575
"2023-07-25","North West",822782.423
"2023-07-26","London",662174.58
"2023-07-26","South East",703730.552
"2023-07-26","South West",593095.942
"2023-07-26","Midlands",524615.495
"2023-07-26","North East and Yorkshire",565681.798
"2023-07-26","East of England",655526.697
"2023-07-26","North West",585158.606
"2023-07-27","London",386302.973
"2023-07-27","South East",356912.502
"2023-07-27","South West",153878.723
"2023-07-27","Midlands",254731.011
"2023-07-27","North East and Yorkshire",296952.84
"2023-07-27","East of England",515123.967
"2023-07-27","North West",204399.003
"2023-07-28","London",718886.137
"2023-07-28","South East",767372.375
"2023-07-28","South West",691248.797
"2023-07-28","Midlands",707344.828
"2023-07-28","North East and Yorkshire",763006.368
"2023-07-28","East of England",752445.078
"2023-07-28","North West",802662.355
"2023-07-29","London",404945.27
"2023-07-29","South East",479302.002
"2023-07-29","South West",288852.079
"2023-07-29","Midlands",388745.692
"2023-07-29","North East and Yorkshire",749527.527
"2023-07-29","East of England",389956.48
"2023-07-29","North West",731474.918
"2023-07-30","London",718918.37
"2023-07-30","South East",797883.939
"2023-07-30","South West",703004.572
"2023-07-30","Midlands",863668.52
"2023-07-30","North East and Yorkshire",958516.454
"2023-07-30","East of England",794792.288
"2023-07-30","North West",952907.959
"2023-07-31","London",921283.83
"2023-07-31","South East",929229.841
"2023-07-31","South West",932572.596
"2023-07-31","Midlands",819108.674
"2023-07-31","North East and Yorkshire",650700.763
"2023-07-31","East of England",917374.356
"2023-07-31","North West",615824.945
"2023-08-01","London",1031516.019
"2023-08-01","South East",1035368.503
"2023-08-01","South West",1035824.461
"2023-08-01","Midlands",914776.417
"2023-08-01","North East and Yorkshire",898550.091
"2023-08-01","East of England",1002515.149
"2023-08-01","North West",897376.899
"2023-08-02","London",1018185.589
"2023-08-02","South East",1025961.998
"2023-08-02","South West",1044428.072
"2023-08-02","Midlands",1027040.665
"2023-08-02","North East and Yorkshire",1004438.175
"2023-08-02","East of England",1010196.226
"2023-08-02","North West",1007256.765
"2023-08-03","London",1026576.158
"2023-08-03","South East",1029868.672
"2023-08-03","South West",1040463.057
"2023-08-03","Midlands",1022689.375
"2023-08-03","North East and Yorkshire",1002196.582
"2023-08-03","East of England",1016562.301
"2023-08-03","North West",1008841.076
"2023-08-04","London",1019799.61
"2023-08-04","South East",1021683.27
"2023-08-04","South West",1030189.775
"2023-08-04","Midlands",1012123.329
"2023-08-04","North East and Yorkshire",991862.309
"2023-08-04","East of England",1009568.489
"2023-08-04","North West",1008261.035
"2023-08-05","London",1008391.09
"2023-08-05","South East",1011177.311
"2023-08-05","South West",998726.372
"2023-08-05","Midlands",975277.31
"2023-08-05","North East and Yorkshire",971955.149
"2023-08-05","East of England",1002299.279
"2023-08-05","North West",971895.082
"2023-08-06","London",851660.972
"2023-08-06","South East",833184.522
"2023-08-06","South West",823473.763
"2023-08-06","Midlands",898790.638
"2023-08-06","North East and Yorkshire",907963.514
"2023-08-06","East of England",883559.71
"2023-08-06","North West",885729.894
"2023-08-07","London",770719.601
"2023-08-07","South East",728990.801
"2023-08-07","South West",648043.183
"2023-08-07","Midlands",630436.179
"2023-08-07","North East and Yorkshire",670102.413
"2023-08-07","East of England",773640.921
"2023-08-07","North West",531555.556
"2023-08-08","London",364437.271
"2023-08-08","South East",493493.855
"2023-08-08","South West",594560.721
"2023-08-08","Midlands",350554.97
"2023-08-08","North East and Yorkshire",400414.49
"2023-08-08","East of England",474235.774
"2023-08-08","North West",688029.476
"2023-08-09","London",543223.437
"2023-08-09","South East",627520.208
"2023-08-09","South West",573352.879
"2023-08-09","Midlands",574724.691
"2023-08-09","North East and Yorkshire",637499.861
"2023-08-09","East of England",663098.277
"2023-08-09","North West",725208.78
"2023-08-10","London",695449.119
"2023-08-10","South East",752489.762
"2023-08-10","South West",634174.499
"2023-08-10","Midlands",410527.195
"2023-08-10","North East and Yorkshire",348392.082
"2023-08-10","East of England",673412.265
"2023-08-10","North West",302884.911
"2023-08-11","London",883095.533
"2023-08-11","South East",930939.087
"2023-08-11","South West",825337.993
"2023-08-11","Midlands",645760.536
"2023-08-11","North East and Yorkshire",595945.197
"2023-08-11","East of England",907252.148
"2023-08-11","North West",560416.233
"2023-08-12","London",573412.046
"2023-08-12","South East",572081.341
"2023-08-12","South West",456941.502
"2023-08-12","Midlands",415376.198
"2023-08-12","North East and Yorkshire",318855.589
"2023-08-12","East of England",560422.514
"2023-08-12","North West",236769.527
"2023-08-13","London",357692.233
"2023-08-13","South East",400588.629
"2023-08-13","South West",398125.449
"2023-08-13","Midlands",469949.653
"2023-08-13","North East and Yorkshire",412399.739
"2023-08-13","East of England",384986.11
"2023-08-13","North West",714921.259
"2023-08-14","London",664560.209
"2023-08-14","South East",745642.543
"2023-08-14","South West",740599.82
"2023-08-14","Midlands",884101.088
"2023-08-14","North East and Yorkshire",768668.023
"2023-08-14","East of England",665989.321
"2023-08-14","North West",618749.231
"2023-08-15","London",584543.757
"2023-08-15","South East",608762.266
"2023-08-15","South West",518300.238
"2023-08-15","Midlands",391483.266
"2023-08-15","North East and Yorkshire",410379.982
"2023-08-15","East of England",574311.949
"2023-08-15","North West",403404.455
"2023-08-16","London",597335.696
"2023-08-16","South East",685337.425
"2023-08-16","South West",579738.622
"2023-08-16","Midlands",811931.228
"2023-08-16","North East and Yorkshire",826302.03
"2023-08-16","East of England",695373.204
"2023-08-16","North West",851990.102
"2023-08-17","London",629978.806
"2023-08-17","South East",751784.049
"2023-08-17","South West",889849.322
"2023-08-17","Midlands",847904.991
"2023-08-17","North East and Yorkshire",824344.309
"2023-08-17","East of England",694443.377
"2023-08-17","North West",885508.404
"2023-08-18","London",978116.522
"2023-08-18","South East",986153.596
"2023-08-18","South West",858675.268
"2023-08-18","Midlands",690637.62
"2023-08-18","North East and Yorkshire",776642.128
"2023-08-18","East of England",876844.703
"2023-08-18","North West",826147.798
"2023-08-19","London",1070498.776
"2023-08-19","South East",1069880.253
"2023-08-19","South West",1051302.364
"2023-08-19","Midlands",807144.927
"2023-08-19","North East and Yorkshire",694764.215
"2023-08-19","East of England",1031884.52
"2023-08-19","North West",760109.895
"2023-08-20","London",1048177.105
"2023-08-20","South East",1054063.386
"2023-08-20","South West",1058490.02
"2023-08-20","Midlands",1010862.499
"2023-08-20","North East and Yorkshire",806105.663
"2023-08-20","East of England",1027311.344
"2023-08-20","North West",945805.019
"2023-08-21","London",861675.639
"2023-08-21","South East",935726.784
"2023-08-21","South West",1059026.105
"2023-08-21","Midlands",853363.425
"2023-08-21","North East and Yorkshire",771016.764
"2023-08-21","East of England",854849.146
"2023-08-21","North West",824950.219
"2023-08-22","London",786097.398
"2023-08-22","South East",810395.281
"2023-08-22","South West",716861.945
"2023-08-22","Midlands",737790.434
"2023-08-22","North East and Yorkshire",672257.275
"2023-08-22","East of England",789195.268
"2023-08-22","North West",676446.289
"2023-08-23","London",732247.168
"2023-08-23","South East",766204.387
"2023-08-23","South West",741709.266
"2023-08-23","Midlands",648656.339
"2023-08-23","North East and Yorkshire",620025.554
"2023-08-23","East of England",701098.794
"2023-08-23","North West",627177.113
"2023-08-24","London",764912.27
"2023-08-24","South East",774444.211
"2023-08-24","South West",531275.827
"2023-08-24","Midlands",403993.726
"2023-08-24","North East and Yorkshire",272540.554
"2023-08-24","East of England",699724.826
"2023-08-24","North West",271723.248
"2023-08-25","London",857616.18
"2023-08-25","South East",863731.346
"2023-08-25","South West",809541.708
"2023-08-25","Midlands",704502.867
"2023-08-25","North East and Yorkshire",599003.268
"2023-08-25","East of England",849806.79
"2023-08-25","North West",596682.223
"2023-08-26","London",894375.422
"2023-08-26","South East",897882.892
"2023-08-26","South West",921677.422
"2023-08-26","Midlands",919775.763
"2023-08-26","North East and Yorkshire",897391.893
"2023-08-26","East of England",900232.501
"2023-08-26","North West",918398.478
"2023-08-27","London",869729.301
"2023-08-27","South East",866657.254
"2023-08-27","South West",867398.695
"2023-08-27","Midlands",847847.449
"2023-08-27","North East and Yorkshire",860881.169
"2023-08-27","East of England",869975.643
"2023-08-27","North West",879410.212
"2023-08-28","London",891600
"2023-08-28","South East",888508.972
"2023-08-28","South West",814048.656
"2023-08-28","Midlands",840295.43
"2023-08-28","North East and Yorkshire",839226.854
"2023-08-28","East of England",884949.965
"2023-08-28","North West",783547.502
"2023-08-29","London",261265.511
"2023-08-29","South East",234643.552
"2023-08-29","South West",206245.844
"2023-08-29","Midlands",199344.539
"2023-08-29","North East and Yorkshire",161658.852
"2023-08-29","East of England",260823.799
"2023-08-29","North West",102822.045
"2023-08-30","London",227831.907
"2023-08-30","South East",241227.958
"2023-08-30","South West",116432.589
"2023-08-30","Midlands",130395.119
"2023-08-30","North East and Yorkshire",197089.36
"2023-08-30","East of England",234980.497
"2023-08-30","North West",235989.534
"2023-08-31","London",522434.709
"2023-08-31","South East",513382.866
"2023-08-31","South West",505575.761
"2023-08-31","Midlands",494800.32
"2023-08-31","North East and Yorkshire",512728.903
"2023-08-31","East of England",469626.636
"2023-08-31","North West",460409.995
"2023-09-01","London",555842.738
"2023-09-01","South East",561097.086
"2023-09-01","South West",538728.801
"2023-09-01","Midlands",485750.816
"2023-09-01","North East and Yorkshire",406002.605
"2023-09-01","East of England",556159.671
"2023-09-01","North West",395067.137
"2023-09-02","London",576941.173
"2023-09-02","South East",574082.948
"2023-09-02","South West",409744.61
"2023-09-02","Midlands",467282.767
"2023-09-02","North East and Yorkshire",380063.984
"2023-09-02","East of England",502274.625
"2023-09-02","North West",403332.905
"2023-09-03","London",366275.952
"2023-09-03","South East",399994.185
"2023-09-03","South West",336630.218
"2023-09-03","Midlands",215096.357
"2023-09-03","North East and Yorkshire",190433.4
"2023-09-03","East of England",320655.943
"2023-09-03","North West",171188.817
"2023-09-04","London",526590.01
"2023-09-04","South East",539522.339
"2023-09-04","South West",509954.819
"2023-09-04","Midlands",499308.137
"2023-09-04","North East and Yorkshire",506178.478
"2023-09-04","East of England",546299.831
"2023-09-04","North West",488544.962
"2023-09-05","London",425381.01
"2023-09-05","South East",474736.823
"2023-09-05","South West",592536.884
"2023-09-05","Midlands",412765.774
"2023-09-05","North East and Yorkshire",224140.258
"2023-09-05","East of England",412709.432
"2023-09-05","North West",254562.436
"2023-09-06","London",527172.697
"2023-09-06","South East",569201.105
"2023-09-06","South West",555705.447
"2023-09-06","Midlands",474799.326
"2023-09-06","North East and Yorkshire",320763.183
"2023-09-06","East of England",474957.328
"2023-09-06","North West",510735.665
"2023-09-07","London",415842.601
"2023-09-07","South East",389282.741
"2023-09-07","South West",336125.939
"2023-09-07","Midlands",300881.059
"2023-09-07","North East and Yorkshire",348823.909
"2023-09-07","East of England",464151.846
"2023-09-07","North West",313976.577
"2023-09-08","London",465405.566
"2023-09-08","South East",528744.304
"2023-09-08","South West",502908.43
"2023-09-08","Midlands",345695.991
"2023-09-08","North East and Yorkshire",277959.163
"2023-09-08","East of England",482383.589
"2023-09-08","North West",313130.807
"2023-09-09","London",466172.303
"2023-09-09","South East",520790.658
"2023-09-09","South West",646394.038
"2023-09-09","Midlands",407156.346
"2023-09-09","North East and Yorkshire",326120.086
"2023-09-09","East of England",448921.871
"2023-09-09","North West",495983.297
"2023-09-10","London",573492.315
"2023-09-10","South East",634965.86
"2023-09-10","South West",759983.505
"2023-09-10","Midlands",527143.877
"2023-09-10","North East and Yorkshire",504712.915
"2023-09-10","East of England",611277.671
"2023-09-10","North West",560089.108
"2023-09-11","London",543808.263
"2023-09-11","South East",561413.357
"2023-09-11","South West",546982.411
"2023-09-11","Midlands",503699.049
"2023-09-11","North East and Yorkshire",567231.638
"2023-09-11","East of England",549922.571
"2023-09-11","North West",545010.441
"2023-09-12","London",187727.975
"2023-09-12","South East",299285.619
"2023-09-12","South West",448319.514
"2023-09-12","Midlands",406238.931
"2023-09-12","North East and Yorkshire",446941.214
"2023-09-12","East of England",160351.785
"2023-09-12","North West",455542.677
"2023-09-13","London",269503.357
"2023-09-13","South East",253636.409
"2023-09-13","South West",165465.039
"2023-09-13","Midlands",192936.768
"2023-09-13","North East and Yorkshire",153488.063
"2023-09-13","East of England",297262.163
"2023-09-13","North West",124270.431
"2023-09-14","London",418821.374
"2023-09-14","South East",450413.855
"2023-09-14","South West",447983.284
"2023-09-14","Midlands",461873.855
"2023-09-14","North East and Yorkshire",397286.428
"2023-09-14","East of England",381719.339
"2023-09-14","North West",441656.89
"2023-09-15","London",74396.652
"2023-09-15","South East",135700.423
"2023-09-15","South West",155157.801
"2023-09-15","Midlands",123745.584
"2023-09-15","North East and Yorkshire",266509.002
"2023-09-15","East of England",79951.017
"2023-09-15","North West",263838.163
"2023-09-16","London",100375.724
"2023-09-16","South East",124196.031
"2023-09-16","South West",61516.686
"2023-09-16","Midlands",44433.121
"2023-09-16","North East and Yorkshire",56684.633
"2023-09-16","East of England",100752.382
"2023-09-16","North West",68109.442
"2023-09-17","London",61534.903
"2023-09-17","South East",90625.351
"2023-09-17","South West",80575.967
"2023-09-17","Midlands",205802.687
"2023-09-17","North East and Yorkshire",327849.785
"2023-09-17","East of England",81239.223
"2023-09-17","North West",364498.482
"2023-09-18","London",412584.549
"2023-09-18","South East",382573.623
"2023-09-18","South West",220965.502
"2023-09-18","Midlands",256204.412
"2023-09-18","North East and Yorkshire",292376.653
"2023-09-18","East of England",368620.623
"2023-09-18","North West",284647.084
"2023-09-19","London",187727.975
"2023-09-19","South East",299285.619
"2023-09-19","South West",448319.514
"2023-09-19","Midlands",406238.931
"2023-09-19","North East and Yorkshire",446941.214
"2023-09-19","East of England",160351.785
"2023-09-19","North West",455542.677
"2023-09-20","London",269503.357
"2023-09-20","South East",253636.409
"2023-09-20","South West",165465.039
"2023-09-20","Midlands",192936.768
"2023-09-20","North East and Yorkshire",153488.063
"2023-09-20","East of England",297262.163
"2023-09-20","North West",124270.431
"2023-09-21","London",418821.374
"2023-09-21","South East",450413.855
"2023-09-21","South West",447983.284
"2023-09-21","Midlands",461873.855
"2023-09-21","North East and Yorkshire",397286.428
"2023-09-21","East of England",381719.339
"2023-09-21","North West",441656.89
"2023-09-22","London",74396.652
"2023-09-22","South East",135700.423
"2023-09-22","South West",155157.801
"2023-09-22","Midlands",123745.584
"2023-09-22","North East and Yorkshire",266509.002
"2023-09-22","East of England",79951.017
"2023-09-22","North West",263838.163
"2023-09-23","London",100375.724
"2023-09-23","South East",124196.031
"2023-09-23","South West",61516.686
"2023-09-23","Midlands",44433.121
"2023-09-23","North East and Yorkshire",56684.633
"2023-09-23","East of England",100752.382
"2023-09-23","North West",68109.442
"2023-09-24","London",61534.903
"2023-09-24","South East",90625.351
"2023-09-24","South West",80575.967
"2023-09-24","Midlands",205802.687
"2023-09-24","North East and Yorkshire",327849.785
"2023-09-24","East of England",81239.223
"2023-09-24","North West",364498.482
"2023-09-25","London",412584.549
"2023-09-25","South East",382573.623
"2023-09-25","South West",220965.502
"2023-09-25","Midlands",256204.412
"2023-09-25","North East and Yorkshire",292376.653
"2023-09-25","East of England",368620.623
"2023-09-25","North West",284647.084
"2023-09-26","London",376536.111
"2023-09-26","South East",382224.728
"2023-09-26","South West",366926.176
"2023-09-26","Midlands",393186.883
"2023-09-26","North East and Yorkshire",374238.356
"2023-09-26","East of England",397839.322
"2023-09-26","North West",373519.951
"2023-09-27","London",373581.808
"2023-09-27","South East",364994.571
"2023-09-27","South West",359852.274
"2023-09-27","Midlands",375518.561
"2023-09-27","North East and Yorkshire",310766.886
"2023-09-27","East of England",368821.495
"2023-09-27","North West",317414.779
"2023-09-28","London",355097.371
"2023-09-28","South East",359946.215
"2023-09-28","South West",299791.915
"2023-09-28","Midlands",268909.384
"2023-09-28","North East and Yorkshire",241676.66
"2023-09-28","East of England",364158.015
"2023-09-28","North West",238812.651
"2023-09-29","London",170773.054
"2023-09-29","South East",147822.962
"2023-09-29","South West",103787.217
"2023-09-29","Midlands",97963.962
"2023-09-29","North East and Yorkshire",222585.101
"2023-09-29","East of England",176264.395
"2023-09-29","North West",214532.836
"2023-09-30","London",75925.523
"2023-09-30","South East",82032.837
"2023-09-30","South West",128110.502
"2023-09-30","Midlands",232070.778
"2023-09-30","North East and Yorkshire",309257.638
"2023-09-30","East of England",114590.306
"2023-09-30","North West",326066.079
"2023-10-01","London",167248.124
"2023-10-01","South East",163431.617
"2023-10-01","South West",257305.642
"2023-10-01","Midlands",110829.941
"2023-10-01","North East and Yorkshire",76087.22
"2023-10-01","East of England",144954.083
"2023-10-01","North West",98153.176
"2023-10-02","London",123715.869
"2023-10-02","South East",125466.437
"2023-10-02","South West",145570.386
"2023-10-02","Midlands",176078.902
"2023-10-02","North East and Yorkshire",247124.134
"2023-10-02","East of England",123944.535
"2023-10-02","North West",255940.479
"2023-10-03","London",396686.087
"2023-10-03","South East",387460.659
"2023-10-03","South West",343523.743
"2023-10-03","Midlands",366137.303
"2023-10-03","North East and Yorkshire",326598.369
"2023-10-03","East of England",376969.856
"2023-10-03","North West",309079.054
"2023-10-04","London",395210.104
"2023-10-04","South East",382006.663
"2023-10-04","South West",274773.842
"2023-10-04","Midlands",358412.814
"2023-10-04","North East and Yorkshire",339045.549
"2023-10-04","East of England",395636.9
"2023-10-04","North West",317789.536
"2023-10-05","London",134880.058
"2023-10-05","South East",165031.491
"2023-10-05","South West",255690.336
"2023-10-05","Midlands",172223.865
"2023-10-05","North East and Yorkshire",232358.074
"2023-10-05","East of England",143614.228
"2023-10-05","North West",250991.717
"2023-10-06","London",305903.861
"2023-10-06","South East",332924.455
"2023-10-06","South West",343111.657
"2023-10-06","Midlands",319966.185
"2023-10-06","North East and Yorkshire",303360.487
"2023-10-06","East of England",321456.402
"2023-10-06","North West",319421.118
"2023-10-07","London",350462.4
"2023-10-07","South East",368283.069
"2023-10-07","South West",342208.308
"2023-10-07","Midlands",297264.721
"2023-10-07","North East and Yorkshire",311598.157
"2023-10-07","East of England",310527.407
"2023-10-07","North West",314156.289
"2023-10-08","London",368210.825
"2023-10-08","South East",383737.727
"2023-10-08","South West",366395.331
"2023-10-08","Midlands",347852.973
"2023-10-08","North East and Yorkshire",282278.856
"2023-10-08","East of England",350454.445
"2023-10-08","North West",364222.738
"2023-10-09","London",162946.477
"2023-10-09","South East",153898.226
"2023-10-09","South West",83922.653
"2023-10-09","Midlands",88396.577
"2023-10-09","North East and Yorkshire",88565.356
"2023-10-09","East of England",201085.346
"2023-10-09","North West",85089.458
"2023-10-10","London",319845.047
"2023-10-10","South East",330719.903
"2023-10-10","South West",334681.207
"2023-10-10","Midlands",270350.72
"2023-10-10","North East and Yorkshire",222890.755
"2023-10-10","East of England",326683.56
"2023-10-10","North West",201898.794
"2023-10-11","London",142680.476
"2023-10-11","South East",147842.193
"2023-10-11","South West",178149.688
"2023-10-11","Midlands",252593.553
"2023-10-11","North East and Yorkshire",297332.084
"2023-10-11","East of England",210364.079
"2023-10-11","North West",302383.809
"2023-10-12","London",58881.431
"2023-10-12","South East",71198.787
"2023-10-12","South West",169176.757
"2023-10-12","Midlands",117832.72
"2023-10-12","North East and Yorkshire",109423.979
"2023-10-12","East of England",76999.639
"2023-10-12","North West",180580.377
"2023-10-13","London",142184.028
"2023-10-13","South East",146084.87
"2023-10-13","South West",93564.801
"2023-10-13","Midlands",71179.391
"2023-10-13","North East and Yorkshire",96019.506
"2023-10-13","East of England",138131.732
"2023-10-13","North West",64194.278
"2023-10-14","London",52798.198
"2023-10-14","South East",75433.812
"2023-10-14","South West",33543.408
"2023-10-14","Midlands",23164.177
"2023-10-14","North East and Yorkshire",57570.23
"2023-10-14","East of England",57292.73
"2023-10-14","North West",60001.063
"2023-10-15","London",348347.437
"2023-10-15","South East",349660.804
"2023-10-15","South West",362203.57
"2023-10-15","Midlands",335806.321
"2023-10-15","North East and Yorkshire",291266.533
"2023-10-15","East of England",343547.471
"2023-10-15","North West",248235.984
"2023-10-16","London",284497.087
"2023-10-16","South East",260895.551
"2023-10-16","South West",185208.498
"2023-10-16","Midlands",287757.956
"2023-10-16","North East and Yorkshire",250262.519
"2023-10-16","East of England",270941.25
"2023-10-16","North West",284759.427
"2023-10-17","London",218680.043
"2023-10-17","South East",281195.148
"2023-10-17","South West",382189.35
"2023-10-17","Midlands",206821.169
"2023-10-17","North East and Yorkshire",120920.406
"2023-10-17","East of England",157435.72
"2023-10-17","North West",112922.453
"2023-10-18","London",299009.06
"2023-10-18","South East",303772.625
"2023-10-18","South West",304158.188
"2023-10-18","Midlands",220014.563
"2023-10-18","North East and Yorkshire",215364.955
"2023-10-18","East of England",280530.974
"2023-10-18","North West",268046.177
"2023-10-19","London",360515.961
"2023-10-19","South East",385126.317
"2023-10-19","South West",420186.664
"2023-10-19","Midlands",428392.441
"2023-10-19","North East and Yorkshire",329693.663
"2023-10-19","East of England",377402.626
"2023-10-19","North West",336679.93
"2023-10-20","London",380072.212
"2023-10-20","South East",380840.273
"2023-10-20","South West",345421.188
"2023-10-20","Midlands",282566.154
"2023-10-20","North East and Yorkshire",249636.579
"2023-10-20","East of England",381035.904
"2023-10-20","North West",250440.008
"2023-10-21","London",408146.515
"2023-10-21","South East",407784.112
"2023-10-21","South West",337596.211
"2023-10-21","Midlands",347985.745
"2023-10-21","North East and Yorkshire",362891.365
"2023-10-21","East of England",428166.177
"2023-10-21","North West",311588.759
"2023-10-22","London",207247.885
"2023-10-22","South East",235785.749
"2023-10-22","South West",307908.652
"2023-10-22","Midlands",188855.216
"2023-10-22","North East and Yorkshire",95304.889
"2023-10-22","East of England",238145.309
"2023-10-22","North West",93647.283
"2023-10-23","London",221253.962
"2023-10-23","South East",214618.344
"2023-10-23","South West",145074.088
"2023-10-23","Midlands",293566.449
"2023-10-23","North East and Yorkshire",337120.205
"2023-10-23","East of England",353107.164
"2023-10-23","North West",248974.544
"2023-10-24","London",201686.741
"2023-10-24","South East",224602.337
"2023-10-24","South West",217036.176
"2023-10-24","Midlands",151154.741
"2023-10-24","North East and Yorkshire",59176.623
"2023-10-24","East of England",165468.543
"2023-10-24","North West",81535.67
"2023-10-25","London",127815.3
"2023-10-25","South East",153652.25
"2023-10-25","South West",237928.937
"2023-10-25","Midlands",215453.551
"2023-10-25","North East and Yorkshire",153339.707
"2023-10-25","East of England",116271.706
"2023-10-25","North West",202071.1
"2023-10-26","London",95478.064
"2023-10-26","South East",77396.855
"2023-10-26","South West",64161.683
"2023-10-26","Midlands",90490.89
"2023-10-26","North East and Yorkshire",76479.066
"2023-10-26","East of England",116671.579
"2023-10-26","North West",61473.172
"2023-10-27","London",246245.518
"2023-10-27","South East",242378.588
"2023-10-27","South West",237761.274
"2023-10-27","Midlands",192234.342
"2023-10-27","North East and Yorkshire",196428.323
"2023-10-27","East of England",201172.309
"2023-10-27","North West",192024.247
"2023-10-28","London",124010.555
"2023-10-28","South East",145694.48
"2023-10-28","South West",175327.085
"2023-10-28","Midlands",57292.189
"2023-10-28","North East and Yorkshire",137950.596
"2023-10-28","East of England",95066.622
"2023-10-28","North West",113090.336
"2023-10-29","London",260979.906
"2023-10-29","South East",271839.794
"2023-10-29","South West",253521.247
"2023-10-29","Midlands",230200.764
"2023-10-29","North East and Yorkshire",181519.863
"2023-10-29","East of England",230990.567
"2023-10-29","North West",195624.751
"2023-10-30","London",273267.188
"2023-10-30","South East",271272.464
"2023-10-30","South West",236559.917
"2023-10-30","Midlands",222875.624
"2023-10-30","North East and Yorkshire",175218.072
"2023-10-30","East of England",256005.722
"2023-10-30","North West",151667.146
"2023-10-31","London",109559.53
"2023-10-31","South East",114306.135
"2023-10-31","South West",114591.311
"2023-10-31","Midlands",93821.49
"2023-10-31","North East and Yorkshire",129188.915
"2023-10-31","East of England",137488.643
"2023-10-31","North West",103353.169
"2023-11-01","London",182548.765
"2023-11-01","South East",169203.717
"2023-11-01","South West",117178.91
"2023-11-01","Midlands",138025.843
"2023-11-01","North East and Yorkshire",106864.084
"2023-11-01","East of England",174708.868
"2023-11-01","North West",109468.839
"2023-11-02","London",92336.465
"2023-11-02","South East",89104.901
"2023-11-02","South West",71232.512
"2023-11-02","Midlands",70188.743
"2023-11-02","North East and Yorkshire",79667.903
"2023-11-02","East of England",87183.378
"2023-11-02","North West",77605.235
"2023-11-03","London",128618.24
"2023-11-03","South East",118713.469
"2023-11-03","South West",81793.857
"2023-11-03","Midlands",105486.496
"2023-11-03","North East and Yorkshire",88180.766
"2023-11-03","East of England",134488.229
"2023-11-03","North West",67753.852
"2023-11-04","London",34754.895
"2023-11-04","South East",47197.593
"2023-11-04","South West",57166.641
"2023-11-04","Midlands",33125.583
"2023-11-04","North East and Yorkshire",23191.259
"2023-11-04","East of England",33043.543
"2023-11-04","North West",30746.099
"2023-11-05","London",57044.233
"2023-11-05","South East",76329.82
"2023-11-05","South West",99116.541
"2023-11-05","Midlands",58221.058
"2023-11-05","North East and Yorkshire",57625.933
"2023-11-05","East of England",62994.423
"2023-11-05","North West",45887.067
"2023-11-06","London",31783.567
"2023-11-06","South East",39942.925
"2023-11-06","South West",88966.047
"2023-11-06","Midlands",30841.65
"2023-11-06","North East and Yorkshire",33448.876
"2023-11-06","East of England",41610.007
"2023-11-06","North West",28383.871
"2023-11-07","London",175764.873
"2023-11-07","South East",201053.842
"2023-11-07","South West",204191.168
"2023-11-07","Midlands",99836.751
"2023-11-07","North East and Yorkshire",98898.689
"2023-11-07","East of England",150068.888
"2023-11-07","North West",110632.297
"2023-11-08","London",206047.243
"2023-11-08","South East",210363.357
"2023-11-08","South West",171908.807
"2023-11-08","Midlands",191246.111
"2023-11-08","North East and Yorkshire",166530.398
"2023-11-08","East of England",193525.36
"2023-11-08","North West",159626.393
"2023-11-09","London",139956.946
"2023-11-09","South East",143056.505
"2023-11-09","South West",61144.278
"2023-11-09","Midlands",30476.306
"2023-11-09","North East and Yorkshire",87391.174
"2023-11-09","East of England",113483.511
"2023-11-09","North West",111042.607
"2023-11-10","London",111139.599
"2023-11-10","South East",116660.781
"2023-11-10","South West",133185.966
"2023-11-10","Midlands",131710.963
"2023-11-10","North East and Yorkshire",129339.68
"2023-11-10","East of England",104026.523
"2023-11-10","North West",153431.713
"2023-11-11","London",143777.163
"2023-11-11","South East",151017.653
"2023-11-11","South West",146593.48
"2023-11-11","Midlands",87857.927
"2023-11-11","North East and Yorkshire",31933.522
"2023-11-11","East of England",152071.688
"2023-11-11","North West",56193.89
"2023-11-12","London",152525.957
"2023-11-12","South East",159148.11
"2023-11-12","South West",120296.219
"2023-11-12","Midlands",104296.358
"2023-11-12","North East and Yorkshire",68600.488
"2023-11-12","East of England",134662.315
"2023-11-12","North West",89371.829
"2023-11-13","London",156791.28
"2023-11-13","South East",190074.91
"2023-11-13","South West",225415.553
"2023-11-13","Midlands",196044.949
"2023-11-13","North East and Yorkshire",182901.003
"2023-11-13","East of England",159753.865
"2023-11-13","North West",197655.292
"2023-11-14","London",180412.246
"2023-11-14","South East",181662.979
"2023-11-14","South West",137911.203
"2023-11-14","Midlands",149379.757
"2023-11-14","North East and Yorkshire",147540.023
"2023-11-14","East of England",170619.538
"2023-11-14","North West",149460.24
"2023-11-15","London",171821.269
"2023-11-15","South East",141322.122
"2023-11-15","South West",114356.827
"2023-11-15","Midlands",168344.391
"2023-11-15","North East and Yorkshire",139317.758
"2023-11-15","East of England",176512.964
"2023-11-15","North West",152888.776
"2023-11-16","London",138584.237
"2023-11-16","South East",99955.029
"2023-11-16","South West",76496.077
"2023-11-16","Midlands",164037.259
"2023-11-16","North East and Yorkshire",129301.334
"2023-11-16","East of England",161247.864
"2023-11-16","North West",159249.438
"2023-11-17","London",179626.176
"2023-11-17","South East",186260.557
"2023-11-17","South West",196520.288
"2023-11-17","Midlands",164435.39
"2023-11-17","North East and Yorkshire",121946.277
"2023-11-17","East of England",162825.013
"2023-11-17","North West",153393.204
"2023-11-18","London",98627.697
"2023-11-18","South East",116579.384
"2023-11-18","South West",140673.897
"2023-11-18","Midlands",101685.943
"2023-11-18","North East and Yorkshire",94503.519
"2023-11-18","East of England",92087.997
"2023-11-18","North West",116900.757
"2023-11-19","London",58074.333
"2023-11-19","South East",60700.373
"2023-11-19","South West",90658.042
"2023-11-19","Midlands",53789.39
"2023-11-19","North East and Yorkshire",82056.355
"2023-11-19","East of England",46992.453
"2023-11-19","North West",101105.969
"2023-11-20","London",21158.136
"2023-11-20","South East",24376.881
"2023-11-20","South West",34271.341
"2023-11-20","Midlands",17330.735
"2023-11-20","North East and Yorkshire",24946.788
"2023-11-20","East of England",21329.988
"2023-11-20","North West",22932.216
"2023-11-21","London",281926.854
"2023-11-21","South East",276514.464
"2023-11-21","South West",257367.886
"2023-11-21","Midlands",201410.874
"2023-11-21","North East and Yorkshire",216909.45
"2023-11-21","East of England",277921.365
"2023-11-21","North West",216745.654
"2023-11-22","London",278796.769
"2023-11-22","South East",293053.564
"2023-11-22","South West",297384.23
"2023-11-22","Midlands",258528.63
"2023-11-22","North East and Yorkshire",246454.615
"2023-11-22","East of England",278847.887
"2023-11-22","North West",247714.456
"2023-11-23","London",248341.655
"2023-11-23","South East",258012.331
"2023-11-23","South West",233451.54
"2023-11-23","Midlands",167953.874
"2023-11-23","North East and Yorkshire",130059.52
"2023-11-23","East of England",205656.889
"2023-11-23","North West",156248.48
"2023-11-24","London",267244.645
"2023-11-24","South East",281697.5
"2023-11-24","South West",295823.222
"2023-11-24","Midlands",250107.603
"2023-11-24","North East and Yorkshire",214300.582
"2023-11-24","East of England",246227.243
"2023-11-24","North West",241263.246
"2023-11-25","London",246796.21
"2023-11-25","South East",238012.284
"2023-11-25","South West",151690.966
"2023-11-25","Midlands",117450.164
"2023-11-25","North East and Yorkshire",68014.412
"2023-11-25","East of England",214427.457
"2023-11-25","North West",78581.503
"2023-11-26","London",128668.347
"2023-11-26","South East",150150.824
"2023-11-26","South West",238800.24
"2023-11-26","Midlands",165681.969
"2023-11-26","North East and Yorkshire",151425.526
"2023-11-26","East of England",120120.175
"2023-11-26","North West",165039.691
"2023-11-27","London",207817.984
"2023-11-27","South East",198176.556
"2023-11-27","South West",202252.061
"2023-11-27","Midlands",186782.212
"2023-11-27","North East and Yorkshire",178142.321
"2023-11-27","East of England",229139.737
"2023-11-27","North West",153142.945
"2023-11-28","London",45288.739
"2023-11-28","South East",48565.848
"2023-11-28","South West",74873.61
"2023-11-28","Midlands",59861.305
"2023-11-28","North East and Yorkshire",59185.926
"2023-11-28","East of England",36809.172
"2023-11-28","North West",71096.493
"2023-11-29","London",111793.105
"2023-11-29","South East",112988.592
"2023-11-29","South West",64442.622
"2023-11-29","Midlands",66620.125
"2023-11-29","North East and Yorkshire",55652.004
"2023-11-29","East of England",110707.101
"2023-11-29","North West",49795.366
"2023-11-30","London",60602.513
"2023-11-30","South East",52917.586
"2023-11-30","South West",34373.86
"2023-11-30","Midlands",46910.561
"2023-11-30","North East and Yorkshire",47865.223
"2023-11-30","East of England",68396.977
"2023-11-30","North West",59506.55
"2023-12-01","London",23096.12
"2023-12-01","South East",39740.113
"2023-12-01","South West",80061.082
"2023-12-01","Midlands",29384.464
"2023-12-01","North East and Yorkshire",27665.287
"2023-12-01","East of England",24266.989
"2023-12-01","North West",38116.368
"2023-12-02","London",110430.477
"2023-12-02","South East",107769.862
"2023-12-02","South West",93552.761
"2023-12-02","Midlands",93757.756
"2023-12-02","North East and Yorkshire",49776.725
"2023-12-02","East of England",110007.564
"2023-12-02","North West",58333.632
"2023-12-03","London",102549.305
"2023-12-03","South East",111106.436
"2023-12-03","South West",113932.597
"2023-12-03","Midlands",92230.582
"2023-12-03","North East and Yorkshire",64091.647
"2023-12-03","East of England",73985.125
"2023-12-03","North West",69445.495
"2023-12-04","London",150592.903
"2023-12-04","South East",149791.858
"2023-12-04","South West",139426.478
"2023-12-04","Midlands",115825.984
"2023-12-04","North East and Yorkshire",68537.024
"2023-12-04","East of England",139300.873
"2023-12-04","North West",80874.438
"2023-12-05","London",153454.949
"2023-12-05","South East",134499.54
"2023-12-05","South West",65983.991
"2023-12-05","Midlands",47924.682
"2023-12-05","North East and Yorkshire",64901.649
"2023-12-05","East of England",145737.542
"2023-12-05","North West",71260.368
"2023-12-06","London",218743.165
"2023-12-06","South East",220275.24
"2023-12-06","South West",219540.103
"2023-12-06","Midlands",166120.327
"2023-12-06","North East and Yorkshire",143782.188
"2023-12-06","East of England",206738.617
"2023-12-06","North West",106174.836
"2023-12-07","London",184650.048
"2023-12-07","South East",181278.177
"2023-12-07","South West",120815.415
"2023-12-07","Midlands",94695.167
"2023-12-07","North East and Yorkshire",75603.299
"2023-12-07","East of England",172275.001
"2023-12-07","North West",55235.375
"2023-12-08","London",85835.862
"2023-12-08","South East",98519.282
"2023-12-08","South West",114046.458
"2023-12-08","Midlands",112219.029
"2023-12-08","North East and Yorkshire",121542.114
"2023-12-08","East of England",134898.033
"2023-12-08","North West",110601.915
"2023-12-09","London",118588.245
"2023-12-09","South East",120887.69
"2023-12-09","South West",123080.251
"2023-12-09","Midlands",161115.179
"2023-12-09","North East and Yorkshire",133257.46
"2023-12-09","East of England",158518.902
"2023-12-09","North West",110956.169
"2023-12-10","London",186833.057
"2023-12-10","South East",202162.575
"2023-12-10","South West",216039.376
"2023-12-10","Midlands",191701.628
"2023-12-10","North East and Yorkshire",163730.459
"2023-12-10","East of England",170389.486
"2023-12-10","North West",186238.095
"2023-12-11","London",211501.282
"2023-12-11","South East",209957.756
"2023-12-11","South West",222622.835
"2023-12-11","Midlands",189794.643
"2023-12-11","North East and Yorkshire",159181.822
"2023-12-11","East of England",190620.53
"2023-12-11","North West",171479.507
"2023-12-12","London",142554.294
"2023-12-12","South East",140366.488
"2023-12-12","South West",144464.229
"2023-12-12","Midlands",129868.108
"2023-12-12","North East and Yorkshire",105138.988
"2023-12-12","East of England",125908.861
"2023-12-12","North West",107784.955
"2023-12-13","London",50355.323
"2023-12-13","South East",56230.06
"2023-12-13","South West",95552.411
"2023-12-13","Midlands",119623.273
"2023-12-13","North East and Yorkshire",106269.189
"2023-12-13","East of England",74941.85
"2023-12-13","North West",112749.013
"2023-12-14","London",30279.904
"2023-12-14","South East",38909.727
"2023-12-14","South West",32422.796
"2023-12-14","Midlands",24526.923
"2023-12-14","North East and Yorkshire",34967.849
"2023-12-14","East of England",31429.656
"2023-12-14","North West",28300.153
"2023-12-15","London",53237.598
"2023-12-15","South East",69379.636
"2023-12-15","South West",89505.805
"2023-12-15","Midlands",20730.109
"2023-12-15","North East and Yorkshire",31595.406
"2023-12-15","East of England",28394.105
"2023-12-15","North West",19158.007
"2023-12-16","London",122922.224
"2023-12-16","South East",118950.727
"2023-12-16","South West",133757.272
"2023-12-16","Midlands",129287.096
"2023-12-16","North East and Yorkshire",102161.243
"2023-12-16","East of England",131526.853
"2023-12-16","North West",107236.119
"2023-12-17","London",85090.803
"2023-12-17","South East",79881.768
"2023-12-17","South West",59000.97
"2023-12-17","Midlands",66656.141
"2023-12-17","North East and Yorkshire",74490.638
"2023-12-17","East of England",72760.048
"2023-12-17","North West",72773.588
"2023-12-18","London",157279.047
"2023-12-18","South East",155619.805
"2023-12-18","South West",138812.703
"2023-12-18","Midlands",135452.252
"2023-12-18","North East and Yorkshire",103878.621
"2023-12-18","East of England",149113.499
"2023-12-18","North West",99919.485
"2023-12-19","London",45691.591
"2023-12-19","South East",40700.054
"2023-12-19","South West",24717.17
"2023-12-19","Midlands",27978.01
"2023-12-19","North East and Yorkshire",22237.615
"2023-12-19","East of England",54827.734
"2023-12-19","North West",21521.067
"2023-12-20","London",139451.338
"2023-12-20","South East",134533.426
"2023-12-20","South West",118318.927
"2023-12-20","Midlands",107784.58
"2023-12-20","North East and Yorkshire",91244.56
"2023-12-20","East of England",142808.351
"2023-12-20","North West",89070.369
"2023-12-21","London",22533.704
"2023-12-21","South East",23633.584
"2023-12-21","South West",32279.088
"2023-12-21","Midlands",22950.891
"2023-12-21","North East and Yorkshire",44881.962
"2023-12-21","East of England",41501.304
"2023-12-21","North West",21341.89
"2023-12-22","London",119848.291
"2023-12-22","South East",144267.041
"2023-12-22","South West",151762.211
"2023-12-22","Midlands",86676.784
"2023-12-22","North East and Yorkshire",71060.338
"2023-12-22","East of England",99618.419
"2023-12-22","North West",40950.36
"2023-12-23","London",124249.336
"2023-12-23","South East",135110.633
"2023-12-23","South West",151139.476
"2023-12-23","Midlands",119416.267
"2023-12-23","North East and Yorkshire",81121.122
"2023-12-23","East of England",110835.318
"2023-12-23","North West",72226.961
"2023-12-24","London",136173.807
"2023-12-24","South East",134296.413
"2023-12-24","South West",117172.943
"2023-12-24","Midlands",120221.916
"2023-12-24","North East and Yorkshire",105029.809
"2023-12-24","East of England",134171.043
"2023-12-24","North West",100164.711
"2023-12-25","London",82288.984
"2023-12-25","South East",77476.905
"2023-12-25","South West",105822.26
"2023-12-25","Midlands",109221.095
"2023-12-25","North East and Yorkshire",102725.159
"2023-12-25","East of England",75852.936
"2023-12-25","North West",108513.613
"2023-12-26","London",142554.294
"2023-12-26","South East",140366.488
"2023-12-26","South West",144464.229
"2023-12-26","Midlands",129868.108
"2023-12-26","North East and Yorkshire",105138.988
"2023-12-26","East of England",125908.861
"2023-12-26","North West",107784.955
"2023-12-27","London",50355.323
"2023-12-27","South East",56230.06
"2023-12-27","South West",95552.411
"2023-12-27","Midlands",119623.273
"2023-12-27","North East and Yorkshire",106269.189
"2023-12-27","East of England",74941.85
"2023-12-27","North West",112749.013
"2023-12-28","London",30279.904
"2023-12-28","South East",38909.727
"2023-12-28","South West",32422.796
"2023-12-28","Midlands",24526.923
"2023-12-28","North East and Yorkshire",34967.849
"2023-12-28","East of England",31429.656
"2023-12-28","North West",28300.153
"2023-12-29","London",53237.598
"2023-12-29","South East",69379.636
"2023-12-29","South West",89505.805
"2023-12-29","Midlands",20730.109
"2023-12-29","North East and Yorkshire",31595.406
"2023-12-29","East of England",28394.105
"2023-12-29","North West",19158.007
"2023-12-30","London",122922.224
"2023-12-30","South East",118950.727
"2023-12-30","South West",133757.272
"2023-12-30","Midlands",129287.096
"2023-12-30","North East and Yorkshire",102161.243
"2023-12-30","East of England",131526.853
"2023-12-30","North West",107236.119
"2023-12-31","London",85090.803
"2023-12-31","South East",79881.768
"2023-12-31","South West",59000.97
"2023-12-31","Midlands",66656.141
"2023-12-31","North East and Yorkshire",74490.638
"2023-12-31","East of England",72760.048
"2023-12-31","North West",72773.588
"2024-01-01","London",157279.047
"2024-01-01","South East",155619.805
"2024-01-01","South West",138812.703
"2024-01-01","Midlands",135452.252
"2024-01-01","North East and Yorkshire",103878.621
"2024-01-01","East of England",149113.499
"2024-01-01","North West",99919.485
"2024-01-02","London",68959.232
"2024-01-02","South East",69992.03
"2024-01-02","South West",58744.321
"2024-01-02","Midlands",47304.377
"2024-01-02","North East and Yorkshire",39080.679
"2024-01-02","East of England",56921.074
"2024-01-02","North West",30558.265
"2024-01-03","London",60011.201
"2024-01-03","South East",63949.372
"2024-01-03","South West",70050.52
"2024-01-03","Midlands",63687.202
"2024-01-03","North East and Yorkshire",52436.821
"2024-01-03","East of England",68085.375
"2024-01-03","North West",47771.391
"2024-01-04","London",61346.913
"2024-01-04","South East",68489.107
"2024-01-04","South West",66416.894
"2024-01-04","Midlands",61518.692
"2024-01-04","North East and Yorkshire",57113.549
"2024-01-04","East of England",59375.874
"2024-01-04","North West",46725.442
"2024-01-05","London",45711.629
"2024-01-05","South East",58168.364
"2024-01-05","South West",63256.973
"2024-01-05","Midlands",54559.936
"2024-01-05","North East and Yorkshire",53824.793
"2024-01-05","East of England",52457.056
"2024-01-05","North West",45541.345
"2024-01-06","London",47430.166
"2024-01-06","South East",60144.277
"2024-01-06","South West",55279.324
"2024-01-06","Midlands",55704.274
"2024-01-06","North East and Yorkshire",42620.657
"2024-01-06","East of England",54607.221
"2024-01-06","North West",31253.55
"2024-01-07","London",77630.773
"2024-01-07","South East",94586.473
"2024-01-07","South West",88707.12
"2024-01-07","Midlands",99102.102
"2024-01-07","North East and Yorkshire",65452.964
"2024-01-07","East of England",71329.479
"2024-01-07","North West",70025.98
"2024-01-08","London",96051.464
"2024-01-08","South East",112849.032
"2024-01-08","South West",106491.862
"2024-01-08","Midlands",116950.892
"2024-01-08","North East and Yorkshire",79742.091
"2024-01-08","East of England",99920.211
"2024-01-08","North West",98932.701
"2024-01-09","London",53129.958
"2024-01-09","South East",60561.78
"2024-01-09","South West",82139.488
"2024-01-09","Midlands",36082.604
"2024-01-09","North East and Yorkshire",24072.818
"2024-01-09","East of England",40466.251
"2024-01-09","North West",29113.317
"2024-01-10","London",25617.951
"2024-01-10","South East",33237.213
"2024-01-10","South West",49460.232
"2024-01-10","Midlands",39246.549
"2024-01-10","North East and Yorkshire",25144.117
"2024-01-10","East of England",26904.834
"2024-01-10","North West",40106.26
"2024-01-11","London",31615.056
"2024-01-11","South East",32744.033
"2024-01-11","South West",32274.823
"2024-01-11","Midlands",21146.668
"2024-01-11","North East and Yorkshire",38825.862
"2024-01-11","East of England",41216.247
"2024-01-11","North West",18658.312
"2024-01-12","London",62949.135
"2024-01-12","South East",70366.72
"2024-01-12","South West",79744.077
"2024-01-12","Midlands",53898.031
"2024-01-12","North East and Yorkshire",54355.184
"2024-01-12","East of England",56193.262
"2024-01-12","North West",60546.816
"2024-01-13","London",118236.703
"2024-01-13","South East",109706.852
"2024-01-13","South West",83210.39
"2024-01-13","Midlands",90508.938
"2024-01-13","North East and Yorkshire",80484.66
"2024-01-13","East of England",116912.032
"2024-01-13","North West",87771.521
"2024-01-14","London",122566.108
"2024-01-14","South East",115486.421
"2024-01-14","South West",90687.859
"2024-01-14","Midlands",102665.144
"2024-01-14","North East and Yorkshire",89680.337
"2024-01-14","East of England",125716.334
"2024-01-14","North West",78675.098
"2024-01-15","London",105559.338
"2024-01-15","South East",96594.248
"2024-01-15","South West",97661.51
"2024-01-15","Midlands",130133.474
"2024-01-15","North East and Yorkshire",101841.606
"2024-01-15","East of England",128555.032
"2024-01-15","North West",104050.572
"2024-01-16","London",194022.463
"2024-01-16","South East",193956.222
"2024-01-16","South West",198312.841
"2024-01-16","Midlands",193348.875
"2024-01-16","North East and Yorkshire",202969.092
"2024-01-16","East of England",202366.7
"2024-01-16","North West",178694.378
"2024-01-17","London",219840.11
"2024-01-17","South East",217447.127
"2024-01-17","South West",217350.98
"2024-01-17","Midlands",168732.107
"2024-01-17","North East and Yorkshire",166260.955
"2024-01-17","East of England",205980.714
"2024-01-17","North West",102883.188
"2024-01-18","London",154130.538
"2024-01-18","South East",159828.748
"2024-01-18","South West",169327.485
"2024-01-18","Midlands",141920.709
"2024-01-18","North East and Yorkshire",76526.592
"2024-01-18","East of England",174159.997
"2024-01-18","North West",104702.485
"2024-01-19","London",98660.116
"2024-01-19","South East",126607.502
"2024-01-19","South West",176822.407
"2024-01-19","Midlands",122136.166
"2024-01-19","North East and Yorkshire",69226.949
"2024-01-19","East of England",138093.833
"2024-01-19","North West",68284.313
"2024-01-20","London",148743.775
"2024-01-20","South East",154086.957
"2024-01-20","South West",154826.662
"2024-01-20","Midlands",144970.858
"2024-01-20","North East and Yorkshire",148981.479
"2024-01-20","East of England",141073.103
"2024-01-20","North West",166097.073
"2024-01-21","London",291737.027
"2024-01-21","South East",296705.567
"2024-01-21","South West",295712.047
"2024-01-21","Midlands",263263.244
"2024-01-21","North East and Yorkshire",222756.961
"2024-01-21","East of England",276722.281
"2024-01-21","North West",235095.223
"2024-01-22","London",251491.335
"2024-01-22","South East",294292.479
"2024-01-22","South West",314674.205
"2024-01-22","Midlands",293145.849
"2024-01-22","North East and Yorkshire",246457.761
"2024-01-22","East of England",230718.648
"2024-01-22","North West",265405.975
"2024-01-23","London",121701.213
"2024-01-23","South East",136159.964
"2024-01-23","South West",134716.755
"2024-01-23","Midlands",152451.271
"2024-01-23","North East and Yorkshire",154653.467
"2024-01-23","East of England",157021.526
"2024-01-23","North West",118228.475
"2024-01-24","London",44149.329
"2024-01-24","South East",45265.932
"2024-01-24","South West",67398.487
"2024-01-24","Midlands",38623.997
"2024-01-24","North East and Yorkshire",38713.537
"2024-01-24","East of England",46464.821
"2024-01-24","North West",58605.905
"2024-01-25","London",117634.43
"2024-01-25","South East",122153.423
"2024-01-25","South West",167454.098
"2024-01-25","Midlands",160096.151
"2024-01-25","North East and Yorkshire",164832.609
"2024-01-25","East of England",134491.818
"2024-01-25","North West",193823.381
"2024-01-26","London",309461.56
"2024-01-26","South East",297027.495
"2024-01-26","South West",308458.009
"2024-01-26","Midlands",296565.914
"2024-01-26","North East and Yorkshire",263615.331
"2024-01-26","East of England",330211.901
"2024-01-26","North West",224891.22
"2024-01-27","London",316931.32
"2024-01-27","South East",308809.972
"2024-01-27","South West",341061.783
"2024-01-27","Midlands",369532.645
"2024-01-27","North East and Yorkshire",347452.992
"2024-01-27","East of England",370601.945
"2024-01-27","North West",346543.402
"2024-01-28","London",200120.134
"2024-01-28","South East",198667.471
"2024-01-28","South West",124530.062
"2024-01-28","Midlands",264610.56
"2024-01-28","North East and Yorkshire",289396.179
"2024-01-28","East of England",255558.77
"2024-01-28","North West",290726.71
"2024-01-29","London",283227.376
"2024-01-29","South East",284008.65
"2024-01-29","South West",346163.828
"2024-01-29","Midlands",277011.794
"2024-01-29","North East and Yorkshire",284197.424
"2024-01-29","East of England",278412.36
"2024-01-29","North West",305521.835
"2024-01-30","London",199565.374
"2024-01-30","South East",201093.643
"2024-01-30","South West",191577.733
"2024-01-30","Midlands",153751.663
"2024-01-30","North East and Yorkshire",88280.064
"2024-01-30","East of England",187912.743
"2024-01-30","North West",62668.854
"2024-01-31","London",91374.484
"2024-01-31","South East",86984.614
"2024-01-31","South West",120995.586
"2024-01-31","Midlands",163907.321
"2024-01-31","North East and Yorkshire",164063.278
"2024-01-31","East of England",101438.387
"2024-01-31","North West",165592.185
"2024-02-01","London",213642.068
"2024-02-01","South East",219964.787
"2024-02-01","South West",219902.293
"2024-02-01","Midlands",192736.055
"2024-02-01","North East and Yorkshire",161488.17
"2024-02-01","East of England",195582.624
"2024-02-01","North West",179823.329
"2024-02-02","London",214031.034
"2024-02-02","South East",218682.546
"2024-02-02","South West",222371.932
"2024-02-02","Midlands",192960.255
"2024-02-02","North East and Yorkshire",141738.09
"2024-02-02","East of England",203277.305
"2024-02-02","North West",158913.895
"2024-02-03","London",150228.804
"2024-02-03","South East",153071.35
"2024-02-03","South West",114989.128
"2024-02-03","Midlands",96383.351
"2024-02-03","North East and Yorkshire",70499.869
"2024-02-03","East of England",145593.729
"2024-02-03","North West",60193.232
"2024-02-04","London",139779.253
"2024-02-04","South East",129421.454
"2024-02-04","South West",113043.673
"2024-02-04","Midlands",88924.662
"2024-02-04","North East and Yorkshire",61469.108
"2024-02-04","East of England",124539.843
"2024-02-04","North West",28861.606
"2024-02-05","London",184408.219
"2024-02-05","South East",192049.246
"2024-02-05","South West",185718.719
"2024-02-05","Midlands",174240.545
"2024-02-05","North East and Yorkshire",149980.362
"2024-02-05","East of England",191288.286
"2024-02-05","North West",152802.87
"2024-02-06","London",85093.915
"2024-02-06","South East",81409.275
"2024-02-06","South West",48297.309
"2024-02-06","Midlands",75920.401
"2024-02-06","North East and Yorkshire",93335.1
"2024-02-06","East of England",113729.526
"2024-02-06","North West",52339.327
"2024-02-07","London",91753.209
"2024-02-07","South East",62731.844
"2024-02-07","South West",43342.804
"2024-02-07","Midlands",104151.229
"2024-02-07","North East and Yorkshire",87320.383
"2024-02-07","East of England",118157.052
"2024-02-07","North West",90292.625
"2024-02-08","London",91769.31
"2024-02-08","South East",93291.591
"2024-02-08","South West",102008.622
"2024-02-08","Midlands",79306.127
"2024-02-08","North East and Yorkshire",26665.518
"2024-02-08","East of England",70728.47
"2024-02-08","North West",67216.2
"2024-02-09","London",142639.537
"2024-02-09","South East",150255.5
"2024-02-09","South West",186756.071
"2024-02-09","Midlands",141964.675
"2024-02-09","North East and Yorkshire",96103.26
"2024-02-09","East of England",150067.978
"2024-02-09","North West",117764.137
"2024-02-10","London",24951.988
"2024-02-10","South East",37248.754
"2024-02-10","South West",45309.622
"2024-02-10","Midlands",59830.08
"2024-02-10","North East and Yorkshire",110712.168
"2024-02-10","East of England",45383.07
"2024-02-10","North West",108613.108
"2024-02-11","London",114833.745
"2024-02-11","South East",95243.876
"2024-02-11","South West",70914.205
"2024-02-11","Midlands",141107.946
"2024-02-11","North East and Yorkshire",149361.225
"2024-02-11","East of England",163391.67
"2024-02-11","North West",117328.33
"2024-02-12","London",113075.662
"2024-02-12","South East",116078.826
"2024-02-12","South West",95415.129
"2024-02-12","Midlands",164445.102
"2024-02-12","North East and Yorkshire",200977.789
"2024-02-12","East of England",127164.019
"2024-02-12","North West",213653.012
"2024-02-13","London",312326.219
"2024-02-13","South East",330458.172
"2024-02-13","South West",333463.448
"2024-02-13","Midlands",340286.74
"2024-02-13","North East and Yorkshire",271239.587
"2024-02-13","East of England",344806.075
"2024-02-13","North West",278715.525
"2024-02-14","London",385519.918
"2024-02-14","South East",394157.016
"2024-02-14","South West",413636.641
"2024-02-14","Midlands",349567.755
"2024-02-14","North East and Yorkshire",356873.131
"2024-02-14","East of England",350027.318
"2024-02-14","North West",337526.571
"2024-02-15","London",281527.257
"2024-02-15","South East",316456.5
"2024-02-15","South West",411461.699
"2024-02-15","Midlands",391215.25
"2024-02-15","North East and Yorkshire",396435.88
"2024-02-15","East of England",274136.945
"2024-02-15","North West",387764.027
"2024-02-16","London",57862.061
"2024-02-16","South East",57800.152
"2024-02-16","South West",69355.946
"2024-02-16","Midlands",54115.053
"2024-02-16","North East and Yorkshire",85278.985
"2024-02-16","East of England",83072.665
"2024-02-16","North West",62281.371
"2024-02-17","London",306483.18
"2024-02-17","South East",326366.608
"2024-02-17","South West",394959.222
"2024-02-17","Midlands",337711.88
"2024-02-17","North East and Yorkshire",293804.035
"2024-02-17","East of England",272325.852
"2024-02-17","North West",334107.886
"2024-02-18","London",477936.113
"2024-02-18","South East",467638.242
"2024-02-18","South West",428503.716
"2024-02-18","Midlands",446412.186
"2024-02-18","North East and Yorkshire",385448.919
"2024-02-18","East of England",463616.809
"2024-02-18","North West",402214.763
"2024-02-19","London",356491.137
"2024-02-19","South East",379462.698
"2024-02-19","South West",466466.928
"2024-02-19","Midlands",446668.19
"2024-02-19","North East and Yorkshire",401357.395
"2024-02-19","East of England",362930.992
"2024-02-19","North West",387171.909
"2024-02-20","London",312326.219
"2024-02-20","South East",330458.172
"2024-02-20","South West",333463.448
"2024-02-20","Midlands",340286.74
"2024-02-20","North East and Yorkshire",271239.587
"2024-02-20","East of England",344806.075
"2024-02-20","North West",278715.525
"2024-02-21","London",385519.918
"2024-02-21","South East",394157.016
"2024-02-21","South West",413636.641
"2024-02-21","Midlands",349567.755
"2024-02-21","North East and Yorkshire",356873.131
"2024-02-21","East of England",350027.318
"2024-02-21","North West",337526.571
"2024-02-22","London",281527.257
"2024-02-22","South East",316456.5
"2024-02-22","South West",411461.699
"2024-02-22","Midlands",391215.25
"2024-02-22","North East and Yorkshire",396435.88
"2024-02-22","East of England",274136.945
"2024-02-22","North West",387764.027
"2024-02-23","London",57862.061
"2024-02-23","South East",57800.152
"2024-02-23","South West",69355.946
"2024-02-23","Midlands",54115.053
"2024-02-23","North East and Yorkshire",85278.985
"2024-02-23","East of England",83072.665
"2024-02-23","North West",62281.371
"2024-02-24","London",306483.18
"2024-02-24","South East",326366.608
"2024-02-24","South West",394959.222
"2024-02-24","Midlands",337711.88
"2024-02-24","North East and Yorkshire",293804.035
"2024-02-24","East of England",272325.852
"2024-02-24","North West",334107.886
"2024-02-25","London",477936.113
"2024-02-25","South East",467638.242
"2024-02-25","South West",428503.716
"2024-02-25","Midlands",446412.186
"2024-02-25","North East and Yorkshire",385448.919
"2024-02-25","East of England",463616.809
"2024-02-25","North West",402214.763
"2024-02-26","London",356491.137
"2024-02-26","South East",379462.698
"2024-02-26","South West",466466.928
"2024-02-26","Midlands",446668.19
"2024-02-26","North East and Yorkshire",401357.395
"2024-02-26","East of England",362930.992
"2024-02-26","North West",387171.909
"2024-02-27","London",406326.371
"2024-02-27","South East",430924.062
"2024-02-27","South West",400570.222
"2024-02-27","Midlands",394709.588
"2024-02-27","North East and Yorkshire",432709.341
"2024-02-27","East of England",461008.476
"2024-02-27","North West",348981.663
"2024-02-28","London",266917.747
"2024-02-28","South East",308998.553
"2024-02-28","South West",411502.556
"2024-02-28","Midlands",417816.482
"2024-02-28","North East and Yorkshire",512246.624
"2024-02-28","East of England",286860.908
"2024-02-28","North West",580440.913
"2024-02-29","London",558551.137
"2024-02-29","South East",552383.562
"2024-02-29","South West",538970.293
"2024-02-29","Midlands",466741.868
"2024-02-29","North East and Yorkshire",384067.86
"2024-02-29","East of England",522402.114
"2024-02-29","North West",474805.196
"2024-03-01","London",296542.529
"2024-03-01","South East",315429.656
"2024-03-01","South West",440437.3
"2024-03-01","Midlands",422524.517
"2024-03-01","North East and Yorkshire",447994.611
"2024-03-01","East of England",394143.997
"2024-03-01","North West",485187.336
"2024-03-02","London",519281.035
"2024-03-02","South East",531184.546
"2024-03-02","South West",499988.505
"2024-03-02","Midlands",485387.647
"2024-03-02","North East and Yorkshire",515400.36
"2024-03-02","East of England",539185.252
"2024-03-02","North West",487508.581
"2024-03-03","London",269307.835
"2024-03-03","South East",304384.872
"2024-03-03","South West",249848.52
"2024-03-03","Midlands",212686.649
"2024-03-03","North East and Yorkshire",270769.742
"2024-03-03","East of England",273466.98
"2024-03-03","North West",226853.241
"2024-03-04","London",696827.753
"2024-03-04","South East",681592.129
"2024-03-04","South West",581539.182
"2024-03-04","Midlands",520597.284
"2024-03-04","North East and Yorkshire",445995.837
"2024-03-04","East of England",658257.569
"2024-03-04","North West",460009.182
"2024-03-05","London",396892.895
"2024-03-05","South East",375431.787
"2024-03-05","South West",180667.336
"2024-03-05","Midlands",221851.134
"2024-03-05","North East and Yorkshire",221141.512
"2024-03-05","East of England",358729.541
"2024-03-05","North West",172390.819
"2024-03-06","London",322727.814
"2024-03-06","South East",315765.96
"2024-03-06","South West",237693.452
"2024-03-06","Midlands",206461.496
"2024-03-06","North East and Yorkshire",125865.544
"2024-03-06","East of England",328845.869
"2024-03-06","North West",61263.528
"2024-03-07","London",117465.033
"2024-03-07","South East",165822.804
"2024-03-07","South West",365432.175
"2024-03-07","Midlands",372003.635
"2024-03-07","North East and Yorkshire",360841.449
"2024-03-07","East of England",177019.547
"2024-03-07","North West",363172.256
"2024-03-08","London",455407.055
"2024-03-08","South East",465984.539
"2024-03-08","South West",407587.6
"2024-03-08","Midlands",399046.479
"2024-03-08","North East and Yorkshire",346987.833
"2024-03-08","East of England",434708.449
"2024-03-08","North West",357550.616
"2024-03-09","London",419495.326
"2024-03-09","South East",442872.786
"2024-03-09","South West",434957.627
"2024-03-09","Midlands",387032.175
"2024-03-09","North East and Yorkshire",294322.735
"2024-03-09","East of England",428250.288
"2024-03-09","North West",279875.469
"2024-03-10","London",366968.747
"2024-03-10","South East",433279.43
"2024-03-10","South West",480682.463
"2024-03-10","Midlands",396634.847
"2024-03-10","North East and Yorkshire",362199.662
"2024-03-10","East of England",330815.982
"2024-03-10","North West",390210.1
"2024-03-11","London",317641.862
"2024-03-11","South East",397615.53
"2024-03-11","South West",376897.062
"2024-03-11","Midlands",217528.262
"2024-03-11","North East and Yorkshire",250124.215
"2024-03-11","East of England",246533.385
"2024-03-11","North West",351557.058
"2024-03-12","London",191374.731
"2024-03-12","South East",215553.524
"2024-03-12","South West",214230.933
"2024-03-12","Midlands",174442.382
"2024-03-12","North East and Yorkshire",168980.952
"2024-03-12","East of England",183152.416
"2024-03-12","North West",134168.953
"2024-03-13","London",109135.945
"2024-03-13","South East",158936.133
"2024-03-13","South West",319945.758
"2024-03-13","Midlands",249391.437
"2024-03-13","North East and Yorkshire",169458.29
"2024-03-13","East of England",126787.921
"2024-03-13","North West",286778.991
"2024-03-14","London",151232.58
"2024-03-14","South East",171169.563
"2024-03-14","South West",246813.809
"2024-03-14","Midlands",317728.446
"2024-03-14","North East and Yorkshire",347294.751
"2024-03-14","East of England",199903.25
"2024-03-14","North West",402293.321
"2024-03-15","London",117916.311
"2024-03-15","South East",142681.876
"2024-03-15","South West",169483.934
"2024-03-15","Midlands",179932.004
"2024-03-15","North East and Yorkshire",232321.017
"2024-03-15","East of England",185480.205
"2024-03-15","North West",203144.801
"2024-03-16","London",320868.778
"2024-03-16","South East",323745.813
"2024-03-16","South West",278592.341
"2024-03-16","Midlands",286618.872
"2024-03-16","North East and Yorkshire",268883.14
"2024-03-16","East of England",321808.378
"2024-03-16","North West",294048.907
"2024-03-17","London",372760.453
"2024-03-17","South East",374638.308
"2024-03-17","South West",341171.347
"2024-03-17","Midlands",312492.985
"2024-03-17","North East and Yorkshire",272957.012
"2024-03-17","East of England",367855.515
"2024-03-17","North West",295941.691
"2024-03-18","London",249195.502
"2024-03-18","South East",282177.397
"2024-03-18","South West",269479.655
"2024-03-18","Midlands",223127.259
"2024-03-18","North East and Yorkshire",218934.119
"2024-03-18","East of England",270055.122
"2024-03-18","North West",240631.969
"2024-03-19","London",55026.438
"2024-03-19","South East",81426.452
"2024-03-19","South West",114145.776
"2024-03-19","Midlands",99012.18
"2024-03-19","North East and Yorkshire",116548.309
"2024-03-19","East of England",80434.333
"2024-03-19","North West",150122.642
"2024-03-20","London",173606.831
"2024-03-20","South East",179741.033
"2024-03-20","South West",174260.683
"2024-03-20","Midlands",132735.993
"2024-03-20","North East and Yorkshire",149587.761
"2024-03-20","East of England",201720.051
"2024-03-20","North West",101962.318
"2024-03-21","London",464715.173
"2024-03-21","South East",436507.706
"2024-03-21","South West",285219.583
"2024-03-21","Midlands",232129.027
"2024-03-21","North East and Yorkshire",247032.465
"2024-03-21","East of England",389810.215
"2024-03-21","North West",213330.776
"2024-03-22","London",361765.311
"2024-03-22","South East",365338.036
"2024-03-22","South West",351046.958
"2024-03-22","Midlands",321568.067
"2024-03-22","North East and Yorkshire",202047.556
"2024-03-22","East of England",373367.968
"2024-03-22","North West",209126.67
"2024-03-23","London",424247.177
"2024-03-23","South East",436386.373
"2024-03-23","South West",283863.896
"2024-03-23","Midlands",330742.754
"2024-03-23","North East and Yorkshire",384374.404
"2024-03-23","East of England",435986.4
"2024-03-23","North West",303926.436
"2024-03-24","London",179703.325
"2024-03-24","South East",233788.577
"2024-03-24","South West",355003.022
"2024-03-24","Midlands",199955.638
"2024-03-24","North East and Yorkshire",108604.654
"2024-03-24","East of England",162745.261
"2024-03-24","North West",207142.303
"2024-03-25","London",263926.41
"2024-03-25","South East",285166.564
"2024-03-25","South West",368855.036
"2024-03-25","Midlands",385482.372
"2024-03-25","North East and Yorkshire",380730.212
"2024-03-25","East of England",365416.188
"2024-03-25","North West",392099.993
"2024-03-26","London",536834.886
"2024-03-26","South East",597108.934
"2024-03-26","South West",690045.536
"2024-03-26","Midlands",664811.453
"2024-03-26","North East and Yorkshire",680404.621
"2024-03-26","East of England",646745.915
"2024-03-26","North West",720744.378
"2024-03-27","London",888834.92
"2024-03-27","South East",877606.099
"2024-03-27","South West",847920.033
"2024-03-27","Midlands",772211.268
"2024-03-27","North East and Yorkshire",815969.208
"2024-03-27","East of England",905762.22
"2024-03-27","North West",825834.131
"2024-03-28","London",955368.294
"2024-03-28","South East",913941.539
"2024-03-28","South West",820339.75
"2024-03-28","Midlands",848900.885
"2024-03-28","North East and Yorkshire",933285.389
"2024-03-28","East of England",953109.236
"2024-03-28","North West",928907.358
"2024-03-29","London",534404.613
"2024-03-29","South East",565360.194
"2024-03-29","South West",488664.465
"2024-03-29","Midlands",663403.735
"2024-03-29","North East and Yorkshire",882199.143
"2024-03-29","East of England",668071.548
"2024-03-29","North West",830750.684
"2024-03-30","London",692529.029
"2024-03-30","South East",755863.301
"2024-03-30","South West",620292.259
"2024-03-30","Midlands",656949.324
"2024-03-30","North East and Yorkshire",754070.484
"2024-03-30","East of England",677771.308
"2024-03-30","North West",726226.365
"2024-03-31","London",847537.81
"2024-03-31","South East",856326.857
"2024-03-31","South West",730394.504
"2024-03-31","Midlands",791977.619
"2024-03-31","North East and Yorkshire",783432.874
"2024-03-31","East of England",915335.127
"2024-03-31","North West",671201.895
"2024-04-01","London",574544.249
"2024-04-01","South East",650098.689
"2024-04-01","South West",692527.594
"2024-04-01","Midlands",535208.838
"2024-04-01","North East and Yorkshire",643985.425
"2024-04-01","East of England",651938.483
"2024-04-01","North West",618740.605
"2024-04-02","London",666007.924
"2024-04-02","South East",670469.821
"2024-04-02","South West",686488.737
"2024-04-02","Midlands",546702.736
"2024-04-02","North East and Yorkshire",563914.875
"2024-04-02","East of England",627755.011
"2024-04-02","North West",562167.814
"2024-04-03","London",660871.955
"2024-04-03","South East",698662.182
"2024-04-03","South West",707261.375
"2024-04-03","Midlands",641185.611
"2024-04-03","North East and Yorkshire",603240.186
"2024-04-03","East of England",635076.917
"2024-04-03","North West",625071.126
"2024-04-04","London",708196.666
"2024-04-04","South East",697365.354
"2024-04-04","South West",638016.776
"2024-04-04","Midlands",646104.835
"2024-04-04","North East and Yorkshire",600691.33
"2024-04-04","East of England",698667.241
"2024-04-04","North West",614751.907
"2024-04-05","London",716734.772
"2024-04-05","South East",708813.762
"2024-04-05","South West",696246.076
"2024-04-05","Midlands",660626.186
"2024-04-05","North East and Yorkshire",606553.55
"2024-04-05","East of England",699628.13
"2024-04-05","North West",609240.2
"2024-04-06","London",736083.673
"2024-04-06","South East",742523.155
"2024-04-06","South West",751853.931
"2024-04-06","Midlands",695205.504
"2024-04-06","North East and Yorkshire",649735.102
"2024-04-06","East of England",719420.528
"2024-04-06","North West",633574.708
"2024-04-07","London",446282.371
"2024-04-07","South East",585993.273
"2024-04-07","South West",723447.73
"2024-04-07","Midlands",308836.368
"2024-04-07","North East and Yorkshire",438944.006
"2024-04-07","East of England",436612.176
"2024-04-07","North West",462169.486
"2024-04-08","London",603736.553
"2024-04-08","South East",561256.711
"2024-04-08","South West",565546.7
"2024-04-08","Midlands",609029.932
"2024-04-08","North East and Yorkshire",349602.402
"2024-04-08","East of England",643204.573
"2024-04-08","North West",418421.393
"2024-04-09","London",447715.948
"2024-04-09","South East",493382.488
"2024-04-09","South West",555816.74
"2024-04-09","Midlands",495610.097
"2024-04-09","North East and Yorkshire",470560.562
"2024-04-09","East of England",429665.988
"2024-04-09","North West",453842.791
"2024-04-10","London",407724.601
"2024-04-10","South East",372329.348
"2024-04-10","South West",215595.482
"2024-04-10","Midlands",300549.51
"2024-04-10","North East and Yorkshire",356697.574
"2024-04-10","East of England",432464.211
"2024-04-10","North West",235531.424
"2024-04-11","London",331964.582
"2024-04-11","South East",362213.913
"2024-04-11","South West",183728.777
"2024-04-11","Midlands",163740.442
"2024-04-11","North East and Yorkshire",130290.653
"2024-04-11","East of England",296456.853
"2024-04-11","North West",113134.156
"2024-04-12","London",259374.587
"2024-04-12","South East",320052.339
"2024-04-12","South West",412315.193
"2024-04-12","Midlands",396646.203
"2024-04-12","North East and Yorkshire",382557.833
"2024-04-12","East of England",266043.681
"2024-04-12","North West",405656.146
"2024-04-13","London",275878.774
"2024-04-13","South East",334209.136
"2024-04-13","South West",387147.098
"2024-04-13","Midlands",301384.319
"2024-04-13","North East and Yorkshire",337390.179
"2024-04-13","East of England",322640.559
"2024-04-13","North West",368533.601
"2024-04-14","London",314628.348
"2024-04-14","South East",354338.546
"2024-04-14","South West",458482.868
"2024-04-14","Midlands",311842.346
"2024-04-14","North East and Yorkshire",336385.503
"2024-04-14","East of England",350237.409
"2024-04-14","North West",326940.984
"2024-04-15","London",101640.793
"2024-04-15","South East",100090.308
"2024-04-15","South West",103794.638
"2024-04-15","Midlands",194968.674
"2024-04-15","North East and Yorkshire",137394.192
"2024-04-15","East of England",142269.619
"2024-04-15","North West",199458.049
"2024-04-16","London",1128484.963
"2024-04-16","South East",1130185.694
"2024-04-16","South West",1117527.301
"2024-04-16","Midlands",1105821.631
"2024-04-16","North East and Yorkshire",1064755.105
"2024-04-16","East of England",1119142.342
"2024-04-16","North West",1089099.832
"2024-04-17","London",1122273.936
"2024-04-17","South East",1124212.172
"2024-04-17","South West",1078320.583
"2024-04-17","Midlands",1108166.251
"2024-04-17","North East and Yorkshire",1072579.738
"2024-04-17","East of England",1120532.96
"2024-04-17","North West",1082476.085
"2024-04-18","London",1094379.016
"2024-04-18","South East",1027775.93
"2024-04-18","South West",839488.11
"2024-04-18","Midlands",894273.645
"2024-04-18","North East and Yorkshire",1008218.401
"2024-04-18","East of England",1033130.451
"2024-04-18","North West",967146.522
"2024-04-19","London",362158.776
"2024-04-19","South East",322649.341
"2024-04-19","South West",301143.742
"2024-04-19","Midlands",555801.163
"2024-04-19","North East and Yorkshire",895254.512
"2024-04-19","East of England",356825.403
"2024-04-19","North West",900984.116
"2024-04-20","London",630064.008
"2024-04-20","South East",658583.153
"2024-04-20","South West",552196.387
"2024-04-20","Midlands",439554.243
"2024-04-20","North East and Yorkshire",467157.726
"2024-04-20","East of England",711875.808
"2024-04-20","North West",442004.883
"2024-04-21","London",611556.856
"2024-04-21","South East",614068.648
"2024-04-21","South West",827013.715
"2024-04-21","Midlands",851045.668
"2024-04-21","North East and Yorkshire",705809.331
"2024-04-21","East of England",747463.309
"2024-04-21","North West",741391.995
"2024-04-22","London",821576.35
"2024-04-22","South East",815550.92
"2024-04-22","South West",919408.702
"2024-04-22","Midlands",864056.641
"2024-04-22","North East and Yorkshire",805842.375
"2024-04-22","East of England",854995.413
"2024-04-22","North West",933444
"2024-04-23","London",509572.332
"2024-04-23","South East",445524.892
"2024-04-23","South West",362523.904
"2024-04-23","Midlands",405563.746
"2024-04-23","North East and Yorkshire",296016.174
"2024-04-23","East of England",382963.301
"2024-04-23","North West",359746.157
"2024-04-24","London",387285.16
"2024-04-24","South East",390294.829
"2024-04-24","South West",473342.951
"2024-04-24","Midlands",274119.907
"2024-04-24","North East and Yorkshire",238273.949
"2024-04-24","East of England",391509
"2024-04-24","North West",202069.912
"2024-04-25","London",694057.419
"2024-04-25","South East",703223.799
"2024-04-25","South West",719564.221
"2024-04-25","Midlands",679711.831
"2024-04-25","North East and Yorkshire",645676.9
"2024-04-25","East of England",687643.713
"2024-04-25","North West",680159.817
"2024-04-26","London",699214.058
"2024-04-26","South East",708650.355
"2024-04-26","South West",730632.366
"2024-04-26","Midlands",707545.838
"2024-04-26","North East and Yorkshire",650418.427
"2024-04-26","East of England",666227.312
"2024-04-26","North West",666248.791
"2024-04-27","London",704895.738
"2024-04-27","South East",722371.166
"2024-04-27","South West",681145.074
"2024-04-27","Midlands",674818.134
"2024-04-27","North East and Yorkshire",677260.27
"2024-04-27","East of England",729668.241
"2024-04-27","North West",672018.941
"2024-04-28","London",609487.047
"2024-04-28","South East",649503.661
"2024-04-28","South West",685319.83
"2024-04-28","Midlands",626398.479
"2024-04-28","North East and Yorkshire",559917.131
"2024-04-28","East of England",651617.781
"2024-04-28","North West",566629.367
"2024-04-29","London",146281.221
"2024-04-29","South East",166807.351
"2024-04-29","South West",217813.409
"2024-04-29","Midlands",198047.139
"2024-04-29","North East and Yorkshire",302967.858
"2024-04-29","East of England",167776.53
"2024-04-29","North West",140099.088
"2024-04-30","London",433250.518
"2024-04-30","South East",527003.373
"2024-04-30","South West",624707.807
"2024-04-30","Midlands",417179.489
"2024-04-30","North East and Yorkshire",380190.223
"2024-04-30","East of England",530894.456
"2024-04-30","North West",491174
"2024-05-01","London",1033449.847
"2024-05-01","South East",1038513.054
"2024-05-01","South West",936653.046
"2024-05-01","Midlands",934941.136
"2024-05-01","North East and Yorkshire",804969.347
"2024-05-01","East of England",993677.889
"2024-05-01","North West",832621.991
"2024-05-02","London",765014.203
"2024-05-02","South East",759069.035
"2024-05-02","South West",546487.474
"2024-05-02","Midlands",736808.981
"2024-05-02","North East and Yorkshire",738672.713
"2024-05-02","East of England",825026.251
"2024-05-02","North West",702384.662
"2024-05-03","London",640854.013
"2024-05-03","South East",691509.832
"2024-05-03","South West",644587.261
"2024-05-03","Midlands",651542.748
"2024-05-03","North East and Yorkshire",588516.703
"2024-05-03","East of England",664711.861
"2024-05-03","North West",682015.185
"2024-05-04","London",265301.71
"2024-05-04","South East",251711.253
"2024-05-04","South West",288528.32
"2024-05-04","Midlands",292115.8
"2024-05-04","North East and Yorkshire",644061.659
"2024-05-04","East of England",399424.508
"2024-05-04","North West",602597.177
"2024-05-05","London",480275.32
"2024-05-05","South East",565688.676
"2024-05-05","South West",720278.714
"2024-05-05","Midlands",650574.975
"2024-05-05","North East and Yorkshire",657982.975
"2024-05-05","East of England",626681.699
"2024-05-05","North West",704038.54
"2024-05-06","London",316002.427
"2024-05-06","South East",289794.428
"2024-05-06","South West",171054.835
"2024-05-06","Midlands",198115.795
"2024-05-06","North East and Yorkshire",216395.615
"2024-05-06","East of England",418889.026
"2024-05-06","North West",226068.265
"2024-05-07","London",853897.441
"2024-05-07","South East",916504.657
"2024-05-07","South West",473990.644
"2024-05-07","Midlands",890882.161
"2024-05-07","North East and Yorkshire",924803.762
"2024-05-07","East of England",785944.17
"2024-05-07","North West",725584.024
"2024-05-08","London",720013.872
"2024-05-08","South East",633612.48
"2024-05-08","South West",483984.011
"2024-05-08","Midlands",542513.351
"2024-05-08","North East and Yorkshire",628772.875
"2024-05-08","East of England",759806.825
"2024-05-08","North West",642740.276
"2024-05-09","London",440364.546
"2024-05-09","South East",402557.308
"2024-05-09","South West",283043.174
"2024-05-09","Midlands",648338.363
"2024-05-09","North East and Yorkshire",880566.349
"2024-05-09","East of England",740542.895
"2024-05-09","North West",833050.375
"2024-05-10","London",256334.102
"2024-05-10","South East",365974.679
"2024-05-10","South West",457962.386
"2024-05-10","Midlands",214215.813
"2024-05-10","North East and Yorkshire",517836.557
"2024-05-10","East of England",222831.047
"2024-05-10","North West",349388.361
"2024-05-11","London",842848.509
"2024-05-11","South East",881507.719
"2024-05-11","South West",871460.678
"2024-05-11","Midlands",616229.551
"2024-05-11","North East and Yorkshire",219471.076
"2024-05-11","East of England",843921.833
"2024-05-11","North West",179274.816
"2024-05-12","London",620643.568
"2024-05-12","South East",577397.4
"2024-05-12","South West",418026.253
"2024-05-12","Midlands",792634.342
"2024-05-12","North East and Yorkshire",489327.727
"2024-05-12","East of England",804454.621
"2024-05-12","North West",739591.587
"2024-05-13","London",332238.176
"2024-05-13","South East",366805.897
"2024-05-13","South West",736052.804
"2024-05-13","Midlands",794942.945
"2024-05-13","North East and Yorkshire",695737.151
"2024-05-13","East of England",620888.353
"2024-05-13","North West",696027.008
"2024-05-14","London",931174.522
"2024-05-14","South East",897974.348
"2024-05-14","South West",880894.748
"2024-05-14","Midlands",894759.166
"2024-05-14","North East and Yorkshire",914324.468
"2024-05-14","East of England",946257.332
"2024-05-14","North West",887981.712
"2024-05-15","London",761070.718
"2024-05-15","South East",661315.764
"2024-05-15","South West",454221.128
"2024-05-15","Midlands",635073.075
"2024-05-15","North East and Yorkshire",726248.932
"2024-05-15","East of England",798827.761
"2024-05-15","North West",660930.426
"2024-05-16","London",733465.904
"2024-05-16","South East",761254.529
"2024-05-16","South West",772510.46
"2024-05-16","Midlands",690784.45
"2024-05-16","North East and Yorkshire",591372.312
"2024-05-16","East of England",657411.225
"2024-05-16","North West",638370.64
"2024-05-17","London",687369.902
"2024-05-17","South East",704375.059
"2024-05-17","South West",475772.51
"2024-05-17","Midlands",588069.09
"2024-05-17","North East and Yorkshire",650144.052
"2024-05-17","East of England",771973.805
"2024-05-17","North West",452425.984
"2024-05-18","London",718734.429
"2024-05-18","South East",787732.286
"2024-05-18","South West",840877.557
"2024-05-18","Midlands",451347.296
"2024-05-18","North East and Yorkshire",436726.248
"2024-05-18","East of England",578098.614
"2024-05-18","North West",353442.144
"2024-05-19","London",578323.45
"2024-05-19","South East",560210.339
"2024-05-19","South West",420674.696
"2024-05-19","Midlands",461417.619
"2024-05-19","North East and Yorkshire",619767.35
"2024-05-19","East of England",637618.048
"2024-05-19","North West",578658.482
"2024-05-20","London",412513.107
"2024-05-20","South East",594454.918
"2024-05-20","South West",487722.062
"2024-05-20","Midlands",510169.338
"2024-05-20","North East and Yorkshire",577588.753
"2024-05-20","East of England",542201.465
"2024-05-20","North West",735378.354
"2024-05-21","London",956951.429
"2024-05-21","South East",995731.958
"2024-05-21","South West",969452.077
"2024-05-21","Midlands",913010.611
"2024-05-21","North East and Yorkshire",776852.743
"2024-05-21","East of England",925764.554
"2024-05-21","North West",913244.114
"2024-05-22","London",587313.848
"2024-05-22","South East",556872.955
"2024-05-22","South West",312143.892
"2024-05-22","Midlands",367045.475
"2024-05-22","North East and Yorkshire",538826.246
"2024-05-22","East of England",622776.013
"2024-05-22","North West",304572.819
"2024-05-23","London",630608.551
"2024-05-23","South East",702578.581
"2024-05-23","South West",697618.178
"2024-05-23","Midlands",565233.677
"2024-05-23","North East and Yorkshire",431965.969
"2024-05-23","East of England",611075.889
"2024-05-23","North West",413659.781
"2024-05-24","London",809455.246
"2024-05-24","South East",820678.439
"2024-05-24","South West",747942.675
"2024-05-24","Midlands",675613.584
"2024-05-24","North East and Yorkshire",488275.372
"2024-05-24","East of England",777657.466
"2024-05-24","North West",591774.161
"2024-05-25","London",1125475.296
"2024-05-25","South East",1117292.104
"2024-05-25","South West",1017158.023
"2024-05-25","Midlands",793147.146
"2024-05-25","North East and Yorkshire",484622.9
"2024-05-25","East of England",1090201.786
"2024-05-25","North West",399037.382
"2024-05-26","London",955032.594
"2024-05-26","South East",884274.556
"2024-05-26","South West",502668.85
"2024-05-26","Midlands",496081.324
"2024-05-26","North East and Yorkshire",570144.325
"2024-05-26","East of England",903165.619
"2024-05-26","North West",533957.552
"2024-05-27","London",784602.242
"2024-05-27","South East",888332
"2024-05-27","South West",878694.39
"2024-05-27","Midlands",819172.558
"2024-05-27","North East and Yorkshire",923475.433
"2024-05-27","East of England",798777.633
"2024-05-27","North West",991945.857
"2024-05-28","London",1223870.228
"2024-05-28","South East",1226043.53
"2024-05-28","South West",1178272.091
"2024-05-28","Midlands",1128974.096
"2024-05-28","North East and Yorkshire",1122974.204
"2024-05-28","East of England",1208979.677
"2024-05-28","North West",1051514.491
"2024-05-29","London",1134099.669
"2024-05-29","South East",1066096.121
"2024-05-29","South West",784417.39
"2024-05-29","Midlands",996331.304
"2024-05-29","North East and Yorkshire",1133041.041
"2024-05-29","East of England",1156604.302
"2024-05-29","North West",1021410.908
"2024-05-30","London",1115961.445
"2024-05-30","South East",1060219.959
"2024-05-30","South West",801295.286
"2024-05-30","Midlands",853626.334
"2024-05-30","North East and Yorkshire",686433.844
"2024-05-30","East of England",1053250.33
"2024-05-30","North West",646072.779
"2024-05-31","London",238828.221
"2024-05-31","South East",301554.645
"2024-05-31","South West",826428.842
"2024-05-31","Midlands",781014.083
"2024-05-31","North East and Yorkshire",984722.973
"2024-05-31","East of England",318114.377
"2024-05-31","North West",1114496.442
"2024-06-01","London",996063.021
"2024-06-01","South East",1074250.612
"2024-06-01","South West",870237.949
"2024-06-01","Midlands",1002081.044
"2024-06-01","North East and Yorkshire",994969.232
"2024-06-01","East of England",911493.914
"2024-06-01","North West",1039410.739
"2024-06-02","London",711008.988
"2024-06-02","South East",720918.388
"2024-06-02","South West",669596.378
"2024-06-02","Midlands",465222.76
"2024-06-02","North East and Yorkshire",537951.943
"2024-06-02","East of England",720526.763
"2024-06-02","North West",605462.103
"2024-06-03","London",811274.111
"2024-06-03","South East",713824
"2024-06-03","South West",757025.736
"2024-06-03","Midlands",767538.741
"2024-06-03","North East and Yorkshire",788326.002
"2024-06-03","East of England",888104.504
"2024-06-03","North West",825347.788
"2024-06-04","London",1045345.26
"2024-06-04","South East",1113269.138
"2024-06-04","South West",1122221.115
"2024-06-04","Midlands",1173564.137
"2024-06-04","North East and Yorkshire",1072642.683
"2024-06-04","East of England",1031508.066
"2024-06-04","North West",1158715.528
"2024-06-05","London",1151327.65
"2024-06-05","South East",1131798.81
"2024-06-05","South West",736091.6
"2024-06-05","Midlands",894105.803
"2024-06-05","North East and Yorkshire",871865.922
"2024-06-05","East of England",1147303.535
"2024-06-05","North West",738365.631
"2024-06-06","London",598770.424
"2024-06-06","South East",675458.49
"2024-06-06","South West",537081.332
"2024-06-06","Midlands",607672.831
"2024-06-06","North East and Yorkshire",714969.833
"2024-06-06","East of England",675112.772
"2024-06-06","North West",715487.182
"2024-06-07","London",723686.086
"2024-06-07","South East",756513.704
"2024-06-07","South West",628822.036
"2024-06-07","Midlands",681734.746
"2024-06-07","North East and Yorkshire",669214.203
"2024-06-07","East of England",778785.492
"2024-06-07","North West",574520.17
"2024-06-08","London",732250.465
"2024-06-08","South East",800557.419
"2024-06-08","South West",892728.67
"2024-06-08","Midlands",839939.109
"2024-06-08","North East and Yorkshire",1031906.248
"2024-06-08","East of England",833921.706
"2024-06-08","North West",989980.2
"2024-06-09","London",1073406.632
"2024-06-09","South East",1127273.6
"2024-06-09","South West",1111951.362
"2024-06-09","Midlands",915869.441
"2024-06-09","North East and Yorkshire",828724.403
"2024-06-09","East of England",1106228.453
"2024-06-09","North West",783629.369
"2024-06-10","London",998810.644
"2024-06-10","South East",1061632.694
"2024-06-10","South West",1005157.689
"2024-06-10","Midlands",779465.773
"2024-06-10","North East and Yorkshire",679389.97
"2024-06-10","East of England",952710.173
"2024-06-10","North West",664666.653
"2024-06-11","London",674271.439
"2024-06-11","South East",699665.607
"2024-06-11","South West",261258.409
"2024-06-11","Midlands",156113.594
"2024-06-11","North East and Yorkshire",286240.395
"2024-06-11","East of England",582044.609
"2024-06-11","North West",262182.611
"2024-06-12","London",346961.557
"2024-06-12","South East",428175.193
"2024-06-12","South West",427956.493
"2024-06-12","Midlands",287648.145
"2024-06-12","North East and Yorkshire",232450.179
"2024-06-12","East of England",423575.58
"2024-06-12","North West",227506.687
"2024-06-13","London",560167.19
"2024-06-13","South East",517221.247
"2024-06-13","South West",283840.153
"2024-06-13","Midlands",319976.226
"2024-06-13","North East and Yorkshire",233395.4
"2024-06-13","East of England",544525.569
"2024-06-13","North West",266736.609
"2024-06-14","London",933781.481
"2024-06-14","South East",904762.242
"2024-06-14","South West",616497.34
"2024-06-14","Midlands",533068.001
"2024-06-14","North East and Yorkshire",583753.946
"2024-06-14","East of England",836383.076
"2024-06-14","North West",670106.315
"2024-06-15","London",863098.697
"2024-06-15","South East",843019.961
"2024-06-15","South West",676383.413
"2024-06-15","Midlands",650755.798
"2024-06-15","North East and Yorkshire",644500.548
"2024-06-15","East of England",864697.65
"2024-06-15","North West",580419.479
"2024-06-16","London",782836.896
"2024-06-16","South East",793733.718
"2024-06-16","South West",668417.188
"2024-06-16","Midlands",653950.133
"2024-06-16","North East and Yorkshire",755661.803
"2024-06-16","East of England",829515.572
"2024-06-16","North West",644868.273
"2024-06-17","London",874775.909
"2024-06-17","South East",874884.862
"2024-06-17","South West",682271.274
"2024-06-17","Midlands",579981.706
"2024-06-17","North East and Yorkshire",708548.848
"2024-06-17","East of England",834656.738
"2024-06-17","North West",692320.521
"2024-06-18","London",908617.796
"2024-06-18","South East",962691.192
"2024-06-18","South West",843142.337
"2024-06-18","Midlands",877324.073
"2024-06-18","North East and Yorkshire",763292.031
"2024-06-18","East of England",961352.068
"2024-06-18","North West",820328.624
"2024-06-19","London",688586.354
"2024-06-19","South East",772244.933
"2024-06-19","South West",756086.997
"2024-06-19","Midlands",777256.211
"2024-06-19","North East and Yorkshire",729123.12
"2024-06-19","East of England",798423.36
"2024-06-19","North West",890999.806
"2024-06-20","London",545247.496
"2024-06-20","South East",525285.15
"2024-06-20","South West",314100.869
"2024-06-20","Midlands",467710.483
"2024-06-20","North East and Yorkshire",614467.021
"2024-06-20","East of England",615348.972
"2024-06-20","North West",482040.046
"2024-06-21","London",921901.891
"2024-06-21","South East",915992.058
"2024-06-21","South West",840248.046
"2024-06-21","Midlands",848672.366
"2024-06-21","North East and Yorkshire",757540.343
"2024-06-21","East of England",896577.595
"2024-06-21","North West",775602.044
"2024-06-22","London",876866.109
"2024-06-22","South East",878189.953
"2024-06-22","South West",895578.161
"2024-06-22","Midlands",735042.121
"2024-06-22","North East and Yorkshire",659703.928
"2024-06-22","East of England",857908.912
"2024-06-22","North West",796085.183
"2024-06-23","London",904564.398
"2024-06-23","South East",928108.746
"2024-06-23","South West",901539.291
"2024-06-23","Midlands",866084.911
"2024-06-23","North East and Yorkshire",984574.738
"2024-06-23","East of England",937798.129
"2024-06-23","North West",990415.222
"2024-06-24","London",1109879.006
"2024-06-24","South East",1051119.37
"2024-06-24","South West",961976.635
"2024-06-24","Midlands",870379.962
"2024-06-24","North East and Yorkshire",861420.675
"2024-06-24","East of England",1050773.942
"2024-06-24","North West",874394.784
"2024-06-25","London",559697.19
"2024-06-25","South East",645147.644
"2024-06-25","South West",794890.008
"2024-06-25","Midlands",583321.435
"2024-06-25","North East and Yorkshire",660208.277
"2024-06-25","East of England",476998.831
"2024-06-25","North West",784028.384
"2024-06-26","London",324401.567
"2024-06-26","South East",357703.275
"2024-06-26","South West",349891.853
"2024-06-26","Midlands",373632.087
"2024-06-26","North East and Yorkshire",423430.611
"2024-06-26","East of England",365645.223
"2024-06-26","North West",438373.609
"2024-06-27","London",1022054.505
"2024-06-27","South East",998838.737
"2024-06-27","South West",757235.972
"2024-06-27","Midlands",743989.686
"2024-06-27","North East and Yorkshire",904514.679
"2024-06-27","East of England",996687.307
"2024-06-27","North West",906523.6
"2024-06-28","London",312182.251
"2024-06-28","South East",385508.256
"2024-06-28","South West",426811.308
"2024-06-28","Midlands",694987.963
"2024-06-28","North East and Yorkshire",889898.86
"2024-06-28","East of England",408326.157
"2024-06-28","North West",884404.86
"2024-06-29","London",643843.58
"2024-06-29","South East",815228.545
"2024-06-29","South West",903953.416
"2024-06-29","Midlands",748769.341
"2024-06-29","North East and Yorkshire",883120.984
"2024-06-29","East of England",620731.558
"2024-06-29","North West",835732.505
"2024-06-30","London",666274.776
"2024-06-30","South East",683288.932
"2024-06-30","South West",888700.913
"2024-06-30","Midlands",908645.623
"2024-06-30","North East and Yorkshire",862513.959
"2024-06-30","East of England",854707.533
"2024-06-30","North West",840681.777
"2024-07-01","London",575098.619
"2024-07-01","South East",527210.449
"2024-07-01","South West",431789.309
"2024-07-01","Midlands",804318.966
"2024-07-01","North East and Yorkshire",950097.323
"2024-07-01","East of England",759904.585
"2024-07-01","North West",958623.282
"2024-07-02","London",728020.208
"2024-07-02","South East",649076.637
"2024-07-02","South West",661151.264
"2024-07-02","Midlands",723826.175
"2024-07-02","North East and Yorkshire",799122.549
"2024-07-02","East of England",826708.33
"2024-07-02","North West",706160.335
"2024-07-03","London",917047.756
"2024-07-03","South East",913525.472
"2024-07-03","South West",964797.741
"2024-07-03","Midlands",884034.928
"2024-07-03","North East and Yorkshire",762055.381
"2024-07-03","East of England",840143.21
"2024-07-03","North West",857687.783
"2024-07-04","London",612282.514
"2024-07-04","South East",655197.586
"2024-07-04","South West",445300.713
"2024-07-04","Midlands",548649.106
"2024-07-04","North East and Yorkshire",741605.984
"2024-07-04","East of England",721036.198
"2024-07-04","North West",582970.377
"2024-07-05","London",719193.542
"2024-07-05","South East",771727.987
"2024-07-05","South West",786167.233
"2024-07-05","Midlands",800249.458
"2024-07-05","North East and Yorkshire",881422.415
"2024-07-05","East of England",785905.558
"2024-07-05","North West",963203.31
"2024-07-06","London",858424.515
"2024-07-06","South East",961531.313
"2024-07-06","South West",966608.381
"2024-07-06","Midlands",936949.526
"2024-07-06","North East and Yorkshire",930258.602
"2024-07-06","East of England",934581.712
"2024-07-06","North West",926354.694
"2024-07-07","London",825071.977
"2024-07-07","South East",880156.458
"2024-07-07","South West",983394.04
"2024-07-07","Midlands",906422.249
"2024-07-07","North East and Yorkshire",842398.696
"2024-07-07","East of England",936913.776
"2024-07-07","North West",867355.633
"2024-07-08","London",918834.507
"2024-07-08","South East",973033.101
"2024-07-08","South West",911766.778
"2024-07-08","Midlands",666837.732
"2024-07-08","North East and Yorkshire",682810.628
"2024-07-08","East of England",864814.403
"2024-07-08","North West",768191.979
"2024-07-09","London",816375.528
"2024-07-09","South East",891158.834
"2024-07-09","South West",690678.183
"2024-07-09","Midlands",411631.253
"2024-07-09","North East and Yorkshire",386130.769
"2024-07-09","East of England",718756.987
"2024-07-09","North West",306091.076
"2024-07-10","London",776333.343
"2024-07-10","South East",856748.339
"2024-07-10","South West",955487.762
"2024-07-10","Midlands",827822.703
"2024-07-10","North East and Yorkshire",701045.49
"2024-07-10","East of England",719153.041
"2024-07-10","North West",914626.182
"2024-07-11","London",894444.921
"2024-07-11","South East",889770.794
"2024-07-11","South West",804206.083
"2024-07-11","Midlands",863576.929
"2024-07-11","North East and Yorkshire",898271.877
"2024-07-11","East of England",881034.313
"2024-07-11","North West",952664.741
"2024-07-12","London",720000.319
"2024-07-12","South East",766082.259
"2024-07-12","South West",843477.397
"2024-07-12","Midlands",762583.451
"2024-07-12","North East and Yorkshire",777226.91
"2024-07-12","East of England",814196.392
"2024-07-12","North West",720042.516
"2024-07-13","London",282693.858
"2024-07-13","South East",299537.23
"2024-07-13","South West",181821.489
"2024-07-13","Midlands",140543.432
"2024-07-13","North East and Yorkshire",113065.325
"2024-07-13","East of England",268664.989
"2024-07-13","North West",130899.588
"2024-07-14","London",698616.949
"2024-07-14","South East",742477.19
"2024-07-14","South West",677037.029
"2024-07-14","Midlands",604673.455
"2024-07-14","North East and Yorkshire",161458.646
"2024-07-14","East of England",728916.316
"2024-07-14","North West",179784.22
"2024-07-15","London",458734.666
"2024-07-15","South East",509738.962
"2024-07-15","South West",484404.485
"2024-07-15","Midlands",654158.485
"2024-07-15","North East and Yorkshire",727143.912
"2024-07-15","East of England",514336.388
"2024-07-15","North West",786832.777
"2024-07-16","London",836275.374
"2024-07-16","South East",795850.877
"2024-07-16","South West",911862.3
"2024-07-16","Midlands",677602.687
"2024-07-16","North East and Yorkshire",761734.116
"2024-07-16","East of England",906361.438
"2024-07-16","North West",688767.316
"2024-07-17","London",960402.276
"2024-07-17","South East",1022477.06
"2024-07-17","South West",946049.256
"2024-07-17","Midlands",795357.2
"2024-07-17","North East and Yorkshire",754250.468
"2024-07-17","East of England",992123.093
"2024-07-17","North West",828156.256
"2024-07-18","London",1234043.181
"2024-07-18","South East",1214150.624
"2024-07-18","South West",1040241.975
"2024-07-18","Midlands",825333.382
"2024-07-18","North East and Yorkshire",810867.901
"2024-07-18","East of England",1177012.843
"2024-07-18","North West",919542.443
"2024-07-19","London",928167.123
"2024-07-19","South East",1056629.492
"2024-07-19","South West",957514.673
"2024-07-19","Midlands",1044544.206
"2024-07-19","North East and Yorkshire",1083929.707
"2024-07-19","East of England",926555.275
"2024-07-19","North West",1036288.069
"2024-07-20","London",770350.021
"2024-07-20","South East",855413.951
"2024-07-20","South West",922438.21
"2024-07-20","Midlands",899490.138
"2024-07-20","North East and Yorkshire",981190.563
"2024-07-20","East of England",781815.748
"2024-07-20","North West",1042962.887
"2024-07-21","London",963873.79
"2024-07-21","South East",854145.47
"2024-07-21","South West",520545.003
"2024-07-21","Midlands",629951.916
"2024-07-21","North East and Yorkshire",788261.872
"2024-07-21","East of England",988157.43
"2024-07-21","North West",625055.862
"2024-07-22","London",884049.194
"2024-07-22","South East",954348.826
"2024-07-22","South West",657914.834
"2024-07-22","Midlands",744568.298
"2024-07-22","North East and Yorkshire",876290.145
"2024-07-22","East of England",924658.791
"2024-07-22","North West",897607.329
"2024-07-23","London",784848.303
"2024-07-23","South East",876168.886
"2024-07-23","South West",915987.835
"2024-07-23","Midlands",777334.479
"2024-07-23","North East and Yorkshire",784248.774
"2024-07-23","East of England",844090.256
"2024-07-23","North West",881958.741
"2024-07-24","London",831326.034
"2024-07-24","South East",916791.982
"2024-07-24","South West",920729.54
"2024-07-24","Midlands",982221.742
"2024-07-24","North East and Yorkshire",1000511.345
"2024-07-24","East of England",867208.968
"2024-07-24","North West",1131332.461
"2024-07-25","London",1201079.83
"2024-07-25","South East",1209797.998
"2024-07-25","South West",1224984.369
"2024-07-25","Midlands",1127903.483
"2024-07-25","North East and Yorkshire",929935.972
"2024-07-25","East of England",1167603.947
"2024-07-25","North West",951514.636
"2024-07-26","London",1163719.176
"2024-07-26","South East",1133480.668
"2024-07-26","South West",1152720.398
"2024-07-26","Midlands",1053144.447
"2024-07-26","North East and Yorkshire",645222.034
"2024-07-26","East of England",1148439.088
"2024-07-26","North West",850115.972
"2024-07-27","London",624496.342
"2024-07-27","South East",760769.859
"2024-07-27","South West",804625.144
"2024-07-27","Midlands",432685.17
"2024-07-27","North East and Yorkshire",811849.865
"2024-07-27","East of England",489470.418
"2024-07-27","North West",828458.137
"2024-07-28","London",332716.344
"2024-07-28","South East",507444.465
"2024-07-28","South West",903163.67
"2024-07-28","Midlands",673673.934
"2024-07-28","North East and Yorkshire",545401.876
"2024-07-28","East of England",526553.68
"2024-07-28","North West",778972.048
"2024-07-29","London",685485.458
"2024-07-29","South East",780569.634
"2024-07-29","South West",785229.899
"2024-07-29","Midlands",665228.311
"2024-07-29","North East and Yorkshire",723996.818
"2024-07-29","East of England",625853.502
"2024-07-29","North West",538218.272
"2024-07-30","London",764365.07
"2024-07-30","South East",706544.145
"2024-07-30","South West",627106.456
"2024-07-30","Midlands",676236.944
"2024-07-30","North East and Yorkshire",765461.226
"2024-07-30","East of England",760997.211
"2024-07-30","North West",781681.343
"2024-07-31","London",869983.9
"2024-07-31","South East",865020.49
"2024-07-31","South West",871050.04
"2024-07-31","Midlands",889837.611
"2024-07-31","North East and Yorkshire",813567.326
"2024-07-31","East of England",893364.694
"2024-07-31","North West",781901.419
"2024-08-01","London",802945.918
"2024-08-01","South East",847835.826
"2024-08-01","South West",802375.716
"2024-08-01","Midlands",852604.64
"2024-08-01","North East and Yorkshire",901011.247
"2024-08-01","East of England",851774.514
"2024-08-01","North West",909143.957
"2024-08-02","London",277810.011
"2024-08-02","South East",289088.371
"2024-08-02","South West",261702.068
"2024-08-02","Midlands",182938.63
"2024-08-02","North East and Yorkshire",341450.678
"2024-08-02","East of England",331182.754
"2024-08-02","North West",244796.89
"2024-08-03","London",908031.777
"2024-08-03","South East",898351.984
"2024-08-03","South West",763404.206
"2024-08-03","Midlands",767602.13
"2024-08-03","North East and Yorkshire",739951.015
"2024-08-03","East of England",892489.237
"2024-08-03","North West",727827.356
"2024-08-04","London",796534.45
"2024-08-04","South East",829759.369
"2024-08-04","South West",804621.245
"2024-08-04","Midlands",838005.368
"2024-08-04","North East and Yorkshire",784769.784
"2024-08-04","East of England",811494.005
"2024-08-04","North West",806801.516
"2024-08-05","London",954789.264
"2024-08-05","South East",970287.344
"2024-08-05","South West",934791.142
"2024-08-05","Midlands",925638.635
"2024-08-05","North East and Yorkshire",930126.227
"2024-08-05","East of England",964345.572
"2024-08-05","North West",888063.837
"2024-08-06","London",854902.252
"2024-08-06","South East",861401.37
"2024-08-06","South West",922215.89
"2024-08-06","Midlands",805936.495
"2024-08-06","North East and Yorkshire",829548.089
"2024-08-06","East of England",843215.546
"2024-08-06","North West",914340.789
"2024-08-07","London",761540.862
"2024-08-07","South East",771471.544
"2024-08-07","South West",426914.677
"2024-08-07","Midlands",707221.494
"2024-08-07","North East and Yorkshire",766664.344
"2024-08-07","East of England",832418.646
"2024-08-07","North West",654739.462
"2024-08-08","London",294615.506
"2024-08-08","South East",289572.597
"2024-08-08","South West",415926.003
"2024-08-08","Midlands",524126.537
"2024-08-08","North East and Yorkshire",396101.963
"2024-08-08","East of England",449553.462
"2024-08-08","North West",418820.768
"2024-08-09","London",408659.804
"2024-08-09","South East",493360.137
"2024-08-09","South West",524006.037
"2024-08-09","Midlands",585979.896
"2024-08-09","North East and Yorkshire",715040.848
"2024-08-09","East of England",482996.732
"2024-08-09","North West",695708.419
"2024-08-10","London",824357.437
"2024-08-10","South East",901557.32
"2024-08-10","South West",865007.868
"2024-08-10","Midlands",832494.781
"2024-08-10","North East and Yorkshire",788479.57
"2024-08-10","East of England",841079.559
"2024-08-10","North West",838382.775
"2024-08-11","London",471924.376
"2024-08-11","South East",494402.749
"2024-08-11","South West",402925.248
"2024-08-11","Midlands",545568.546
"2024-08-11","North East and Yorkshire",703698.676
"2024-08-11","East of England",577931.909
"2024-08-11","North West",671367.265
"2024-08-12","London",326492.841
"2024-08-12","South East",318597.314
"2024-08-12","South West",388939.081
"2024-08-12","Midlands",355331.265
"2024-08-12","North East and Yorkshire",272691.397
"2024-08-12","East of England",404667.367
"2024-08-12","North West",197968.294
"2024-08-13","London",408946.946
"2024-08-13","South East",409669.591
"2024-08-13","South West",481275.777
"2024-08-13","Midlands",406596.878
"2024-08-13","North East and Yorkshire",325708.819
"2024-08-13","East of England",421366.197
"2024-08-13","North West",418437.889
"2024-08-14","London",468151.243
"2024-08-14","South East",455037.169
"2024-08-14","South West",480096.033
"2024-08-14","Midlands",481665.584
"2024-08-14","North East and Yorkshire",532381.345
"2024-08-14","East of England",542088.895
"2024-08-14","North West",506195.415
"2024-08-15","London",502198.828
"2024-08-15","South East",505013.43
"2024-08-15","South West",437577.314
"2024-08-15","Midlands",486503.404
"2024-08-15","North East and Yorkshire",351350.434
"2024-08-15","East of England",529067.81
"2024-08-15","North West",457357.615
"2024-08-16","London",469510.468
"2024-08-16","South East",478465.94
"2024-08-16","South West",482209.716
"2024-08-16","Midlands",502855.316
"2024-08-16","North East and Yorkshire",439278.226
"2024-08-16","East of England",487843.279
"2024-08-16","North West",485491.212
"2024-08-17","London",446351.91
"2024-08-17","South East",499071.524
"2024-08-17","South West",442408.953
"2024-08-17","Midlands",479822.545
"2024-08-17","North East and Yorkshire",459042.56
"2024-08-17","East of England",457509.893
"2024-08-17","North West",453663.529
"2024-08-18","London",441141.784
"2024-08-18","South East",510137.861
"2024-08-18","South West",401100.378
"2024-08-18","Midlands",299065.419
"2024-08-18","North East and Yorkshire",349204.733
"2024-08-18","East of England",483394.499
"2024-08-18","North West",357774.151
"2024-08-19","London",539574.213
"2024-08-19","South East",556399.905
"2024-08-19","South West",466370.711
"2024-08-19","Midlands",364462.611
"2024-08-19","North East and Yorkshire",316884.724
"2024-08-19","East of England",490365.058
"2024-08-19","North West",253152.795
"2024-08-20","London",831730.569
"2024-08-20","South East",814854.789
"2024-08-20","South West",739914.942
"2024-08-20","Midlands",794860.188
"2024-08-20","North East and Yorkshire",882113.463
"2024-08-20","East of England",850283.739
"2024-08-20","North West",851041.389
"2024-08-21","London",924294.508
"2024-08-21","South East",895022.497
"2024-08-21","South West",853740.211
"2024-08-21","Midlands",918091.237
"2024-08-21","North East and Yorkshire",833320.021
"2024-08-21","East of England",960923.521
"2024-08-21","North West",898825.1
"2024-08-22","London",585428.806
"2024-08-22","South East",570894.033
"2024-08-22","South West",457772.65
"2024-08-22","Midlands",528223.854
"2024-08-22","North East and Yorkshire",636696.871
"2024-08-22","East of England",685576.315
"2024-08-22","North West",544514.901
"2024-08-23","London",740594.752
"2024-08-23","South East",784415.863
"2024-08-23","South West",770118.502
"2024-08-23","Midlands",657651.856
"2024-08-23","North East and Yorkshire",490604.98
"2024-08-23","East of England",698579.007
"2024-08-23","North West",503663.565
"2024-08-24","London",651584.089
"2024-08-24","South East",661670.324
"2024-08-24","South West",602929.75
"2024-08-24","Midlands",638642.715
"2024-08-24","North East and Yorkshire",589881.186
"2024-08-24","East of England",664953.788
"2024-08-24","North West",427570.264
"2024-08-25","London",507159.342
"2024-08-25","South East",531247.659
"2024-08-25","South West",662001.914
"2024-08-25","Midlands",509103.488
"2024-08-25","North East and Yorkshire",499982.163
"2024-08-25","East of England",534599.893
"2024-08-25","North West",472150.065
"2024-08-26","London",670415.017
"2024-08-26","South East",706303.489
"2024-08-26","South West",742055.095
"2024-08-26","Midlands",672210.085
"2024-08-26","North East and Yorkshire",713928.462
"2024-08-26","East of England",635646.292
"2024-08-26","North West",719165.358
"2024-08-27","London",246402.463
"2024-08-27","South East",286566.038
"2024-08-27","South West",358862.88
"2024-08-27","Midlands",322944.789
"2024-08-27","North East and Yorkshire",292408.198
"2024-08-27","East of England",286408.402
"2024-08-27","North West",359900.194
"2024-08-28","London",267494.649
"2024-08-28","South East",254934.395
"2024-08-28","South West",239754.718
"2024-08-28","Midlands",230797.188
"2024-08-28","North East and Yorkshire",270716.832
"2024-08-28","East of England",295654.952
"2024-08-28","North West",251615.647
"2024-08-29","London",378870.789
"2024-08-29","South East",392801.256
"2024-08-29","South West",411586.327
"2024-08-29","Midlands",275946.863
"2024-08-29","North East and Yorkshire",142797.587
"2024-08-29","East of England",372524.477
"2024-08-29","North West",181087.27
"2024-08-30","London",195639.177
"2024-08-30","South East",216164.296
"2024-08-30","South West",403129.882
"2024-08-30","Midlands",420657.969
"2024-08-30","North East and Yorkshire",469056.911
"2024-08-30","East of England",249824.663
"2024-08-30","North West",515860.043
"2024-08-31","London",488070.069
"2024-08-31","South East",488577.094
"2024-08-31","South West",394343.616
"2024-08-31","Midlands",386396.052
"2024-08-31","North East and Yorkshire",436373.053
"2024-08-31","East of England",498459.16
"2024-08-31","North West",374547.715
"2024-09-01","London",310013.37
"2024-09-01","South East",314868.727
"2024-09-01","South West",277925.851
"2024-09-01","Midlands",297638.691
"2024-09-01","North East and Yorkshire",285447.563
"2024-09-01","East of England",334476.934
"2024-09-01","North West",293540.374
"2024-09-02","London",79802.191
"2024-09-02","South East",143501.654
"2024-09-02","South West",219524.035
"2024-09-02","Midlands",47429.846
"2024-09-02","North East and Yorkshire",79487.025
"2024-09-02","East of England",83090.394
"2024-09-02","North West",59694.734
"2024-09-03","London",722402.539
"2024-09-03","South East",701646.323
"2024-09-03","South West",683772.627
"2024-09-03","Midlands",407284.676
"2024-09-03","North East and Yorkshire",475624.339
"2024-09-03","East of England",658958.952
"2024-09-03","North West",509909.265
"2024-09-04","London",604389.935
"2024-09-04","South East",684921.586
"2024-09-04","South West",666528.685
"2024-09-04","Midlands",388163.022
"2024-09-04","North East and Yorkshire",488988.085
"2024-09-04","East of England",548090.18
"2024-09-04","North West",621843.922
"2024-09-05","London",348965.345
"2024-09-05","South East",419381.478
"2024-09-05","South West",638613.918
"2024-09-05","Midlands",552180.305
"2024-09-05","North East and Yorkshire",523096.011
"2024-09-05","East of England",392169.835
"2024-09-05","North West",773374.158
"2024-09-06","London",482992.104
"2024-09-06","South East",520772.227
"2024-09-06","South West",604310.661
"2024-09-06","Midlands",437925.742
"2024-09-06","North East and Yorkshire",438421.961
"2024-09-06","East of England",541277.854
"2024-09-06","North West",562116.741
"2024-09-07","London",472786.062
"2024-09-07","South East",493975.861
"2024-09-07","South West",504538.671
"2024-09-07","Midlands",468206.734
"2024-09-07","North East and Yorkshire",616176.338
"2024-09-07","East of England",572553.264
"2024-09-07","North West",702701.418
"2024-09-08","London",386817.108
"2024-09-08","South East",507696.584
"2024-09-08","South West",729632.157
"2024-09-08","Midlands",517945.001
"2024-09-08","North East and Yorkshire",467972.896
"2024-09-08","East of England",445074.98
"2024-09-08","North West",592255.595
"2024-09-09","London",322380.834
"2024-09-09","South East",389552.209
"2024-09-09","South West",426878.91
"2024-09-09","Midlands",364511.044
"2024-09-09","North East and Yorkshire",394437.871
"2024-09-09","East of England",354019.697
"2024-09-09","North West",474790.745
"2024-09-10","London",374834.717
"2024-09-10","South East",369020.502
"2024-09-10","South West",369754.342
"2024-09-10","Midlands",290739.626
"2024-09-10","North East and Yorkshire",335412.036
"2024-09-10","East of England",414218.345
"2024-09-10","North West",199613.025
"2024-09-11","London",283032
"2024-09-11","South East",327658.864
"2024-09-11","South West",350653.529
"2024-09-11","Midlands",516027.18
"2024-09-11","North East and Yorkshire",599418.777
"2024-09-11","East of England",374363.601
"2024-09-11","North West",516854.528
"2024-09-12","London",730876.971
"2024-09-12","South East",660098.252
"2024-09-12","South West",542273.285
"2024-09-12","Midlands",459795.228
"2024-09-12","North East and Yorkshire",496413.535
"2024-09-12","East of England",720140.618
"2024-09-12","North West",450029.692
"2024-09-13","London",581066.545
"2024-09-13","South East",567684.529
"2024-09-13","South West",457820.969
"2024-09-13","Midlands",431756.51
"2024-09-13","North East and Yorkshire",417908.851
"2024-09-13","East of England",597788.539
"2024-09-13","North West",400827.343
"2024-09-14","London",499117.349
"2024-09-14","South East",497573.655
"2024-09-14","South West",547561.611
"2024-09-14","Midlands",624328.477
"2024-09-14","North East and Yorkshire",473068.207
"2024-09-14","East of England",554159.804
"2024-09-14","North West",555724.654
"2024-09-15","London",698651.743
"2024-09-15","South East",684247.166
"2024-09-15","South West",677284.298
"2024-09-15","Midlands",677344.348
"2024-09-15","North East and Yorkshire",598548.565
"2024-09-15","East of England",700049.14
"2024-09-15","North West",620862.535
"2024-09-16","London",725469.137
"2024-09-16","South East",734209.746
"2024-09-16","South West",737306.009
"2024-09-16","Midlands",711904.393
"2024-09-16","North East and Yorkshire",656460.001
"2024-09-16","East of England",717692.712
"2024-09-16","North West",635894.863
"2024-09-17","London",697185.026
"2024-09-17","South East",700639.152
"2024-09-17","South West",661319.92
"2024-09-17","Midlands",639007.004
"2024-09-17","North East and Yorkshire",650054.584
"2024-09-17","East of England",641359.024
"2024-09-17","North West",626288.752
"2024-09-18","London",694122.044
"2024-09-18","South East",695823.975
"2024-09-18","South West",703093.988
"2024-09-18","Midlands",659686.669
"2024-09-18","North East and Yorkshire",546898.052
"2024-09-18","East of England",659370.039
"2024-09-18","North West",594362.897
"2024-09-19","London",655417.383
"2024-09-19","South East",663615.373
"2024-09-19","South West",688842.723
"2024-09-19","Midlands",650392.354
"2024-09-19","North East and Yorkshire",561703.627
"2024-09-19","East of England",634189.439
"2024-09-19","North West",523710.314
"2024-09-20","London",678329.179
"2024-09-20","South East",686344.976
"2024-09-20","South West",693203.662
"2024-09-20","Midlands",647289.498
"2024-09-20","North East and Yorkshire",598336.523
"2024-09-20","East of England",624089.867
"2024-09-20","North West",625397.908
"2024-09-21","London",666001.028
"2024-09-21","South East",665318.451
"2024-09-21","South West",591796.225
"2024-09-21","Midlands",649343.02
"2024-09-21","North East and Yorkshire",628383.215
"2024-09-21","East of England",657107.255
"2024-09-21","North West",641187.233
"2024-09-22","London",296339.888
"2024-09-22","South East",296260.727
"2024-09-22","South West",314415.202
"2024-09-22","Midlands",205182.533
"2024-09-22","North East and Yorkshire",315564.682
"2024-09-22","East of England",383021.825
"2024-09-22","North West",152180.047
"2024-09-23","London",412476.046
"2024-09-23","South East",401969.234
"2024-09-23","South West",267308.135
"2024-09-23","Midlands",377257.725
"2024-09-23","North East and Yorkshire",462574.094
"2024-09-23","East of England",455805.609
"2024-09-23","North West",411418.342
"2024-09-24","London",518924.403
"2024-09-24","South East",495831.329
"2024-09-24","South West",487648.756
"2024-09-24","Midlands",195032.407
"2024-09-24","North East and Yorkshire",154120.87
"2024-09-24","East of England",447595.807
"2024-09-24","North West",107969.921
"2024-09-25","London",432421.539
"2024-09-25","South East",477352.663
"2024-09-25","South West",596550.637
"2024-09-25","Midlands",498204.075
"2024-09-25","North East and Yorkshire",498080.547
"2024-09-25","East of England",484156.819
"2024-09-25","North West",541058.517
"2024-09-26","London",579448.372
"2024-09-26","South East",558333.577
"2024-09-26","South West",376909.221
"2024-09-26","Midlands",176440.927
"2024-09-26","North East and Yorkshire",378589.606
"2024-09-26","East of England",469251.075
"2024-09-26","North West",481372.295
"2024-09-27","London",569781.36
"2024-09-27","South East",576299.715
"2024-09-27","South West",453933.088
"2024-09-27","Midlands",517688.039
"2024-09-27","North East and Yorkshire",295170.176
"2024-09-27","East of England",541379.01
"2024-09-27","North West",332542.087
"2024-09-28","London",486218.167
"2024-09-28","South East",453273.075
"2024-09-28","South West",218425.86
"2024-09-28","Midlands",322012.495
"2024-09-28","North East and Yorkshire",251519.368
"2024-09-28","East of England",502683.656
"2024-09-28","North West",268900.241
"2024-09-29","London",205352.503
"2024-09-29","South East",236893.385
"2024-09-29","South West",182368.613
"2024-09-29","Midlands",306900.67
"2024-09-29","North East and Yorkshire",364199.107
"2024-09-29","East of England",339539.037
"2024-09-29","North West",389720.525
"2024-09-30","London",388952.632
"2024-09-30","South East",416209.102
"2024-09-30","South West",479016.457
"2024-09-30","Midlands",341692.423
"2024-09-30","North East and Yorkshire",288807.913
"2024-09-30","East of England",390452.796
"2024-09-30","North West",280618.084
"2024-10-01","London",344201.114
"2024-10-01","South East",376661.171
"2024-10-01","South West",417906.718
"2024-10-01","Midlands",354382.441
"2024-10-01","North East and Yorkshire",341598.485
"2024-10-01","East of England",317982.212
"2024-10-01","North West",396590.366
"2024-10-02","London",272592.261
"2024-10-02","South East",292027.355
"2024-10-02","South West",245103.044
"2024-10-02","Midlands",193798.671
"2024-10-02","North East and Yorkshire",225211.152
"2024-10-02","East of England",295707.368
"2024-10-02","North West",164997.07
"2024-10-03","London",251142.295
"2024-10-03","South East",275461.502
"2024-10-03","South West",234199.385
"2024-10-03","Midlands",226980.464
"2024-10-03","North East and Yorkshire",252147.265
"2024-10-03","East of England",277992.599
"2024-10-03","North West",226924.32
"2024-10-04","London",540141.973
"2024-10-04","South East",545967.582
"2024-10-04","South West",540737.648
"2024-10-04","Midlands",520324.191
"2024-10-04","North East and Yorkshire",464042.039
"2024-10-04","East of England",552301.84
"2024-10-04","North West",446958.242
"2024-10-05","London",394467.939
"2024-10-05","South East",389096.816
"2024-10-05","South West",255007.608
"2024-10-05","Midlands",183310.705
"2024-10-05","North East and Yorkshire",209333.365
"2024-10-05","East of England",371883.722
"2024-10-05","North West",116852.984
"2024-10-06","London",273299.562
"2024-10-06","South East",328279.319
"2024-10-06","South West",224316.643
"2024-10-06","Midlands",156700.073
"2024-10-06","North East and Yorkshire",211974.704
"2024-10-06","East of England",245241.815
"2024-10-06","North West",154151.585
"2024-10-07","London",253348.577
"2024-10-07","South East",270405.024
"2024-10-07","South West",193127.128
"2024-10-07","Midlands",243534.235
"2024-10-07","North East and Yorkshire",232299.424
"2024-10-07","East of England",259910.61
"2024-10-07","North West",181670.699
"2024-10-08","London",138012.754
"2024-10-08","South East",157810.596
"2024-10-08","South West",106634.184
"2024-10-08","Midlands",96969.901
"2024-10-08","North East and Yorkshire",124907.667
"2024-10-08","East of England",157635.118
"2024-10-08","North West",126370.976
"2024-10-09","London",253233.37
"2024-10-09","South East",213107.888
"2024-10-09","South West",60020.835
"2024-10-09","Midlands",78415.535
"2024-10-09","North East and Yorkshire",77816.694
"2024-10-09","East of England",275447.938
"2024-10-09","North West",40129.669
"2024-10-10","London",314477.351
"2024-10-10","South East",308513.074
"2024-10-10","South West",307544.525
"2024-10-10","Midlands",267506.817
"2024-10-10","North East and Yorkshire",290314.424
"2024-10-10","East of England",293926.164
"2024-10-10","North West",261086.188
"2024-10-11","London",251280.166
"2024-10-11","South East",271154.832
"2024-10-11","South West",218175.097
"2024-10-11","Midlands",219594.392
"2024-10-11","North East and Yorkshire",259208.722
"2024-10-11","East of England",323568.104
"2024-10-11","North West",192918.978
"2024-10-12","London",303626.818
"2024-10-12","South East",338567.604
"2024-10-12","South West",376109.525
"2024-10-12","Midlands",273090.479
"2024-10-12","North East and Yorkshire",182202.141
"2024-10-12","East of England",215864.845
"2024-10-12","North West",297944.169
"2024-10-13","London",43643.297
"2024-10-13","South East",54080.564
"2024-10-13","South West",138265.738
"2024-10-13","Midlands",103454.732
"2024-10-13","North East and Yorkshire",103760.934
"2024-10-13","East of England",56164.758
"2024-10-13","North West",142430.262
"2024-10-14","London",102524.806
"2024-10-14","South East",98267.155
"2024-10-14","South West",177462.067
"2024-10-14","Midlands",196005.35
"2024-10-14","North East and Yorkshire",224121.193
"2024-10-14","East of England",139446.819
"2024-10-14","North West",270908.879
"2024-10-15","London",294536.952
"2024-10-15","South East",302272.066
"2024-10-15","South West",221518.327
"2024-10-15","Midlands",233068.742
"2024-10-15","North East and Yorkshire",182798.799
"2024-10-15","East of England",330019.126
"2024-10-15","North West",109549.213
"2024-10-16","London",551014.304
"2024-10-16","South East",564148.745
"2024-10-16","South West",544591.535
"2024-10-16","Midlands",489815.569
"2024-10-16","North East and Yorkshire",462706.192
"2024-10-16","East of England",533227.473
"2024-10-16","North West",433338.489
"2024-10-17","London",210640.043
"2024-10-17","South East",209740.708
"2024-10-17","South West",182251.74
"2024-10-17","Midlands",168137.08
"2024-10-17","North East and Yorkshire",170569.973
"2024-10-17","East of England",197699.48
"2024-10-17","North West",167167.277
"2024-10-18","London",360283.611
"2024-10-18","South East",374115.335
"2024-10-18","South West",452438.248
"2024-10-18","Midlands",456437.412
"2024-10-18","North East and Yorkshire",439317.792
"2024-10-18","East of England",354626.061
"2024-10-18","North West",420198.063
"2024-10-19","London",74505.524
"2024-10-19","South East",70389.593
"2024-10-19","South West",87499.81
"2024-10-19","Midlands",98547.333
"2024-10-19","North East and Yorkshire",163510.004
"2024-10-19","East of England",102532.711
"2024-10-19","North West",104008.261
"2024-10-20","London",411555.609
"2024-10-20","South East",419109.431
"2024-10-20","South West",408393.657
"2024-10-20","Midlands",418851.962
"2024-10-20","North East and Yorkshire",371820.37
"2024-10-20","East of England",407725.374
"2024-10-20","North West",321846.783
"2024-10-21","London",424776.808
"2024-10-21","South East",399602.476
"2024-10-21","South West",326657.368
"2024-10-21","Midlands",380112.589
"2024-10-21","North East and Yorkshire",386308.022
"2024-10-21","East of England",411070.432
"2024-10-21","North West",357668.714
"2024-10-22","London",319845.047
"2024-10-22","South East",330719.903
"2024-10-22","South West",334681.207
"2024-10-22","Midlands",270350.72
"2024-10-22","North East and Yorkshire",222890.755
"2024-10-22","East of England",326683.56
"2024-10-22","North West",201898.794
"2024-10-23","London",142680.476
"2024-10-23","South East",147842.193
"2024-10-23","South West",178149.688
"2024-10-23","Midlands",252593.553
"2024-10-23","North East and Yorkshire",297332.084
"2024-10-23","East of England",210364.079
"2024-10-23","North West",302383.809
"2024-10-24","London",58881.431
"2024-10-24","South East",71198.787
"2024-10-24","South West",169176.757
"2024-10-24","Midlands",117832.72
"2024-10-24","North East and Yorkshire",109423.979
"2024-10-24","East of England",76999.639
"2024-10-24","North West",180580.377
"2024-10-25","London",142184.028
"2024-10-25","South East",146084.87
"2024-10-25","South West",93564.801
"2024-10-25","Midlands",71179.391
"2024-10-25","North East and Yorkshire",96019.506
"2024-10-25","East of England",138131.732
"2024-10-25","North West",64194.278
"2024-10-26","London",52798.198
"2024-10-26","South East",75433.812
"2024-10-26","South West",33543.408
"2024-10-26","Midlands",23164.177
"2024-10-26","North East and Yorkshire",57570.23
"2024-10-26","East of England",57292.73
"2024-10-26","North West",60001.063
"2024-10-27","London",348347.437
"2024-10-27","South East",349660.804
"2024-10-27","South West",362203.57
"2024-10-27","Midlands",335806.321
"2024-10-27","North East and Yorkshire",291266.533
"2024-10-27","East of England",343547.471
"2024-10-27","North West",248235.984
"2024-10-28","London",284497.087
"2024-10-28","South East",260895.551
"2024-10-28","South West",185208.498
"2024-10-28","Midlands",287757.956
"2024-10-28","North East and Yorkshire",250262.519
"2024-10-28","East of England",270941.25
"2024-10-28","North West",284759.427
"2024-10-29","London",281926.854
"2024-10-29","South East",276514.464
"2024-10-29","South West",257367.886
"2024-10-29","Midlands",201410.874
"2024-10-29","North East and Yorkshire",216909.45
"2024-10-29","East of England",277921.365
"2024-10-29","North West",216745.654
"2024-10-30","London",278796.769
"2024-10-30","South East",293053.564
"2024-10-30","South West",297384.23
"2024-10-30","Midlands",258528.63
"2024-10-30","North East and Yorkshire",246454.615
"2024-10-30","East of England",278847.887
"2024-10-30","North West",247714.456
"2024-10-31","London",248341.655
"2024-10-31","South East",258012.331
"2024-10-31","South West",233451.54
"2024-10-31","Midlands",167953.874
"2024-10-31","North East and Yorkshire",130059.52
"2024-10-31","East of England",205656.889
"2024-10-31","North West",156248.48
"2024-11-01","London",267244.645
"2024-11-01","South East",281697.5
"2024-11-01","South West",295823.222
"2024-11-01","Midlands",250107.603
"2024-11-01","North East and Yorkshire",214300.582
"2024-11-01","East of England",246227.243
"2024-11-01","North West",241263.246
"2024-11-02","London",246796.21
"2024-11-02","South East",238012.284
"2024-11-02","South West",151690.966
"2024-11-02","Midlands",117450.164
"2024-11-02","North East and Yorkshire",68014.412
"2024-11-02","East of England",214427.457
"2024-11-02","North West",78581.503
"2024-11-03","London",128668.347
"2024-11-03","South East",150150.824
"2024-11-03","South West",238800.24
"2024-11-03","Midlands",165681.969
"2024-11-03","North East and Yorkshire",151425.526
"2024-11-03","East of England",120120.175
"2024-11-03","North West",165039.691
"2024-11-04","London",207817.984
"2024-11-04","South East",198176.556
"2024-11-04","South West",202252.061
"2024-11-04","Midlands",186782.212
"2024-11-04","North East and Yorkshire",178142.321
"2024-11-04","East of England",229139.737
"2024-11-04","North West",153142.945
"2024-11-05","London",251458.245
"2024-11-05","South East",276855.174
"2024-11-05","South West",320729.91
"2024-11-05","Midlands",272081.222
"2024-11-05","North East and Yorkshire",240157.372
"2024-11-05","East of England",250189.377
"2024-11-05","North West",261283.847
"2024-11-06","London",47680.779
"2024-11-06","South East",72646.56
"2024-11-06","South West",74906.732
"2024-11-06","Midlands",92435.299
"2024-11-06","North East and Yorkshire",121110.045
"2024-11-06","East of England",42629.484
"2024-11-06","North West",133004.246
"2024-11-07","London",292852.108
"2024-11-07","South East",311058.606
"2024-11-07","South West",307981.654
"2024-11-07","Midlands",275034.118
"2024-11-07","North East and Yorkshire",164162.303
"2024-11-07","East of England",301290.722
"2024-11-07","North West",158315.345
"2024-11-08","London",229245.801
"2024-11-08","South East",229186.865
"2024-11-08","South West",186665.551
"2024-11-08","Midlands",166237.618
"2024-11-08","North East and Yorkshire",118373.915
"2024-11-08","East of England",219332.589
"2024-11-08","North West",123946.28
"2024-11-09","London",147520.269
"2024-11-09","South East",132847.955
"2024-11-09","South West",77175.578
"2024-11-09","Midlands",81765.857
"2024-11-09","North East and Yorkshire",102610.112
"2024-11-09","East of England",173146.112
"2024-11-09","North West",47507.223
"2024-11-10","London",273371.838
"2024-11-10","South East",275952.54
"2024-11-10","South West",283975.782
"2024-11-10","Midlands",253078.135
"2024-11-10","North East and Yorkshire",233294.199
"2024-11-10","East of England",291094.102
"2024-11-10","North West",231343.45
"2024-11-11","London",288891.027
"2024-11-11","South East",297424.69
"2024-11-11","South West",293700.005
"2024-11-11","Midlands",242680.842
"2024-11-11","North East and Yorkshire",202677.462
"2024-11-11","East of England",287171.849
"2024-11-11","North West",197658.635
"2024-11-12","London",175764.873
"2024-11-12","South East",201053.842
"2024-11-12","South West",204191.168
"2024-11-12","Midlands",99836.751
"2024-11-12","North East and Yorkshire",98898.689
"2024-11-12","East of England",150068.888
"2024-11-12","North West",110632.297
"2024-11-13","London",206047.243
"2024-11-13","South East",210363.357
"2024-11-13","South West",171908.807
"2024-11-13","Midlands",191246.111
"2024-11-13","North East and Yorkshire",166530.398
"2024-11-13","East of England",193525.36
"2024-11-13","North West",159626.393
"2024-11-14","London",139956.946
"2024-11-14","South East",143056.505
"2024-11-14","South West",61144.278
"2024-11-14","Midlands",30476.306
"2024-11-14","North East and Yorkshire",87391.174
"2024-11-14","East of England",113483.511
"2024-11-14","North West",111042.607
"2024-11-15","London",111139.599
"2024-11-15","South East",116660.781
"2024-11-15","South West",133185.966
"2024-11-15","Midlands",131710.963
"2024-11-15","North East and Yorkshire",129339.68
"2024-11-15","East of England",104026.523
"2024-11-15","North West",153431.713
"2024-11-16","London",143777.163
"2024-11-16","South East",151017.653
"2024-11-16","South West",146593.48
"2024-11-16","Midlands",87857.927
"2024-11-16","North East and Yorkshire",31933.522
"2024-11-16","East of England",152071.688
"2024-11-16","North West",56193.89
"2024-11-17","London",152525.957
"2024-11-17","South East",159148.11
"2024-11-17","South West",120296.219
"2024-11-17","Midlands",104296.358
"2024-11-17","North East and Yorkshire",68600.488
"2024-11-17","East of England",134662.315
"2024-11-17","North West",89371.829
"2024-11-18","London",156791.28
"2024-11-18","South East",190074.91
"2024-11-18","South West",225415.553
"2024-11-18","Midlands",196044.949
"2024-11-18","North East and Yorkshire",182901.003
"2024-11-18","East of England",159753.865
"2024-11-18","North West",197655.292
"2024-11-19","London",50710.835
"2024-11-19","South East",55352.563
"2024-11-19","South West",64373.038
"2024-11-19","Midlands",45053.542
"2024-11-19","North East and Yorkshire",33054.71
"2024-11-19","East of England",55981.47
"2024-11-19","North West",40290.705
"2024-11-20","London",59991.117
"2024-11-20","South East",65189.6
"2024-11-20","South West",64785.933
"2024-11-20","Midlands",63269.199
"2024-11-20","North East and Yorkshire",61499.412
"2024-11-20","East of England",59826.913
"2024-11-20","North West",59849.208
"2024-11-21","London",129253.086
"2024-11-21","South East",139364.454
"2024-11-21","South West",135897.585
"2024-11-21","Midlands",110228.779
"2024-11-21","North East and Yorkshire",112468.222
"2024-11-21","East of England",121696.872
"2024-11-21","North West",103986.982
"2024-11-22","London",104809.234
"2024-11-22","South East",100675.989
"2024-11-22","South West",65210.282
"2024-11-22","Midlands",65080.724
"2024-11-22","North East and Yorkshire",40530.615
"2024-11-22","East of England",93678.93
"2024-11-22","North West",39750.795
"2024-11-23","London",29177.394
"2024-11-23","South East",35840.378
"2024-11-23","South West",57247.881
"2024-11-23","Midlands",72524.313
"2024-11-23","North East and Yorkshire",87219.904
"2024-11-23","East of England",34521.879
"2024-11-23","North West",74790.817
"2024-11-24","London",144515.659
"2024-11-24","South East",143130.659
"2024-11-24","South West",136783.764
"2024-11-24","Midlands",97023.053
"2024-11-24","North East and Yorkshire",88123.211
"2024-11-24","East of England",129155.101
"2024-11-24","North West",63215.587
"2024-11-25","London",107009.725
"2024-11-25","South East",104942.857
"2024-11-25","South West",76461.948
"2024-11-25","Midlands",69145.881
"2024-11-25","North East and Yorkshire",52411.984
"2024-11-25","East of England",110088.841
"2024-11-25","North West",38196.253
"2024-11-26","London",103913.668
"2024-11-26","South East",118626.619
"2024-11-26","South West",70978.883
"2024-11-26","Midlands",49374.645
"2024-11-26","North East and Yorkshire",63264.553
"2024-11-26","East of England",103913.302
"2024-11-26","North West",59954.516
"2024-11-27","London",142625.324
"2024-11-27","South East",120156.717
"2024-11-27","South West",41985.13
"2024-11-27","Midlands",40065.608
"2024-11-27","North East and Yorkshire",50102.201
"2024-11-27","East of England",143616.743
"2024-11-27","North West",25049.814
"2024-11-28","London",118858.136
"2024-11-28","South East",143291.676
"2024-11-28","South West",206093.223
"2024-11-28","Midlands",162529.293
"2024-11-28","North East and Yorkshire",172421.918
"2024-11-28","East of England",115210.166
"2024-11-28","North West",172761.92
"2024-11-29","London",90521.755
"2024-11-29","South East",78563.186
"2024-11-29","South West",35927.776
"2024-11-29","Midlands",34797.8
"2024-11-29","North East and Yorkshire",31612.757
"2024-11-29","East of England",84900.317
"2024-11-29","North West",20415.837
"2024-11-30","London",141663.785
"2024-11-30","South East",148386.633
"2024-11-30","South West",115494.985
"2024-11-30","Midlands",95316.804
"2024-11-30","North East and Yorkshire",60538.363
"2024-11-30","East of England",130165.053
"2024-11-30","North West",36442.985
"2024-12-01","London",99091.199
"2024-12-01","South East",96074.815
"2024-12-01","South West",98304.024
"2024-12-01","Midlands",161457.313
"2024-12-01","North East and Yorkshire",139718.376
"2024-12-01","East of England",144597.063
"2024-12-01","North West",137089.424
"2024-12-02","London",143191.597
"2024-12-02","South East",129167.969
"2024-12-02","South West",138778.2
"2024-12-02","Midlands",124715.989
"2024-12-02","North East and Yorkshire",92735.498
"2024-12-02","East of England",166702.402
"2024-12-02","North West",89939.702
"2024-12-03","London",82250.632
"2024-12-03","South East",92347.624
"2024-12-03","South West",100082.786
"2024-12-03","Midlands",139989.777
"2024-12-03","North East and Yorkshire",115914.538
"2024-12-03","East of England",87637.398
"2024-12-03","North West",130456.908
"2024-12-04","London",115864.21
"2024-12-04","South East",114742.691
"2024-12-04","South West",120881.655
"2024-12-04","Midlands",144373.151
"2024-12-04","North East and Yorkshire",120574.19
"2024-12-04","East of England",123959.938
"2024-12-04","North West",127596.661
"2024-12-05","London",84292.087
"2024-12-05","South East",107424.927
"2024-12-05","South West",120574.021
"2024-12-05","Midlands",97078.958
"2024-12-05","North East and Yorkshire",59199.946
"2024-12-05","East of England",93008.769
"2024-12-05","North West",44222.605
"2024-12-06","London",24504.004
"2024-12-06","South East",32720.261
"2024-12-06","South West",59876.333
"2024-12-06","Midlands",56619.827
"2024-12-06","North East and Yorkshire",61506.718
"2024-12-06","East of England",39137.508
"2024-12-06","North West",56288.896
"2024-12-07","London",110763.202
"2024-12-07","South East",129618.345
"2024-12-07","South West",133265.684
"2024-12-07","Midlands",97643.848
"2024-12-07","North East and Yorkshire",63806.456
"2024-12-07","East of England",94084.933
"2024-12-07","North West",46708.867
"2024-12-08","London",144509.306
"2024-12-08","South East",149462.271
"2024-12-08","South West",135653.933
"2024-12-08","Midlands",133028.896
"2024-12-08","North East and Yorkshire",94434.908
"2024-12-08","East of England",142934.807
"2024-12-08","North West",97246.87
"2024-12-09","London",159712.329
"2024-12-09","South East",161254.52
"2024-12-09","South West",163960.047
"2024-12-09","Midlands",145231.162
"2024-12-09","North East and Yorkshire",127184.74
"2024-12-09","East of England",145103.863
"2024-12-09","North West",134181.215
"2024-12-10","London",191851.444
"2024-12-10","South East",189523.551
"2024-12-10","South West",180615.89
"2024-12-10","Midlands",179069.303
"2024-12-10","North East and Yorkshire",144525.276
"2024-12-10","East of England",186257.205
"2024-12-10","North West",142111.656
"2024-12-11","London",49056.044
"2024-12-11","South East",64244.883
"2024-12-11","South West",120199.502
"2024-12-11","Midlands",109626.169
"2024-12-11","North East and Yorkshire",100117.665
"2024-12-11","East of England",46703.955
"2024-12-11","North West",140292.035
"2024-12-12","London",166272.123
"2024-12-12","South East",169164.703
"2024-12-12","South West",118647.515
"2024-12-12","Midlands",122123.535
"2024-12-12","North East and Yorkshire",123876.024
"2024-12-12","East of England",167917.993
"2024-12-12","North West",109096.471
"2024-12-13","London",179595.449
"2024-12-13","South East",183372.307
"2024-12-13","South West",120712.744
"2024-12-13","Midlands",143818.9
"2024-12-13","North East and Yorkshire",108382.225
"2024-12-13","East of England",165153.693
"2024-12-13","North West",110420.655
"2024-12-14","London",57877.146
"2024-12-14","South East",79990.824
"2024-12-14","South West",86676.516
"2024-12-14","Midlands",66977.347
"2024-12-14","North East and Yorkshire",52937.476
"2024-12-14","East of England",57912.35
"2024-12-14","North West",57906.361
"2024-12-15","London",43132.931
"2024-12-15","South East",57142.154
"2024-12-15","South West",100056.908
"2024-12-15","Midlands",52957.097
"2024-12-15","North East and Yorkshire",47134.042
"2024-12-15","East of England",47278.442
"2024-12-15","North West",72627.141
"2024-12-16","London",114170.786
"2024-12-16","South East",137415.971
"2024-12-16","South West",151489.521
"2024-12-16","Midlands",64627.4
"2024-12-16","North East and Yorkshire",40275.042
"2024-12-16","East of England",77559.741
"2024-12-16","North West",37342.388
"2024-12-17","London",71038.424
"2024-12-17","South East",81476.816
"2024-12-17","South West",87896.785
"2024-12-17","Midlands",70000.937
"2024-12-17","North East and Yorkshire",34500.184
"2024-12-17","East of England",62328.647
"2024-12-17","North West",52967.416
"2024-12-18","London",29142.434
"2024-12-18","South East",53045.15
"2024-12-18","South West",111083.874
"2024-12-18","Midlands",58900.597
"2024-12-18","North East and Yorkshire",71115.127
"2024-12-18","East of England",41372.117
"2024-12-18","North West",98312.525
"2024-12-19","London",25537.106
"2024-12-19","South East",35418.346
"2024-12-19","South West",68374.977
"2024-12-19","Midlands",47025.52
"2024-12-19","North East and Yorkshire",68429.338
"2024-12-19","East of England",29937.249
"2024-12-19","North West",59161.581
"2024-12-20","London",150320.764
"2024-12-20","South East",145358.509
"2024-12-20","South West",134723.22
"2024-12-20","Midlands",127385.524
"2024-12-20","North East and Yorkshire",97598.501
"2024-12-20","East of England",141457.989
"2024-12-20","North West",102251.577
"2024-12-21","London",69590.145
"2024-12-21","South East",77574.518
"2024-12-21","South West",78062.523
"2024-12-21","Midlands",75677.88
"2024-12-21","North East and Yorkshire",65246.458
"2024-12-21","East of England",69806.84
"2024-12-21","North West",68589.004
"2024-12-22","London",113917.134
"2024-12-22","South East",110859.85
"2024-12-22","South West",66369.98
"2024-12-22","Midlands",77181.134
"2024-12-22","North East and Yorkshire",75523.468
"2024-12-22","East of England",115298.693
"2024-12-22","North West",81282.353
"2024-12-23","London",63446.874
"2024-12-23","South East",70455.928
"2024-12-23","South West",40089.708
"2024-12-23","Midlands",15735.063
"2024-12-23","North East and Yorkshire",18503.054
"2024-12-23","East of England",47956.799
"2024-12-23","North West",15344.693
"2024-12-24","London",17504.562
"2024-12-24","South East",21282.693
"2024-12-24","South West",28806.747
"2024-12-24","Midlands",15346.768
"2024-12-24","North East and Yorkshire",10664.448
"2024-12-24","East of England",18668.435
"2024-12-24","North West",15023.975
"2024-12-25","London",155555.206
"2024-12-25","South East",153133.183
"2024-12-25","South West",97698.835
"2024-12-25","Midlands",107679.125
"2024-12-25","North East and Yorkshire",94619.233
"2024-12-25","East of England",149809.881
"2024-12-25","North West",79637.431
"2024-12-26","London",22378.727
"2024-12-26","South East",24313.978
"2024-12-26","South West",49559.942
"2024-12-26","Midlands",61960.473
"2024-12-26","North East and Yorkshire",72097.94
"2024-12-26","East of England",29230.952
"2024-12-26","North West",84690.61
"2024-12-27","London",182628.065
"2024-12-27","South East",183208.132
"2024-12-27","South West",173388.078
"2024-12-27","Midlands",147544.391
"2024-12-27","North East and Yorkshire",98172.07
"2024-12-27","East of England",156252.518
"2024-12-27","North West",80963.205
"2024-12-28","London",25003.003
"2024-12-28","South East",34566.813
"2024-12-28","South West",65118.631
"2024-12-28","Midlands",50552.65
"2024-12-28","North East and Yorkshire",84321.846
"2024-12-28","East of England",27455.447
"2024-12-28","North West",69855.534
"2024-12-29","London",179937.289
"2024-12-29","South East",178043.479
"2024-12-29","South West",159315.544
"2024-12-29","Midlands",91958.081
"2024-12-29","North East and Yorkshire",130480.678
"2024-12-29","East of England",123137.139
"2024-12-29","North West",106384.991
"2024-12-30","London",130925.188
"2024-12-30","South East",133643.351
"2024-12-30","South West",178532.459
"2024-12-30","Midlands",138535.554
"2024-12-30","North East and Yorkshire",134630.185
"2024-12-30","East of England",105431.316
"2024-12-30","North West",158830.206
"2024-12-31","London",159153.733
"2024-12-31","South East",170789.83
"2024-12-31","South West",211218.993
"2024-12-31","Midlands",161142.783
"2024-12-31","North East and Yorkshire",91430.007
"2024-12-31","East of England",162958.206
"2024-12-31","North West",76130.216
