"time","nhs_region","tasmax"
"2019-01-01 12:00:00","London",5.337
"2019-01-01 12:00:00","South East",5.076
"2019-01-01 12:00:00","South West",6.751
"2019-01-01 12:00:00","Midlands",6.12
"2019-01-01 12:00:00","North East and Yorkshire",5.817
"2019-01-01 12:00:00","East of England",4.881
"2019-01-01 12:00:00","North West",6.44
"2019-01-02 12:00:00","London",7.044
"2019-01-02 12:00:00","South East",6.894
"2019-01-02 12:00:00","South West",7.861
"2019-01-02 12:00:00","Midlands",6.25
"2019-01-02 12:00:00","North East and Yorkshire",6.254
"2019-01-02 12:00:00","East of England",6.378
"2019-01-02 12:00:00","North West",5.952
"2019-01-03 12:00:00","London",9.358
"2019-01-03 12:00:00","South East",8.699
"2019-01-03 12:00:00","South West",9.419
"2019-01-03 12:00:00","Midlands",7.922
"2019-01-03 12:00:00","North East and Yorkshire",6.485
"2019-01-03 12:00:00","East of England",8.113
"2019-01-03 12:00:00","North West",7.256
"2019-01-04 12:00:00","London",11.112
"2019-01-04 12:00:00","South East",10.45
"2019-01-04 12:00:00","South West",10.174
"2019-01-04 12:00:00","Midlands",9.948
"2019-01-04 12:00:00","North East and Yorkshire",7.601
"2019-01-04 12:00:00","East of England",9.478
"2019-01-04 12:00:00","North West",8.622
"2019-01-05 12:00:00","London",9.47
"2019-01-05 12:00:00","South East",8.885
"2019-01-05 12:00:00","South West",9.283
"2019-01-05 12:00:00","Midlands",8.524
"2019-01-05 12:00:00","North East and Yorkshire",7.702
"2019-01-05 12:00:00","East of England",8.263
"2019-01-05 12:00:00","North West",7.634
"2019-01-06 12:00:00","London",12.065
"2019-01-06 12:00:00","South East",11.207
"2019-01-06 12:00:00","South West",11.527
"2019-01-06 12:00:00","Midlands",10.949
"2019-01-06 12:00:00","North East and Yorkshire",9.77
"2019-01-06 12:00:00","East of England",11.013
"2019-01-06 12:00:00","North West",9.586
"2019-01-07 12:00:00","London",12.551
"2019-01-07 12:00:00","South East",11.312
"2019-01-07 12:00:00","South West",10.661
"2019-01-07 12:00:00","Midlands",10.867
"2019-01-07 12:00:00","North East and Yorkshire",9.984
"2019-01-07 12:00:00","East of England",11.895
"2019-01-07 12:00:00","North West",8.954
"2019-01-08 12:00:00","London",9.247
"2019-01-08 12:00:00","South East",8.395
"2019-01-08 12:00:00","South West",7.929
"2019-01-08 12:00:00","Midlands",7.448
"2019-01-08 12:00:00","North East and Yorkshire",6.108
"2019-01-08 12:00:00","East of England",8.599
"2019-01-08 12:00:00","North West",6.939
"2019-01-09 12:00:00","London",7.985
"2019-01-09 12:00:00","South East",7.372
"2019-01-09 12:00:00","South West",8.442
"2019-01-09 12:00:00","Midlands",7.621
"2019-01-09 12:00:00","North East and Yorkshire",7.102
"2019-01-09 12:00:00","East of England",7.016
"2019-01-09 12:00:00","North West",6.833
"2019-01-10 12:00:00","London",10.89
"2019-01-10 12:00:00","South East",9.9
"2019-01-10 12:00:00","South West",10.453
"2019-01-10 12:00:00","Midlands",10.199
"2019-01-10 12:00:00","North East and Yorkshire",10.347
"2019-01-10 12:00:00","East of England",10.246
"2019-01-10 12:00:00","North West",9.405
"2019-01-11 12:00:00","London",10.278
"2019-01-11 12:00:00","South East",9.264
"2019-01-11 12:00:00","South West",8.44
"2019-01-11 12:00:00","Midlands",7.828
"2019-01-11 12:00:00","North East and Yorkshire",7.384
"2019-01-11 12:00:00","East of England",9.196
"2019-01-11 12:00:00","North West",7.038
"2019-01-12 12:00:00","London",8.957
"2019-01-12 12:00:00","South East",8.03
"2019-01-12 12:00:00","South West",8.289
"2019-01-12 12:00:00","Midlands",8.645
"2019-01-12 12:00:00","North East and Yorkshire",8.502
"2019-01-12 12:00:00","East of England",8.307
"2019-01-12 12:00:00","North West",7.72
"2019-01-13 12:00:00","London",8.81
"2019-01-13 12:00:00","South East",7.918
"2019-01-13 12:00:00","South West",8.267
"2019-01-13 12:00:00","Midlands",8.905
"2019-01-13 12:00:00","North East and Yorkshire",9.491
"2019-01-13 12:00:00","East of England",7.987
"2019-01-13 12:00:00","North West",8.745
"2019-01-14 12:00:00","London",8.848
"2019-01-14 12:00:00","South East",8.299
"2019-01-14 12:00:00","South West",9.398
"2019-01-14 12:00:00","Midlands",8.649
"2019-01-14 12:00:00","North East and Yorkshire",8.967
"2019-01-14 12:00:00","East of England",8.214
"2019-01-14 12:00:00","North West",8.576
"2019-01-15 12:00:00","London",12.871
"2019-01-15 12:00:00","South East",11.384
"2019-01-15 12:00:00","South West",11.809
"2019-01-15 12:00:00","Midlands",12.877
"2019-01-15 12:00:00","North East and Yorkshire",13.19
"2019-01-15 12:00:00","East of England",12.736
"2019-01-15 12:00:00","North West",12.162
"2019-01-16 12:00:00","London",12.69
"2019-01-16 12:00:00","South East",11.193
"2019-01-16 12:00:00","South West",11.327
"2019-01-16 12:00:00","Midlands",11.64
"2019-01-16 12:00:00","North East and Yorkshire",8.933
"2019-01-16 12:00:00","East of England",12.153
"2019-01-16 12:00:00","North West",9.073
"2019-01-17 12:00:00","London",13.303
"2019-01-17 12:00:00","South East",11.449
"2019-01-17 12:00:00","South West",10.167
"2019-01-17 12:00:00","Midlands",10.218
"2019-01-17 12:00:00","North East and Yorkshire",8.179
"2019-01-17 12:00:00","East of England",12.25
"2019-01-17 12:00:00","North West",7.552
"2019-01-18 12:00:00","London",9.58
"2019-01-18 12:00:00","South East",8.633
"2019-01-18 12:00:00","South West",9.053
"2019-01-18 12:00:00","Midlands",8.83
"2019-01-18 12:00:00","North East and Yorkshire",9.632
"2019-01-18 12:00:00","East of England",8.586
"2019-01-18 12:00:00","North West",9.262
"2019-01-19 12:00:00","London",11.117
"2019-01-19 12:00:00","South East",9.97
"2019-01-19 12:00:00","South West",10.396
"2019-01-19 12:00:00","Midlands",10.586
"2019-01-19 12:00:00","North East and Yorkshire",11.546
"2019-01-19 12:00:00","East of England",10.442
"2019-01-19 12:00:00","North West",10.888
"2019-01-20 12:00:00","London",11.728
"2019-01-20 12:00:00","South East",10.572
"2019-01-20 12:00:00","South West",9.973
"2019-01-20 12:00:00","Midlands",9.308
"2019-01-20 12:00:00","North East and Yorkshire",7.94
"2019-01-20 12:00:00","East of England",10.903
"2019-01-20 12:00:00","North West",7.451
"2019-01-21 12:00:00","London",11.26
"2019-01-21 12:00:00","South East",10.034
"2019-01-21 12:00:00","South West",9.849
"2019-01-21 12:00:00","Midlands",9.115
"2019-01-21 12:00:00","North East and Yorkshire",8.033
"2019-01-21 12:00:00","East of England",10.61
"2019-01-21 12:00:00","North West",7.859
"2019-01-22 12:00:00","London",8.784
"2019-01-22 12:00:00","South East",7.896
"2019-01-22 12:00:00","South West",8.8
"2019-01-22 12:00:00","Midlands",9.448
"2019-01-22 12:00:00","North East and Yorkshire",9.322
"2019-01-22 12:00:00","East of England",7.998
"2019-01-22 12:00:00","North West",8.117
"2019-01-23 12:00:00","London",8.34
"2019-01-23 12:00:00","South East",7.435
"2019-01-23 12:00:00","South West",8.255
"2019-01-23 12:00:00","Midlands",7.94
"2019-01-23 12:00:00","North East and Yorkshire",8.496
"2019-01-23 12:00:00","East of England",7.429
"2019-01-23 12:00:00","North West",7.26
"2019-01-24 12:00:00","London",9.978
"2019-01-24 12:00:00","South East",8.677
"2019-01-24 12:00:00","South West",9.512
"2019-01-24 12:00:00","Midlands",8.993
"2019-01-24 12:00:00","North East and Yorkshire",8.535
"2019-01-24 12:00:00","East of England",8.796
"2019-01-24 12:00:00","North West",7.953
"2019-01-25 12:00:00","London",9.139
"2019-01-25 12:00:00","South East",8.542
"2019-01-25 12:00:00","South West",9.053
"2019-01-25 12:00:00","Midlands",9.289
"2019-01-25 12:00:00","North East and Yorkshire",9.674
"2019-01-25 12:00:00","East of England",8.344
"2019-01-25 12:00:00","North West",9.167
"2019-01-26 12:00:00","London",10.504
"2019-01-26 12:00:00","South East",9.501
"2019-01-26 12:00:00","South West",10.124
"2019-01-26 12:00:00","Midlands",10.472
"2019-01-26 12:00:00","North East and Yorkshire",10.592
"2019-01-26 12:00:00","East of England",10.124
"2019-01-26 12:00:00","North West",8.982
"2019-01-27 12:00:00","London",8.691
"2019-01-27 12:00:00","South East",7.764
"2019-01-27 12:00:00","South West",8.87
"2019-01-27 12:00:00","Midlands",8.723
"2019-01-27 12:00:00","North East and Yorkshire",8.699
"2019-01-27 12:00:00","East of England",8.433
"2019-01-27 12:00:00","North West",8.145
"2019-01-28 12:00:00","London",12.759
"2019-01-28 12:00:00","South East",10.825
"2019-01-28 12:00:00","South West",10.038
"2019-01-28 12:00:00","Midlands",9.638
"2019-01-28 12:00:00","North East and Yorkshire",8.129
"2019-01-28 12:00:00","East of England",11.005
"2019-01-28 12:00:00","North West",8.918
"2019-01-29 12:00:00","London",14.497
"2019-01-29 12:00:00","South East",12.82
"2019-01-29 12:00:00","South West",11.502
"2019-01-29 12:00:00","Midlands",13.302
"2019-01-29 12:00:00","North East and Yorkshire",11.325
"2019-01-29 12:00:00","East of England",13.695
"2019-01-29 12:00:00","North West",10.431
"2019-01-30 12:00:00","London",12.294
"2019-01-30 12:00:00","South East",11.597
"2019-01-30 12:00:00","South West",11.584
"2019-01-30 12:00:00","Midlands",11.092
"2019-01-30 12:00:00","North East and Yorkshire",10.831
"2019-01-30 12:00:00","East of England",11.465
"2019-01-30 12:00:00","North West",9.496
"2019-01-31 12:00:00","London",10.256
"2019-01-31 12:00:00","South East",9.526
"2019-01-31 12:00:00","South West",10.148
"2019-01-31 12:00:00","Midlands",11.27
"2019-01-31 12:00:00","North East and Yorkshire",10.466
"2019-01-31 12:00:00","East of England",9.761
"2019-01-31 12:00:00","North West",10.127
"2019-02-01 12:00:00","London",8.402
"2019-02-01 12:00:00","South East",8.079
"2019-02-01 12:00:00","South West",8.125
"2019-02-01 12:00:00","Midlands",7.137
"2019-02-01 12:00:00","North East and Yorkshire",6.456
"2019-02-01 12:00:00","East of England",7.289
"2019-02-01 12:00:00","North West",6.164
"2019-02-02 12:00:00","London",10.565
"2019-02-02 12:00:00","South East",9.643
"2019-02-02 12:00:00","South West",9.934
"2019-02-02 12:00:00","Midlands",9.568
"2019-02-02 12:00:00","North East and Yorkshire",8.798
"2019-02-02 12:00:00","East of England",9.85
"2019-02-02 12:00:00","North West",8.318
"2019-02-03 12:00:00","London",11.752
"2019-02-03 12:00:00","South East",10.461
"2019-02-03 12:00:00","South West",10.376
"2019-02-03 12:00:00","Midlands",8.927
"2019-02-03 12:00:00","North East and Yorkshire",6.952
"2019-02-03 12:00:00","East of England",10.12
"2019-02-03 12:00:00","North West",7.084
"2019-02-04 12:00:00","London",11.022
"2019-02-04 12:00:00","South East",9.903
"2019-02-04 12:00:00","South West",10.31
"2019-02-04 12:00:00","Midlands",10.661
"2019-02-04 12:00:00","North East and Yorkshire",10.931
"2019-02-04 12:00:00","East of England",10.125
"2019-02-04 12:00:00","North West",10.151
"2019-02-05 12:00:00","London",12.374
"2019-02-05 12:00:00","South East",11.006
"2019-02-05 12:00:00","South West",11.624
"2019-02-05 12:00:00","Midlands",11.5
"2019-02-05 12:00:00","North East and Yorkshire",9.36
"2019-02-05 12:00:00","East of England",11.703
"2019-02-05 12:00:00","North West",9.904
"2019-02-06 12:00:00","London",13.631
"2019-02-06 12:00:00","South East",11.96
"2019-02-06 12:00:00","South West",12.732
"2019-02-06 12:00:00","Midlands",14.357
"2019-02-06 12:00:00","North East and Yorkshire",12.724
"2019-02-06 12:00:00","East of England",13.919
"2019-02-06 12:00:00","North West",12.146
"2019-02-07 12:00:00","London",17.428
"2019-02-07 12:00:00","South East",14.951
"2019-02-07 12:00:00","South West",14.067
"2019-02-07 12:00:00","Midlands",16.583
"2019-02-07 12:00:00","North East and Yorkshire",15.281
"2019-02-07 12:00:00","East of England",16.315
"2019-02-07 12:00:00","North West",13.739
"2019-02-08 12:00:00","London",14.212
"2019-02-08 12:00:00","South East",12.329
"2019-02-08 12:00:00","South West",11.743
"2019-02-08 12:00:00","Midlands",12.957
"2019-02-08 12:00:00","North East and Yorkshire",11.912
"2019-02-08 12:00:00","East of England",13.582
"2019-02-08 12:00:00","North West",10.169
"2019-02-09 12:00:00","London",13.274
"2019-02-09 12:00:00","South East",11.628
"2019-02-09 12:00:00","South West",11.683
"2019-02-09 12:00:00","Midlands",13.046
"2019-02-09 12:00:00","North East and Yorkshire",12.464
"2019-02-09 12:00:00","East of England",12.869
"2019-02-09 12:00:00","North West",12.36
"2019-02-10 12:00:00","London",15.765
"2019-02-10 12:00:00","South East",14.199
"2019-02-10 12:00:00","South West",13.089
"2019-02-10 12:00:00","Midlands",14.012
"2019-02-10 12:00:00","North East and Yorkshire",13.121
"2019-02-10 12:00:00","East of England",13.906
"2019-02-10 12:00:00","North West",11.669
"2019-02-11 12:00:00","London",13.811
"2019-02-11 12:00:00","South East",12.195
"2019-02-11 12:00:00","South West",12.036
"2019-02-11 12:00:00","Midlands",12.217
"2019-02-11 12:00:00","North East and Yorkshire",11.242
"2019-02-11 12:00:00","East of England",12.868
"2019-02-11 12:00:00","North West",10.118
"2019-02-12 12:00:00","London",13.504
"2019-02-12 12:00:00","South East",11.899
"2019-02-12 12:00:00","South West",12.325
"2019-02-12 12:00:00","Midlands",14.039
"2019-02-12 12:00:00","North East and Yorkshire",13.388
"2019-02-12 12:00:00","East of England",13.234
"2019-02-12 12:00:00","North West",12.464
"2019-02-13 12:00:00","London",12.263
"2019-02-13 12:00:00","South East",11.131
"2019-02-13 12:00:00","South West",10.985
"2019-02-13 12:00:00","Midlands",10.616
"2019-02-13 12:00:00","North East and Yorkshire",9.776
"2019-02-13 12:00:00","East of England",11.257
"2019-02-13 12:00:00","North West",8.904
"2019-02-14 12:00:00","London",12.964
"2019-02-14 12:00:00","South East",11.451
"2019-02-14 12:00:00","South West",11.954
"2019-02-14 12:00:00","Midlands",12.415
"2019-02-14 12:00:00","North East and Yorkshire",12.239
"2019-02-14 12:00:00","East of England",12.368
"2019-02-14 12:00:00","North West",11.229
"2019-02-15 12:00:00","London",9.795
"2019-02-15 12:00:00","South East",9.02
"2019-02-15 12:00:00","South West",9.194
"2019-02-15 12:00:00","Midlands",8.699
"2019-02-15 12:00:00","North East and Yorkshire",7.826
"2019-02-15 12:00:00","East of England",8.778
"2019-02-15 12:00:00","North West",7.631
"2019-02-16 12:00:00","London",8.862
"2019-02-16 12:00:00","South East",8.108
"2019-02-16 12:00:00","South West",8.639
"2019-02-16 12:00:00","Midlands",8.223
"2019-02-16 12:00:00","North East and Yorkshire",8.832
"2019-02-16 12:00:00","East of England",8.234
"2019-02-16 12:00:00","North West",7.792
"2019-02-17 12:00:00","London",11.657
"2019-02-17 12:00:00","South East",10.423
"2019-02-17 12:00:00","South West",11.38
"2019-02-17 12:00:00","Midlands",10.829
"2019-02-17 12:00:00","North East and Yorkshire",10.744
"2019-02-17 12:00:00","East of England",10.254
"2019-02-17 12:00:00","North West",10.304
"2019-02-18 12:00:00","London",12.456
"2019-02-18 12:00:00","South East",10.975
"2019-02-18 12:00:00","South West",11.649
"2019-02-18 12:00:00","Midlands",11.855
"2019-02-18 12:00:00","North East and Yorkshire",7.9
"2019-02-18 12:00:00","East of England",11.948
"2019-02-18 12:00:00","North West",9.139
"2019-02-19 12:00:00","London",8.207
"2019-02-19 12:00:00","South East",7.125
"2019-02-19 12:00:00","South West",7.134
"2019-02-19 12:00:00","Midlands",5.985
"2019-02-19 12:00:00","North East and Yorkshire",4.65
"2019-02-19 12:00:00","East of England",7.026
"2019-02-19 12:00:00","North West",4.939
"2019-02-20 12:00:00","London",8.965
"2019-02-20 12:00:00","South East",8.123
"2019-02-20 12:00:00","South West",8.229
"2019-02-20 12:00:00","Midlands",7.642
"2019-02-20 12:00:00","North East and Yorkshire",6.143
"2019-02-20 12:00:00","East of England",7.821
"2019-02-20 12:00:00","North West",6.464
"2019-02-21 12:00:00","London",9.986
"2019-02-21 12:00:00","South East",9.037
"2019-02-21 12:00:00","South West",9.556
"2019-02-21 12:00:00","Midlands",8.83
"2019-02-21 12:00:00","North East and Yorkshire",6.834
"2019-02-21 12:00:00","East of England",9.446
"2019-02-21 12:00:00","North West",7.302
"2019-02-22 12:00:00","London",12.3
"2019-02-22 12:00:00","South East",10.637
"2019-02-22 12:00:00","South West",10.858
"2019-02-22 12:00:00","Midlands",11.041
"2019-02-22 12:00:00","North East and Yorkshire",9.724
"2019-02-22 12:00:00","East of England",11.288
"2019-02-22 12:00:00","North West",9.249
"2019-02-23 12:00:00","London",13.246
"2019-02-23 12:00:00","South East",11.765
"2019-02-23 12:00:00","South West",12.288
"2019-02-23 12:00:00","Midlands",13.034
"2019-02-23 12:00:00","North East and Yorkshire",11.897
"2019-02-23 12:00:00","East of England",13.292
"2019-02-23 12:00:00","North West",10.988
"2019-02-24 12:00:00","London",11.688
"2019-02-24 12:00:00","South East",10.339
"2019-02-24 12:00:00","South West",9.036
"2019-02-24 12:00:00","Midlands",8.802
"2019-02-24 12:00:00","North East and Yorkshire",8.167
"2019-02-24 12:00:00","East of England",10.876
"2019-02-24 12:00:00","North West",7.84
"2019-02-25 12:00:00","London",11.232
"2019-02-25 12:00:00","South East",9.961
"2019-02-25 12:00:00","South West",9.551
"2019-02-25 12:00:00","Midlands",10.298
"2019-02-25 12:00:00","North East and Yorkshire",9.187
"2019-02-25 12:00:00","East of England",10.431
"2019-02-25 12:00:00","North West",8.608
"2019-02-26 12:00:00","London",12.156
"2019-02-26 12:00:00","South East",10.552
"2019-02-26 12:00:00","South West",10.631
"2019-02-26 12:00:00","Midlands",11.541
"2019-02-26 12:00:00","North East and Yorkshire",10.858
"2019-02-26 12:00:00","East of England",11.791
"2019-02-26 12:00:00","North West",10.233
"2019-02-27 12:00:00","London",12.42
"2019-02-27 12:00:00","South East",10.977
"2019-02-27 12:00:00","South West",11.778
"2019-02-27 12:00:00","Midlands",12.935
"2019-02-27 12:00:00","North East and Yorkshire",11.85
"2019-02-27 12:00:00","East of England",12.105
"2019-02-27 12:00:00","North West",11.37
"2019-02-28 12:00:00","London",11.792
"2019-02-28 12:00:00","South East",10.402
"2019-02-28 12:00:00","South West",9.85
"2019-02-28 12:00:00","Midlands",8.093
"2019-02-28 12:00:00","North East and Yorkshire",7.967
"2019-02-28 12:00:00","East of England",10.496
"2019-02-28 12:00:00","North West",7.294
"2019-03-01 12:00:00","London",10.268
"2019-03-01 12:00:00","South East",9.307
"2019-03-01 12:00:00","South West",9.812
"2019-03-01 12:00:00","Midlands",8.606
"2019-03-01 12:00:00","North East and Yorkshire",7.961
"2019-03-01 12:00:00","East of England",9.318
"2019-03-01 12:00:00","North West",7.825
"2019-03-02 12:00:00","London",13.903
"2019-03-02 12:00:00","South East",12.382
"2019-03-02 12:00:00","South West",11.269
"2019-03-02 12:00:00","Midlands",10.507
"2019-03-02 12:00:00","North East and Yorkshire",8.698
"2019-03-02 12:00:00","East of England",12.413
"2019-03-02 12:00:00","North West",8.19
"2019-03-03 12:00:00","London",10.828
"2019-03-03 12:00:00","South East",9.725
"2019-03-03 12:00:00","South West",9.136
"2019-03-03 12:00:00","Midlands",8.321
"2019-03-03 12:00:00","North East and Yorkshire",6.671
"2019-03-03 12:00:00","East of England",9.373
"2019-03-03 12:00:00","North West",6.514
"2019-03-04 12:00:00","London",11.206
"2019-03-04 12:00:00","South East",10.212
"2019-03-04 12:00:00","South West",10.588
"2019-03-04 12:00:00","Midlands",10.162
"2019-03-04 12:00:00","North East and Yorkshire",9.107
"2019-03-04 12:00:00","East of England",10.143
"2019-03-04 12:00:00","North West",8.647
"2019-03-05 12:00:00","London",13.818
"2019-03-05 12:00:00","South East",12.277
"2019-03-05 12:00:00","South West",11.755
"2019-03-05 12:00:00","Midlands",11.975
"2019-03-05 12:00:00","North East and Yorkshire",10.348
"2019-03-05 12:00:00","East of England",12.898
"2019-03-05 12:00:00","North West",9.291
"2019-03-06 12:00:00","London",10.991
"2019-03-06 12:00:00","South East",10.057
"2019-03-06 12:00:00","South West",10.012
"2019-03-06 12:00:00","Midlands",10.54
"2019-03-06 12:00:00","North East and Yorkshire",10.518
"2019-03-06 12:00:00","East of England",10.311
"2019-03-06 12:00:00","North West",9.248
"2019-03-07 12:00:00","London",8.308
"2019-03-07 12:00:00","South East",7.339
"2019-03-07 12:00:00","South West",7.022
"2019-03-07 12:00:00","Midlands",6.514
"2019-03-07 12:00:00","North East and Yorkshire",5.655
"2019-03-07 12:00:00","East of England",7.428
"2019-03-07 12:00:00","North West",5.533
"2019-03-08 12:00:00","London",11.209
"2019-03-08 12:00:00","South East",10.165
"2019-03-08 12:00:00","South West",10.439
"2019-03-08 12:00:00","Midlands",10.394
"2019-03-08 12:00:00","North East and Yorkshire",9.601
"2019-03-08 12:00:00","East of England",10.046
"2019-03-08 12:00:00","North West",8.933
"2019-03-09 12:00:00","London",11.128
"2019-03-09 12:00:00","South East",9.506
"2019-03-09 12:00:00","South West",10.053
"2019-03-09 12:00:00","Midlands",10.696
"2019-03-09 12:00:00","North East and Yorkshire",10.147
"2019-03-09 12:00:00","East of England",10.685
"2019-03-09 12:00:00","North West",9.268
"2019-03-10 12:00:00","London",11.117
"2019-03-10 12:00:00","South East",9.31
"2019-03-10 12:00:00","South West",10.249
"2019-03-10 12:00:00","Midlands",10.517
"2019-03-10 12:00:00","North East and Yorkshire",9.13
"2019-03-10 12:00:00","East of England",9.592
"2019-03-10 12:00:00","North West",9.312
"2019-03-11 12:00:00","London",12.558
"2019-03-11 12:00:00","South East",10.646
"2019-03-11 12:00:00","South West",10.199
"2019-03-11 12:00:00","Midlands",10.882
"2019-03-11 12:00:00","North East and Yorkshire",10.209
"2019-03-11 12:00:00","East of England",11.86
"2019-03-11 12:00:00","North West",9.193
"2019-03-12 12:00:00","London",11.887
"2019-03-12 12:00:00","South East",10.452
"2019-03-12 12:00:00","South West",10.15
"2019-03-12 12:00:00","Midlands",9.727
"2019-03-12 12:00:00","North East and Yorkshire",9.332
"2019-03-12 12:00:00","East of England",11.101
"2019-03-12 12:00:00","North West",8.29
"2019-03-13 12:00:00","London",12.907
"2019-03-13 12:00:00","South East",11.063
"2019-03-13 12:00:00","South West",11.09
"2019-03-13 12:00:00","Midlands",12.004
"2019-03-13 12:00:00","North East and Yorkshire",11.598
"2019-03-13 12:00:00","East of England",12.278
"2019-03-13 12:00:00","North West",10.274
"2019-03-14 12:00:00","London",15.094
"2019-03-14 12:00:00","South East",12.667
"2019-03-14 12:00:00","South West",12.826
"2019-03-14 12:00:00","Midlands",15.65
"2019-03-14 12:00:00","North East and Yorkshire",14.767
"2019-03-14 12:00:00","East of England",14.767
"2019-03-14 12:00:00","North West",13.51
"2019-03-15 12:00:00","London",15.504
"2019-03-15 12:00:00","South East",11.647
"2019-03-15 12:00:00","South West",10.985
"2019-03-15 12:00:00","Midlands",14.69
"2019-03-15 12:00:00","North East and Yorkshire",15.77
"2019-03-15 12:00:00","East of England",14.769
"2019-03-15 12:00:00","North West",14.64
"2019-03-16 12:00:00","London",16.91
"2019-03-16 12:00:00","South East",14.2
"2019-03-16 12:00:00","South West",14.141
"2019-03-16 12:00:00","Midlands",15.311
"2019-03-16 12:00:00","North East and Yorkshire",14.806
"2019-03-16 12:00:00","East of England",15.186
"2019-03-16 12:00:00","North West",14.278
"2019-03-17 12:00:00","London",16.555
"2019-03-17 12:00:00","South East",14.524
"2019-03-17 12:00:00","South West",14.124
"2019-03-17 12:00:00","Midlands",15.038
"2019-03-17 12:00:00","North East and Yorkshire",13.556
"2019-03-17 12:00:00","East of England",15.496
"2019-03-17 12:00:00","North West",14.138
"2019-03-18 12:00:00","London",19.412
"2019-03-18 12:00:00","South East",16.901
"2019-03-18 12:00:00","South West",15.289
"2019-03-18 12:00:00","Midlands",16.965
"2019-03-18 12:00:00","North East and Yorkshire",16.14
"2019-03-18 12:00:00","East of England",17.603
"2019-03-18 12:00:00","North West",15.913
"2019-03-19 12:00:00","London",10.668
"2019-03-19 12:00:00","South East",9.564
"2019-03-19 12:00:00","South West",10.788
"2019-03-19 12:00:00","Midlands",11.321
"2019-03-19 12:00:00","North East and Yorkshire",10.234
"2019-03-19 12:00:00","East of England",9.116
"2019-03-19 12:00:00","North West",10.922
"2019-03-20 12:00:00","London",11.79
"2019-03-20 12:00:00","South East",10.438
"2019-03-20 12:00:00","South West",11.008
"2019-03-20 12:00:00","Midlands",10.26
"2019-03-20 12:00:00","North East and Yorkshire",8.023
"2019-03-20 12:00:00","East of England",10.885
"2019-03-20 12:00:00","North West",9.509
"2019-03-21 12:00:00","London",11.268
"2019-03-21 12:00:00","South East",10.349
"2019-03-21 12:00:00","South West",10.029
"2019-03-21 12:00:00","Midlands",8.293
"2019-03-21 12:00:00","North East and Yorkshire",7.514
"2019-03-21 12:00:00","East of England",9.608
"2019-03-21 12:00:00","North West",8
"2019-03-22 12:00:00","London",10.791
"2019-03-22 12:00:00","South East",10.044
"2019-03-22 12:00:00","South West",9.86
"2019-03-22 12:00:00","Midlands",8.648
"2019-03-22 12:00:00","North East and Yorkshire",6.914
"2019-03-22 12:00:00","East of England",9.8
"2019-03-22 12:00:00","North West",6.933
"2019-03-23 12:00:00","London",13.487
"2019-03-23 12:00:00","South East",11.85
"2019-03-23 12:00:00","South West",10.145
"2019-03-23 12:00:00","Midlands",12.091
"2019-03-23 12:00:00","North East and Yorkshire",7.911
"2019-03-23 12:00:00","East of England",12.473
"2019-03-23 12:00:00","North West",8.954
"2019-03-24 12:00:00","London",9.458
"2019-03-24 12:00:00","South East",9.275
"2019-03-24 12:00:00","South West",10.913
"2019-03-24 12:00:00","Midlands",8.181
"2019-03-24 12:00:00","North East and Yorkshire",6.443
"2019-03-24 12:00:00","East of England",8.49
"2019-03-24 12:00:00","North West",7.602
"2019-03-25 12:00:00","London",8.643
"2019-03-25 12:00:00","South East",8.601
"2019-03-25 12:00:00","South West",10.611
"2019-03-25 12:00:00","Midlands",8.141
"2019-03-25 12:00:00","North East and Yorkshire",6.703
"2019-03-25 12:00:00","East of England",7.807
"2019-03-25 12:00:00","North West",7.564
"2019-03-26 12:00:00","London",14.566
"2019-03-26 12:00:00","South East",12.336
"2019-03-26 12:00:00","South West",11.559
"2019-03-26 12:00:00","Midlands",13.477
"2019-03-26 12:00:00","North East and Yorkshire",10.467
"2019-03-26 12:00:00","East of England",13.967
"2019-03-26 12:00:00","North West",11.424
"2019-03-27 12:00:00","London",11.696
"2019-03-27 12:00:00","South East",9.852
"2019-03-27 12:00:00","South West",8.948
"2019-03-27 12:00:00","Midlands",9.848
"2019-03-27 12:00:00","North East and Yorkshire",10.731
"2019-03-27 12:00:00","East of England",11.643
"2019-03-27 12:00:00","North West",8.84
"2019-03-28 12:00:00","London",11.049
"2019-03-28 12:00:00","South East",10.095
"2019-03-28 12:00:00","South West",10.109
"2019-03-28 12:00:00","Midlands",9.861
"2019-03-28 12:00:00","North East and Yorkshire",10.658
"2019-03-28 12:00:00","East of England",10.801
"2019-03-28 12:00:00","North West",9.148
"2019-03-29 12:00:00","London",14.227
"2019-03-29 12:00:00","South East",12.435
"2019-03-29 12:00:00","South West",12.129
"2019-03-29 12:00:00","Midlands",13.367
"2019-03-29 12:00:00","North East and Yorkshire",13.291
"2019-03-29 12:00:00","East of England",13.877
"2019-03-29 12:00:00","North West",12.122
"2019-03-30 12:00:00","London",15.667
"2019-03-30 12:00:00","South East",13.459
"2019-03-30 12:00:00","South West",12.961
"2019-03-30 12:00:00","Midlands",14.275
"2019-03-30 12:00:00","North East and Yorkshire",13.861
"2019-03-30 12:00:00","East of England",14.793
"2019-03-30 12:00:00","North West",12.852
"2019-03-31 12:00:00","London",13.363
"2019-03-31 12:00:00","South East",12.87
"2019-03-31 12:00:00","South West",12.11
"2019-03-31 12:00:00","Midlands",11.196
"2019-03-31 12:00:00","North East and Yorkshire",12.337
"2019-03-31 12:00:00","East of England",11.037
"2019-03-31 12:00:00","North West",11.868
"2019-04-01 12:00:00","London",14.953
"2019-04-01 12:00:00","South East",12.954
"2019-04-01 12:00:00","South West",12.825
"2019-04-01 12:00:00","Midlands",13.91
"2019-04-01 12:00:00","North East and Yorkshire",9.525
"2019-04-01 12:00:00","East of England",15.061
"2019-04-01 12:00:00","North West",9.174
"2019-04-02 12:00:00","London",14.021
"2019-04-02 12:00:00","South East",13.521
"2019-04-02 12:00:00","South West",14.629
"2019-04-02 12:00:00","Midlands",13.49
"2019-04-02 12:00:00","North East and Yorkshire",14.736
"2019-04-02 12:00:00","East of England",12.165
"2019-04-02 12:00:00","North West",11.6
"2019-04-03 12:00:00","London",9.926
"2019-04-03 12:00:00","South East",9.294
"2019-04-03 12:00:00","South West",11.558
"2019-04-03 12:00:00","Midlands",11.225
"2019-04-03 12:00:00","North East and Yorkshire",11.817
"2019-04-03 12:00:00","East of England",9.601
"2019-04-03 12:00:00","North West",10.575
"2019-04-04 12:00:00","London",9.545
"2019-04-04 12:00:00","South East",9.354
"2019-04-04 12:00:00","South West",11.96
"2019-04-04 12:00:00","Midlands",11.334
"2019-04-04 12:00:00","North East and Yorkshire",13.125
"2019-04-04 12:00:00","East of England",8.287
"2019-04-04 12:00:00","North West",10.392
"2019-04-05 12:00:00","London",11.141
"2019-04-05 12:00:00","South East",9.891
"2019-04-05 12:00:00","South West",10.184
"2019-04-05 12:00:00","Midlands",8.982
"2019-04-05 12:00:00","North East and Yorkshire",9.089
"2019-04-05 12:00:00","East of England",9.675
"2019-04-05 12:00:00","North West",9.959
"2019-04-06 12:00:00","London",10.473
"2019-04-06 12:00:00","South East",9.499
"2019-04-06 12:00:00","South West",10.372
"2019-04-06 12:00:00","Midlands",11.756
"2019-04-06 12:00:00","North East and Yorkshire",13.159
"2019-04-06 12:00:00","East of England",10.161
"2019-04-06 12:00:00","North West",9.808
"2019-04-07 12:00:00","London",11.752
"2019-04-07 12:00:00","South East",11.077
"2019-04-07 12:00:00","South West",11.677
"2019-04-07 12:00:00","Midlands",11.456
"2019-04-07 12:00:00","North East and Yorkshire",11.309
"2019-04-07 12:00:00","East of England",9.933
"2019-04-07 12:00:00","North West",9.856
"2019-04-08 12:00:00","London",14.085
"2019-04-08 12:00:00","South East",12.031
"2019-04-08 12:00:00","South West",11.187
"2019-04-08 12:00:00","Midlands",10.918
"2019-04-08 12:00:00","North East and Yorkshire",11.895
"2019-04-08 12:00:00","East of England",10.806
"2019-04-08 12:00:00","North West",9.82
"2019-04-09 12:00:00","London",13.485
"2019-04-09 12:00:00","South East",12.471
"2019-04-09 12:00:00","South West",13.011
"2019-04-09 12:00:00","Midlands",13.033
"2019-04-09 12:00:00","North East and Yorkshire",11.673
"2019-04-09 12:00:00","East of England",11.968
"2019-04-09 12:00:00","North West",10.628
"2019-04-10 12:00:00","London",13.056
"2019-04-10 12:00:00","South East",12.264
"2019-04-10 12:00:00","South West",13.477
"2019-04-10 12:00:00","Midlands",12.772
"2019-04-10 12:00:00","North East and Yorkshire",11.639
"2019-04-10 12:00:00","East of England",11.766
"2019-04-10 12:00:00","North West",10.691
"2019-04-11 12:00:00","London",15.406
"2019-04-11 12:00:00","South East",13.606
"2019-04-11 12:00:00","South West",14.011
"2019-04-11 12:00:00","Midlands",14.944
"2019-04-11 12:00:00","North East and Yorkshire",14.136
"2019-04-11 12:00:00","East of England",13.999
"2019-04-11 12:00:00","North West",13.162
"2019-04-12 12:00:00","London",17.514
"2019-04-12 12:00:00","South East",15.262
"2019-04-12 12:00:00","South West",13.783
"2019-04-12 12:00:00","Midlands",16.333
"2019-04-12 12:00:00","North East and Yorkshire",15.493
"2019-04-12 12:00:00","East of England",16.192
"2019-04-12 12:00:00","North West",12.576
"2019-04-13 12:00:00","London",19.059
"2019-04-13 12:00:00","South East",16.717
"2019-04-13 12:00:00","South West",14.522
"2019-04-13 12:00:00","Midlands",14.036
"2019-04-13 12:00:00","North East and Yorkshire",13.165
"2019-04-13 12:00:00","East of England",17.334
"2019-04-13 12:00:00","North West",10.674
"2019-04-14 12:00:00","London",12.468
"2019-04-14 12:00:00","South East",11.317
"2019-04-14 12:00:00","South West",12.012
"2019-04-14 12:00:00","Midlands",11.177
"2019-04-14 12:00:00","North East and Yorkshire",9.691
"2019-04-14 12:00:00","East of England",11.467
"2019-04-14 12:00:00","North West",10.37
"2019-04-15 12:00:00","London",14.089
"2019-04-15 12:00:00","South East",13.259
"2019-04-15 12:00:00","South West",13.913
"2019-04-15 12:00:00","Midlands",12.936
"2019-04-15 12:00:00","North East and Yorkshire",10.298
"2019-04-15 12:00:00","East of England",12.495
"2019-04-15 12:00:00","North West",11.149
"2019-04-16 12:00:00","London",15.187
"2019-04-16 12:00:00","South East",14.342
"2019-04-16 12:00:00","South West",15.892
"2019-04-16 12:00:00","Midlands",14.678
"2019-04-16 12:00:00","North East and Yorkshire",13.21
"2019-04-16 12:00:00","East of England",13.391
"2019-04-16 12:00:00","North West",14.531
"2019-04-17 12:00:00","London",15.579
"2019-04-17 12:00:00","South East",14.758
"2019-04-17 12:00:00","South West",15.563
"2019-04-17 12:00:00","Midlands",14.731
"2019-04-17 12:00:00","North East and Yorkshire",14.901
"2019-04-17 12:00:00","East of England",13.578
"2019-04-17 12:00:00","North West",14.705
"2019-04-18 12:00:00","London",19.354
"2019-04-18 12:00:00","South East",17.473
"2019-04-18 12:00:00","South West",15.735
"2019-04-18 12:00:00","Midlands",16.984
"2019-04-18 12:00:00","North East and Yorkshire",12.592
"2019-04-18 12:00:00","East of England",17.403
"2019-04-18 12:00:00","North West",14.431
"2019-04-19 12:00:00","London",19.417
"2019-04-19 12:00:00","South East",17.09
"2019-04-19 12:00:00","South West",15.988
"2019-04-19 12:00:00","Midlands",18.587
"2019-04-19 12:00:00","North East and Yorkshire",16.988
"2019-04-19 12:00:00","East of England",18.173
"2019-04-19 12:00:00","North West",16.689
"2019-04-20 12:00:00","London",14.975
"2019-04-20 12:00:00","South East",13.422
"2019-04-20 12:00:00","South West",15.036
"2019-04-20 12:00:00","Midlands",15.444
"2019-04-20 12:00:00","North East and Yorkshire",17.103
"2019-04-20 12:00:00","East of England",15.592
"2019-04-20 12:00:00","North West",15.685
"2019-04-21 12:00:00","London",20.58
"2019-04-21 12:00:00","South East",18.173
"2019-04-21 12:00:00","South West",17.064
"2019-04-21 12:00:00","Midlands",19.899
"2019-04-21 12:00:00","North East and Yorkshire",19.047
"2019-04-21 12:00:00","East of England",20.113
"2019-04-21 12:00:00","North West",17.357
"2019-04-22 12:00:00","London",15.77
"2019-04-22 12:00:00","South East",14.077
"2019-04-22 12:00:00","South West",14.05
"2019-04-22 12:00:00","Midlands",15.266
"2019-04-22 12:00:00","North East and Yorkshire",15.511
"2019-04-22 12:00:00","East of England",16.42
"2019-04-22 12:00:00","North West",14.404
"2019-04-23 12:00:00","London",11.867
"2019-04-23 12:00:00","South East",10.898
"2019-04-23 12:00:00","South West",10.971
"2019-04-23 12:00:00","Midlands",11.508
"2019-04-23 12:00:00","North East and Yorkshire",10.487
"2019-04-23 12:00:00","East of England",10.725
"2019-04-23 12:00:00","North West",10.402
"2019-04-24 12:00:00","London",11.876
"2019-04-24 12:00:00","South East",11.239
"2019-04-24 12:00:00","South West",11.562
"2019-04-24 12:00:00","Midlands",12.393
"2019-04-24 12:00:00","North East and Yorkshire",11.476
"2019-04-24 12:00:00","East of England",11.238
"2019-04-24 12:00:00","North West",11.76
"2019-04-25 12:00:00","London",14.634
"2019-04-25 12:00:00","South East",12.805
"2019-04-25 12:00:00","South West",12.483
"2019-04-25 12:00:00","Midlands",12.228
"2019-04-25 12:00:00","North East and Yorkshire",12.021
"2019-04-25 12:00:00","East of England",13.412
"2019-04-25 12:00:00","North West",10.998
"2019-04-26 12:00:00","London",17.816
"2019-04-26 12:00:00","South East",16.78
"2019-04-26 12:00:00","South West",16.269
"2019-04-26 12:00:00","Midlands",15.343
"2019-04-26 12:00:00","North East and Yorkshire",12.948
"2019-04-26 12:00:00","East of England",15.178
"2019-04-26 12:00:00","North West",13.097
"2019-04-27 12:00:00","London",18.556
"2019-04-27 12:00:00","South East",16.207
"2019-04-27 12:00:00","South West",16.098
"2019-04-27 12:00:00","Midlands",18.342
"2019-04-27 12:00:00","North East and Yorkshire",13.714
"2019-04-27 12:00:00","East of England",17.03
"2019-04-27 12:00:00","North West",15.937
"2019-04-28 12:00:00","London",17.758
"2019-04-28 12:00:00","South East",14.949
"2019-04-28 12:00:00","South West",13.931
"2019-04-28 12:00:00","Midlands",15.172
"2019-04-28 12:00:00","North East and Yorkshire",15.315
"2019-04-28 12:00:00","East of England",16.995
"2019-04-28 12:00:00","North West",13.497
"2019-04-29 12:00:00","London",18.017
"2019-04-29 12:00:00","South East",16.488
"2019-04-29 12:00:00","South West",16.746
"2019-04-29 12:00:00","Midlands",16.679
"2019-04-29 12:00:00","North East and Yorkshire",16.177
"2019-04-29 12:00:00","East of England",17.11
"2019-04-29 12:00:00","North West",13.797
"2019-04-30 12:00:00","London",16.311
"2019-04-30 12:00:00","South East",14.668
"2019-04-30 12:00:00","South West",13.527
"2019-04-30 12:00:00","Midlands",14.816
"2019-04-30 12:00:00","North East and Yorkshire",13.804
"2019-04-30 12:00:00","East of England",15.265
"2019-04-30 12:00:00","North West",12.862
"2019-05-01 12:00:00","London",18.149
"2019-05-01 12:00:00","South East",16.678
"2019-05-01 12:00:00","South West",16.796
"2019-05-01 12:00:00","Midlands",16.654
"2019-05-01 12:00:00","North East and Yorkshire",14.974
"2019-05-01 12:00:00","East of England",16.731
"2019-05-01 12:00:00","North West",15.252
"2019-05-02 12:00:00","London",18.42
"2019-05-02 12:00:00","South East",17.072
"2019-05-02 12:00:00","South West",17.212
"2019-05-02 12:00:00","Midlands",17.307
"2019-05-02 12:00:00","North East and Yorkshire",14.991
"2019-05-02 12:00:00","East of England",17.11
"2019-05-02 12:00:00","North West",15.945
"2019-05-03 12:00:00","London",16.166
"2019-05-03 12:00:00","South East",14.456
"2019-05-03 12:00:00","South West",14.383
"2019-05-03 12:00:00","Midlands",15.933
"2019-05-03 12:00:00","North East and Yorkshire",15.384
"2019-05-03 12:00:00","East of England",15.162
"2019-05-03 12:00:00","North West",15.596
"2019-05-04 12:00:00","London",16.96
"2019-05-04 12:00:00","South East",15.691
"2019-05-04 12:00:00","South West",16.076
"2019-05-04 12:00:00","Midlands",15.255
"2019-05-04 12:00:00","North East and Yorkshire",13.94
"2019-05-04 12:00:00","East of England",15.401
"2019-05-04 12:00:00","North West",14.304
"2019-05-05 12:00:00","London",18.311
"2019-05-05 12:00:00","South East",16.673
"2019-05-05 12:00:00","South West",16.737
"2019-05-05 12:00:00","Midlands",15.759
"2019-05-05 12:00:00","North East and Yorkshire",13.538
"2019-05-05 12:00:00","East of England",16.1
"2019-05-05 12:00:00","North West",14.385
"2019-05-06 12:00:00","London",14.534
"2019-05-06 12:00:00","South East",13.712
"2019-05-06 12:00:00","South West",14.223
"2019-05-06 12:00:00","Midlands",13.736
"2019-05-06 12:00:00","North East and Yorkshire",12.012
"2019-05-06 12:00:00","East of England",13.848
"2019-05-06 12:00:00","North West",12.217
"2019-05-07 12:00:00","London",16.661
"2019-05-07 12:00:00","South East",14.557
"2019-05-07 12:00:00","South West",14.264
"2019-05-07 12:00:00","Midlands",15.65
"2019-05-07 12:00:00","North East and Yorkshire",15.863
"2019-05-07 12:00:00","East of England",16.114
"2019-05-07 12:00:00","North West",14.225
"2019-05-08 12:00:00","London",17.974
"2019-05-08 12:00:00","South East",15.943
"2019-05-08 12:00:00","South West",15.11
"2019-05-08 12:00:00","Midlands",16.166
"2019-05-08 12:00:00","North East and Yorkshire",15.33
"2019-05-08 12:00:00","East of England",16.798
"2019-05-08 12:00:00","North West",13.873
"2019-05-09 12:00:00","London",14.324
"2019-05-09 12:00:00","South East",12.98
"2019-05-09 12:00:00","South West",12.955
"2019-05-09 12:00:00","Midlands",12.757
"2019-05-09 12:00:00","North East and Yorkshire",11.459
"2019-05-09 12:00:00","East of England",13.627
"2019-05-09 12:00:00","North West",10.891
"2019-05-10 12:00:00","London",13.064
"2019-05-10 12:00:00","South East",11.685
"2019-05-10 12:00:00","South West",11.282
"2019-05-10 12:00:00","Midlands",11.777
"2019-05-10 12:00:00","North East and Yorkshire",12.765
"2019-05-10 12:00:00","East of England",12.423
"2019-05-10 12:00:00","North West",11.436
"2019-05-11 12:00:00","London",14.979
"2019-05-11 12:00:00","South East",13.242
"2019-05-11 12:00:00","South West",13.097
"2019-05-11 12:00:00","Midlands",12.548
"2019-05-11 12:00:00","North East and Yorkshire",11.643
"2019-05-11 12:00:00","East of England",13.082
"2019-05-11 12:00:00","North West",11.194
"2019-05-12 12:00:00","London",13.742
"2019-05-12 12:00:00","South East",12.202
"2019-05-12 12:00:00","South West",11.594
"2019-05-12 12:00:00","Midlands",13.33
"2019-05-12 12:00:00","North East and Yorkshire",13.011
"2019-05-12 12:00:00","East of England",13.392
"2019-05-12 12:00:00","North West",11.476
"2019-05-13 12:00:00","London",14.084
"2019-05-13 12:00:00","South East",12.435
"2019-05-13 12:00:00","South West",12.203
"2019-05-13 12:00:00","Midlands",12.877
"2019-05-13 12:00:00","North East and Yorkshire",14.756
"2019-05-13 12:00:00","East of England",14.119
"2019-05-13 12:00:00","North West",12
"2019-05-14 12:00:00","London",15.913
"2019-05-14 12:00:00","South East",13.904
"2019-05-14 12:00:00","South West",13.687
"2019-05-14 12:00:00","Midlands",13.835
"2019-05-14 12:00:00","North East and Yorkshire",10.527
"2019-05-14 12:00:00","East of England",14.676
"2019-05-14 12:00:00","North West",11.714
"2019-05-15 12:00:00","London",15.387
"2019-05-15 12:00:00","South East",13.784
"2019-05-15 12:00:00","South West",13.403
"2019-05-15 12:00:00","Midlands",11.478
"2019-05-15 12:00:00","North East and Yorkshire",8.276
"2019-05-15 12:00:00","East of England",13.425
"2019-05-15 12:00:00","North West",8.8
"2019-05-16 12:00:00","London",15.235
"2019-05-16 12:00:00","South East",13.473
"2019-05-16 12:00:00","South West",12.712
"2019-05-16 12:00:00","Midlands",9.851
"2019-05-16 12:00:00","North East and Yorkshire",8.571
"2019-05-16 12:00:00","East of England",13.245
"2019-05-16 12:00:00","North West",8.373
"2019-05-17 12:00:00","London",16.351
"2019-05-17 12:00:00","South East",14.527
"2019-05-17 12:00:00","South West",14.456
"2019-05-17 12:00:00","Midlands",13.225
"2019-05-17 12:00:00","North East and Yorkshire",11.157
"2019-05-17 12:00:00","East of England",14.401
"2019-05-17 12:00:00","North West",11.272
"2019-05-18 12:00:00","London",15.647
"2019-05-18 12:00:00","South East",14.621
"2019-05-18 12:00:00","South West",15.463
"2019-05-18 12:00:00","Midlands",14.607
"2019-05-18 12:00:00","North East and Yorkshire",13.207
"2019-05-18 12:00:00","East of England",13.887
"2019-05-18 12:00:00","North West",12.727
"2019-05-19 12:00:00","London",17.474
"2019-05-19 12:00:00","South East",15.457
"2019-05-19 12:00:00","South West",16.067
"2019-05-19 12:00:00","Midlands",16.588
"2019-05-19 12:00:00","North East and Yorkshire",15.911
"2019-05-19 12:00:00","East of England",15.658
"2019-05-19 12:00:00","North West",14.741
"2019-05-20 12:00:00","London",17.245
"2019-05-20 12:00:00","South East",15.486
"2019-05-20 12:00:00","South West",16.047
"2019-05-20 12:00:00","Midlands",17.848
"2019-05-20 12:00:00","North East and Yorkshire",19.2
"2019-05-20 12:00:00","East of England",16.038
"2019-05-20 12:00:00","North West",17.33
"2019-05-21 12:00:00","London",16.654
"2019-05-21 12:00:00","South East",15.301
"2019-05-21 12:00:00","South West",15.666
"2019-05-21 12:00:00","Midlands",14.712
"2019-05-21 12:00:00","North East and Yorkshire",13.448
"2019-05-21 12:00:00","East of England",15.243
"2019-05-21 12:00:00","North West",13.102
"2019-05-22 12:00:00","London",17.082
"2019-05-22 12:00:00","South East",15.852
"2019-05-22 12:00:00","South West",16.114
"2019-05-22 12:00:00","Midlands",16.397
"2019-05-22 12:00:00","North East and Yorkshire",14.92
"2019-05-22 12:00:00","East of England",15.998
"2019-05-22 12:00:00","North West",13.712
"2019-05-23 12:00:00","London",16.994
"2019-05-23 12:00:00","South East",15.329
"2019-05-23 12:00:00","South West",14.318
"2019-05-23 12:00:00","Midlands",15.275
"2019-05-23 12:00:00","North East and Yorkshire",16.073
"2019-05-23 12:00:00","East of England",16.765
"2019-05-23 12:00:00","North West",13.698
"2019-05-24 12:00:00","London",19.42
"2019-05-24 12:00:00","South East",17.206
"2019-05-24 12:00:00","South West",16.618
"2019-05-24 12:00:00","Midlands",18.2
"2019-05-24 12:00:00","North East and Yorkshire",17.302
"2019-05-24 12:00:00","East of England",18.783
"2019-05-24 12:00:00","North West",16.042
"2019-05-25 12:00:00","London",18.141
"2019-05-25 12:00:00","South East",16.309
"2019-05-25 12:00:00","South West",16.032
"2019-05-25 12:00:00","Midlands",15.894
"2019-05-25 12:00:00","North East and Yorkshire",14.821
"2019-05-25 12:00:00","East of England",17.487
"2019-05-25 12:00:00","North West",13.238
"2019-05-26 12:00:00","London",21.112
"2019-05-26 12:00:00","South East",18.542
"2019-05-26 12:00:00","South West",17.84
"2019-05-26 12:00:00","Midlands",19.144
"2019-05-26 12:00:00","North East and Yorkshire",17.795
"2019-05-26 12:00:00","East of England",20.098
"2019-05-26 12:00:00","North West",16.205
"2019-05-27 12:00:00","London",22.486
"2019-05-27 12:00:00","South East",19.777
"2019-05-27 12:00:00","South West",19.213
"2019-05-27 12:00:00","Midlands",19.566
"2019-05-27 12:00:00","North East and Yorkshire",18.316
"2019-05-27 12:00:00","East of England",21.595
"2019-05-27 12:00:00","North West",16.635
"2019-05-28 12:00:00","London",16.661
"2019-05-28 12:00:00","South East",14.557
"2019-05-28 12:00:00","South West",14.264
"2019-05-28 12:00:00","Midlands",15.65
"2019-05-28 12:00:00","North East and Yorkshire",15.863
"2019-05-28 12:00:00","East of England",16.114
"2019-05-28 12:00:00","North West",14.225
"2019-05-29 12:00:00","London",17.974
"2019-05-29 12:00:00","South East",15.943
"2019-05-29 12:00:00","South West",15.11
"2019-05-29 12:00:00","Midlands",16.166
"2019-05-29 12:00:00","North East and Yorkshire",15.33
"2019-05-29 12:00:00","East of England",16.798
"2019-05-29 12:00:00","North West",13.873
"2019-05-30 12:00:00","London",14.324
"2019-05-30 12:00:00","South East",12.98
"2019-05-30 12:00:00","South West",12.955
"2019-05-30 12:00:00","Midlands",12.757
"2019-05-30 12:00:00","North East and Yorkshire",11.459
"2019-05-30 12:00:00","East of England",13.627
"2019-05-30 12:00:00","North West",10.891
"2019-05-31 12:00:00","London",13.064
"2019-05-31 12:00:00","South East",11.685
"2019-05-31 12:00:00","South West",11.282
"2019-05-31 12:00:00","Midlands",11.777
"2019-05-31 12:00:00","North East and Yorkshire",12.765
"2019-05-31 12:00:00","East of England",12.423
"2019-05-31 12:00:00","North West",11.436
"2019-06-01 12:00:00","London",14.979
"2019-06-01 12:00:00","South East",13.242
"2019-06-01 12:00:00","South West",13.097
"2019-06-01 12:00:00","Midlands",12.548
"2019-06-01 12:00:00","North East and Yorkshire",11.643
"2019-06-01 12:00:00","East of England",13.082
"2019-06-01 12:00:00","North West",11.194
"2019-06-02 12:00:00","London",13.742
"2019-06-02 12:00:00","South East",12.202
"2019-06-02 12:00:00","South West",11.594
"2019-06-02 12:00:00","Midlands",13.33
"2019-06-02 12:00:00","North East and Yorkshire",13.011
"2019-06-02 12:00:00","East of England",13.392
"2019-06-02 12:00:00","North West",11.476
"2019-06-03 12:00:00","London",14.084
"2019-06-03 12:00:00","South East",12.435
"2019-06-03 12:00:00","South West",12.203
"2019-06-03 12:00:00","Midlands",12.877
"2019-06-03 12:00:00","North East and Yorkshire",14.756
"2019-06-03 12:00:00","East of England",14.119
"2019-06-03 12:00:00","North West",12
"2019-06-04 12:00:00","London",20.154
"2019-06-04 12:00:00","South East",17.383
"2019-06-04 12:00:00","South West",17.322
"2019-06-04 12:00:00","Midlands",19.191
"2019-06-04 12:00:00","North East and Yorkshire",17.426
"2019-06-04 12:00:00","East of England",19.616
"2019-06-04 12:00:00","North West",15.607
"2019-06-05 12:00:00","London",15.913
"2019-06-05 12:00:00","South East",14.95
"2019-06-05 12:00:00","South West",15.238
"2019-06-05 12:00:00","Midlands",15.907
"2019-06-05 12:00:00","North East and Yorkshire",15.418
"2019-06-05 12:00:00","East of England",15.208
"2019-06-05 12:00:00","North West",13.785
"2019-06-06 12:00:00","London",18.412
"2019-06-06 12:00:00","South East",16.044
"2019-06-06 12:00:00","South West",15.145
"2019-06-06 12:00:00","Midlands",15.985
"2019-06-06 12:00:00","North East and Yorkshire",15.345
"2019-06-06 12:00:00","East of England",17.6
"2019-06-06 12:00:00","North West",13.904
"2019-06-07 12:00:00","London",20.667
"2019-06-07 12:00:00","South East",17.621
"2019-06-07 12:00:00","South West",16.758
"2019-06-07 12:00:00","Midlands",18.541
"2019-06-07 12:00:00","North East and Yorkshire",16.549
"2019-06-07 12:00:00","East of England",19.688
"2019-06-07 12:00:00","North West",15.376
"2019-06-08 12:00:00","London",22.75
"2019-06-08 12:00:00","South East",19.368
"2019-06-08 12:00:00","South West",18.08
"2019-06-08 12:00:00","Midlands",21.696
"2019-06-08 12:00:00","North East and Yorkshire",20.854
"2019-06-08 12:00:00","East of England",21.445
"2019-06-08 12:00:00","North West",18.686
"2019-06-09 12:00:00","London",18.392
"2019-06-09 12:00:00","South East",16.958
"2019-06-09 12:00:00","South West",17.11
"2019-06-09 12:00:00","Midlands",20.238
"2019-06-09 12:00:00","North East and Yorkshire",18.653
"2019-06-09 12:00:00","East of England",18.852
"2019-06-09 12:00:00","North West",19.068
"2019-06-10 12:00:00","London",21.996
"2019-06-10 12:00:00","South East",19.008
"2019-06-10 12:00:00","South West",17.729
"2019-06-10 12:00:00","Midlands",21.183
"2019-06-10 12:00:00","North East and Yorkshire",19.378
"2019-06-10 12:00:00","East of England",22.004
"2019-06-10 12:00:00","North West",18.722
"2019-06-11 12:00:00","London",18.211
"2019-06-11 12:00:00","South East",16.879
"2019-06-11 12:00:00","South West",17.389
"2019-06-11 12:00:00","Midlands",18.398
"2019-06-11 12:00:00","North East and Yorkshire",19.092
"2019-06-11 12:00:00","East of England",17.121
"2019-06-11 12:00:00","North West",16.271
"2019-06-12 12:00:00","London",21.308
"2019-06-12 12:00:00","South East",19.464
"2019-06-12 12:00:00","South West",19.747
"2019-06-12 12:00:00","Midlands",19.94
"2019-06-12 12:00:00","North East and Yorkshire",19.597
"2019-06-12 12:00:00","East of England",19.639
"2019-06-12 12:00:00","North West",16.047
"2019-06-13 12:00:00","London",17.994
"2019-06-13 12:00:00","South East",17.564
"2019-06-13 12:00:00","South West",19.437
"2019-06-13 12:00:00","Midlands",19.043
"2019-06-13 12:00:00","North East and Yorkshire",18.288
"2019-06-13 12:00:00","East of England",16.418
"2019-06-13 12:00:00","North West",17.129
"2019-06-14 12:00:00","London",19.386
"2019-06-14 12:00:00","South East",17.668
"2019-06-14 12:00:00","South West",19.046
"2019-06-14 12:00:00","Midlands",19.785
"2019-06-14 12:00:00","North East and Yorkshire",20.23
"2019-06-14 12:00:00","East of England",17.648
"2019-06-14 12:00:00","North West",18.817
"2019-06-15 12:00:00","London",20.859
"2019-06-15 12:00:00","South East",18.713
"2019-06-15 12:00:00","South West",19.726
"2019-06-15 12:00:00","Midlands",21.354
"2019-06-15 12:00:00","North East and Yorkshire",21.454
"2019-06-15 12:00:00","East of England",18.809
"2019-06-15 12:00:00","North West",19.546
"2019-06-16 12:00:00","London",21.904
"2019-06-16 12:00:00","South East",19.933
"2019-06-16 12:00:00","South West",20.948
"2019-06-16 12:00:00","Midlands",19.694
"2019-06-16 12:00:00","North East and Yorkshire",15.834
"2019-06-16 12:00:00","East of England",19.977
"2019-06-16 12:00:00","North West",16.963
"2019-06-17 12:00:00","London",17.653
"2019-06-17 12:00:00","South East",16.282
"2019-06-17 12:00:00","South West",17.442
"2019-06-17 12:00:00","Midlands",17.027
"2019-06-17 12:00:00","North East and Yorkshire",17.136
"2019-06-17 12:00:00","East of England",16.123
"2019-06-17 12:00:00","North West",17.257
"2019-06-18 12:00:00","London",19.509
"2019-06-18 12:00:00","South East",17.551
"2019-06-18 12:00:00","South West",17.75
"2019-06-18 12:00:00","Midlands",18.978
"2019-06-18 12:00:00","North East and Yorkshire",17.832
"2019-06-18 12:00:00","East of England",18.998
"2019-06-18 12:00:00","North West",17.08
"2019-06-19 12:00:00","London",20.684
"2019-06-19 12:00:00","South East",18.407
"2019-06-19 12:00:00","South West",18.803
"2019-06-19 12:00:00","Midlands",21.307
"2019-06-19 12:00:00","North East and Yorkshire",21.331
"2019-06-19 12:00:00","East of England",21.088
"2019-06-19 12:00:00","North West",18.444
"2019-06-20 12:00:00","London",21.403
"2019-06-20 12:00:00","South East",19.524
"2019-06-20 12:00:00","South West",20.415
"2019-06-20 12:00:00","Midlands",22.537
"2019-06-20 12:00:00","North East and Yorkshire",21.509
"2019-06-20 12:00:00","East of England",21.582
"2019-06-20 12:00:00","North West",19.181
"2019-06-21 12:00:00","London",23.863
"2019-06-21 12:00:00","South East",20.902
"2019-06-21 12:00:00","South West",18.629
"2019-06-21 12:00:00","Midlands",22.304
"2019-06-21 12:00:00","North East and Yorkshire",21.373
"2019-06-21 12:00:00","East of England",22.752
"2019-06-21 12:00:00","North West",19.104
"2019-06-22 12:00:00","London",19.045
"2019-06-22 12:00:00","South East",17.328
"2019-06-22 12:00:00","South West",17.984
"2019-06-22 12:00:00","Midlands",21.116
"2019-06-22 12:00:00","North East and Yorkshire",20.621
"2019-06-22 12:00:00","East of England",19.383
"2019-06-22 12:00:00","North West",19.495
"2019-06-23 12:00:00","London",21.327
"2019-06-23 12:00:00","South East",18.518
"2019-06-23 12:00:00","South West",16.46
"2019-06-23 12:00:00","Midlands",21.025
"2019-06-23 12:00:00","North East and Yorkshire",21.094
"2019-06-23 12:00:00","East of England",20.935
"2019-06-23 12:00:00","North West",19.289
"2019-06-24 12:00:00","London",21.735
"2019-06-24 12:00:00","South East",19.462
"2019-06-24 12:00:00","South West",19.703
"2019-06-24 12:00:00","Midlands",20.101
"2019-06-24 12:00:00","North East and Yorkshire",17.642
"2019-06-24 12:00:00","East of England",20.83
"2019-06-24 12:00:00","North West",16.796
"2019-06-25 12:00:00","London",16.654
"2019-06-25 12:00:00","South East",15.301
"2019-06-25 12:00:00","South West",15.666
"2019-06-25 12:00:00","Midlands",14.712
"2019-06-25 12:00:00","North East and Yorkshire",13.448
"2019-06-25 12:00:00","East of England",15.243
"2019-06-25 12:00:00","North West",13.102
"2019-06-26 12:00:00","London",17.082
"2019-06-26 12:00:00","South East",15.852
"2019-06-26 12:00:00","South West",16.114
"2019-06-26 12:00:00","Midlands",16.397
"2019-06-26 12:00:00","North East and Yorkshire",14.92
"2019-06-26 12:00:00","East of England",15.998
"2019-06-26 12:00:00","North West",13.712
"2019-06-27 12:00:00","London",16.994
"2019-06-27 12:00:00","South East",15.329
"2019-06-27 12:00:00","South West",14.318
"2019-06-27 12:00:00","Midlands",15.275
"2019-06-27 12:00:00","North East and Yorkshire",16.073
"2019-06-27 12:00:00","East of England",16.765
"2019-06-27 12:00:00","North West",13.698
"2019-06-28 12:00:00","London",19.42
"2019-06-28 12:00:00","South East",17.206
"2019-06-28 12:00:00","South West",16.618
"2019-06-28 12:00:00","Midlands",18.2
"2019-06-28 12:00:00","North East and Yorkshire",17.302
"2019-06-28 12:00:00","East of England",18.783
"2019-06-28 12:00:00","North West",16.042
"2019-06-29 12:00:00","London",18.141
"2019-06-29 12:00:00","South East",16.309
"2019-06-29 12:00:00","South West",16.032
"2019-06-29 12:00:00","Midlands",15.894
"2019-06-29 12:00:00","North East and Yorkshire",14.821
"2019-06-29 12:00:00","East of England",17.487
"2019-06-29 12:00:00","North West",13.238
"2019-06-30 12:00:00","London",21.112
"2019-06-30 12:00:00","South East",18.542
"2019-06-30 12:00:00","South West",17.84
"2019-06-30 12:00:00","Midlands",19.144
"2019-06-30 12:00:00","North East and Yorkshire",17.795
"2019-06-30 12:00:00","East of England",20.098
"2019-06-30 12:00:00","North West",16.205
"2019-07-01 12:00:00","London",22.486
"2019-07-01 12:00:00","South East",19.777
"2019-07-01 12:00:00","South West",19.213
"2019-07-01 12:00:00","Midlands",19.566
"2019-07-01 12:00:00","North East and Yorkshire",18.316
"2019-07-01 12:00:00","East of England",21.595
"2019-07-01 12:00:00","North West",16.635
"2019-07-02 12:00:00","London",18.869
"2019-07-02 12:00:00","South East",16.841
"2019-07-02 12:00:00","South West",15.603
"2019-07-02 12:00:00","Midlands",17.277
"2019-07-02 12:00:00","North East and Yorkshire",19.095
"2019-07-02 12:00:00","East of England",17.655
"2019-07-02 12:00:00","North West",17.164
"2019-07-03 12:00:00","London",21.177
"2019-07-03 12:00:00","South East",19.243
"2019-07-03 12:00:00","South West",18.425
"2019-07-03 12:00:00","Midlands",19.154
"2019-07-03 12:00:00","North East and Yorkshire",18.105
"2019-07-03 12:00:00","East of England",20.18
"2019-07-03 12:00:00","North West",16.586
"2019-07-04 12:00:00","London",22.501
"2019-07-04 12:00:00","South East",20.362
"2019-07-04 12:00:00","South West",19.663
"2019-07-04 12:00:00","Midlands",21.273
"2019-07-04 12:00:00","North East and Yorkshire",20.461
"2019-07-04 12:00:00","East of England",21.935
"2019-07-04 12:00:00","North West",18.438
"2019-07-05 12:00:00","London",29.413
"2019-07-05 12:00:00","South East",26.185
"2019-07-05 12:00:00","South West",24.207
"2019-07-05 12:00:00","Midlands",27.254
"2019-07-05 12:00:00","North East and Yorkshire",25.755
"2019-07-05 12:00:00","East of England",27.887
"2019-07-05 12:00:00","North West",23.751
"2019-07-06 12:00:00","London",26.23
"2019-07-06 12:00:00","South East",23.498
"2019-07-06 12:00:00","South West",20.851
"2019-07-06 12:00:00","Midlands",24.381
"2019-07-06 12:00:00","North East and Yorkshire",24.071
"2019-07-06 12:00:00","East of England",26.432
"2019-07-06 12:00:00","North West",22.203
"2019-07-07 12:00:00","London",23.492
"2019-07-07 12:00:00","South East",20.994
"2019-07-07 12:00:00","South West",21.014
"2019-07-07 12:00:00","Midlands",23.456
"2019-07-07 12:00:00","North East and Yorkshire",23.342
"2019-07-07 12:00:00","East of England",22.876
"2019-07-07 12:00:00","North West",21.214
"2019-07-08 12:00:00","London",24.451
"2019-07-08 12:00:00","South East",21.446
"2019-07-08 12:00:00","South West",19.171
"2019-07-08 12:00:00","Midlands",20.97
"2019-07-08 12:00:00","North East and Yorkshire",20.384
"2019-07-08 12:00:00","East of England",24.212
"2019-07-08 12:00:00","North West",17.385
"2019-07-09 12:00:00","London",25.203
"2019-07-09 12:00:00","South East",22.612
"2019-07-09 12:00:00","South West",21.85
"2019-07-09 12:00:00","Midlands",22.994
"2019-07-09 12:00:00","North East and Yorkshire",21.253
"2019-07-09 12:00:00","East of England",23.215
"2019-07-09 12:00:00","North West",20.061
"2019-07-10 12:00:00","London",28.268
"2019-07-10 12:00:00","South East",24.809
"2019-07-10 12:00:00","South West",22.36
"2019-07-10 12:00:00","Midlands",25.783
"2019-07-10 12:00:00","North East and Yorkshire",24.011
"2019-07-10 12:00:00","East of England",27.078
"2019-07-10 12:00:00","North West",20.957
"2019-07-11 12:00:00","London",21.417
"2019-07-11 12:00:00","South East",20.12
"2019-07-11 12:00:00","South West",19.622
"2019-07-11 12:00:00","Midlands",20.485
"2019-07-11 12:00:00","North East and Yorkshire",20.354
"2019-07-11 12:00:00","East of England",19.977
"2019-07-11 12:00:00","North West",18.45
"2019-07-12 12:00:00","London",15.012
"2019-07-12 12:00:00","South East",14.138
"2019-07-12 12:00:00","South West",15.511
"2019-07-12 12:00:00","Midlands",15.175
"2019-07-12 12:00:00","North East and Yorkshire",16.745
"2019-07-12 12:00:00","East of England",14.267
"2019-07-12 12:00:00","North West",16.784
"2019-07-13 12:00:00","London",16.189
"2019-07-13 12:00:00","South East",14.569
"2019-07-13 12:00:00","South West",15.248
"2019-07-13 12:00:00","Midlands",17.56
"2019-07-13 12:00:00","North East and Yorkshire",18.28
"2019-07-13 12:00:00","East of England",15.281
"2019-07-13 12:00:00","North West",18.172
"2019-07-14 12:00:00","London",18.373
"2019-07-14 12:00:00","South East",16.852
"2019-07-14 12:00:00","South West",16.123
"2019-07-14 12:00:00","Midlands",15.286
"2019-07-14 12:00:00","North East and Yorkshire",16.954
"2019-07-14 12:00:00","East of England",15.619
"2019-07-14 12:00:00","North West",16.337
"2019-07-15 12:00:00","London",14.131
"2019-07-15 12:00:00","South East",12.697
"2019-07-15 12:00:00","South West",14.164
"2019-07-15 12:00:00","Midlands",16.792
"2019-07-15 12:00:00","North East and Yorkshire",15.14
"2019-07-15 12:00:00","East of England",14.577
"2019-07-15 12:00:00","North West",14.888
"2019-07-16 12:00:00","London",19.265
"2019-07-16 12:00:00","South East",17.177
"2019-07-16 12:00:00","South West",17.339
"2019-07-16 12:00:00","Midlands",19.065
"2019-07-16 12:00:00","North East and Yorkshire",16.978
"2019-07-16 12:00:00","East of England",19.271
"2019-07-16 12:00:00","North West",15.807
"2019-07-17 12:00:00","London",21.519
"2019-07-17 12:00:00","South East",19.24
"2019-07-17 12:00:00","South West",18.413
"2019-07-17 12:00:00","Midlands",20.077
"2019-07-17 12:00:00","North East and Yorkshire",18.369
"2019-07-17 12:00:00","East of England",21.004
"2019-07-17 12:00:00","North West",17.535
"2019-07-18 12:00:00","London",21.096
"2019-07-18 12:00:00","South East",19.073
"2019-07-18 12:00:00","South West",18.328
"2019-07-18 12:00:00","Midlands",18.502
"2019-07-18 12:00:00","North East and Yorkshire",14.394
"2019-07-18 12:00:00","East of England",20.086
"2019-07-18 12:00:00","North West",15.532
"2019-07-19 12:00:00","London",21.148
"2019-07-19 12:00:00","South East",18.521
"2019-07-19 12:00:00","South West",17.392
"2019-07-19 12:00:00","Midlands",17.618
"2019-07-19 12:00:00","North East and Yorkshire",17.338
"2019-07-19 12:00:00","East of England",20.611
"2019-07-19 12:00:00","North West",14.935
"2019-07-20 12:00:00","London",20.395
"2019-07-20 12:00:00","South East",18.042
"2019-07-20 12:00:00","South West",17.493
"2019-07-20 12:00:00","Midlands",19.488
"2019-07-20 12:00:00","North East and Yorkshire",18.785
"2019-07-20 12:00:00","East of England",20.368
"2019-07-20 12:00:00","North West",15.992
"2019-07-21 12:00:00","London",21.806
"2019-07-21 12:00:00","South East",19.309
"2019-07-21 12:00:00","South West",17.472
"2019-07-21 12:00:00","Midlands",18.674
"2019-07-21 12:00:00","North East and Yorkshire",17.29
"2019-07-21 12:00:00","East of England",21.286
"2019-07-21 12:00:00","North West",15.146
"2019-07-22 12:00:00","London",20.36
"2019-07-22 12:00:00","South East",18.797
"2019-07-22 12:00:00","South West",18.239
"2019-07-22 12:00:00","Midlands",18.875
"2019-07-22 12:00:00","North East and Yorkshire",18.169
"2019-07-22 12:00:00","East of England",19.649
"2019-07-22 12:00:00","North West",15.785
"2019-07-23 12:00:00","London",23.284
"2019-07-23 12:00:00","South East",20.784
"2019-07-23 12:00:00","South West",19.553
"2019-07-23 12:00:00","Midlands",18.123
"2019-07-23 12:00:00","North East and Yorkshire",17.498
"2019-07-23 12:00:00","East of England",22.067
"2019-07-23 12:00:00","North West",15.265
"2019-07-24 12:00:00","London",23.862
"2019-07-24 12:00:00","South East",21.661
"2019-07-24 12:00:00","South West",21.126
"2019-07-24 12:00:00","Midlands",21.207
"2019-07-24 12:00:00","North East and Yorkshire",18.976
"2019-07-24 12:00:00","East of England",22.069
"2019-07-24 12:00:00","North West",17.972
"2019-07-25 12:00:00","London",23.47
"2019-07-25 12:00:00","South East",20.958
"2019-07-25 12:00:00","South West",19.789
"2019-07-25 12:00:00","Midlands",19.716
"2019-07-25 12:00:00","North East and Yorkshire",19.268
"2019-07-25 12:00:00","East of England",21.572
"2019-07-25 12:00:00","North West",17.185
"2019-07-26 12:00:00","London",21.421
"2019-07-26 12:00:00","South East",19.422
"2019-07-26 12:00:00","South West",18.74
"2019-07-26 12:00:00","Midlands",19.086
"2019-07-26 12:00:00","North East and Yorkshire",18.004
"2019-07-26 12:00:00","East of England",19.989
"2019-07-26 12:00:00","North West",16.472
"2019-07-27 12:00:00","London",19.149
"2019-07-27 12:00:00","South East",17.546
"2019-07-27 12:00:00","South West",17.067
"2019-07-27 12:00:00","Midlands",18.465
"2019-07-27 12:00:00","North East and Yorkshire",16.964
"2019-07-27 12:00:00","East of England",18.838
"2019-07-27 12:00:00","North West",16.107
"2019-07-28 12:00:00","London",23.928
"2019-07-28 12:00:00","South East",21.081
"2019-07-28 12:00:00","South West",20.224
"2019-07-28 12:00:00","Midlands",22.247
"2019-07-28 12:00:00","North East and Yorkshire",16.676
"2019-07-28 12:00:00","East of England",23.667
"2019-07-28 12:00:00","North West",16.267
"2019-07-29 12:00:00","London",18.172
"2019-07-29 12:00:00","South East",17.235
"2019-07-29 12:00:00","South West",16.964
"2019-07-29 12:00:00","Midlands",18.547
"2019-07-29 12:00:00","North East and Yorkshire",17.316
"2019-07-29 12:00:00","East of England",18.123
"2019-07-29 12:00:00","North West",16.478
"2019-07-30 12:00:00","London",22.22
"2019-07-30 12:00:00","South East",20.271
"2019-07-30 12:00:00","South West",20.552
"2019-07-30 12:00:00","Midlands",20.419
"2019-07-30 12:00:00","North East and Yorkshire",18.714
"2019-07-30 12:00:00","East of England",20.984
"2019-07-30 12:00:00","North West",17.038
"2019-07-31 12:00:00","London",22.154
"2019-07-31 12:00:00","South East",20.651
"2019-07-31 12:00:00","South West",19.782
"2019-07-31 12:00:00","Midlands",22.162
"2019-07-31 12:00:00","North East and Yorkshire",21.393
"2019-07-31 12:00:00","East of England",22.09
"2019-07-31 12:00:00","North West",18.979
"2019-08-01 12:00:00","London",23.914
"2019-08-01 12:00:00","South East",22.199
"2019-08-01 12:00:00","South West",21.527
"2019-08-01 12:00:00","Midlands",21.197
"2019-08-01 12:00:00","North East and Yorkshire",19.046
"2019-08-01 12:00:00","East of England",22.388
"2019-08-01 12:00:00","North West",17.26
"2019-08-02 12:00:00","London",27.239
"2019-08-02 12:00:00","South East",24.537
"2019-08-02 12:00:00","South West",23.994
"2019-08-02 12:00:00","Midlands",23.827
"2019-08-02 12:00:00","North East and Yorkshire",20.506
"2019-08-02 12:00:00","East of England",25.042
"2019-08-02 12:00:00","North West",19.702
"2019-08-03 12:00:00","London",26.475
"2019-08-03 12:00:00","South East",23.319
"2019-08-03 12:00:00","South West",22.071
"2019-08-03 12:00:00","Midlands",22.158
"2019-08-03 12:00:00","North East and Yorkshire",21.154
"2019-08-03 12:00:00","East of England",25.669
"2019-08-03 12:00:00","North West",18.238
"2019-08-04 12:00:00","London",26.67
"2019-08-04 12:00:00","South East",23.627
"2019-08-04 12:00:00","South West",22.735
"2019-08-04 12:00:00","Midlands",23.732
"2019-08-04 12:00:00","North East and Yorkshire",20.361
"2019-08-04 12:00:00","East of England",25.349
"2019-08-04 12:00:00","North West",19.178
"2019-08-05 12:00:00","London",27.163
"2019-08-05 12:00:00","South East",24.247
"2019-08-05 12:00:00","South West",23.715
"2019-08-05 12:00:00","Midlands",24.95
"2019-08-05 12:00:00","North East and Yorkshire",22.331
"2019-08-05 12:00:00","East of England",25.511
"2019-08-05 12:00:00","North West",20.522
"2019-08-06 12:00:00","London",26.134
"2019-08-06 12:00:00","South East",23.56
"2019-08-06 12:00:00","South West",23.396
"2019-08-06 12:00:00","Midlands",24.851
"2019-08-06 12:00:00","North East and Yorkshire",24.415
"2019-08-06 12:00:00","East of England",26.822
"2019-08-06 12:00:00","North West",21.321
"2019-08-07 12:00:00","London",29.176
"2019-08-07 12:00:00","South East",25.662
"2019-08-07 12:00:00","South West",21.774
"2019-08-07 12:00:00","Midlands",23.907
"2019-08-07 12:00:00","North East and Yorkshire",23.022
"2019-08-07 12:00:00","East of England",28.499
"2019-08-07 12:00:00","North West",19.53
"2019-08-08 12:00:00","London",22.046
"2019-08-08 12:00:00","South East",20.103
"2019-08-08 12:00:00","South West",20.481
"2019-08-08 12:00:00","Midlands",19.241
"2019-08-08 12:00:00","North East and Yorkshire",19.411
"2019-08-08 12:00:00","East of England",19.855
"2019-08-08 12:00:00","North West",18.591
"2019-08-09 12:00:00","London",24.874
"2019-08-09 12:00:00","South East",22.295
"2019-08-09 12:00:00","South West",21.077
"2019-08-09 12:00:00","Midlands",22.563
"2019-08-09 12:00:00","North East and Yorkshire",21.133
"2019-08-09 12:00:00","East of England",23.394
"2019-08-09 12:00:00","North West",19.751
"2019-08-10 12:00:00","London",24.945
"2019-08-10 12:00:00","South East",22.927
"2019-08-10 12:00:00","South West",23.204
"2019-08-10 12:00:00","Midlands",23.8
"2019-08-10 12:00:00","North East and Yorkshire",22.324
"2019-08-10 12:00:00","East of England",23.427
"2019-08-10 12:00:00","North West",20.275
"2019-08-11 12:00:00","London",23.948
"2019-08-11 12:00:00","South East",22.095
"2019-08-11 12:00:00","South West",22.036
"2019-08-11 12:00:00","Midlands",23.132
"2019-08-11 12:00:00","North East and Yorkshire",22.644
"2019-08-11 12:00:00","East of England",23.025
"2019-08-11 12:00:00","North West",21.53
"2019-08-12 12:00:00","London",22.004
"2019-08-12 12:00:00","South East",21.277
"2019-08-12 12:00:00","South West",22.183
"2019-08-12 12:00:00","Midlands",20.133
"2019-08-12 12:00:00","North East and Yorkshire",17.981
"2019-08-12 12:00:00","East of England",21.257
"2019-08-12 12:00:00","North West",18.01
"2019-08-13 12:00:00","London",31.261
"2019-08-13 12:00:00","South East",28.267
"2019-08-13 12:00:00","South West",26.455
"2019-08-13 12:00:00","Midlands",26.891
"2019-08-13 12:00:00","North East and Yorkshire",24.076
"2019-08-13 12:00:00","East of England",28.904
"2019-08-13 12:00:00","North West",21.201
"2019-08-14 12:00:00","London",28.768
"2019-08-14 12:00:00","South East",26.595
"2019-08-14 12:00:00","South West",27.254
"2019-08-14 12:00:00","Midlands",27.999
"2019-08-14 12:00:00","North East and Yorkshire",24.514
"2019-08-14 12:00:00","East of England",26.854
"2019-08-14 12:00:00","North West",24.332
"2019-08-15 12:00:00","London",29.058
"2019-08-15 12:00:00","South East",26.21
"2019-08-15 12:00:00","South West",24.809
"2019-08-15 12:00:00","Midlands",25.989
"2019-08-15 12:00:00","North East and Yorkshire",23.828
"2019-08-15 12:00:00","East of England",26.872
"2019-08-15 12:00:00","North West",21.847
"2019-08-16 12:00:00","London",27.56
"2019-08-16 12:00:00","South East",24.221
"2019-08-16 12:00:00","South West",22.142
"2019-08-16 12:00:00","Midlands",25.123
"2019-08-16 12:00:00","North East and Yorkshire",24.58
"2019-08-16 12:00:00","East of England",26.92
"2019-08-16 12:00:00","North West",21.352
"2019-08-17 12:00:00","London",25.107
"2019-08-17 12:00:00","South East",21.866
"2019-08-17 12:00:00","South West",19.955
"2019-08-17 12:00:00","Midlands",21.396
"2019-08-17 12:00:00","North East and Yorkshire",20.135
"2019-08-17 12:00:00","East of England",23.841
"2019-08-17 12:00:00","North West",17.908
"2019-08-18 12:00:00","London",23.284
"2019-08-18 12:00:00","South East",20.978
"2019-08-18 12:00:00","South West",20.437
"2019-08-18 12:00:00","Midlands",20.439
"2019-08-18 12:00:00","North East and Yorkshire",19.84
"2019-08-18 12:00:00","East of England",21.874
"2019-08-18 12:00:00","North West",18.136
"2019-08-19 12:00:00","London",25.612
"2019-08-19 12:00:00","South East",22.559
"2019-08-19 12:00:00","South West",21.008
"2019-08-19 12:00:00","Midlands",23.691
"2019-08-19 12:00:00","North East and Yorkshire",24.436
"2019-08-19 12:00:00","East of England",25.213
"2019-08-19 12:00:00","North West",21.735
"2019-08-20 12:00:00","London",22.22
"2019-08-20 12:00:00","South East",20.271
"2019-08-20 12:00:00","South West",20.552
"2019-08-20 12:00:00","Midlands",20.419
"2019-08-20 12:00:00","North East and Yorkshire",18.714
"2019-08-20 12:00:00","East of England",20.984
"2019-08-20 12:00:00","North West",17.038
"2019-08-21 12:00:00","London",22.154
"2019-08-21 12:00:00","South East",20.651
"2019-08-21 12:00:00","South West",19.782
"2019-08-21 12:00:00","Midlands",22.162
"2019-08-21 12:00:00","North East and Yorkshire",21.393
"2019-08-21 12:00:00","East of England",22.09
"2019-08-21 12:00:00","North West",18.979
"2019-08-22 12:00:00","London",23.914
"2019-08-22 12:00:00","South East",22.199
"2019-08-22 12:00:00","South West",21.527
"2019-08-22 12:00:00","Midlands",21.197
"2019-08-22 12:00:00","North East and Yorkshire",19.046
"2019-08-22 12:00:00","East of England",22.388
"2019-08-22 12:00:00","North West",17.26
"2019-08-23 12:00:00","London",27.239
"2019-08-23 12:00:00","South East",24.537
"2019-08-23 12:00:00","South West",23.994
"2019-08-23 12:00:00","Midlands",23.827
"2019-08-23 12:00:00","North East and Yorkshire",20.506
"2019-08-23 12:00:00","East of England",25.042
"2019-08-23 12:00:00","North West",19.702
"2019-08-24 12:00:00","London",26.475
"2019-08-24 12:00:00","South East",23.319
"2019-08-24 12:00:00","South West",22.071
"2019-08-24 12:00:00","Midlands",22.158
"2019-08-24 12:00:00","North East and Yorkshire",21.154
"2019-08-24 12:00:00","East of England",25.669
"2019-08-24 12:00:00","North West",18.238
"2019-08-25 12:00:00","London",26.67
"2019-08-25 12:00:00","South East",23.627
"2019-08-25 12:00:00","South West",22.735
"2019-08-25 12:00:00","Midlands",23.732
"2019-08-25 12:00:00","North East and Yorkshire",20.361
"2019-08-25 12:00:00","East of England",25.349
"2019-08-25 12:00:00","North West",19.178
"2019-08-26 12:00:00","London",27.163
"2019-08-26 12:00:00","South East",24.247
"2019-08-26 12:00:00","South West",23.715
"2019-08-26 12:00:00","Midlands",24.95
"2019-08-26 12:00:00","North East and Yorkshire",22.331
"2019-08-26 12:00:00","East of England",25.511
"2019-08-26 12:00:00","North West",20.522
"2019-08-27 12:00:00","London",23.603
"2019-08-27 12:00:00","South East",20.989
"2019-08-27 12:00:00","South West",20.305
"2019-08-27 12:00:00","Midlands",22.288
"2019-08-27 12:00:00","North East and Yorkshire",21.642
"2019-08-27 12:00:00","East of England",23.568
"2019-08-27 12:00:00","North West",19.615
"2019-08-28 12:00:00","London",23.147
"2019-08-28 12:00:00","South East",20.801
"2019-08-28 12:00:00","South West",20.254
"2019-08-28 12:00:00","Midlands",21.536
"2019-08-28 12:00:00","North East and Yorkshire",20.027
"2019-08-28 12:00:00","East of England",23.021
"2019-08-28 12:00:00","North West",17.741
"2019-08-29 12:00:00","London",23.94
"2019-08-29 12:00:00","South East",21.257
"2019-08-29 12:00:00","South West",20.33
"2019-08-29 12:00:00","Midlands",24.001
"2019-08-29 12:00:00","North East and Yorkshire",22.228
"2019-08-29 12:00:00","East of England",24.638
"2019-08-29 12:00:00","North West",20.657
"2019-08-30 12:00:00","London",24.962
"2019-08-30 12:00:00","South East",21.975
"2019-08-30 12:00:00","South West",19.695
"2019-08-30 12:00:00","Midlands",23.152
"2019-08-30 12:00:00","North East and Yorkshire",23.32
"2019-08-30 12:00:00","East of England",25.446
"2019-08-30 12:00:00","North West",20.864
"2019-08-31 12:00:00","London",21.78
"2019-08-31 12:00:00","South East",19.32
"2019-08-31 12:00:00","South West",18.941
"2019-08-31 12:00:00","Midlands",20.5
"2019-08-31 12:00:00","North East and Yorkshire",20.161
"2019-08-31 12:00:00","East of England",21.713
"2019-08-31 12:00:00","North West",17.397
"2019-09-01 12:00:00","London",22.38
"2019-09-01 12:00:00","South East",19.662
"2019-09-01 12:00:00","South West",19.33
"2019-09-01 12:00:00","Midlands",19.888
"2019-09-01 12:00:00","North East and Yorkshire",17.446
"2019-09-01 12:00:00","East of England",22.14
"2019-09-01 12:00:00","North West",15.599
"2019-09-02 12:00:00","London",18.776
"2019-09-02 12:00:00","South East",17.437
"2019-09-02 12:00:00","South West",18.175
"2019-09-02 12:00:00","Midlands",18.386
"2019-09-02 12:00:00","North East and Yorkshire",17.218
"2019-09-02 12:00:00","East of England",18.689
"2019-09-02 12:00:00","North West",15.768
"2019-09-03 12:00:00","London",20.019
"2019-09-03 12:00:00","South East",18.612
"2019-09-03 12:00:00","South West",17.915
"2019-09-03 12:00:00","Midlands",16.171
"2019-09-03 12:00:00","North East and Yorkshire",15.258
"2019-09-03 12:00:00","East of England",18.089
"2019-09-03 12:00:00","North West",15.93
"2019-09-04 12:00:00","London",20.678
"2019-09-04 12:00:00","South East",19.34
"2019-09-04 12:00:00","South West",20.042
"2019-09-04 12:00:00","Midlands",20.203
"2019-09-04 12:00:00","North East and Yorkshire",19.755
"2019-09-04 12:00:00","East of England",19.655
"2019-09-04 12:00:00","North West",18.537
"2019-09-05 12:00:00","London",23.237
"2019-09-05 12:00:00","South East",20.781
"2019-09-05 12:00:00","South West",20.112
"2019-09-05 12:00:00","Midlands",21.708
"2019-09-05 12:00:00","North East and Yorkshire",20.74
"2019-09-05 12:00:00","East of England",22.544
"2019-09-05 12:00:00","North West",18.743
"2019-09-06 12:00:00","London",21.731
"2019-09-06 12:00:00","South East",19.623
"2019-09-06 12:00:00","South West",19.248
"2019-09-06 12:00:00","Midlands",20.69
"2019-09-06 12:00:00","North East and Yorkshire",20.23
"2019-09-06 12:00:00","East of England",21.138
"2019-09-06 12:00:00","North West",18.733
"2019-09-07 12:00:00","London",24.235
"2019-09-07 12:00:00","South East",21.767
"2019-09-07 12:00:00","South West",20.62
"2019-09-07 12:00:00","Midlands",22.86
"2019-09-07 12:00:00","North East and Yorkshire",21.106
"2019-09-07 12:00:00","East of England",23.591
"2019-09-07 12:00:00","North West",19.366
"2019-09-08 12:00:00","London",19.995
"2019-09-08 12:00:00","South East",18.387
"2019-09-08 12:00:00","South West",18.462
"2019-09-08 12:00:00","Midlands",19.932
"2019-09-08 12:00:00","North East and Yorkshire",19.426
"2019-09-08 12:00:00","East of England",20.295
"2019-09-08 12:00:00","North West",16.684
"2019-09-09 12:00:00","London",19.61
"2019-09-09 12:00:00","South East",18.65
"2019-09-09 12:00:00","South West",19.415
"2019-09-09 12:00:00","Midlands",20.546
"2019-09-09 12:00:00","North East and Yorkshire",19.912
"2019-09-09 12:00:00","East of England",18.943
"2019-09-09 12:00:00","North West",17.87
"2019-09-10 12:00:00","London",20.003
"2019-09-10 12:00:00","South East",17.827
"2019-09-10 12:00:00","South West",17.309
"2019-09-10 12:00:00","Midlands",15.806
"2019-09-10 12:00:00","North East and Yorkshire",10.739
"2019-09-10 12:00:00","East of England",18.595
"2019-09-10 12:00:00","North West",11.888
"2019-09-11 12:00:00","London",14.197
"2019-09-11 12:00:00","South East",13.097
"2019-09-11 12:00:00","South West",14.124
"2019-09-11 12:00:00","Midlands",13.145
"2019-09-11 12:00:00","North East and Yorkshire",12.694
"2019-09-11 12:00:00","East of England",13.133
"2019-09-11 12:00:00","North West",11.89
"2019-09-12 12:00:00","London",14.465
"2019-09-12 12:00:00","South East",13.811
"2019-09-12 12:00:00","South West",14.17
"2019-09-12 12:00:00","Midlands",12.773
"2019-09-12 12:00:00","North East and Yorkshire",11.536
"2019-09-12 12:00:00","East of England",13.454
"2019-09-12 12:00:00","North West",11.582
"2019-09-13 12:00:00","London",15.754
"2019-09-13 12:00:00","South East",14.485
"2019-09-13 12:00:00","South West",15.166
"2019-09-13 12:00:00","Midlands",15.742
"2019-09-13 12:00:00","North East and Yorkshire",13.877
"2019-09-13 12:00:00","East of England",15.837
"2019-09-13 12:00:00","North West",13.984
"2019-09-14 12:00:00","London",15.795
"2019-09-14 12:00:00","South East",14.472
"2019-09-14 12:00:00","South West",15.699
"2019-09-14 12:00:00","Midlands",15.237
"2019-09-14 12:00:00","North East and Yorkshire",14.238
"2019-09-14 12:00:00","East of England",15.703
"2019-09-14 12:00:00","North West",13.553
"2019-09-15 12:00:00","London",17.366
"2019-09-15 12:00:00","South East",15.969
"2019-09-15 12:00:00","South West",15.649
"2019-09-15 12:00:00","Midlands",15.689
"2019-09-15 12:00:00","North East and Yorkshire",13.428
"2019-09-15 12:00:00","East of England",15.317
"2019-09-15 12:00:00","North West",13.618
"2019-09-16 12:00:00","London",15.675
"2019-09-16 12:00:00","South East",14.373
"2019-09-16 12:00:00","South West",14.878
"2019-09-16 12:00:00","Midlands",13.957
"2019-09-16 12:00:00","North East and Yorkshire",12.987
"2019-09-16 12:00:00","East of England",14.436
"2019-09-16 12:00:00","North West",12.749
"2019-09-17 12:00:00","London",23.135
"2019-09-17 12:00:00","South East",20.863
"2019-09-17 12:00:00","South West",19.799
"2019-09-17 12:00:00","Midlands",17.173
"2019-09-17 12:00:00","North East and Yorkshire",15.172
"2019-09-17 12:00:00","East of England",21.704
"2019-09-17 12:00:00","North West",14.644
"2019-09-18 12:00:00","London",20.633
"2019-09-18 12:00:00","South East",18.608
"2019-09-18 12:00:00","South West",18.84
"2019-09-18 12:00:00","Midlands",19.343
"2019-09-18 12:00:00","North East and Yorkshire",17.654
"2019-09-18 12:00:00","East of England",19.84
"2019-09-18 12:00:00","North West",16.787
"2019-09-19 12:00:00","London",24.087
"2019-09-19 12:00:00","South East",21.186
"2019-09-19 12:00:00","South West",19.48
"2019-09-19 12:00:00","Midlands",18.137
"2019-09-19 12:00:00","North East and Yorkshire",19.546
"2019-09-19 12:00:00","East of England",22.439
"2019-09-19 12:00:00","North West",17.5
"2019-09-20 12:00:00","London",26.102
"2019-09-20 12:00:00","South East",22.852
"2019-09-20 12:00:00","South West",21.434
"2019-09-20 12:00:00","Midlands",22.518
"2019-09-20 12:00:00","North East and Yorkshire",18.477
"2019-09-20 12:00:00","East of England",24.636
"2019-09-20 12:00:00","North West",18.487
"2019-09-21 12:00:00","London",27.131
"2019-09-21 12:00:00","South East",23.606
"2019-09-21 12:00:00","South West",18.235
"2019-09-21 12:00:00","Midlands",19.596
"2019-09-21 12:00:00","North East and Yorkshire",16.154
"2019-09-21 12:00:00","East of England",24.382
"2019-09-21 12:00:00","North West",15.859
"2019-09-22 12:00:00","London",21.508
"2019-09-22 12:00:00","South East",19.472
"2019-09-22 12:00:00","South West",17.863
"2019-09-22 12:00:00","Midlands",19.806
"2019-09-22 12:00:00","North East and Yorkshire",18.728
"2019-09-22 12:00:00","East of England",20.287
"2019-09-22 12:00:00","North West",17.53
"2019-09-23 12:00:00","London",20.124
"2019-09-23 12:00:00","South East",18.181
"2019-09-23 12:00:00","South West",17.215
"2019-09-23 12:00:00","Midlands",18.285
"2019-09-23 12:00:00","North East and Yorkshire",17.738
"2019-09-23 12:00:00","East of England",20.175
"2019-09-23 12:00:00","North West",15.116
"2019-09-24 12:00:00","London",20.572
"2019-09-24 12:00:00","South East",18.627
"2019-09-24 12:00:00","South West",18.774
"2019-09-24 12:00:00","Midlands",19.839
"2019-09-24 12:00:00","North East and Yorkshire",19.375
"2019-09-24 12:00:00","East of England",19.306
"2019-09-24 12:00:00","North West",17.857
"2019-09-25 12:00:00","London",20.626
"2019-09-25 12:00:00","South East",18.359
"2019-09-25 12:00:00","South West",17.78
"2019-09-25 12:00:00","Midlands",18.575
"2019-09-25 12:00:00","North East and Yorkshire",18.575
"2019-09-25 12:00:00","East of England",20.355
"2019-09-25 12:00:00","North West",16.006
"2019-09-26 12:00:00","London",21.92
"2019-09-26 12:00:00","South East",19.355
"2019-09-26 12:00:00","South West",18.203
"2019-09-26 12:00:00","Midlands",20.427
"2019-09-26 12:00:00","North East and Yorkshire",19.305
"2019-09-26 12:00:00","East of England",21.335
"2019-09-26 12:00:00","North West",17.08
"2019-09-27 12:00:00","London",19.699
"2019-09-27 12:00:00","South East",17.998
"2019-09-27 12:00:00","South West",17.421
"2019-09-27 12:00:00","Midlands",16.905
"2019-09-27 12:00:00","North East and Yorkshire",16.933
"2019-09-27 12:00:00","East of England",18.892
"2019-09-27 12:00:00","North West",15.178
"2019-09-28 12:00:00","London",19.163
"2019-09-28 12:00:00","South East",17.65
"2019-09-28 12:00:00","South West",17.346
"2019-09-28 12:00:00","Midlands",17.658
"2019-09-28 12:00:00","North East and Yorkshire",16.417
"2019-09-28 12:00:00","East of England",18.364
"2019-09-28 12:00:00","North West",14.859
"2019-09-29 12:00:00","London",19.798
"2019-09-29 12:00:00","South East",18.274
"2019-09-29 12:00:00","South West",17.922
"2019-09-29 12:00:00","Midlands",19.075
"2019-09-29 12:00:00","North East and Yorkshire",17.175
"2019-09-29 12:00:00","East of England",19.342
"2019-09-29 12:00:00","North West",16.452
"2019-09-30 12:00:00","London",20.769
"2019-09-30 12:00:00","South East",18.685
"2019-09-30 12:00:00","South West",17.57
"2019-09-30 12:00:00","Midlands",18.746
"2019-09-30 12:00:00","North East and Yorkshire",18.005
"2019-09-30 12:00:00","East of England",19.296
"2019-09-30 12:00:00","North West",15.723
"2019-10-01 12:00:00","London",19.389
"2019-10-01 12:00:00","South East",17.986
"2019-10-01 12:00:00","South West",18.733
"2019-10-01 12:00:00","Midlands",19.04
"2019-10-01 12:00:00","North East and Yorkshire",17.698
"2019-10-01 12:00:00","East of England",18.466
"2019-10-01 12:00:00","North West",16.541
"2019-10-02 12:00:00","London",20.891
"2019-10-02 12:00:00","South East",18.896
"2019-10-02 12:00:00","South West",19.293
"2019-10-02 12:00:00","Midlands",19.502
"2019-10-02 12:00:00","North East and Yorkshire",18.462
"2019-10-02 12:00:00","East of England",19.516
"2019-10-02 12:00:00","North West",16.658
"2019-10-03 12:00:00","London",20.261
"2019-10-03 12:00:00","South East",18.505
"2019-10-03 12:00:00","South West",18.548
"2019-10-03 12:00:00","Midlands",18.842
"2019-10-03 12:00:00","North East and Yorkshire",17.312
"2019-10-03 12:00:00","East of England",20.023
"2019-10-03 12:00:00","North West",14.821
"2019-10-04 12:00:00","London",18.725
"2019-10-04 12:00:00","South East",16.924
"2019-10-04 12:00:00","South West",18.265
"2019-10-04 12:00:00","Midlands",18.953
"2019-10-04 12:00:00","North East and Yorkshire",18.102
"2019-10-04 12:00:00","East of England",18.074
"2019-10-04 12:00:00","North West",16.207
"2019-10-05 12:00:00","London",18.685
"2019-10-05 12:00:00","South East",16.734
"2019-10-05 12:00:00","South West",16.869
"2019-10-05 12:00:00","Midlands",16.895
"2019-10-05 12:00:00","North East and Yorkshire",15.359
"2019-10-05 12:00:00","East of England",17.935
"2019-10-05 12:00:00","North West",14.682
"2019-10-06 12:00:00","London",16.627
"2019-10-06 12:00:00","South East",15.385
"2019-10-06 12:00:00","South West",15.663
"2019-10-06 12:00:00","Midlands",15.196
"2019-10-06 12:00:00","North East and Yorkshire",14.557
"2019-10-06 12:00:00","East of England",16.026
"2019-10-06 12:00:00","North West",13.239
"2019-10-07 12:00:00","London",15.75
"2019-10-07 12:00:00","South East",14.726
"2019-10-07 12:00:00","South West",15.254
"2019-10-07 12:00:00","Midlands",14.714
"2019-10-07 12:00:00","North East and Yorkshire",14.02
"2019-10-07 12:00:00","East of England",14.858
"2019-10-07 12:00:00","North West",13.354
"2019-10-08 12:00:00","London",18.333
"2019-10-08 12:00:00","South East",16.517
"2019-10-08 12:00:00","South West",15.314
"2019-10-08 12:00:00","Midlands",16.636
"2019-10-08 12:00:00","North East and Yorkshire",15.345
"2019-10-08 12:00:00","East of England",17.979
"2019-10-08 12:00:00","North West",12.981
"2019-10-09 12:00:00","London",16.031
"2019-10-09 12:00:00","South East",14.587
"2019-10-09 12:00:00","South West",14.519
"2019-10-09 12:00:00","Midlands",14.461
"2019-10-09 12:00:00","North East and Yorkshire",14.086
"2019-10-09 12:00:00","East of England",15
"2019-10-09 12:00:00","North West",12.619
"2019-10-10 12:00:00","London",16.426
"2019-10-10 12:00:00","South East",15.09
"2019-10-10 12:00:00","South West",15.265
"2019-10-10 12:00:00","Midlands",16.132
"2019-10-10 12:00:00","North East and Yorkshire",15.519
"2019-10-10 12:00:00","East of England",15.954
"2019-10-10 12:00:00","North West",14.616
"2019-10-11 12:00:00","London",17.884
"2019-10-11 12:00:00","South East",16.286
"2019-10-11 12:00:00","South West",15.472
"2019-10-11 12:00:00","Midlands",15.657
"2019-10-11 12:00:00","North East and Yorkshire",14.499
"2019-10-11 12:00:00","East of England",17.525
"2019-10-11 12:00:00","North West",13.296
"2019-10-12 12:00:00","London",16.417
"2019-10-12 12:00:00","South East",14.877
"2019-10-12 12:00:00","South West",13.525
"2019-10-12 12:00:00","Midlands",12.753
"2019-10-12 12:00:00","North East and Yorkshire",11.658
"2019-10-12 12:00:00","East of England",15.159
"2019-10-12 12:00:00","North West",11.002
"2019-10-13 12:00:00","London",17.461
"2019-10-13 12:00:00","South East",15.432
"2019-10-13 12:00:00","South West",14.57
"2019-10-13 12:00:00","Midlands",15.473
"2019-10-13 12:00:00","North East and Yorkshire",14.815
"2019-10-13 12:00:00","East of England",16.452
"2019-10-13 12:00:00","North West",13.712
"2019-10-14 12:00:00","London",17.279
"2019-10-14 12:00:00","South East",15.524
"2019-10-14 12:00:00","South West",14.844
"2019-10-14 12:00:00","Midlands",15.365
"2019-10-14 12:00:00","North East and Yorkshire",14.617
"2019-10-14 12:00:00","East of England",16.83
"2019-10-14 12:00:00","North West",13.204
"2019-10-15 12:00:00","London",18.78
"2019-10-15 12:00:00","South East",17.59
"2019-10-15 12:00:00","South West",17.545
"2019-10-15 12:00:00","Midlands",17.768
"2019-10-15 12:00:00","North East and Yorkshire",16.489
"2019-10-15 12:00:00","East of England",16.081
"2019-10-15 12:00:00","North West",14.85
"2019-10-16 12:00:00","London",17.597
"2019-10-16 12:00:00","South East",15.917
"2019-10-16 12:00:00","South West",14.188
"2019-10-16 12:00:00","Midlands",14.521
"2019-10-16 12:00:00","North East and Yorkshire",13.302
"2019-10-16 12:00:00","East of England",17.088
"2019-10-16 12:00:00","North West",12.147
"2019-10-17 12:00:00","London",16.17
"2019-10-17 12:00:00","South East",14.518
"2019-10-17 12:00:00","South West",13.768
"2019-10-17 12:00:00","Midlands",14.426
"2019-10-17 12:00:00","North East and Yorkshire",13.622
"2019-10-17 12:00:00","East of England",14.866
"2019-10-17 12:00:00","North West",12.481
"2019-10-18 12:00:00","London",14.426
"2019-10-18 12:00:00","South East",13.178
"2019-10-18 12:00:00","South West",12.783
"2019-10-18 12:00:00","Midlands",13.534
"2019-10-18 12:00:00","North East and Yorkshire",14.322
"2019-10-18 12:00:00","East of England",14.128
"2019-10-18 12:00:00","North West",13.263
"2019-10-19 12:00:00","London",15.379
"2019-10-19 12:00:00","South East",13.991
"2019-10-19 12:00:00","South West",11.915
"2019-10-19 12:00:00","Midlands",13.13
"2019-10-19 12:00:00","North East and Yorkshire",13.195
"2019-10-19 12:00:00","East of England",14.492
"2019-10-19 12:00:00","North West",11.167
"2019-10-20 12:00:00","London",11.577
"2019-10-20 12:00:00","South East",11.314
"2019-10-20 12:00:00","South West",11.749
"2019-10-20 12:00:00","Midlands",13.19
"2019-10-20 12:00:00","North East and Yorkshire",14.503
"2019-10-20 12:00:00","East of England",11.491
"2019-10-20 12:00:00","North West",13.963
"2019-10-21 12:00:00","London",17.834
"2019-10-21 12:00:00","South East",15.725
"2019-10-21 12:00:00","South West",13.994
"2019-10-21 12:00:00","Midlands",14.753
"2019-10-21 12:00:00","North East and Yorkshire",15.729
"2019-10-21 12:00:00","East of England",15.861
"2019-10-21 12:00:00","North West",14.035
"2019-10-22 12:00:00","London",20.404
"2019-10-22 12:00:00","South East",18.489
"2019-10-22 12:00:00","South West",18.217
"2019-10-22 12:00:00","Midlands",17.711
"2019-10-22 12:00:00","North East and Yorkshire",16.312
"2019-10-22 12:00:00","East of England",19.533
"2019-10-22 12:00:00","North West",15.191
"2019-10-23 12:00:00","London",20.741
"2019-10-23 12:00:00","South East",18.151
"2019-10-23 12:00:00","South West",17.351
"2019-10-23 12:00:00","Midlands",18.881
"2019-10-23 12:00:00","North East and Yorkshire",17.645
"2019-10-23 12:00:00","East of England",19.712
"2019-10-23 12:00:00","North West",16.385
"2019-10-24 12:00:00","London",20.353
"2019-10-24 12:00:00","South East",18.197
"2019-10-24 12:00:00","South West",17.654
"2019-10-24 12:00:00","Midlands",18.304
"2019-10-24 12:00:00","North East and Yorkshire",17.677
"2019-10-24 12:00:00","East of England",20.146
"2019-10-24 12:00:00","North West",15.502
"2019-10-25 12:00:00","London",18.358
"2019-10-25 12:00:00","South East",16.745
"2019-10-25 12:00:00","South West",16.271
"2019-10-25 12:00:00","Midlands",16.602
"2019-10-25 12:00:00","North East and Yorkshire",15.55
"2019-10-25 12:00:00","East of England",18.217
"2019-10-25 12:00:00","North West",13.726
"2019-10-26 12:00:00","London",19.338
"2019-10-26 12:00:00","South East",17.763
"2019-10-26 12:00:00","South West",16.64
"2019-10-26 12:00:00","Midlands",17.988
"2019-10-26 12:00:00","North East and Yorkshire",16.733
"2019-10-26 12:00:00","East of England",19.023
"2019-10-26 12:00:00","North West",14.977
"2019-10-27 12:00:00","London",19.423
"2019-10-27 12:00:00","South East",17.528
"2019-10-27 12:00:00","South West",16.911
"2019-10-27 12:00:00","Midlands",18.127
"2019-10-27 12:00:00","North East and Yorkshire",13.531
"2019-10-27 12:00:00","East of England",19.639
"2019-10-27 12:00:00","North West",13.814
"2019-10-28 12:00:00","London",17.756
"2019-10-28 12:00:00","South East",16.276
"2019-10-28 12:00:00","South West",15.883
"2019-10-28 12:00:00","Midlands",16.385
"2019-10-28 12:00:00","North East and Yorkshire",16.14
"2019-10-28 12:00:00","East of England",17.558
"2019-10-28 12:00:00","North West",14.284
"2019-10-29 12:00:00","London",15.022
"2019-10-29 12:00:00","South East",14.111
"2019-10-29 12:00:00","South West",14.254
"2019-10-29 12:00:00","Midlands",13.581
"2019-10-29 12:00:00","North East and Yorkshire",12.153
"2019-10-29 12:00:00","East of England",14.476
"2019-10-29 12:00:00","North West",11.36
"2019-10-30 12:00:00","London",17.336
"2019-10-30 12:00:00","South East",15.931
"2019-10-30 12:00:00","South West",16.116
"2019-10-30 12:00:00","Midlands",16.313
"2019-10-30 12:00:00","North East and Yorkshire",15.673
"2019-10-30 12:00:00","East of England",15.731
"2019-10-30 12:00:00","North West",14.963
"2019-10-31 12:00:00","London",18.057
"2019-10-31 12:00:00","South East",16.817
"2019-10-31 12:00:00","South West",18.021
"2019-10-31 12:00:00","Midlands",19.52
"2019-10-31 12:00:00","North East and Yorkshire",19.979
"2019-10-31 12:00:00","East of England",18.107
"2019-10-31 12:00:00","North West",17.914
"2019-11-01 12:00:00","London",17.617
"2019-11-01 12:00:00","South East",15.78
"2019-11-01 12:00:00","South West",16.108
"2019-11-01 12:00:00","Midlands",16.967
"2019-11-01 12:00:00","North East and Yorkshire",20.29
"2019-11-01 12:00:00","East of England",17.503
"2019-11-01 12:00:00","North West",17.46
"2019-11-02 12:00:00","London",19.135
"2019-11-02 12:00:00","South East",17.08
"2019-11-02 12:00:00","South West",17.058
"2019-11-02 12:00:00","Midlands",18.118
"2019-11-02 12:00:00","North East and Yorkshire",17.055
"2019-11-02 12:00:00","East of England",18.087
"2019-11-02 12:00:00","North West",15.097
"2019-11-03 12:00:00","London",18.536
"2019-11-03 12:00:00","South East",16.823
"2019-11-03 12:00:00","South West",17.61
"2019-11-03 12:00:00","Midlands",17.047
"2019-11-03 12:00:00","North East and Yorkshire",15.566
"2019-11-03 12:00:00","East of England",17.081
"2019-11-03 12:00:00","North West",14.25
"2019-11-04 12:00:00","London",15.861
"2019-11-04 12:00:00","South East",14.091
"2019-11-04 12:00:00","South West",15.164
"2019-11-04 12:00:00","Midlands",15.864
"2019-11-04 12:00:00","North East and Yorkshire",15.201
"2019-11-04 12:00:00","East of England",15.114
"2019-11-04 12:00:00","North West",14.237
"2019-11-05 12:00:00","London",8.51
"2019-11-05 12:00:00","South East",7.982
"2019-11-05 12:00:00","South West",8.353
"2019-11-05 12:00:00","Midlands",7.857
"2019-11-05 12:00:00","North East and Yorkshire",8.005
"2019-11-05 12:00:00","East of England",7.766
"2019-11-05 12:00:00","North West",7.91
"2019-11-06 12:00:00","London",9.829
"2019-11-06 12:00:00","South East",8.814
"2019-11-06 12:00:00","South West",8.251
"2019-11-06 12:00:00","Midlands",8.246
"2019-11-06 12:00:00","North East and Yorkshire",7.048
"2019-11-06 12:00:00","East of England",9.019
"2019-11-06 12:00:00","North West",6.794
"2019-11-07 12:00:00","London",8.981
"2019-11-07 12:00:00","South East",7.302
"2019-11-07 12:00:00","South West",5.399
"2019-11-07 12:00:00","Midlands",6.183
"2019-11-07 12:00:00","North East and Yorkshire",6.645
"2019-11-07 12:00:00","East of England",7.513
"2019-11-07 12:00:00","North West",5.894
"2019-11-08 12:00:00","London",8.812
"2019-11-08 12:00:00","South East",7.547
"2019-11-08 12:00:00","South West",7.481
"2019-11-08 12:00:00","Midlands",8.019
"2019-11-08 12:00:00","North East and Yorkshire",8.646
"2019-11-08 12:00:00","East of England",8.186
"2019-11-08 12:00:00","North West",8.18
"2019-11-09 12:00:00","London",8.221
"2019-11-09 12:00:00","South East",7.366
"2019-11-09 12:00:00","South West",8.476
"2019-11-09 12:00:00","Midlands",8.655
"2019-11-09 12:00:00","North East and Yorkshire",8.681
"2019-11-09 12:00:00","East of England",7.943
"2019-11-09 12:00:00","North West",8.141
"2019-11-10 12:00:00","London",9.11
"2019-11-10 12:00:00","South East",7.875
"2019-11-10 12:00:00","South West",8.292
"2019-11-10 12:00:00","Midlands",8.174
"2019-11-10 12:00:00","North East and Yorkshire",7.88
"2019-11-10 12:00:00","East of England",8.344
"2019-11-10 12:00:00","North West",7.302
"2019-11-11 12:00:00","London",8.775
"2019-11-11 12:00:00","South East",8.03
"2019-11-11 12:00:00","South West",8.515
"2019-11-11 12:00:00","Midlands",7.691
"2019-11-11 12:00:00","North East and Yorkshire",6.536
"2019-11-11 12:00:00","East of England",8.182
"2019-11-11 12:00:00","North West",6.724
"2019-11-12 12:00:00","London",16.988
"2019-11-12 12:00:00","South East",15.309
"2019-11-12 12:00:00","South West",15.165
"2019-11-12 12:00:00","Midlands",13.194
"2019-11-12 12:00:00","North East and Yorkshire",12.857
"2019-11-12 12:00:00","East of England",15.134
"2019-11-12 12:00:00","North West",11.855
"2019-11-13 12:00:00","London",16.229
"2019-11-13 12:00:00","South East",14.474
"2019-11-13 12:00:00","South West",14.463
"2019-11-13 12:00:00","Midlands",14.62
"2019-11-13 12:00:00","North East and Yorkshire",13.759
"2019-11-13 12:00:00","East of England",15.687
"2019-11-13 12:00:00","North West",12.744
"2019-11-14 12:00:00","London",15.215
"2019-11-14 12:00:00","South East",14.105
"2019-11-14 12:00:00","South West",14.264
"2019-11-14 12:00:00","Midlands",13.949
"2019-11-14 12:00:00","North East and Yorkshire",13.898
"2019-11-14 12:00:00","East of England",14.716
"2019-11-14 12:00:00","North West",12.655
"2019-11-15 12:00:00","London",15.402
"2019-11-15 12:00:00","South East",13.925
"2019-11-15 12:00:00","South West",13.4
"2019-11-15 12:00:00","Midlands",12.275
"2019-11-15 12:00:00","North East and Yorkshire",12.801
"2019-11-15 12:00:00","East of England",14.436
"2019-11-15 12:00:00","North West",10.94
"2019-11-16 12:00:00","London",15.407
"2019-11-16 12:00:00","South East",14.057
"2019-11-16 12:00:00","South West",13.844
"2019-11-16 12:00:00","Midlands",13.506
"2019-11-16 12:00:00","North East and Yorkshire",11.743
"2019-11-16 12:00:00","East of England",14.382
"2019-11-16 12:00:00","North West",11.599
"2019-11-17 12:00:00","London",12.117
"2019-11-17 12:00:00","South East",11.145
"2019-11-17 12:00:00","South West",11.645
"2019-11-17 12:00:00","Midlands",11.653
"2019-11-17 12:00:00","North East and Yorkshire",10.509
"2019-11-17 12:00:00","East of England",11.78
"2019-11-17 12:00:00","North West",10.061
"2019-11-18 12:00:00","London",12.896
"2019-11-18 12:00:00","South East",11.795
"2019-11-18 12:00:00","South West",12.438
"2019-11-18 12:00:00","Midlands",12.389
"2019-11-18 12:00:00","North East and Yorkshire",10.79
"2019-11-18 12:00:00","East of England",12.361
"2019-11-18 12:00:00","North West",10.882
"2019-11-19 12:00:00","London",15.315
"2019-11-19 12:00:00","South East",14.122
"2019-11-19 12:00:00","South West",13.758
"2019-11-19 12:00:00","Midlands",13.499
"2019-11-19 12:00:00","North East and Yorkshire",11.189
"2019-11-19 12:00:00","East of England",13.857
"2019-11-19 12:00:00","North West",11.5
"2019-11-20 12:00:00","London",14.085
"2019-11-20 12:00:00","South East",12.924
"2019-11-20 12:00:00","South West",13.044
"2019-11-20 12:00:00","Midlands",13.267
"2019-11-20 12:00:00","North East and Yorkshire",13.229
"2019-11-20 12:00:00","East of England",13.532
"2019-11-20 12:00:00","North West",11.941
"2019-11-21 12:00:00","London",11.403
"2019-11-21 12:00:00","South East",10.392
"2019-11-21 12:00:00","South West",9.996
"2019-11-21 12:00:00","Midlands",10.563
"2019-11-21 12:00:00","North East and Yorkshire",11.007
"2019-11-21 12:00:00","East of England",11.412
"2019-11-21 12:00:00","North West",9.755
"2019-11-22 12:00:00","London",14.073
"2019-11-22 12:00:00","South East",12.821
"2019-11-22 12:00:00","South West",12.397
"2019-11-22 12:00:00","Midlands",12.678
"2019-11-22 12:00:00","North East and Yorkshire",12.048
"2019-11-22 12:00:00","East of England",12.761
"2019-11-22 12:00:00","North West",11.16
"2019-11-23 12:00:00","London",13.405
"2019-11-23 12:00:00","South East",12.234
"2019-11-23 12:00:00","South West",12.58
"2019-11-23 12:00:00","Midlands",8.929
"2019-11-23 12:00:00","North East and Yorkshire",8.801
"2019-11-23 12:00:00","East of England",12.031
"2019-11-23 12:00:00","North West",8.011
"2019-11-24 12:00:00","London",13.61
"2019-11-24 12:00:00","South East",12.42
"2019-11-24 12:00:00","South West",12.421
"2019-11-24 12:00:00","Midlands",12.12
"2019-11-24 12:00:00","North East and Yorkshire",11.449
"2019-11-24 12:00:00","East of England",12.459
"2019-11-24 12:00:00","North West",10.67
"2019-11-25 12:00:00","London",13.553
"2019-11-25 12:00:00","South East",12.56
"2019-11-25 12:00:00","South West",12.48
"2019-11-25 12:00:00","Midlands",12.219
"2019-11-25 12:00:00","North East and Yorkshire",11.172
"2019-11-25 12:00:00","East of England",12.766
"2019-11-25 12:00:00","North West",10.173
"2019-11-26 12:00:00","London",11.928
"2019-11-26 12:00:00","South East",10.832
"2019-11-26 12:00:00","South West",10.556
"2019-11-26 12:00:00","Midlands",10.221
"2019-11-26 12:00:00","North East and Yorkshire",8.055
"2019-11-26 12:00:00","East of England",10.718
"2019-11-26 12:00:00","North West",8.48
"2019-11-27 12:00:00","London",8.596
"2019-11-27 12:00:00","South East",8.452
"2019-11-27 12:00:00","South West",9.204
"2019-11-27 12:00:00","Midlands",7.912
"2019-11-27 12:00:00","North East and Yorkshire",7.619
"2019-11-27 12:00:00","East of England",7.567
"2019-11-27 12:00:00","North West",7.174
"2019-11-28 12:00:00","London",9.858
"2019-11-28 12:00:00","South East",9.194
"2019-11-28 12:00:00","South West",9.802
"2019-11-28 12:00:00","Midlands",6.158
"2019-11-28 12:00:00","North East and Yorkshire",6.402
"2019-11-28 12:00:00","East of England",8.418
"2019-11-28 12:00:00","North West",5.866
"2019-11-29 12:00:00","London",8.866
"2019-11-29 12:00:00","South East",8.018
"2019-11-29 12:00:00","South West",9.537
"2019-11-29 12:00:00","Midlands",8.054
"2019-11-29 12:00:00","North East and Yorkshire",8.443
"2019-11-29 12:00:00","East of England",7.883
"2019-11-29 12:00:00","North West",8.404
"2019-11-30 12:00:00","London",9.165
"2019-11-30 12:00:00","South East",8.462
"2019-11-30 12:00:00","South West",9.598
"2019-11-30 12:00:00","Midlands",9.249
"2019-11-30 12:00:00","North East and Yorkshire",9.496
"2019-11-30 12:00:00","East of England",8.493
"2019-11-30 12:00:00","North West",8.692
"2019-12-01 12:00:00","London",9.446
"2019-12-01 12:00:00","South East",8.259
"2019-12-01 12:00:00","South West",8.606
"2019-12-01 12:00:00","Midlands",8.459
"2019-12-01 12:00:00","North East and Yorkshire",9.605
"2019-12-01 12:00:00","East of England",8.359
"2019-12-01 12:00:00","North West",8.532
"2019-12-02 12:00:00","London",10.749
"2019-12-02 12:00:00","South East",9.659
"2019-12-02 12:00:00","South West",9.43
"2019-12-02 12:00:00","Midlands",9.027
"2019-12-02 12:00:00","North East and Yorkshire",9.905
"2019-12-02 12:00:00","East of England",10.02
"2019-12-02 12:00:00","North West",8.81
"2019-12-03 12:00:00","London",11.959
"2019-12-03 12:00:00","South East",10.956
"2019-12-03 12:00:00","South West",11.372
"2019-12-03 12:00:00","Midlands",12.414
"2019-12-03 12:00:00","North East and Yorkshire",12.736
"2019-12-03 12:00:00","East of England",12.016
"2019-12-03 12:00:00","North West",11.39
"2019-12-04 12:00:00","London",9.532
"2019-12-04 12:00:00","South East",8.672
"2019-12-04 12:00:00","South West",9.782
"2019-12-04 12:00:00","Midlands",10.807
"2019-12-04 12:00:00","North East and Yorkshire",10.738
"2019-12-04 12:00:00","East of England",8.745
"2019-12-04 12:00:00","North West",9.388
"2019-12-05 12:00:00","London",6.766
"2019-12-05 12:00:00","South East",6.658
"2019-12-05 12:00:00","South West",6.989
"2019-12-05 12:00:00","Midlands",6.849
"2019-12-05 12:00:00","North East and Yorkshire",8.643
"2019-12-05 12:00:00","East of England",6.29
"2019-12-05 12:00:00","North West",7.139
"2019-12-06 12:00:00","London",6.213
"2019-12-06 12:00:00","South East",5.573
"2019-12-06 12:00:00","South West",6.453
"2019-12-06 12:00:00","Midlands",3.735
"2019-12-06 12:00:00","North East and Yorkshire",5.885
"2019-12-06 12:00:00","East of England",5.109
"2019-12-06 12:00:00","North West",4.787
"2019-12-07 12:00:00","London",5.731
"2019-12-07 12:00:00","South East",5.269
"2019-12-07 12:00:00","South West",6.826
"2019-12-07 12:00:00","Midlands",5.885
"2019-12-07 12:00:00","North East and Yorkshire",8.293
"2019-12-07 12:00:00","East of England",5.186
"2019-12-07 12:00:00","North West",7.348
"2019-12-08 12:00:00","London",8.25
"2019-12-08 12:00:00","South East",7.683
"2019-12-08 12:00:00","South West",9.085
"2019-12-08 12:00:00","Midlands",9.071
"2019-12-08 12:00:00","North East and Yorkshire",9.751
"2019-12-08 12:00:00","East of England",7.635
"2019-12-08 12:00:00","North West",8.812
"2019-12-09 12:00:00","London",9.146
"2019-12-09 12:00:00","South East",8.544
"2019-12-09 12:00:00","South West",9.234
"2019-12-09 12:00:00","Midlands",9.632
"2019-12-09 12:00:00","North East and Yorkshire",10.355
"2019-12-09 12:00:00","East of England",8.561
"2019-12-09 12:00:00","North West",9.693
"2019-12-10 12:00:00","London",11.895
"2019-12-10 12:00:00","South East",11.038
"2019-12-10 12:00:00","South West",10.82
"2019-12-10 12:00:00","Midlands",7.095
"2019-12-10 12:00:00","North East and Yorkshire",6.219
"2019-12-10 12:00:00","East of England",10.484
"2019-12-10 12:00:00","North West",5.541
"2019-12-11 12:00:00","London",13.216
"2019-12-11 12:00:00","South East",11.868
"2019-12-11 12:00:00","South West",11.027
"2019-12-11 12:00:00","Midlands",7.455
"2019-12-11 12:00:00","North East and Yorkshire",6.002
"2019-12-11 12:00:00","East of England",11.486
"2019-12-11 12:00:00","North West",5.825
"2019-12-12 12:00:00","London",5.397
"2019-12-12 12:00:00","South East",5.006
"2019-12-12 12:00:00","South West",5.808
"2019-12-12 12:00:00","Midlands",4.223
"2019-12-12 12:00:00","North East and Yorkshire",3.486
"2019-12-12 12:00:00","East of England",4.705
"2019-12-12 12:00:00","North West",3.813
"2019-12-13 12:00:00","London",5.208
"2019-12-13 12:00:00","South East",5.295
"2019-12-13 12:00:00","South West",7.14
"2019-12-13 12:00:00","Midlands",6.204
"2019-12-13 12:00:00","North East and Yorkshire",6.937
"2019-12-13 12:00:00","East of England",4.29
"2019-12-13 12:00:00","North West",6.74
"2019-12-14 12:00:00","London",10.613
"2019-12-14 12:00:00","South East",9.361
"2019-12-14 12:00:00","South West",9.467
"2019-12-14 12:00:00","Midlands",9.44
"2019-12-14 12:00:00","North East and Yorkshire",8.357
"2019-12-14 12:00:00","East of England",9.911
"2019-12-14 12:00:00","North West",8.271
"2019-12-15 12:00:00","London",7.437
"2019-12-15 12:00:00","South East",6.676
"2019-12-15 12:00:00","South West",6.652
"2019-12-15 12:00:00","Midlands",5.782
"2019-12-15 12:00:00","North East and Yorkshire",4.965
"2019-12-15 12:00:00","East of England",6.625
"2019-12-15 12:00:00","North West",5.143
"2019-12-16 12:00:00","London",3.534
"2019-12-16 12:00:00","South East",3.551
"2019-12-16 12:00:00","South West",4.063
"2019-12-16 12:00:00","Midlands",1.882
"2019-12-16 12:00:00","North East and Yorkshire",2.607
"2019-12-16 12:00:00","East of England",3.433
"2019-12-16 12:00:00","North West",2.485
"2019-12-17 12:00:00","London",9.365
"2019-12-17 12:00:00","South East",8.641
"2019-12-17 12:00:00","South West",9.044
"2019-12-17 12:00:00","Midlands",8.487
"2019-12-17 12:00:00","North East and Yorkshire",7.97
"2019-12-17 12:00:00","East of England",8.311
"2019-12-17 12:00:00","North West",7.622
"2019-12-18 12:00:00","London",9.014
"2019-12-18 12:00:00","South East",7.806
"2019-12-18 12:00:00","South West",7.749
"2019-12-18 12:00:00","Midlands",7.605
"2019-12-18 12:00:00","North East and Yorkshire",7.851
"2019-12-18 12:00:00","East of England",8.242
"2019-12-18 12:00:00","North West",7.223
"2019-12-19 12:00:00","London",11.884
"2019-12-19 12:00:00","South East",10.835
"2019-12-19 12:00:00","South West",10.997
"2019-12-19 12:00:00","Midlands",11.317
"2019-12-19 12:00:00","North East and Yorkshire",11.793
"2019-12-19 12:00:00","East of England",10.982
"2019-12-19 12:00:00","North West",10.703
"2019-12-20 12:00:00","London",13.142
"2019-12-20 12:00:00","South East",11.632
"2019-12-20 12:00:00","South West",11.488
"2019-12-20 12:00:00","Midlands",12.162
"2019-12-20 12:00:00","North East and Yorkshire",12.025
"2019-12-20 12:00:00","East of England",12.381
"2019-12-20 12:00:00","North West",10.828
"2019-12-21 12:00:00","London",11.793
"2019-12-21 12:00:00","South East",11.031
"2019-12-21 12:00:00","South West",11.349
"2019-12-21 12:00:00","Midlands",11.332
"2019-12-21 12:00:00","North East and Yorkshire",11.181
"2019-12-21 12:00:00","East of England",11.269
"2019-12-21 12:00:00","North West",10.485
"2019-12-22 12:00:00","London",10.946
"2019-12-22 12:00:00","South East",9.991
"2019-12-22 12:00:00","South West",9.472
"2019-12-22 12:00:00","Midlands",9.235
"2019-12-22 12:00:00","North East and Yorkshire",8.116
"2019-12-22 12:00:00","East of England",10.215
"2019-12-22 12:00:00","North West",7.759
"2019-12-23 12:00:00","London",9.418
"2019-12-23 12:00:00","South East",8.677
"2019-12-23 12:00:00","South West",9.28
"2019-12-23 12:00:00","Midlands",7.985
"2019-12-23 12:00:00","North East and Yorkshire",6.888
"2019-12-23 12:00:00","East of England",7.865
"2019-12-23 12:00:00","North West",7.413
"2019-12-24 12:00:00","London",4.468
"2019-12-24 12:00:00","South East",3.882
"2019-12-24 12:00:00","South West",3.988
"2019-12-24 12:00:00","Midlands",4.014
"2019-12-24 12:00:00","North East and Yorkshire",3.911
"2019-12-24 12:00:00","East of England",4.187
"2019-12-24 12:00:00","North West",3.835
"2019-12-25 12:00:00","London",5.899
"2019-12-25 12:00:00","South East",4.705
"2019-12-25 12:00:00","South West",3.472
"2019-12-25 12:00:00","Midlands",3.766
"2019-12-25 12:00:00","North East and Yorkshire",3.322
"2019-12-25 12:00:00","East of England",5.059
"2019-12-25 12:00:00","North West",3.274
"2019-12-26 12:00:00","London",2.898
"2019-12-26 12:00:00","South East",1.613
"2019-12-26 12:00:00","South West",2.391
"2019-12-26 12:00:00","Midlands",1.086
"2019-12-26 12:00:00","North East and Yorkshire",2.333
"2019-12-26 12:00:00","East of England",2.473
"2019-12-26 12:00:00","North West",1.961
"2019-12-27 12:00:00","London",2.208
"2019-12-27 12:00:00","South East",1.888
"2019-12-27 12:00:00","South West",2.719
"2019-12-27 12:00:00","Midlands",1.553
"2019-12-27 12:00:00","North East and Yorkshire",1.688
"2019-12-27 12:00:00","East of England",0.994
"2019-12-27 12:00:00","North West",2.06
"2019-12-28 12:00:00","London",3.521
"2019-12-28 12:00:00","South East",2.223
"2019-12-28 12:00:00","South West",1.682
"2019-12-28 12:00:00","Midlands",2.559
"2019-12-28 12:00:00","North East and Yorkshire",3.84
"2019-12-28 12:00:00","East of England",2.006
"2019-12-28 12:00:00","North West",3.619
"2019-12-29 12:00:00","London",5.886
"2019-12-29 12:00:00","South East",5.264
"2019-12-29 12:00:00","South West",6.185
"2019-12-29 12:00:00","Midlands",5.314
"2019-12-29 12:00:00","North East and Yorkshire",6.175
"2019-12-29 12:00:00","East of England",4.747
"2019-12-29 12:00:00","North West",5.609
"2019-12-30 12:00:00","London",9.363
"2019-12-30 12:00:00","South East",8.543
"2019-12-30 12:00:00","South West",9.134
"2019-12-30 12:00:00","Midlands",8.802
"2019-12-30 12:00:00","North East and Yorkshire",8.513
"2019-12-30 12:00:00","East of England",8.678
"2019-12-30 12:00:00","North West",7.881
"2019-12-31 12:00:00","London",13.504
"2019-12-31 12:00:00","South East",11.899
"2019-12-31 12:00:00","South West",12.325
"2019-12-31 12:00:00","Midlands",14.039
"2019-12-31 12:00:00","North East and Yorkshire",13.388
"2019-12-31 12:00:00","East of England",13.234
"2019-12-31 12:00:00","North West",12.464
"2020-01-01 12:00:00","London",12.263
"2020-01-01 12:00:00","South East",11.131
"2020-01-01 12:00:00","South West",10.985
"2020-01-01 12:00:00","Midlands",10.616
"2020-01-01 12:00:00","North East and Yorkshire",9.776
"2020-01-01 12:00:00","East of England",11.257
"2020-01-01 12:00:00","North West",8.904
"2020-01-02 12:00:00","London",12.964
"2020-01-02 12:00:00","South East",11.451
"2020-01-02 12:00:00","South West",11.954
"2020-01-02 12:00:00","Midlands",12.415
"2020-01-02 12:00:00","North East and Yorkshire",12.239
"2020-01-02 12:00:00","East of England",12.368
"2020-01-02 12:00:00","North West",11.229
"2020-01-03 12:00:00","London",9.795
"2020-01-03 12:00:00","South East",9.02
"2020-01-03 12:00:00","South West",9.194
"2020-01-03 12:00:00","Midlands",8.699
"2020-01-03 12:00:00","North East and Yorkshire",7.826
"2020-01-03 12:00:00","East of England",8.778
"2020-01-03 12:00:00","North West",7.631
"2020-01-04 12:00:00","London",8.862
"2020-01-04 12:00:00","South East",8.108
"2020-01-04 12:00:00","South West",8.639
"2020-01-04 12:00:00","Midlands",8.223
"2020-01-04 12:00:00","North East and Yorkshire",8.832
"2020-01-04 12:00:00","East of England",8.234
"2020-01-04 12:00:00","North West",7.792
"2020-01-05 12:00:00","London",11.657
"2020-01-05 12:00:00","South East",10.423
"2020-01-05 12:00:00","South West",11.38
"2020-01-05 12:00:00","Midlands",10.829
"2020-01-05 12:00:00","North East and Yorkshire",10.744
"2020-01-05 12:00:00","East of England",10.254
"2020-01-05 12:00:00","North West",10.304
"2020-01-06 12:00:00","London",12.456
"2020-01-06 12:00:00","South East",10.975
"2020-01-06 12:00:00","South West",11.649
"2020-01-06 12:00:00","Midlands",11.855
"2020-01-06 12:00:00","North East and Yorkshire",7.9
"2020-01-06 12:00:00","East of England",11.948
"2020-01-06 12:00:00","North West",9.139
"2020-01-07 12:00:00","London",9.279
"2020-01-07 12:00:00","South East",8.185
"2020-01-07 12:00:00","South West",8.422
"2020-01-07 12:00:00","Midlands",8.067
"2020-01-07 12:00:00","North East and Yorkshire",7.305
"2020-01-07 12:00:00","East of England",8.221
"2020-01-07 12:00:00","North West",7.262
"2020-01-08 12:00:00","London",5.945
"2020-01-08 12:00:00","South East",5.252
"2020-01-08 12:00:00","South West",5.888
"2020-01-08 12:00:00","Midlands",4.696
"2020-01-08 12:00:00","North East and Yorkshire",5.016
"2020-01-08 12:00:00","East of England",5.661
"2020-01-08 12:00:00","North West",4.471
"2020-01-09 12:00:00","London",7.462
"2020-01-09 12:00:00","South East",6.327
"2020-01-09 12:00:00","South West",6.882
"2020-01-09 12:00:00","Midlands",7.489
"2020-01-09 12:00:00","North East and Yorkshire",8.361
"2020-01-09 12:00:00","East of England",6.887
"2020-01-09 12:00:00","North West",6.46
"2020-01-10 12:00:00","London",8.973
"2020-01-10 12:00:00","South East",7.987
"2020-01-10 12:00:00","South West",8.537
"2020-01-10 12:00:00","Midlands",8.669
"2020-01-10 12:00:00","North East and Yorkshire",8.693
"2020-01-10 12:00:00","East of England",8.23
"2020-01-10 12:00:00","North West",8.234
"2020-01-11 12:00:00","London",10.817
"2020-01-11 12:00:00","South East",9.613
"2020-01-11 12:00:00","South West",9.931
"2020-01-11 12:00:00","Midlands",10.628
"2020-01-11 12:00:00","North East and Yorkshire",10.491
"2020-01-11 12:00:00","East of England",10.353
"2020-01-11 12:00:00","North West",9.415
"2020-01-12 12:00:00","London",11.902
"2020-01-12 12:00:00","South East",10.713
"2020-01-12 12:00:00","South West",10.661
"2020-01-12 12:00:00","Midlands",11.437
"2020-01-12 12:00:00","North East and Yorkshire",10.986
"2020-01-12 12:00:00","East of England",11.066
"2020-01-12 12:00:00","North West",9.662
"2020-01-13 12:00:00","London",9.317
"2020-01-13 12:00:00","South East",8.497
"2020-01-13 12:00:00","South West",8.634
"2020-01-13 12:00:00","Midlands",8.434
"2020-01-13 12:00:00","North East and Yorkshire",8.309
"2020-01-13 12:00:00","East of England",8.186
"2020-01-13 12:00:00","North West",7.878
"2020-01-14 12:00:00","London",13.879
"2020-01-14 12:00:00","South East",12.026
"2020-01-14 12:00:00","South West",11.852
"2020-01-14 12:00:00","Midlands",12.798
"2020-01-14 12:00:00","North East and Yorkshire",10.36
"2020-01-14 12:00:00","East of England",13.053
"2020-01-14 12:00:00","North West",9.928
"2020-01-15 12:00:00","London",6.803
"2020-01-15 12:00:00","South East",6.663
"2020-01-15 12:00:00","South West",8.703
"2020-01-15 12:00:00","Midlands",6.499
"2020-01-15 12:00:00","North East and Yorkshire",5.925
"2020-01-15 12:00:00","East of England",6.819
"2020-01-15 12:00:00","North West",5.798
"2020-01-16 12:00:00","London",11.954
"2020-01-16 12:00:00","South East",10.949
"2020-01-16 12:00:00","South West",11.336
"2020-01-16 12:00:00","Midlands",8.367
"2020-01-16 12:00:00","North East and Yorkshire",4.639
"2020-01-16 12:00:00","East of England",10.448
"2020-01-16 12:00:00","North West",4.454
"2020-01-17 12:00:00","London",12.66
"2020-01-17 12:00:00","South East",11.464
"2020-01-17 12:00:00","South West",11.593
"2020-01-17 12:00:00","Midlands",11.256
"2020-01-17 12:00:00","North East and Yorkshire",7.131
"2020-01-17 12:00:00","East of England",12.248
"2020-01-17 12:00:00","North West",7.894
"2020-01-18 12:00:00","London",12.062
"2020-01-18 12:00:00","South East",10.648
"2020-01-18 12:00:00","South West",10.506
"2020-01-18 12:00:00","Midlands",10.053
"2020-01-18 12:00:00","North East and Yorkshire",7.984
"2020-01-18 12:00:00","East of England",11.091
"2020-01-18 12:00:00","North West",8.821
"2020-01-19 12:00:00","London",11.844
"2020-01-19 12:00:00","South East",10.577
"2020-01-19 12:00:00","South West",9.887
"2020-01-19 12:00:00","Midlands",9.176
"2020-01-19 12:00:00","North East and Yorkshire",8.602
"2020-01-19 12:00:00","East of England",10.235
"2020-01-19 12:00:00","North West",7.741
"2020-01-20 12:00:00","London",10.377
"2020-01-20 12:00:00","South East",9.375
"2020-01-20 12:00:00","South West",9.655
"2020-01-20 12:00:00","Midlands",9.255
"2020-01-20 12:00:00","North East and Yorkshire",8.558
"2020-01-20 12:00:00","East of England",9.347
"2020-01-20 12:00:00","North West",8.186
"2020-01-21 12:00:00","London",6.39
"2020-01-21 12:00:00","South East",5.569
"2020-01-21 12:00:00","South West",5.334
"2020-01-21 12:00:00","Midlands",3.925
"2020-01-21 12:00:00","North East and Yorkshire",3.037
"2020-01-21 12:00:00","East of England",5.415
"2020-01-21 12:00:00","North West",2.786
"2020-01-22 12:00:00","London",5.273
"2020-01-22 12:00:00","South East",4.594
"2020-01-22 12:00:00","South West",5.283
"2020-01-22 12:00:00","Midlands",3.637
"2020-01-22 12:00:00","North East and Yorkshire",2.975
"2020-01-22 12:00:00","East of England",4.142
"2020-01-22 12:00:00","North West",2.608
"2020-01-23 12:00:00","London",4.488
"2020-01-23 12:00:00","South East",3.585
"2020-01-23 12:00:00","South West",3.472
"2020-01-23 12:00:00","Midlands",1.177
"2020-01-23 12:00:00","North East and Yorkshire",1.199
"2020-01-23 12:00:00","East of England",3.294
"2020-01-23 12:00:00","North West",0.89
"2020-01-24 12:00:00","London",2.838
"2020-01-24 12:00:00","South East",2.339
"2020-01-24 12:00:00","South West",2.258
"2020-01-24 12:00:00","Midlands",2.748
"2020-01-24 12:00:00","North East and Yorkshire",2.401
"2020-01-24 12:00:00","East of England",3.168
"2020-01-24 12:00:00","North West",2.931
"2020-01-25 12:00:00","London",4.803
"2020-01-25 12:00:00","South East",3.955
"2020-01-25 12:00:00","South West",4.629
"2020-01-25 12:00:00","Midlands",3.92
"2020-01-25 12:00:00","North East and Yorkshire",3.146
"2020-01-25 12:00:00","East of England",4.2
"2020-01-25 12:00:00","North West",3.368
"2020-01-26 12:00:00","London",7.223
"2020-01-26 12:00:00","South East",6.464
"2020-01-26 12:00:00","South West",8.286
"2020-01-26 12:00:00","Midlands",6.594
"2020-01-26 12:00:00","North East and Yorkshire",6.678
"2020-01-26 12:00:00","East of England",6.127
"2020-01-26 12:00:00","North West",6.385
"2020-01-27 12:00:00","London",8.788
"2020-01-27 12:00:00","South East",8.156
"2020-01-27 12:00:00","South West",10.873
"2020-01-27 12:00:00","Midlands",10.311
"2020-01-27 12:00:00","North East and Yorkshire",8.852
"2020-01-27 12:00:00","East of England",8.436
"2020-01-27 12:00:00","North West",8.045
"2020-01-28 12:00:00","London",13.879
"2020-01-28 12:00:00","South East",12.026
"2020-01-28 12:00:00","South West",11.852
"2020-01-28 12:00:00","Midlands",12.798
"2020-01-28 12:00:00","North East and Yorkshire",10.36
"2020-01-28 12:00:00","East of England",13.053
"2020-01-28 12:00:00","North West",9.928
"2020-01-29 12:00:00","London",6.803
"2020-01-29 12:00:00","South East",6.663
"2020-01-29 12:00:00","South West",8.703
"2020-01-29 12:00:00","Midlands",6.499
"2020-01-29 12:00:00","North East and Yorkshire",5.925
"2020-01-29 12:00:00","East of England",6.819
"2020-01-29 12:00:00","North West",5.798
"2020-01-30 12:00:00","London",11.954
"2020-01-30 12:00:00","South East",10.949
"2020-01-30 12:00:00","South West",11.336
"2020-01-30 12:00:00","Midlands",8.367
"2020-01-30 12:00:00","North East and Yorkshire",4.639
"2020-01-30 12:00:00","East of England",10.448
"2020-01-30 12:00:00","North West",4.454
"2020-01-31 12:00:00","London",12.66
"2020-01-31 12:00:00","South East",11.464
"2020-01-31 12:00:00","South West",11.593
"2020-01-31 12:00:00","Midlands",11.256
"2020-01-31 12:00:00","North East and Yorkshire",7.131
"2020-01-31 12:00:00","East of England",12.248
"2020-01-31 12:00:00","North West",7.894
"2020-02-01 12:00:00","London",12.062
"2020-02-01 12:00:00","South East",10.648
"2020-02-01 12:00:00","South West",10.506
"2020-02-01 12:00:00","Midlands",10.053
"2020-02-01 12:00:00","North East and Yorkshire",7.984
"2020-02-01 12:00:00","East of England",11.091
"2020-02-01 12:00:00","North West",8.821
"2020-02-02 12:00:00","London",11.844
"2020-02-02 12:00:00","South East",10.577
"2020-02-02 12:00:00","South West",9.887
"2020-02-02 12:00:00","Midlands",9.176
"2020-02-02 12:00:00","North East and Yorkshire",8.602
"2020-02-02 12:00:00","East of England",10.235
"2020-02-02 12:00:00","North West",7.741
"2020-02-03 12:00:00","London",10.377
"2020-02-03 12:00:00","South East",9.375
"2020-02-03 12:00:00","South West",9.655
"2020-02-03 12:00:00","Midlands",9.255
"2020-02-03 12:00:00","North East and Yorkshire",8.558
"2020-02-03 12:00:00","East of England",9.347
"2020-02-03 12:00:00","North West",8.186
"2020-02-04 12:00:00","London",14.497
"2020-02-04 12:00:00","South East",12.82
"2020-02-04 12:00:00","South West",11.502
"2020-02-04 12:00:00","Midlands",13.302
"2020-02-04 12:00:00","North East and Yorkshire",11.325
"2020-02-04 12:00:00","East of England",13.695
"2020-02-04 12:00:00","North West",10.431
"2020-02-05 12:00:00","London",12.294
"2020-02-05 12:00:00","South East",11.597
"2020-02-05 12:00:00","South West",11.584
"2020-02-05 12:00:00","Midlands",11.092
"2020-02-05 12:00:00","North East and Yorkshire",10.831
"2020-02-05 12:00:00","East of England",11.465
"2020-02-05 12:00:00","North West",9.496
"2020-02-06 12:00:00","London",10.256
"2020-02-06 12:00:00","South East",9.526
"2020-02-06 12:00:00","South West",10.148
"2020-02-06 12:00:00","Midlands",11.27
"2020-02-06 12:00:00","North East and Yorkshire",10.466
"2020-02-06 12:00:00","East of England",9.761
"2020-02-06 12:00:00","North West",10.127
"2020-02-07 12:00:00","London",8.402
"2020-02-07 12:00:00","South East",8.079
"2020-02-07 12:00:00","South West",8.125
"2020-02-07 12:00:00","Midlands",7.137
"2020-02-07 12:00:00","North East and Yorkshire",6.456
"2020-02-07 12:00:00","East of England",7.289
"2020-02-07 12:00:00","North West",6.164
"2020-02-08 12:00:00","London",10.565
"2020-02-08 12:00:00","South East",9.643
"2020-02-08 12:00:00","South West",9.934
"2020-02-08 12:00:00","Midlands",9.568
"2020-02-08 12:00:00","North East and Yorkshire",8.798
"2020-02-08 12:00:00","East of England",9.85
"2020-02-08 12:00:00","North West",8.318
"2020-02-09 12:00:00","London",11.752
"2020-02-09 12:00:00","South East",10.461
"2020-02-09 12:00:00","South West",10.376
"2020-02-09 12:00:00","Midlands",8.927
"2020-02-09 12:00:00","North East and Yorkshire",6.952
"2020-02-09 12:00:00","East of England",10.12
"2020-02-09 12:00:00","North West",7.084
"2020-02-10 12:00:00","London",11.022
"2020-02-10 12:00:00","South East",9.903
"2020-02-10 12:00:00","South West",10.31
"2020-02-10 12:00:00","Midlands",10.661
"2020-02-10 12:00:00","North East and Yorkshire",10.931
"2020-02-10 12:00:00","East of England",10.125
"2020-02-10 12:00:00","North West",10.151
"2020-02-11 12:00:00","London",4.764
"2020-02-11 12:00:00","South East",4.374
"2020-02-11 12:00:00","South West",5.388
"2020-02-11 12:00:00","Midlands",4.456
"2020-02-11 12:00:00","North East and Yorkshire",3.307
"2020-02-11 12:00:00","East of England",3.943
"2020-02-11 12:00:00","North West",3.71
"2020-02-12 12:00:00","London",2.827
"2020-02-12 12:00:00","South East",2.324
"2020-02-12 12:00:00","South West",2.75
"2020-02-12 12:00:00","Midlands",1.332
"2020-02-12 12:00:00","North East and Yorkshire",1.041
"2020-02-12 12:00:00","East of England",2.238
"2020-02-12 12:00:00","North West",1.61
"2020-02-13 12:00:00","London",3.012
"2020-02-13 12:00:00","South East",2.619
"2020-02-13 12:00:00","South West",3.95
"2020-02-13 12:00:00","Midlands",2.926
"2020-02-13 12:00:00","North East and Yorkshire",2.333
"2020-02-13 12:00:00","East of England",2.491
"2020-02-13 12:00:00","North West",3.097
"2020-02-14 12:00:00","London",5.997
"2020-02-14 12:00:00","South East",5.521
"2020-02-14 12:00:00","South West",6.126
"2020-02-14 12:00:00","Midlands",5.203
"2020-02-14 12:00:00","North East and Yorkshire",4.966
"2020-02-14 12:00:00","East of England",5.089
"2020-02-14 12:00:00","North West",5.251
"2020-02-15 12:00:00","London",8.959
"2020-02-15 12:00:00","South East",8.639
"2020-02-15 12:00:00","South West",9.596
"2020-02-15 12:00:00","Midlands",8.512
"2020-02-15 12:00:00","North East and Yorkshire",7.49
"2020-02-15 12:00:00","East of England",8.13
"2020-02-15 12:00:00","North West",7.783
"2020-02-16 12:00:00","London",13.044
"2020-02-16 12:00:00","South East",11.518
"2020-02-16 12:00:00","South West",11.747
"2020-02-16 12:00:00","Midlands",12.195
"2020-02-16 12:00:00","North East and Yorkshire",12.481
"2020-02-16 12:00:00","East of England",12.547
"2020-02-16 12:00:00","North West",11.711
"2020-02-17 12:00:00","London",11.122
"2020-02-17 12:00:00","South East",10.052
"2020-02-17 12:00:00","South West",10.03
"2020-02-17 12:00:00","Midlands",9.957
"2020-02-17 12:00:00","North East and Yorkshire",8.445
"2020-02-17 12:00:00","East of England",10.503
"2020-02-17 12:00:00","North West",8.161
"2020-02-18 12:00:00","London",10.641
"2020-02-18 12:00:00","South East",9.581
"2020-02-18 12:00:00","South West",11.04
"2020-02-18 12:00:00","Midlands",10.833
"2020-02-18 12:00:00","North East and Yorkshire",11.077
"2020-02-18 12:00:00","East of England",9.873
"2020-02-18 12:00:00","North West",10.338
"2020-02-19 12:00:00","London",11.493
"2020-02-19 12:00:00","South East",10.027
"2020-02-19 12:00:00","South West",10.553
"2020-02-19 12:00:00","Midlands",11.785
"2020-02-19 12:00:00","North East and Yorkshire",10.657
"2020-02-19 12:00:00","East of England",11.287
"2020-02-19 12:00:00","North West",10.093
"2020-02-20 12:00:00","London",10.997
"2020-02-20 12:00:00","South East",9.67
"2020-02-20 12:00:00","South West",9.623
"2020-02-20 12:00:00","Midlands",9.691
"2020-02-20 12:00:00","North East and Yorkshire",8.878
"2020-02-20 12:00:00","East of England",10.181
"2020-02-20 12:00:00","North West",8.296
"2020-02-21 12:00:00","London",12.514
"2020-02-21 12:00:00","South East",10.92
"2020-02-21 12:00:00","South West",10.923
"2020-02-21 12:00:00","Midlands",11.24
"2020-02-21 12:00:00","North East and Yorkshire",11.082
"2020-02-21 12:00:00","East of England",11.281
"2020-02-21 12:00:00","North West",10.45
"2020-02-22 12:00:00","London",15.065
"2020-02-22 12:00:00","South East",12.883
"2020-02-22 12:00:00","South West",11.919
"2020-02-22 12:00:00","Midlands",12.841
"2020-02-22 12:00:00","North East and Yorkshire",12.596
"2020-02-22 12:00:00","East of England",14.155
"2020-02-22 12:00:00","North West",11.606
"2020-02-23 12:00:00","London",14.72
"2020-02-23 12:00:00","South East",12.265
"2020-02-23 12:00:00","South West",10.906
"2020-02-23 12:00:00","Midlands",11.962
"2020-02-23 12:00:00","North East and Yorkshire",12.123
"2020-02-23 12:00:00","East of England",13.876
"2020-02-23 12:00:00","North West",10.883
"2020-02-24 12:00:00","London",11.221
"2020-02-24 12:00:00","South East",9.942
"2020-02-24 12:00:00","South West",11.299
"2020-02-24 12:00:00","Midlands",11.171
"2020-02-24 12:00:00","North East and Yorkshire",10.633
"2020-02-24 12:00:00","East of England",10.927
"2020-02-24 12:00:00","North West",10.626
"2020-02-25 12:00:00","London",13.887
"2020-02-25 12:00:00","South East",11.859
"2020-02-25 12:00:00","South West",11.586
"2020-02-25 12:00:00","Midlands",13.179
"2020-02-25 12:00:00","North East and Yorkshire",13.928
"2020-02-25 12:00:00","East of England",14.116
"2020-02-25 12:00:00","North West",12.712
"2020-02-26 12:00:00","London",14.941
"2020-02-26 12:00:00","South East",12.535
"2020-02-26 12:00:00","South West",11.914
"2020-02-26 12:00:00","Midlands",9.025
"2020-02-26 12:00:00","North East and Yorkshire",7.896
"2020-02-26 12:00:00","East of England",13.55
"2020-02-26 12:00:00","North West",7.084
"2020-02-27 12:00:00","London",8.297
"2020-02-27 12:00:00","South East",7.727
"2020-02-27 12:00:00","South West",7.424
"2020-02-27 12:00:00","Midlands",7.026
"2020-02-27 12:00:00","North East and Yorkshire",9.623
"2020-02-27 12:00:00","East of England",8.142
"2020-02-27 12:00:00","North West",8.692
"2020-02-28 12:00:00","London",10.055
"2020-02-28 12:00:00","South East",8.839
"2020-02-28 12:00:00","South West",9.372
"2020-02-28 12:00:00","Midlands",9.275
"2020-02-28 12:00:00","North East and Yorkshire",9.033
"2020-02-28 12:00:00","East of England",9.539
"2020-02-28 12:00:00","North West",9.198
"2020-02-29 12:00:00","London",10.383
"2020-02-29 12:00:00","South East",9.715
"2020-02-29 12:00:00","South West",10.344
"2020-02-29 12:00:00","Midlands",9.608
"2020-02-29 12:00:00","North East and Yorkshire",8.41
"2020-02-29 12:00:00","East of England",9.12
"2020-02-29 12:00:00","North West",8.766
"2020-03-01 12:00:00","London",10.542
"2020-03-01 12:00:00","South East",10.141
"2020-03-01 12:00:00","South West",11.423
"2020-03-01 12:00:00","Midlands",10.668
"2020-03-01 12:00:00","North East and Yorkshire",9.547
"2020-03-01 12:00:00","East of England",9.692
"2020-03-01 12:00:00","North West",10.045
"2020-03-02 12:00:00","London",12.336
"2020-03-02 12:00:00","South East",10.842
"2020-03-02 12:00:00","South West",11.563
"2020-03-02 12:00:00","Midlands",13.062
"2020-03-02 12:00:00","North East and Yorkshire",12.137
"2020-03-02 12:00:00","East of England",10.952
"2020-03-02 12:00:00","North West",12.161
"2020-03-03 12:00:00","London",13.252
"2020-03-03 12:00:00","South East",11.704
"2020-03-03 12:00:00","South West",12.078
"2020-03-03 12:00:00","Midlands",12.938
"2020-03-03 12:00:00","North East and Yorkshire",12.329
"2020-03-03 12:00:00","East of England",12.893
"2020-03-03 12:00:00","North West",11.162
"2020-03-04 12:00:00","London",12.879
"2020-03-04 12:00:00","South East",11.667
"2020-03-04 12:00:00","South West",11.67
"2020-03-04 12:00:00","Midlands",15.725
"2020-03-04 12:00:00","North East and Yorkshire",16.038
"2020-03-04 12:00:00","East of England",12.881
"2020-03-04 12:00:00","North West",14.606
"2020-03-05 12:00:00","London",13.951
"2020-03-05 12:00:00","South East",11.876
"2020-03-05 12:00:00","South West",12.122
"2020-03-05 12:00:00","Midlands",13.741
"2020-03-05 12:00:00","North East and Yorkshire",14.514
"2020-03-05 12:00:00","East of England",14.081
"2020-03-05 12:00:00","North West",12.28
"2020-03-06 12:00:00","London",10.697
"2020-03-06 12:00:00","South East",9.726
"2020-03-06 12:00:00","South West",11.222
"2020-03-06 12:00:00","Midlands",13.031
"2020-03-06 12:00:00","North East and Yorkshire",12.708
"2020-03-06 12:00:00","East of England",10.752
"2020-03-06 12:00:00","North West",11.137
"2020-03-07 12:00:00","London",13.396
"2020-03-07 12:00:00","South East",11.827
"2020-03-07 12:00:00","South West",11.358
"2020-03-07 12:00:00","Midlands",10.791
"2020-03-07 12:00:00","North East and Yorkshire",10.423
"2020-03-07 12:00:00","East of England",12.203
"2020-03-07 12:00:00","North West",9.248
"2020-03-08 12:00:00","London",14.383
"2020-03-08 12:00:00","South East",12.848
"2020-03-08 12:00:00","South West",12.163
"2020-03-08 12:00:00","Midlands",11.67
"2020-03-08 12:00:00","North East and Yorkshire",10.483
"2020-03-08 12:00:00","East of England",12.624
"2020-03-08 12:00:00","North West",9.542
"2020-03-09 12:00:00","London",12.845
"2020-03-09 12:00:00","South East",11.763
"2020-03-09 12:00:00","South West",12.166
"2020-03-09 12:00:00","Midlands",12.399
"2020-03-09 12:00:00","North East and Yorkshire",11.928
"2020-03-09 12:00:00","East of England",11.557
"2020-03-09 12:00:00","North West",10.864
"2020-03-10 12:00:00","London",11.887
"2020-03-10 12:00:00","South East",10.452
"2020-03-10 12:00:00","South West",10.15
"2020-03-10 12:00:00","Midlands",9.727
"2020-03-10 12:00:00","North East and Yorkshire",9.332
"2020-03-10 12:00:00","East of England",11.101
"2020-03-10 12:00:00","North West",8.29
"2020-03-11 12:00:00","London",12.907
"2020-03-11 12:00:00","South East",11.063
"2020-03-11 12:00:00","South West",11.09
"2020-03-11 12:00:00","Midlands",12.004
"2020-03-11 12:00:00","North East and Yorkshire",11.598
"2020-03-11 12:00:00","East of England",12.278
"2020-03-11 12:00:00","North West",10.274
"2020-03-12 12:00:00","London",15.094
"2020-03-12 12:00:00","South East",12.667
"2020-03-12 12:00:00","South West",12.826
"2020-03-12 12:00:00","Midlands",15.65
"2020-03-12 12:00:00","North East and Yorkshire",14.767
"2020-03-12 12:00:00","East of England",14.767
"2020-03-12 12:00:00","North West",13.51
"2020-03-13 12:00:00","London",15.504
"2020-03-13 12:00:00","South East",11.647
"2020-03-13 12:00:00","South West",10.985
"2020-03-13 12:00:00","Midlands",14.69
"2020-03-13 12:00:00","North East and Yorkshire",15.77
"2020-03-13 12:00:00","East of England",14.769
"2020-03-13 12:00:00","North West",14.64
"2020-03-14 12:00:00","London",16.91
"2020-03-14 12:00:00","South East",14.2
"2020-03-14 12:00:00","South West",14.141
"2020-03-14 12:00:00","Midlands",15.311
"2020-03-14 12:00:00","North East and Yorkshire",14.806
"2020-03-14 12:00:00","East of England",15.186
"2020-03-14 12:00:00","North West",14.278
"2020-03-15 12:00:00","London",16.555
"2020-03-15 12:00:00","South East",14.524
"2020-03-15 12:00:00","South West",14.124
"2020-03-15 12:00:00","Midlands",15.038
"2020-03-15 12:00:00","North East and Yorkshire",13.556
"2020-03-15 12:00:00","East of England",15.496
"2020-03-15 12:00:00","North West",14.138
"2020-03-16 12:00:00","London",19.412
"2020-03-16 12:00:00","South East",16.901
"2020-03-16 12:00:00","South West",15.289
"2020-03-16 12:00:00","Midlands",16.965
"2020-03-16 12:00:00","North East and Yorkshire",16.14
"2020-03-16 12:00:00","East of England",17.603
"2020-03-16 12:00:00","North West",15.913
"2020-03-17 12:00:00","London",9.103
"2020-03-17 12:00:00","South East",8.286
"2020-03-17 12:00:00","South West",8.884
"2020-03-17 12:00:00","Midlands",8.244
"2020-03-17 12:00:00","North East and Yorkshire",8.622
"2020-03-17 12:00:00","East of England",8.18
"2020-03-17 12:00:00","North West",7.827
"2020-03-18 12:00:00","London",11.748
"2020-03-18 12:00:00","South East",10.304
"2020-03-18 12:00:00","South West",10.657
"2020-03-18 12:00:00","Midlands",10.812
"2020-03-18 12:00:00","North East and Yorkshire",10.709
"2020-03-18 12:00:00","East of England",11.168
"2020-03-18 12:00:00","North West",9.808
"2020-03-19 12:00:00","London",11.188
"2020-03-19 12:00:00","South East",9.827
"2020-03-19 12:00:00","South West",8.689
"2020-03-19 12:00:00","Midlands",8.875
"2020-03-19 12:00:00","North East and Yorkshire",8.522
"2020-03-19 12:00:00","East of England",10.573
"2020-03-19 12:00:00","North West",7.967
"2020-03-20 12:00:00","London",9.648
"2020-03-20 12:00:00","South East",8.318
"2020-03-20 12:00:00","South West",7.649
"2020-03-20 12:00:00","Midlands",7.197
"2020-03-20 12:00:00","North East and Yorkshire",5.827
"2020-03-20 12:00:00","East of England",8.266
"2020-03-20 12:00:00","North West",5.868
"2020-03-21 12:00:00","London",9.079
"2020-03-21 12:00:00","South East",7.704
"2020-03-21 12:00:00","South West",6.69
"2020-03-21 12:00:00","Midlands",6.29
"2020-03-21 12:00:00","North East and Yorkshire",6.712
"2020-03-21 12:00:00","East of England",8.327
"2020-03-21 12:00:00","North West",5.46
"2020-03-22 12:00:00","London",10.233
"2020-03-22 12:00:00","South East",9.34
"2020-03-22 12:00:00","South West",9.28
"2020-03-22 12:00:00","Midlands",8.649
"2020-03-22 12:00:00","North East and Yorkshire",7.784
"2020-03-22 12:00:00","East of England",8.166
"2020-03-22 12:00:00","North West",8.422
"2020-03-23 12:00:00","London",11.868
"2020-03-23 12:00:00","South East",10.225
"2020-03-23 12:00:00","South West",8.895
"2020-03-23 12:00:00","Midlands",10.611
"2020-03-23 12:00:00","North East and Yorkshire",9.474
"2020-03-23 12:00:00","East of England",10.985
"2020-03-23 12:00:00","North West",9.225
"2020-03-24 12:00:00","London",19.48
"2020-03-24 12:00:00","South East",17.064
"2020-03-24 12:00:00","South West",16.475
"2020-03-24 12:00:00","Midlands",17.881
"2020-03-24 12:00:00","North East and Yorkshire",16.922
"2020-03-24 12:00:00","East of England",18.202
"2020-03-24 12:00:00","North West",15.428
"2020-03-25 12:00:00","London",21.64
"2020-03-25 12:00:00","South East",20.163
"2020-03-25 12:00:00","South West",19.644
"2020-03-25 12:00:00","Midlands",20.913
"2020-03-25 12:00:00","North East and Yorkshire",18.865
"2020-03-25 12:00:00","East of England",20.701
"2020-03-25 12:00:00","North West",17.237
"2020-03-26 12:00:00","London",22.687
"2020-03-26 12:00:00","South East",21.065
"2020-03-26 12:00:00","South West",21.177
"2020-03-26 12:00:00","Midlands",18.764
"2020-03-26 12:00:00","North East and Yorkshire",12.483
"2020-03-26 12:00:00","East of England",20.483
"2020-03-26 12:00:00","North West",15.67
"2020-03-27 12:00:00","London",22.57
"2020-03-27 12:00:00","South East",20.98
"2020-03-27 12:00:00","South West",21.348
"2020-03-27 12:00:00","Midlands",22.449
"2020-03-27 12:00:00","North East and Yorkshire",19.507
"2020-03-27 12:00:00","East of England",20.334
"2020-03-27 12:00:00","North West",19.88
"2020-03-28 12:00:00","London",24.553
"2020-03-28 12:00:00","South East",21.59
"2020-03-28 12:00:00","South West",22.149
"2020-03-28 12:00:00","Midlands",23.087
"2020-03-28 12:00:00","North East and Yorkshire",20.273
"2020-03-28 12:00:00","East of England",22.663
"2020-03-28 12:00:00","North West",17.517
"2020-03-29 12:00:00","London",24.332
"2020-03-29 12:00:00","South East",21.22
"2020-03-29 12:00:00","South West",19.515
"2020-03-29 12:00:00","Midlands",20.543
"2020-03-29 12:00:00","North East and Yorkshire",15.73
"2020-03-29 12:00:00","East of England",22.583
"2020-03-29 12:00:00","North West",16.507
"2020-03-30 12:00:00","London",11.193
"2020-03-30 12:00:00","South East",10.393
"2020-03-30 12:00:00","South West",11.995
"2020-03-30 12:00:00","Midlands",9.739
"2020-03-30 12:00:00","North East and Yorkshire",8.567
"2020-03-30 12:00:00","East of England",9.919
"2020-03-30 12:00:00","North West",9.305
"2020-03-31 12:00:00","London",15.686
"2020-03-31 12:00:00","South East",13.186
"2020-03-31 12:00:00","South West",12.662
"2020-03-31 12:00:00","Midlands",14.129
"2020-03-31 12:00:00","North East and Yorkshire",13.326
"2020-03-31 12:00:00","East of England",14.557
"2020-03-31 12:00:00","North West",12.123
"2020-04-01 12:00:00","London",11.196
"2020-04-01 12:00:00","South East",9.939
"2020-04-01 12:00:00","South West",9.734
"2020-04-01 12:00:00","Midlands",10.209
"2020-04-01 12:00:00","North East and Yorkshire",10.298
"2020-04-01 12:00:00","East of England",10.293
"2020-04-01 12:00:00","North West",9.556
"2020-04-02 12:00:00","London",13.997
"2020-04-02 12:00:00","South East",12.313
"2020-04-02 12:00:00","South West",12.626
"2020-04-02 12:00:00","Midlands",13.008
"2020-04-02 12:00:00","North East and Yorkshire",12.166
"2020-04-02 12:00:00","East of England",13.201
"2020-04-02 12:00:00","North West",11.225
"2020-04-03 12:00:00","London",15.899
"2020-04-03 12:00:00","South East",14.189
"2020-04-03 12:00:00","South West",14.296
"2020-04-03 12:00:00","Midlands",15.206
"2020-04-03 12:00:00","North East and Yorkshire",13.971
"2020-04-03 12:00:00","East of England",14.679
"2020-04-03 12:00:00","North West",14.071
"2020-04-04 12:00:00","London",14.088
"2020-04-04 12:00:00","South East",13.745
"2020-04-04 12:00:00","South West",13.954
"2020-04-04 12:00:00","Midlands",14.581
"2020-04-04 12:00:00","North East and Yorkshire",13.198
"2020-04-04 12:00:00","East of England",13.078
"2020-04-04 12:00:00","North West",13.752
"2020-04-05 12:00:00","London",12.084
"2020-04-05 12:00:00","South East",10.655
"2020-04-05 12:00:00","South West",11.33
"2020-04-05 12:00:00","Midlands",10.639
"2020-04-05 12:00:00","North East and Yorkshire",9.884
"2020-04-05 12:00:00","East of England",10.487
"2020-04-05 12:00:00","North West",10.085
"2020-04-06 12:00:00","London",16.725
"2020-04-06 12:00:00","South East",14.822
"2020-04-06 12:00:00","South West",14.294
"2020-04-06 12:00:00","Midlands",12.597
"2020-04-06 12:00:00","North East and Yorkshire",12.192
"2020-04-06 12:00:00","East of England",14.825
"2020-04-06 12:00:00","North West",11.028
"2020-04-07 12:00:00","London",13.419
"2020-04-07 12:00:00","South East",11.77
"2020-04-07 12:00:00","South West",10.953
"2020-04-07 12:00:00","Midlands",12.04
"2020-04-07 12:00:00","North East and Yorkshire",12.589
"2020-04-07 12:00:00","East of England",13.558
"2020-04-07 12:00:00","North West",10.67
"2020-04-08 12:00:00","London",11.882
"2020-04-08 12:00:00","South East",10.182
"2020-04-08 12:00:00","South West",9.392
"2020-04-08 12:00:00","Midlands",9.351
"2020-04-08 12:00:00","North East and Yorkshire",8.691
"2020-04-08 12:00:00","East of England",11.529
"2020-04-08 12:00:00","North West",7.522
"2020-04-09 12:00:00","London",13.836
"2020-04-09 12:00:00","South East",11.911
"2020-04-09 12:00:00","South West",11.836
"2020-04-09 12:00:00","Midlands",12.296
"2020-04-09 12:00:00","North East and Yorkshire",10.732
"2020-04-09 12:00:00","East of England",13.363
"2020-04-09 12:00:00","North West",10.12
"2020-04-10 12:00:00","London",10.972
"2020-04-10 12:00:00","South East",9.222
"2020-04-10 12:00:00","South West",9.823
"2020-04-10 12:00:00","Midlands",9.712
"2020-04-10 12:00:00","North East and Yorkshire",9.782
"2020-04-10 12:00:00","East of England",11.565
"2020-04-10 12:00:00","North West",8.273
"2020-04-11 12:00:00","London",15.497
"2020-04-11 12:00:00","South East",13.813
"2020-04-11 12:00:00","South West",13.744
"2020-04-11 12:00:00","Midlands",13.553
"2020-04-11 12:00:00","North East and Yorkshire",13.201
"2020-04-11 12:00:00","East of England",14.589
"2020-04-11 12:00:00","North West",12.739
"2020-04-12 12:00:00","London",16.052
"2020-04-12 12:00:00","South East",13.629
"2020-04-12 12:00:00","South West",12.591
"2020-04-12 12:00:00","Midlands",12.83
"2020-04-12 12:00:00","North East and Yorkshire",13.925
"2020-04-12 12:00:00","East of England",15.026
"2020-04-12 12:00:00","North West",11.375
"2020-04-13 12:00:00","London",16.911
"2020-04-13 12:00:00","South East",14.591
"2020-04-13 12:00:00","South West",14.352
"2020-04-13 12:00:00","Midlands",14.813
"2020-04-13 12:00:00","North East and Yorkshire",14.242
"2020-04-13 12:00:00","East of England",14.928
"2020-04-13 12:00:00","North West",13.953
"2020-04-14 12:00:00","London",13.732
"2020-04-14 12:00:00","South East",12.932
"2020-04-14 12:00:00","South West",12.765
"2020-04-14 12:00:00","Midlands",12.802
"2020-04-14 12:00:00","North East and Yorkshire",11.438
"2020-04-14 12:00:00","East of England",11.849
"2020-04-14 12:00:00","North West",11.429
"2020-04-15 12:00:00","London",12.517
"2020-04-15 12:00:00","South East",11.505
"2020-04-15 12:00:00","South West",11.37
"2020-04-15 12:00:00","Midlands",11.536
"2020-04-15 12:00:00","North East and Yorkshire",10.349
"2020-04-15 12:00:00","East of England",11.34
"2020-04-15 12:00:00","North West",10.074
"2020-04-16 12:00:00","London",14.331
"2020-04-16 12:00:00","South East",12.658
"2020-04-16 12:00:00","South West",12.532
"2020-04-16 12:00:00","Midlands",11.848
"2020-04-16 12:00:00","North East and Yorkshire",10.389
"2020-04-16 12:00:00","East of England",12.589
"2020-04-16 12:00:00","North West",9.958
"2020-04-17 12:00:00","London",15.255
"2020-04-17 12:00:00","South East",14.33
"2020-04-17 12:00:00","South West",14.324
"2020-04-17 12:00:00","Midlands",13.648
"2020-04-17 12:00:00","North East and Yorkshire",11.563
"2020-04-17 12:00:00","East of England",13.181
"2020-04-17 12:00:00","North West",11.887
"2020-04-18 12:00:00","London",11.381
"2020-04-18 12:00:00","South East",11.183
"2020-04-18 12:00:00","South West",12.974
"2020-04-18 12:00:00","Midlands",12.428
"2020-04-18 12:00:00","North East and Yorkshire",11.237
"2020-04-18 12:00:00","East of England",10.414
"2020-04-18 12:00:00","North West",11.946
"2020-04-19 12:00:00","London",11.89
"2020-04-19 12:00:00","South East",10.957
"2020-04-19 12:00:00","South West",12.571
"2020-04-19 12:00:00","Midlands",11.93
"2020-04-19 12:00:00","North East and Yorkshire",10.607
"2020-04-19 12:00:00","East of England",10.998
"2020-04-19 12:00:00","North West",11.231
"2020-04-20 12:00:00","London",9.638
"2020-04-20 12:00:00","South East",9.071
"2020-04-20 12:00:00","South West",10.153
"2020-04-20 12:00:00","Midlands",9.001
"2020-04-20 12:00:00","North East and Yorkshire",9.173
"2020-04-20 12:00:00","East of England",9.412
"2020-04-20 12:00:00","North West",10.081
"2020-04-21 12:00:00","London",12.859
"2020-04-21 12:00:00","South East",11.066
"2020-04-21 12:00:00","South West",11.717
"2020-04-21 12:00:00","Midlands",12.414
"2020-04-21 12:00:00","North East and Yorkshire",10.67
"2020-04-21 12:00:00","East of England",11.819
"2020-04-21 12:00:00","North West",10.508
"2020-04-22 12:00:00","London",12.064
"2020-04-22 12:00:00","South East",11.093
"2020-04-22 12:00:00","South West",12.322
"2020-04-22 12:00:00","Midlands",11.688
"2020-04-22 12:00:00","North East and Yorkshire",11.022
"2020-04-22 12:00:00","East of England",10.362
"2020-04-22 12:00:00","North West",11.151
"2020-04-23 12:00:00","London",10.692
"2020-04-23 12:00:00","South East",9.914
"2020-04-23 12:00:00","South West",10.705
"2020-04-23 12:00:00","Midlands",11.148
"2020-04-23 12:00:00","North East and Yorkshire",11.116
"2020-04-23 12:00:00","East of England",9.944
"2020-04-23 12:00:00","North West",11.172
"2020-04-24 12:00:00","London",11.834
"2020-04-24 12:00:00","South East",10.558
"2020-04-24 12:00:00","South West",10.74
"2020-04-24 12:00:00","Midlands",10.843
"2020-04-24 12:00:00","North East and Yorkshire",12.105
"2020-04-24 12:00:00","East of England",10.897
"2020-04-24 12:00:00","North West",11.833
"2020-04-25 12:00:00","London",13.372
"2020-04-25 12:00:00","South East",11.9
"2020-04-25 12:00:00","South West",12.419
"2020-04-25 12:00:00","Midlands",13.533
"2020-04-25 12:00:00","North East and Yorkshire",13.377
"2020-04-25 12:00:00","East of England",12.029
"2020-04-25 12:00:00","North West",13.1
"2020-04-26 12:00:00","London",15.279
"2020-04-26 12:00:00","South East",13.293
"2020-04-26 12:00:00","South West",14.003
"2020-04-26 12:00:00","Midlands",14.818
"2020-04-26 12:00:00","North East and Yorkshire",13.916
"2020-04-26 12:00:00","East of England",13.782
"2020-04-26 12:00:00","North West",13.209
"2020-04-27 12:00:00","London",16.978
"2020-04-27 12:00:00","South East",14.651
"2020-04-27 12:00:00","South West",14.258
"2020-04-27 12:00:00","Midlands",16.314
"2020-04-27 12:00:00","North East and Yorkshire",15.623
"2020-04-27 12:00:00","East of England",15.537
"2020-04-27 12:00:00","North West",15.374
"2020-04-28 12:00:00","London",20.154
"2020-04-28 12:00:00","South East",17.383
"2020-04-28 12:00:00","South West",17.322
"2020-04-28 12:00:00","Midlands",19.191
"2020-04-28 12:00:00","North East and Yorkshire",17.426
"2020-04-28 12:00:00","East of England",19.616
"2020-04-28 12:00:00","North West",15.607
"2020-04-29 12:00:00","London",15.913
"2020-04-29 12:00:00","South East",14.95
"2020-04-29 12:00:00","South West",15.238
"2020-04-29 12:00:00","Midlands",15.907
"2020-04-29 12:00:00","North East and Yorkshire",15.418
"2020-04-29 12:00:00","East of England",15.208
"2020-04-29 12:00:00","North West",13.785
"2020-04-30 12:00:00","London",18.412
"2020-04-30 12:00:00","South East",16.044
"2020-04-30 12:00:00","South West",15.145
"2020-04-30 12:00:00","Midlands",15.985
"2020-04-30 12:00:00","North East and Yorkshire",15.345
"2020-04-30 12:00:00","East of England",17.6
"2020-04-30 12:00:00","North West",13.904
"2020-05-01 12:00:00","London",20.667
"2020-05-01 12:00:00","South East",17.621
"2020-05-01 12:00:00","South West",16.758
"2020-05-01 12:00:00","Midlands",18.541
"2020-05-01 12:00:00","North East and Yorkshire",16.549
"2020-05-01 12:00:00","East of England",19.688
"2020-05-01 12:00:00","North West",15.376
"2020-05-02 12:00:00","London",22.75
"2020-05-02 12:00:00","South East",19.368
"2020-05-02 12:00:00","South West",18.08
"2020-05-02 12:00:00","Midlands",21.696
"2020-05-02 12:00:00","North East and Yorkshire",20.854
"2020-05-02 12:00:00","East of England",21.445
"2020-05-02 12:00:00","North West",18.686
"2020-05-03 12:00:00","London",18.392
"2020-05-03 12:00:00","South East",16.958
"2020-05-03 12:00:00","South West",17.11
"2020-05-03 12:00:00","Midlands",20.238
"2020-05-03 12:00:00","North East and Yorkshire",18.653
"2020-05-03 12:00:00","East of England",18.852
"2020-05-03 12:00:00","North West",19.068
"2020-05-04 12:00:00","London",21.996
"2020-05-04 12:00:00","South East",19.008
"2020-05-04 12:00:00","South West",17.729
"2020-05-04 12:00:00","Midlands",21.183
"2020-05-04 12:00:00","North East and Yorkshire",19.378
"2020-05-04 12:00:00","East of England",22.004
"2020-05-04 12:00:00","North West",18.722
"2020-05-05 12:00:00","London",12.791
"2020-05-05 12:00:00","South East",11.433
"2020-05-05 12:00:00","South West",12.059
"2020-05-05 12:00:00","Midlands",13.127
"2020-05-05 12:00:00","North East and Yorkshire",13.44
"2020-05-05 12:00:00","East of England",11.746
"2020-05-05 12:00:00","North West",11.585
"2020-05-06 12:00:00","London",18.212
"2020-05-06 12:00:00","South East",16.077
"2020-05-06 12:00:00","South West",15.864
"2020-05-06 12:00:00","Midlands",18.155
"2020-05-06 12:00:00","North East and Yorkshire",18.91
"2020-05-06 12:00:00","East of England",16.6
"2020-05-06 12:00:00","North West",15.853
"2020-05-07 12:00:00","London",19.758
"2020-05-07 12:00:00","South East",17.904
"2020-05-07 12:00:00","South West",18.611
"2020-05-07 12:00:00","Midlands",19.17
"2020-05-07 12:00:00","North East and Yorkshire",15.71
"2020-05-07 12:00:00","East of England",18.646
"2020-05-07 12:00:00","North West",17.364
"2020-05-08 12:00:00","London",14.445
"2020-05-08 12:00:00","South East",12.292
"2020-05-08 12:00:00","South West",11.798
"2020-05-08 12:00:00","Midlands",13.839
"2020-05-08 12:00:00","North East and Yorkshire",11.644
"2020-05-08 12:00:00","East of England",13.817
"2020-05-08 12:00:00","North West",12.97
"2020-05-09 12:00:00","London",14.519
"2020-05-09 12:00:00","South East",12.367
"2020-05-09 12:00:00","South West",11.241
"2020-05-09 12:00:00","Midlands",10.145
"2020-05-09 12:00:00","North East and Yorkshire",10.85
"2020-05-09 12:00:00","East of England",12.476
"2020-05-09 12:00:00","North West",9.867
"2020-05-10 12:00:00","London",17.965
"2020-05-10 12:00:00","South East",16.009
"2020-05-10 12:00:00","South West",16.036
"2020-05-10 12:00:00","Midlands",15.578
"2020-05-10 12:00:00","North East and Yorkshire",14.128
"2020-05-10 12:00:00","East of England",15.601
"2020-05-10 12:00:00","North West",14.845
"2020-05-11 12:00:00","London",17.715
"2020-05-11 12:00:00","South East",15.93
"2020-05-11 12:00:00","South West",17.031
"2020-05-11 12:00:00","Midlands",15.757
"2020-05-11 12:00:00","North East and Yorkshire",13.269
"2020-05-11 12:00:00","East of England",15.667
"2020-05-11 12:00:00","North West",14.276
"2020-05-12 12:00:00","London",17.4
"2020-05-12 12:00:00","South East",16.375
"2020-05-12 12:00:00","South West",16.464
"2020-05-12 12:00:00","Midlands",17.064
"2020-05-12 12:00:00","North East and Yorkshire",16.682
"2020-05-12 12:00:00","East of England",17.442
"2020-05-12 12:00:00","North West",14.619
"2020-05-13 12:00:00","London",18.822
"2020-05-13 12:00:00","South East",16.362
"2020-05-13 12:00:00","South West",16.132
"2020-05-13 12:00:00","Midlands",16.763
"2020-05-13 12:00:00","North East and Yorkshire",15.375
"2020-05-13 12:00:00","East of England",17.946
"2020-05-13 12:00:00","North West",13.15
"2020-05-14 12:00:00","London",19.446
"2020-05-14 12:00:00","South East",16.999
"2020-05-14 12:00:00","South West",16.438
"2020-05-14 12:00:00","Midlands",18.127
"2020-05-14 12:00:00","North East and Yorkshire",18.226
"2020-05-14 12:00:00","East of England",18.986
"2020-05-14 12:00:00","North West",15.347
"2020-05-15 12:00:00","London",18.114
"2020-05-15 12:00:00","South East",16.057
"2020-05-15 12:00:00","South West",16.163
"2020-05-15 12:00:00","Midlands",15.172
"2020-05-15 12:00:00","North East and Yorkshire",16.764
"2020-05-15 12:00:00","East of England",16.9
"2020-05-15 12:00:00","North West",14.374
"2020-05-16 12:00:00","London",18.664
"2020-05-16 12:00:00","South East",16.109
"2020-05-16 12:00:00","South West",15.686
"2020-05-16 12:00:00","Midlands",15.044
"2020-05-16 12:00:00","North East and Yorkshire",14.117
"2020-05-16 12:00:00","East of England",16.766
"2020-05-16 12:00:00","North West",12.728
"2020-05-17 12:00:00","London",19.466
"2020-05-17 12:00:00","South East",17.089
"2020-05-17 12:00:00","South West",16.442
"2020-05-17 12:00:00","Midlands",18.114
"2020-05-17 12:00:00","North East and Yorkshire",17.027
"2020-05-17 12:00:00","East of England",18.985
"2020-05-17 12:00:00","North West",15.122
"2020-05-18 12:00:00","London",14.095
"2020-05-18 12:00:00","South East",12.961
"2020-05-18 12:00:00","South West",14.853
"2020-05-18 12:00:00","Midlands",14.041
"2020-05-18 12:00:00","North East and Yorkshire",15.668
"2020-05-18 12:00:00","East of England",13.082
"2020-05-18 12:00:00","North West",15.479
"2020-05-19 12:00:00","London",14.744
"2020-05-19 12:00:00","South East",13.59
"2020-05-19 12:00:00","South West",17.228
"2020-05-19 12:00:00","Midlands",16.595
"2020-05-19 12:00:00","North East and Yorkshire",16.589
"2020-05-19 12:00:00","East of England",16.145
"2020-05-19 12:00:00","North West",17.43
"2020-05-20 12:00:00","London",15.59
"2020-05-20 12:00:00","South East",14.895
"2020-05-20 12:00:00","South West",15.553
"2020-05-20 12:00:00","Midlands",14.688
"2020-05-20 12:00:00","North East and Yorkshire",13.555
"2020-05-20 12:00:00","East of England",16.394
"2020-05-20 12:00:00","North West",12.888
"2020-05-21 12:00:00","London",18.873
"2020-05-21 12:00:00","South East",16.684
"2020-05-21 12:00:00","South West",14.295
"2020-05-21 12:00:00","Midlands",13.747
"2020-05-21 12:00:00","North East and Yorkshire",13.966
"2020-05-21 12:00:00","East of England",16.932
"2020-05-21 12:00:00","North West",11.141
"2020-05-22 12:00:00","London",18.791
"2020-05-22 12:00:00","South East",16.589
"2020-05-22 12:00:00","South West",15.622
"2020-05-22 12:00:00","Midlands",16.051
"2020-05-22 12:00:00","North East and Yorkshire",15.827
"2020-05-22 12:00:00","East of England",17.833
"2020-05-22 12:00:00","North West",14.164
"2020-05-23 12:00:00","London",20.82
"2020-05-23 12:00:00","South East",18.319
"2020-05-23 12:00:00","South West",17.231
"2020-05-23 12:00:00","Midlands",18.911
"2020-05-23 12:00:00","North East and Yorkshire",17.229
"2020-05-23 12:00:00","East of England",17.697
"2020-05-23 12:00:00","North West",17.431
"2020-05-24 12:00:00","London",20.106
"2020-05-24 12:00:00","South East",17.537
"2020-05-24 12:00:00","South West",16.648
"2020-05-24 12:00:00","Midlands",18.347
"2020-05-24 12:00:00","North East and Yorkshire",16.835
"2020-05-24 12:00:00","East of England",19.684
"2020-05-24 12:00:00","North West",16.191
"2020-05-25 12:00:00","London",17.716
"2020-05-25 12:00:00","South East",15.626
"2020-05-25 12:00:00","South West",15.73
"2020-05-25 12:00:00","Midlands",16.831
"2020-05-25 12:00:00","North East and Yorkshire",16.597
"2020-05-25 12:00:00","East of England",17.481
"2020-05-25 12:00:00","North West",14.449
"2020-05-26 12:00:00","London",18.153
"2020-05-26 12:00:00","South East",16.393
"2020-05-26 12:00:00","South West",16.112
"2020-05-26 12:00:00","Midlands",16.691
"2020-05-26 12:00:00","North East and Yorkshire",15.715
"2020-05-26 12:00:00","East of England",17.236
"2020-05-26 12:00:00","North West",14.303
"2020-05-27 12:00:00","London",18.824
"2020-05-27 12:00:00","South East",16.303
"2020-05-27 12:00:00","South West",16.063
"2020-05-27 12:00:00","Midlands",17.913
"2020-05-27 12:00:00","North East and Yorkshire",16.797
"2020-05-27 12:00:00","East of England",18.491
"2020-05-27 12:00:00","North West",15.201
"2020-05-28 12:00:00","London",20.219
"2020-05-28 12:00:00","South East",17.616
"2020-05-28 12:00:00","South West",16.824
"2020-05-28 12:00:00","Midlands",17.899
"2020-05-28 12:00:00","North East and Yorkshire",17.574
"2020-05-28 12:00:00","East of England",19.487
"2020-05-28 12:00:00","North West",15.328
"2020-05-29 12:00:00","London",20.362
"2020-05-29 12:00:00","South East",18.458
"2020-05-29 12:00:00","South West",17.526
"2020-05-29 12:00:00","Midlands",17.353
"2020-05-29 12:00:00","North East and Yorkshire",16.13
"2020-05-29 12:00:00","East of England",18.743
"2020-05-29 12:00:00","North West",13.869
"2020-05-30 12:00:00","London",18.534
"2020-05-30 12:00:00","South East",17.047
"2020-05-30 12:00:00","South West",17.211
"2020-05-30 12:00:00","Midlands",17.368
"2020-05-30 12:00:00","North East and Yorkshire",15.713
"2020-05-30 12:00:00","East of England",16.766
"2020-05-30 12:00:00","North West",15.245
"2020-05-31 12:00:00","London",16.586
"2020-05-31 12:00:00","South East",14.992
"2020-05-31 12:00:00","South West",14.989
"2020-05-31 12:00:00","Midlands",14.63
"2020-05-31 12:00:00","North East and Yorkshire",13.617
"2020-05-31 12:00:00","East of England",14.863
"2020-05-31 12:00:00","North West",13.039
"2020-06-01 12:00:00","London",15.475
"2020-06-01 12:00:00","South East",14.225
"2020-06-01 12:00:00","South West",14.995
"2020-06-01 12:00:00","Midlands",15.109
"2020-06-01 12:00:00","North East and Yorkshire",13.215
"2020-06-01 12:00:00","East of England",15.208
"2020-06-01 12:00:00","North West",11.661
"2020-06-02 12:00:00","London",20.278
"2020-06-02 12:00:00","South East",17.641
"2020-06-02 12:00:00","South West",15.95
"2020-06-02 12:00:00","Midlands",16.72
"2020-06-02 12:00:00","North East and Yorkshire",16.082
"2020-06-02 12:00:00","East of England",19.254
"2020-06-02 12:00:00","North West",14.202
"2020-06-03 12:00:00","London",17.453
"2020-06-03 12:00:00","South East",16.028
"2020-06-03 12:00:00","South West",15.611
"2020-06-03 12:00:00","Midlands",15.976
"2020-06-03 12:00:00","North East and Yorkshire",14.413
"2020-06-03 12:00:00","East of England",16.623
"2020-06-03 12:00:00","North West",13.328
"2020-06-04 12:00:00","London",18.773
"2020-06-04 12:00:00","South East",16.961
"2020-06-04 12:00:00","South West",16.685
"2020-06-04 12:00:00","Midlands",17.068
"2020-06-04 12:00:00","North East and Yorkshire",15.96
"2020-06-04 12:00:00","East of England",17.935
"2020-06-04 12:00:00","North West",14.272
"2020-06-05 12:00:00","London",19.776
"2020-06-05 12:00:00","South East",17.567
"2020-06-05 12:00:00","South West",16.919
"2020-06-05 12:00:00","Midlands",17.901
"2020-06-05 12:00:00","North East and Yorkshire",16.719
"2020-06-05 12:00:00","East of England",19.222
"2020-06-05 12:00:00","North West",15.416
"2020-06-06 12:00:00","London",19.411
"2020-06-06 12:00:00","South East",17.732
"2020-06-06 12:00:00","South West",17.596
"2020-06-06 12:00:00","Midlands",17.175
"2020-06-06 12:00:00","North East and Yorkshire",15.98
"2020-06-06 12:00:00","East of England",18.35
"2020-06-06 12:00:00","North West",13.812
"2020-06-07 12:00:00","London",16.977
"2020-06-07 12:00:00","South East",16.278
"2020-06-07 12:00:00","South West",16.318
"2020-06-07 12:00:00","Midlands",15.654
"2020-06-07 12:00:00","North East and Yorkshire",15.298
"2020-06-07 12:00:00","East of England",15.934
"2020-06-07 12:00:00","North West",13.073
"2020-06-08 12:00:00","London",16.266
"2020-06-08 12:00:00","South East",15.645
"2020-06-08 12:00:00","South West",16.706
"2020-06-08 12:00:00","Midlands",15.8
"2020-06-08 12:00:00","North East and Yorkshire",14.907
"2020-06-08 12:00:00","East of England",14.744
"2020-06-08 12:00:00","North West",13.735
"2020-06-09 12:00:00","London",24.26
"2020-06-09 12:00:00","South East",20.81
"2020-06-09 12:00:00","South West",19.636
"2020-06-09 12:00:00","Midlands",22.452
"2020-06-09 12:00:00","North East and Yorkshire",21.727
"2020-06-09 12:00:00","East of England",23.348
"2020-06-09 12:00:00","North West",19.936
"2020-06-10 12:00:00","London",25.656
"2020-06-10 12:00:00","South East",21.819
"2020-06-10 12:00:00","South West",20.104
"2020-06-10 12:00:00","Midlands",23.544
"2020-06-10 12:00:00","North East and Yorkshire",23.554
"2020-06-10 12:00:00","East of England",24.672
"2020-06-10 12:00:00","North West",20.711
"2020-06-11 12:00:00","London",23.905
"2020-06-11 12:00:00","South East",20.631
"2020-06-11 12:00:00","South West",20.156
"2020-06-11 12:00:00","Midlands",22.729
"2020-06-11 12:00:00","North East and Yorkshire",22.169
"2020-06-11 12:00:00","East of England",23.409
"2020-06-11 12:00:00","North West",20.178
"2020-06-12 12:00:00","London",24.383
"2020-06-12 12:00:00","South East",20.802
"2020-06-12 12:00:00","South West",19.6
"2020-06-12 12:00:00","Midlands",21.273
"2020-06-12 12:00:00","North East and Yorkshire",20.789
"2020-06-12 12:00:00","East of England",23.359
"2020-06-12 12:00:00","North West",18.002
"2020-06-13 12:00:00","London",23.999
"2020-06-13 12:00:00","South East",21.738
"2020-06-13 12:00:00","South West",21.214
"2020-06-13 12:00:00","Midlands",21.561
"2020-06-13 12:00:00","North East and Yorkshire",19.752
"2020-06-13 12:00:00","East of England",22.056
"2020-06-13 12:00:00","North West",17.329
"2020-06-14 12:00:00","London",27.227
"2020-06-14 12:00:00","South East",23.739
"2020-06-14 12:00:00","South West",23.701
"2020-06-14 12:00:00","Midlands",25.665
"2020-06-14 12:00:00","North East and Yorkshire",23.554
"2020-06-14 12:00:00","East of England",25.814
"2020-06-14 12:00:00","North West",21.8
"2020-06-15 12:00:00","London",28.178
"2020-06-15 12:00:00","South East",25.021
"2020-06-15 12:00:00","South West",23.05
"2020-06-15 12:00:00","Midlands",21.985
"2020-06-15 12:00:00","North East and Yorkshire",18.002
"2020-06-15 12:00:00","East of England",26.09
"2020-06-15 12:00:00","North West",16.201
"2020-06-16 12:00:00","London",18.153
"2020-06-16 12:00:00","South East",16.393
"2020-06-16 12:00:00","South West",16.112
"2020-06-16 12:00:00","Midlands",16.691
"2020-06-16 12:00:00","North East and Yorkshire",15.715
"2020-06-16 12:00:00","East of England",17.236
"2020-06-16 12:00:00","North West",14.303
"2020-06-17 12:00:00","London",18.824
"2020-06-17 12:00:00","South East",16.303
"2020-06-17 12:00:00","South West",16.063
"2020-06-17 12:00:00","Midlands",17.913
"2020-06-17 12:00:00","North East and Yorkshire",16.797
"2020-06-17 12:00:00","East of England",18.491
"2020-06-17 12:00:00","North West",15.201
"2020-06-18 12:00:00","London",20.219
"2020-06-18 12:00:00","South East",17.616
"2020-06-18 12:00:00","South West",16.824
"2020-06-18 12:00:00","Midlands",17.899
"2020-06-18 12:00:00","North East and Yorkshire",17.574
"2020-06-18 12:00:00","East of England",19.487
"2020-06-18 12:00:00","North West",15.328
"2020-06-19 12:00:00","London",20.362
"2020-06-19 12:00:00","South East",18.458
"2020-06-19 12:00:00","South West",17.526
"2020-06-19 12:00:00","Midlands",17.353
"2020-06-19 12:00:00","North East and Yorkshire",16.13
"2020-06-19 12:00:00","East of England",18.743
"2020-06-19 12:00:00","North West",13.869
"2020-06-20 12:00:00","London",18.534
"2020-06-20 12:00:00","South East",17.047
"2020-06-20 12:00:00","South West",17.211
"2020-06-20 12:00:00","Midlands",17.368
"2020-06-20 12:00:00","North East and Yorkshire",15.713
"2020-06-20 12:00:00","East of England",16.766
"2020-06-20 12:00:00","North West",15.245
"2020-06-21 12:00:00","London",16.586
"2020-06-21 12:00:00","South East",14.992
"2020-06-21 12:00:00","South West",14.989
"2020-06-21 12:00:00","Midlands",14.63
"2020-06-21 12:00:00","North East and Yorkshire",13.617
"2020-06-21 12:00:00","East of England",14.863
"2020-06-21 12:00:00","North West",13.039
"2020-06-22 12:00:00","London",15.475
"2020-06-22 12:00:00","South East",14.225
"2020-06-22 12:00:00","South West",14.995
"2020-06-22 12:00:00","Midlands",15.109
"2020-06-22 12:00:00","North East and Yorkshire",13.215
"2020-06-22 12:00:00","East of England",15.208
"2020-06-22 12:00:00","North West",11.661
"2020-06-23 12:00:00","London",23.063
"2020-06-23 12:00:00","South East",20.871
"2020-06-23 12:00:00","South West",20.987
"2020-06-23 12:00:00","Midlands",21.298
"2020-06-23 12:00:00","North East and Yorkshire",19.936
"2020-06-23 12:00:00","East of England",23.55
"2020-06-23 12:00:00","North West",18.757
"2020-06-24 12:00:00","London",25.534
"2020-06-24 12:00:00","South East",22.301
"2020-06-24 12:00:00","South West",21.544
"2020-06-24 12:00:00","Midlands",24.252
"2020-06-24 12:00:00","North East and Yorkshire",23.272
"2020-06-24 12:00:00","East of England",25.088
"2020-06-24 12:00:00","North West",20.779
"2020-06-25 12:00:00","London",28.057
"2020-06-25 12:00:00","South East",24.963
"2020-06-25 12:00:00","South West",23.682
"2020-06-25 12:00:00","Midlands",24.982
"2020-06-25 12:00:00","North East and Yorkshire",23.242
"2020-06-25 12:00:00","East of England",26.335
"2020-06-25 12:00:00","North West",21.748
"2020-06-26 12:00:00","London",27.333
"2020-06-26 12:00:00","South East",23.834
"2020-06-26 12:00:00","South West",22.455
"2020-06-26 12:00:00","Midlands",23.651
"2020-06-26 12:00:00","North East and Yorkshire",23.145
"2020-06-26 12:00:00","East of England",26.143
"2020-06-26 12:00:00","North West",20.34
"2020-06-27 12:00:00","London",28.189
"2020-06-27 12:00:00","South East",24.908
"2020-06-27 12:00:00","South West",24.477
"2020-06-27 12:00:00","Midlands",26.745
"2020-06-27 12:00:00","North East and Yorkshire",25.744
"2020-06-27 12:00:00","East of England",27.14
"2020-06-27 12:00:00","North West",23.307
"2020-06-28 12:00:00","London",30.831
"2020-06-28 12:00:00","South East",26.951
"2020-06-28 12:00:00","South West",24.874
"2020-06-28 12:00:00","Midlands",28.415
"2020-06-28 12:00:00","North East and Yorkshire",27.31
"2020-06-28 12:00:00","East of England",30.097
"2020-06-28 12:00:00","North West",23.812
"2020-06-29 12:00:00","London",23.097
"2020-06-29 12:00:00","South East",20.675
"2020-06-29 12:00:00","South West",20.175
"2020-06-29 12:00:00","Midlands",21.521
"2020-06-29 12:00:00","North East and Yorkshire",20.318
"2020-06-29 12:00:00","East of England",22.728
"2020-06-29 12:00:00","North West",18.304
"2020-06-30 12:00:00","London",16.654
"2020-06-30 12:00:00","South East",15.301
"2020-06-30 12:00:00","South West",15.666
"2020-06-30 12:00:00","Midlands",14.712
"2020-06-30 12:00:00","North East and Yorkshire",13.448
"2020-06-30 12:00:00","East of England",15.243
"2020-06-30 12:00:00","North West",13.102
"2020-07-01 12:00:00","London",17.082
"2020-07-01 12:00:00","South East",15.852
"2020-07-01 12:00:00","South West",16.114
"2020-07-01 12:00:00","Midlands",16.397
"2020-07-01 12:00:00","North East and Yorkshire",14.92
"2020-07-01 12:00:00","East of England",15.998
"2020-07-01 12:00:00","North West",13.712
"2020-07-02 12:00:00","London",16.994
"2020-07-02 12:00:00","South East",15.329
"2020-07-02 12:00:00","South West",14.318
"2020-07-02 12:00:00","Midlands",15.275
"2020-07-02 12:00:00","North East and Yorkshire",16.073
"2020-07-02 12:00:00","East of England",16.765
"2020-07-02 12:00:00","North West",13.698
"2020-07-03 12:00:00","London",19.42
"2020-07-03 12:00:00","South East",17.206
"2020-07-03 12:00:00","South West",16.618
"2020-07-03 12:00:00","Midlands",18.2
"2020-07-03 12:00:00","North East and Yorkshire",17.302
"2020-07-03 12:00:00","East of England",18.783
"2020-07-03 12:00:00","North West",16.042
"2020-07-04 12:00:00","London",18.141
"2020-07-04 12:00:00","South East",16.309
"2020-07-04 12:00:00","South West",16.032
"2020-07-04 12:00:00","Midlands",15.894
"2020-07-04 12:00:00","North East and Yorkshire",14.821
"2020-07-04 12:00:00","East of England",17.487
"2020-07-04 12:00:00","North West",13.238
"2020-07-05 12:00:00","London",21.112
"2020-07-05 12:00:00","South East",18.542
"2020-07-05 12:00:00","South West",17.84
"2020-07-05 12:00:00","Midlands",19.144
"2020-07-05 12:00:00","North East and Yorkshire",17.795
"2020-07-05 12:00:00","East of England",20.098
"2020-07-05 12:00:00","North West",16.205
"2020-07-06 12:00:00","London",22.486
"2020-07-06 12:00:00","South East",19.777
"2020-07-06 12:00:00","South West",19.213
"2020-07-06 12:00:00","Midlands",19.566
"2020-07-06 12:00:00","North East and Yorkshire",18.316
"2020-07-06 12:00:00","East of England",21.595
"2020-07-06 12:00:00","North West",16.635
"2020-07-07 12:00:00","London",17.969
"2020-07-07 12:00:00","South East",15.426
"2020-07-07 12:00:00","South West",11.591
"2020-07-07 12:00:00","Midlands",10.77
"2020-07-07 12:00:00","North East and Yorkshire",11.585
"2020-07-07 12:00:00","East of England",14.853
"2020-07-07 12:00:00","North West",10.316
"2020-07-08 12:00:00","London",15.778
"2020-07-08 12:00:00","South East",14.386
"2020-07-08 12:00:00","South West",14.212
"2020-07-08 12:00:00","Midlands",13.693
"2020-07-08 12:00:00","North East and Yorkshire",13.061
"2020-07-08 12:00:00","East of England",14.408
"2020-07-08 12:00:00","North West",12.303
"2020-07-09 12:00:00","London",15.95
"2020-07-09 12:00:00","South East",14.36
"2020-07-09 12:00:00","South West",14.085
"2020-07-09 12:00:00","Midlands",13.884
"2020-07-09 12:00:00","North East and Yorkshire",12.076
"2020-07-09 12:00:00","East of England",15.442
"2020-07-09 12:00:00","North West",11.147
"2020-07-10 12:00:00","London",19.141
"2020-07-10 12:00:00","South East",16.965
"2020-07-10 12:00:00","South West",15.777
"2020-07-10 12:00:00","Midlands",16.615
"2020-07-10 12:00:00","North East and Yorkshire",16.346
"2020-07-10 12:00:00","East of England",19.05
"2020-07-10 12:00:00","North West",14.792
"2020-07-11 12:00:00","London",19.401
"2020-07-11 12:00:00","South East",16.979
"2020-07-11 12:00:00","South West",16.282
"2020-07-11 12:00:00","Midlands",16.92
"2020-07-11 12:00:00","North East and Yorkshire",16.893
"2020-07-11 12:00:00","East of England",19.175
"2020-07-11 12:00:00","North West",15.108
"2020-07-12 12:00:00","London",20.327
"2020-07-12 12:00:00","South East",17.691
"2020-07-12 12:00:00","South West",17.036
"2020-07-12 12:00:00","Midlands",19.401
"2020-07-12 12:00:00","North East and Yorkshire",18.417
"2020-07-12 12:00:00","East of England",20.25
"2020-07-12 12:00:00","North West",16.384
"2020-07-13 12:00:00","London",21.804
"2020-07-13 12:00:00","South East",18.636
"2020-07-13 12:00:00","South West",17.276
"2020-07-13 12:00:00","Midlands",19.775
"2020-07-13 12:00:00","North East and Yorkshire",18.771
"2020-07-13 12:00:00","East of England",21.256
"2020-07-13 12:00:00","North West",16.491
"2020-07-14 12:00:00","London",23.693
"2020-07-14 12:00:00","South East",20.732
"2020-07-14 12:00:00","South West",19.328
"2020-07-14 12:00:00","Midlands",20.503
"2020-07-14 12:00:00","North East and Yorkshire",18.73
"2020-07-14 12:00:00","East of England",22.758
"2020-07-14 12:00:00","North West",16.971
"2020-07-15 12:00:00","London",26.111
"2020-07-15 12:00:00","South East",22.353
"2020-07-15 12:00:00","South West",20.253
"2020-07-15 12:00:00","Midlands",23.549
"2020-07-15 12:00:00","North East and Yorkshire",22.452
"2020-07-15 12:00:00","East of England",26.532
"2020-07-15 12:00:00","North West",19.751
"2020-07-16 12:00:00","London",29.088
"2020-07-16 12:00:00","South East",25.724
"2020-07-16 12:00:00","South West",22.317
"2020-07-16 12:00:00","Midlands",24.423
"2020-07-16 12:00:00","North East and Yorkshire",23.528
"2020-07-16 12:00:00","East of England",27.309
"2020-07-16 12:00:00","North West",21.116
"2020-07-17 12:00:00","London",35.719
"2020-07-17 12:00:00","South East",31.247
"2020-07-17 12:00:00","South West",26.951
"2020-07-17 12:00:00","Midlands",30.272
"2020-07-17 12:00:00","North East and Yorkshire",27.238
"2020-07-17 12:00:00","East of England",33.812
"2020-07-17 12:00:00","North West",23.59
"2020-07-18 12:00:00","London",32.498
"2020-07-18 12:00:00","South East",29.922
"2020-07-18 12:00:00","South West",27.11
"2020-07-18 12:00:00","Midlands",26.92
"2020-07-18 12:00:00","North East and Yorkshire",22.136
"2020-07-18 12:00:00","East of England",28.729
"2020-07-18 12:00:00","North West",21.966
"2020-07-19 12:00:00","London",32.513
"2020-07-19 12:00:00","South East",29.612
"2020-07-19 12:00:00","South West",24.952
"2020-07-19 12:00:00","Midlands",24.194
"2020-07-19 12:00:00","North East and Yorkshire",20.328
"2020-07-19 12:00:00","East of England",29.586
"2020-07-19 12:00:00","North West",20.644
"2020-07-20 12:00:00","London",34.599
"2020-07-20 12:00:00","South East",30.347
"2020-07-20 12:00:00","South West",25.409
"2020-07-20 12:00:00","Midlands",29.153
"2020-07-20 12:00:00","North East and Yorkshire",24.212
"2020-07-20 12:00:00","East of England",32.026
"2020-07-20 12:00:00","North West",23.679
"2020-07-21 12:00:00","London",23.114
"2020-07-21 12:00:00","South East",20.405
"2020-07-21 12:00:00","South West",19.975
"2020-07-21 12:00:00","Midlands",19.866
"2020-07-21 12:00:00","North East and Yorkshire",19.781
"2020-07-21 12:00:00","East of England",21.81
"2020-07-21 12:00:00","North West",17.785
"2020-07-22 12:00:00","London",25.027
"2020-07-22 12:00:00","South East",22.399
"2020-07-22 12:00:00","South West",21.466
"2020-07-22 12:00:00","Midlands",23.028
"2020-07-22 12:00:00","North East and Yorkshire",22.148
"2020-07-22 12:00:00","East of England",23.954
"2020-07-22 12:00:00","North West",19.361
"2020-07-23 12:00:00","London",22.761
"2020-07-23 12:00:00","South East",20.859
"2020-07-23 12:00:00","South West",20.871
"2020-07-23 12:00:00","Midlands",20.885
"2020-07-23 12:00:00","North East and Yorkshire",19.624
"2020-07-23 12:00:00","East of England",21.264
"2020-07-23 12:00:00","North West",17.489
"2020-07-24 12:00:00","London",19.448
"2020-07-24 12:00:00","South East",17.595
"2020-07-24 12:00:00","South West",17.475
"2020-07-24 12:00:00","Midlands",18.23
"2020-07-24 12:00:00","North East and Yorkshire",17.439
"2020-07-24 12:00:00","East of England",19.458
"2020-07-24 12:00:00","North West",15.548
"2020-07-25 12:00:00","London",22.721
"2020-07-25 12:00:00","South East",20.759
"2020-07-25 12:00:00","South West",20.157
"2020-07-25 12:00:00","Midlands",20.359
"2020-07-25 12:00:00","North East and Yorkshire",19.027
"2020-07-25 12:00:00","East of England",21.715
"2020-07-25 12:00:00","North West",16.634
"2020-07-26 12:00:00","London",21.075
"2020-07-26 12:00:00","South East",19.217
"2020-07-26 12:00:00","South West",19.081
"2020-07-26 12:00:00","Midlands",18.669
"2020-07-26 12:00:00","North East and Yorkshire",17.728
"2020-07-26 12:00:00","East of England",20.006
"2020-07-26 12:00:00","North West",16.259
"2020-07-27 12:00:00","London",21.048
"2020-07-27 12:00:00","South East",18.801
"2020-07-27 12:00:00","South West",18.578
"2020-07-27 12:00:00","Midlands",18.356
"2020-07-27 12:00:00","North East and Yorkshire",17.238
"2020-07-27 12:00:00","East of England",19.695
"2020-07-27 12:00:00","North West",15.265
"2020-07-28 12:00:00","London",22.22
"2020-07-28 12:00:00","South East",20.271
"2020-07-28 12:00:00","South West",20.552
"2020-07-28 12:00:00","Midlands",20.419
"2020-07-28 12:00:00","North East and Yorkshire",18.714
"2020-07-28 12:00:00","East of England",20.984
"2020-07-28 12:00:00","North West",17.038
"2020-07-29 12:00:00","London",22.154
"2020-07-29 12:00:00","South East",20.651
"2020-07-29 12:00:00","South West",19.782
"2020-07-29 12:00:00","Midlands",22.162
"2020-07-29 12:00:00","North East and Yorkshire",21.393
"2020-07-29 12:00:00","East of England",22.09
"2020-07-29 12:00:00","North West",18.979
"2020-07-30 12:00:00","London",23.914
"2020-07-30 12:00:00","South East",22.199
"2020-07-30 12:00:00","South West",21.527
"2020-07-30 12:00:00","Midlands",21.197
"2020-07-30 12:00:00","North East and Yorkshire",19.046
"2020-07-30 12:00:00","East of England",22.388
"2020-07-30 12:00:00","North West",17.26
"2020-07-31 12:00:00","London",27.239
"2020-07-31 12:00:00","South East",24.537
"2020-07-31 12:00:00","South West",23.994
"2020-07-31 12:00:00","Midlands",23.827
"2020-07-31 12:00:00","North East and Yorkshire",20.506
"2020-07-31 12:00:00","East of England",25.042
"2020-07-31 12:00:00","North West",19.702
"2020-08-01 12:00:00","London",26.475
"2020-08-01 12:00:00","South East",23.319
"2020-08-01 12:00:00","South West",22.071
"2020-08-01 12:00:00","Midlands",22.158
"2020-08-01 12:00:00","North East and Yorkshire",21.154
"2020-08-01 12:00:00","East of England",25.669
"2020-08-01 12:00:00","North West",18.238
"2020-08-02 12:00:00","London",26.67
"2020-08-02 12:00:00","South East",23.627
"2020-08-02 12:00:00","South West",22.735
"2020-08-02 12:00:00","Midlands",23.732
"2020-08-02 12:00:00","North East and Yorkshire",20.361
"2020-08-02 12:00:00","East of England",25.349
"2020-08-02 12:00:00","North West",19.178
"2020-08-03 12:00:00","London",27.163
"2020-08-03 12:00:00","South East",24.247
"2020-08-03 12:00:00","South West",23.715
"2020-08-03 12:00:00","Midlands",24.95
"2020-08-03 12:00:00","North East and Yorkshire",22.331
"2020-08-03 12:00:00","East of England",25.511
"2020-08-03 12:00:00","North West",20.522
"2020-08-04 12:00:00","London",23.589
"2020-08-04 12:00:00","South East",21.805
"2020-08-04 12:00:00","South West",20.822
"2020-08-04 12:00:00","Midlands",23.439
"2020-08-04 12:00:00","North East and Yorkshire",20.992
"2020-08-04 12:00:00","East of England",22.585
"2020-08-04 12:00:00","North West",19.854
"2020-08-05 12:00:00","London",24.804
"2020-08-05 12:00:00","South East",21.58
"2020-08-05 12:00:00","South West",18.456
"2020-08-05 12:00:00","Midlands",21.361
"2020-08-05 12:00:00","North East and Yorkshire",22.475
"2020-08-05 12:00:00","East of England",23.8
"2020-08-05 12:00:00","North West",19.182
"2020-08-06 12:00:00","London",20.368
"2020-08-06 12:00:00","South East",18.12
"2020-08-06 12:00:00","South West",18.897
"2020-08-06 12:00:00","Midlands",21.925
"2020-08-06 12:00:00","North East and Yorkshire",21.212
"2020-08-06 12:00:00","East of England",21.048
"2020-08-06 12:00:00","North West",18.357
"2020-08-07 12:00:00","London",23.224
"2020-08-07 12:00:00","South East",20.632
"2020-08-07 12:00:00","South West",19.841
"2020-08-07 12:00:00","Midlands",21.667
"2020-08-07 12:00:00","North East and Yorkshire",20.247
"2020-08-07 12:00:00","East of England",22.732
"2020-08-07 12:00:00","North West",17.9
"2020-08-08 12:00:00","London",23.867
"2020-08-08 12:00:00","South East",21.392
"2020-08-08 12:00:00","South West",19.994
"2020-08-08 12:00:00","Midlands",20.499
"2020-08-08 12:00:00","North East and Yorkshire",19.85
"2020-08-08 12:00:00","East of England",22.964
"2020-08-08 12:00:00","North West",17.913
"2020-08-09 12:00:00","London",26.377
"2020-08-09 12:00:00","South East",23.435
"2020-08-09 12:00:00","South West",22.378
"2020-08-09 12:00:00","Midlands",24.697
"2020-08-09 12:00:00","North East and Yorkshire",23.565
"2020-08-09 12:00:00","East of England",25.014
"2020-08-09 12:00:00","North West",21.572
"2020-08-10 12:00:00","London",28.657
"2020-08-10 12:00:00","South East",25.739
"2020-08-10 12:00:00","South West",25.315
"2020-08-10 12:00:00","Midlands",27.458
"2020-08-10 12:00:00","North East and Yorkshire",25.203
"2020-08-10 12:00:00","East of England",27.073
"2020-08-10 12:00:00","North West",23.286
"2020-08-11 12:00:00","London",32.428
"2020-08-11 12:00:00","South East",28.464
"2020-08-11 12:00:00","South West",23.214
"2020-08-11 12:00:00","Midlands",27.612
"2020-08-11 12:00:00","North East and Yorkshire",26.119
"2020-08-11 12:00:00","East of England",31.243
"2020-08-11 12:00:00","North West",21.974
"2020-08-12 12:00:00","London",25.272
"2020-08-12 12:00:00","South East",21.945
"2020-08-12 12:00:00","South West",19.123
"2020-08-12 12:00:00","Midlands",20.255
"2020-08-12 12:00:00","North East and Yorkshire",18.789
"2020-08-12 12:00:00","East of England",25.465
"2020-08-12 12:00:00","North West",15.181
"2020-08-13 12:00:00","London",23.348
"2020-08-13 12:00:00","South East",20.532
"2020-08-13 12:00:00","South West",19.531
"2020-08-13 12:00:00","Midlands",20.383
"2020-08-13 12:00:00","North East and Yorkshire",19.537
"2020-08-13 12:00:00","East of England",22.765
"2020-08-13 12:00:00","North West",17.776
"2020-08-14 12:00:00","London",23.947
"2020-08-14 12:00:00","South East",21.113
"2020-08-14 12:00:00","South West",20.756
"2020-08-14 12:00:00","Midlands",22.163
"2020-08-14 12:00:00","North East and Yorkshire",20.686
"2020-08-14 12:00:00","East of England",24.182
"2020-08-14 12:00:00","North West",18.605
"2020-08-15 12:00:00","London",23.58
"2020-08-15 12:00:00","South East",20.919
"2020-08-15 12:00:00","South West",18.558
"2020-08-15 12:00:00","Midlands",19.677
"2020-08-15 12:00:00","North East and Yorkshire",18.622
"2020-08-15 12:00:00","East of England",23.447
"2020-08-15 12:00:00","North West",15.676
"2020-08-16 12:00:00","London",20.865
"2020-08-16 12:00:00","South East",19.08
"2020-08-16 12:00:00","South West",17.952
"2020-08-16 12:00:00","Midlands",17.923
"2020-08-16 12:00:00","North East and Yorkshire",17.054
"2020-08-16 12:00:00","East of England",20.117
"2020-08-16 12:00:00","North West",14.978
"2020-08-17 12:00:00","London",21.989
"2020-08-17 12:00:00","South East",19.749
"2020-08-17 12:00:00","South West",18.521
"2020-08-17 12:00:00","Midlands",19.077
"2020-08-17 12:00:00","North East and Yorkshire",17.135
"2020-08-17 12:00:00","East of England",21.44
"2020-08-17 12:00:00","North West",15.544
"2020-08-18 12:00:00","London",21.956
"2020-08-18 12:00:00","South East",19.608
"2020-08-18 12:00:00","South West",18.831
"2020-08-18 12:00:00","Midlands",19.763
"2020-08-18 12:00:00","North East and Yorkshire",18.233
"2020-08-18 12:00:00","East of England",20.98
"2020-08-18 12:00:00","North West",16.418
"2020-08-19 12:00:00","London",18.43
"2020-08-19 12:00:00","South East",16.981
"2020-08-19 12:00:00","South West",17.909
"2020-08-19 12:00:00","Midlands",17.767
"2020-08-19 12:00:00","North East and Yorkshire",16.531
"2020-08-19 12:00:00","East of England",18.288
"2020-08-19 12:00:00","North West",15.816
"2020-08-20 12:00:00","London",22.745
"2020-08-20 12:00:00","South East",20.644
"2020-08-20 12:00:00","South West",19.602
"2020-08-20 12:00:00","Midlands",19.485
"2020-08-20 12:00:00","North East and Yorkshire",18.577
"2020-08-20 12:00:00","East of England",21.611
"2020-08-20 12:00:00","North West",16.299
"2020-08-21 12:00:00","London",19.112
"2020-08-21 12:00:00","South East",17.004
"2020-08-21 12:00:00","South West",16.556
"2020-08-21 12:00:00","Midlands",17.254
"2020-08-21 12:00:00","North East and Yorkshire",16.991
"2020-08-21 12:00:00","East of England",18.529
"2020-08-21 12:00:00","North West",15.751
"2020-08-22 12:00:00","London",22.77
"2020-08-22 12:00:00","South East",20.128
"2020-08-22 12:00:00","South West",19.844
"2020-08-22 12:00:00","Midlands",20.879
"2020-08-22 12:00:00","North East and Yorkshire",19.617
"2020-08-22 12:00:00","East of England",22.5
"2020-08-22 12:00:00","North West",17.692
"2020-08-23 12:00:00","London",21.773
"2020-08-23 12:00:00","South East",19.291
"2020-08-23 12:00:00","South West",18.653
"2020-08-23 12:00:00","Midlands",20.31
"2020-08-23 12:00:00","North East and Yorkshire",19.13
"2020-08-23 12:00:00","East of England",21.346
"2020-08-23 12:00:00","North West",17.174
"2020-08-24 12:00:00","London",21.148
"2020-08-24 12:00:00","South East",18.928
"2020-08-24 12:00:00","South West",18.573
"2020-08-24 12:00:00","Midlands",19.478
"2020-08-24 12:00:00","North East and Yorkshire",18.633
"2020-08-24 12:00:00","East of England",21.074
"2020-08-24 12:00:00","North West",16.512
"2020-08-25 12:00:00","London",23.135
"2020-08-25 12:00:00","South East",20.863
"2020-08-25 12:00:00","South West",19.799
"2020-08-25 12:00:00","Midlands",17.173
"2020-08-25 12:00:00","North East and Yorkshire",15.172
"2020-08-25 12:00:00","East of England",21.704
"2020-08-25 12:00:00","North West",14.644
"2020-08-26 12:00:00","London",20.633
"2020-08-26 12:00:00","South East",18.608
"2020-08-26 12:00:00","South West",18.84
"2020-08-26 12:00:00","Midlands",19.343
"2020-08-26 12:00:00","North East and Yorkshire",17.654
"2020-08-26 12:00:00","East of England",19.84
"2020-08-26 12:00:00","North West",16.787
"2020-08-27 12:00:00","London",24.087
"2020-08-27 12:00:00","South East",21.186
"2020-08-27 12:00:00","South West",19.48
"2020-08-27 12:00:00","Midlands",18.137
"2020-08-27 12:00:00","North East and Yorkshire",19.546
"2020-08-27 12:00:00","East of England",22.439
"2020-08-27 12:00:00","North West",17.5
"2020-08-28 12:00:00","London",26.102
"2020-08-28 12:00:00","South East",22.852
"2020-08-28 12:00:00","South West",21.434
"2020-08-28 12:00:00","Midlands",22.518
"2020-08-28 12:00:00","North East and Yorkshire",18.477
"2020-08-28 12:00:00","East of England",24.636
"2020-08-28 12:00:00","North West",18.487
"2020-08-29 12:00:00","London",27.131
"2020-08-29 12:00:00","South East",23.606
"2020-08-29 12:00:00","South West",18.235
"2020-08-29 12:00:00","Midlands",19.596
"2020-08-29 12:00:00","North East and Yorkshire",16.154
"2020-08-29 12:00:00","East of England",24.382
"2020-08-29 12:00:00","North West",15.859
"2020-08-30 12:00:00","London",21.508
"2020-08-30 12:00:00","South East",19.472
"2020-08-30 12:00:00","South West",17.863
"2020-08-30 12:00:00","Midlands",19.806
"2020-08-30 12:00:00","North East and Yorkshire",18.728
"2020-08-30 12:00:00","East of England",20.287
"2020-08-30 12:00:00","North West",17.53
"2020-08-31 12:00:00","London",20.124
"2020-08-31 12:00:00","South East",18.181
"2020-08-31 12:00:00","South West",17.215
"2020-08-31 12:00:00","Midlands",18.285
"2020-08-31 12:00:00","North East and Yorkshire",17.738
"2020-08-31 12:00:00","East of England",20.175
"2020-08-31 12:00:00","North West",15.116
"2020-09-01 12:00:00","London",22.916
"2020-09-01 12:00:00","South East",21.018
"2020-09-01 12:00:00","South West",20.541
"2020-09-01 12:00:00","Midlands",23.374
"2020-09-01 12:00:00","North East and Yorkshire",21.607
"2020-09-01 12:00:00","East of England",24.182
"2020-09-01 12:00:00","North West",20.104
"2020-09-02 12:00:00","London",25.122
"2020-09-02 12:00:00","South East",21.718
"2020-09-02 12:00:00","South West",20.62
"2020-09-02 12:00:00","Midlands",18.359
"2020-09-02 12:00:00","North East and Yorkshire",18.916
"2020-09-02 12:00:00","East of England",22.753
"2020-09-02 12:00:00","North West",18.511
"2020-09-03 12:00:00","London",26.805
"2020-09-03 12:00:00","South East",23.572
"2020-09-03 12:00:00","South West",21.709
"2020-09-03 12:00:00","Midlands",23.132
"2020-09-03 12:00:00","North East and Yorkshire",20.98
"2020-09-03 12:00:00","East of England",25.829
"2020-09-03 12:00:00","North West",18.87
"2020-09-04 12:00:00","London",25.098
"2020-09-04 12:00:00","South East",22.425
"2020-09-04 12:00:00","South West",21.056
"2020-09-04 12:00:00","Midlands",22.062
"2020-09-04 12:00:00","North East and Yorkshire",20.673
"2020-09-04 12:00:00","East of England",24.39
"2020-09-04 12:00:00","North West",18.562
"2020-09-05 12:00:00","London",25.125
"2020-09-05 12:00:00","South East",22.548
"2020-09-05 12:00:00","South West",21.858
"2020-09-05 12:00:00","Midlands",23.868
"2020-09-05 12:00:00","North East and Yorkshire",22.004
"2020-09-05 12:00:00","East of England",24.636
"2020-09-05 12:00:00","North West",20.197
"2020-09-06 12:00:00","London",24.714
"2020-09-06 12:00:00","South East",22.057
"2020-09-06 12:00:00","South West",21.213
"2020-09-06 12:00:00","Midlands",23.067
"2020-09-06 12:00:00","North East and Yorkshire",21.064
"2020-09-06 12:00:00","East of England",24.369
"2020-09-06 12:00:00","North West",18.861
"2020-09-07 12:00:00","London",23.222
"2020-09-07 12:00:00","South East",20.805
"2020-09-07 12:00:00","South West",19.764
"2020-09-07 12:00:00","Midlands",23.166
"2020-09-07 12:00:00","North East and Yorkshire",22.792
"2020-09-07 12:00:00","East of England",24.556
"2020-09-07 12:00:00","North West",20.305
"2020-09-08 12:00:00","London",19.564
"2020-09-08 12:00:00","South East",17.309
"2020-09-08 12:00:00","South West",16.905
"2020-09-08 12:00:00","Midlands",16.948
"2020-09-08 12:00:00","North East and Yorkshire",15.555
"2020-09-08 12:00:00","East of England",18.508
"2020-09-08 12:00:00","North West",13.726
"2020-09-09 12:00:00","London",16.432
"2020-09-09 12:00:00","South East",15.156
"2020-09-09 12:00:00","South West",14.909
"2020-09-09 12:00:00","Midlands",14.078
"2020-09-09 12:00:00","North East and Yorkshire",14.202
"2020-09-09 12:00:00","East of England",15.08
"2020-09-09 12:00:00","North West",12.281
"2020-09-10 12:00:00","London",15.954
"2020-09-10 12:00:00","South East",14.642
"2020-09-10 12:00:00","South West",14.274
"2020-09-10 12:00:00","Midlands",14.255
"2020-09-10 12:00:00","North East and Yorkshire",14.213
"2020-09-10 12:00:00","East of England",15.168
"2020-09-10 12:00:00","North West",12.845
"2020-09-11 12:00:00","London",17.558
"2020-09-11 12:00:00","South East",15.981
"2020-09-11 12:00:00","South West",15.882
"2020-09-11 12:00:00","Midlands",16.449
"2020-09-11 12:00:00","North East and Yorkshire",15.669
"2020-09-11 12:00:00","East of England",16.669
"2020-09-11 12:00:00","North West",13.928
"2020-09-12 12:00:00","London",19.558
"2020-09-12 12:00:00","South East",17.444
"2020-09-12 12:00:00","South West",17.434
"2020-09-12 12:00:00","Midlands",19.066
"2020-09-12 12:00:00","North East and Yorkshire",19.373
"2020-09-12 12:00:00","East of England",19.435
"2020-09-12 12:00:00","North West",17.119
"2020-09-13 12:00:00","London",20.042
"2020-09-13 12:00:00","South East",18.002
"2020-09-13 12:00:00","South West",17.236
"2020-09-13 12:00:00","Midlands",16.771
"2020-09-13 12:00:00","North East and Yorkshire",16.604
"2020-09-13 12:00:00","East of England",19.495
"2020-09-13 12:00:00","North West",14.134
"2020-09-14 12:00:00","London",20.66
"2020-09-14 12:00:00","South East",18.979
"2020-09-14 12:00:00","South West",18.995
"2020-09-14 12:00:00","Midlands",19.358
"2020-09-14 12:00:00","North East and Yorkshire",18.347
"2020-09-14 12:00:00","East of England",19.686
"2020-09-14 12:00:00","North West",17.129
"2020-09-15 12:00:00","London",14.498
"2020-09-15 12:00:00","South East",13.482
"2020-09-15 12:00:00","South West",14.317
"2020-09-15 12:00:00","Midlands",12.666
"2020-09-15 12:00:00","North East and Yorkshire",12.475
"2020-09-15 12:00:00","East of England",14.116
"2020-09-15 12:00:00","North West",12.493
"2020-09-16 12:00:00","London",17.351
"2020-09-16 12:00:00","South East",15.572
"2020-09-16 12:00:00","South West",14.688
"2020-09-16 12:00:00","Midlands",14.172
"2020-09-16 12:00:00","North East and Yorkshire",14.452
"2020-09-16 12:00:00","East of England",15.594
"2020-09-16 12:00:00","North West",13.959
"2020-09-17 12:00:00","London",16.184
"2020-09-17 12:00:00","South East",15.21
"2020-09-17 12:00:00","South West",16.099
"2020-09-17 12:00:00","Midlands",16.168
"2020-09-17 12:00:00","North East and Yorkshire",15.336
"2020-09-17 12:00:00","East of England",16.195
"2020-09-17 12:00:00","North West",14.237
"2020-09-18 12:00:00","London",17.36
"2020-09-18 12:00:00","South East",15.391
"2020-09-18 12:00:00","South West",15.17
"2020-09-18 12:00:00","Midlands",15.967
"2020-09-18 12:00:00","North East and Yorkshire",15.323
"2020-09-18 12:00:00","East of England",16.738
"2020-09-18 12:00:00","North West",14.152
"2020-09-19 12:00:00","London",17.769
"2020-09-19 12:00:00","South East",15.906
"2020-09-19 12:00:00","South West",15.507
"2020-09-19 12:00:00","Midlands",16.685
"2020-09-19 12:00:00","North East and Yorkshire",15.849
"2020-09-19 12:00:00","East of England",16.724
"2020-09-19 12:00:00","North West",14.847
"2020-09-20 12:00:00","London",15.342
"2020-09-20 12:00:00","South East",14.341
"2020-09-20 12:00:00","South West",14.667
"2020-09-20 12:00:00","Midlands",14.135
"2020-09-20 12:00:00","North East and Yorkshire",15.115
"2020-09-20 12:00:00","East of England",15.625
"2020-09-20 12:00:00","North West",13.146
"2020-09-21 12:00:00","London",19.336
"2020-09-21 12:00:00","South East",17.033
"2020-09-21 12:00:00","South West",16.93
"2020-09-21 12:00:00","Midlands",18.336
"2020-09-21 12:00:00","North East and Yorkshire",17.32
"2020-09-21 12:00:00","East of England",18.82
"2020-09-21 12:00:00","North West",16.207
"2020-09-22 12:00:00","London",15.317
"2020-09-22 12:00:00","South East",14.083
"2020-09-22 12:00:00","South West",14.055
"2020-09-22 12:00:00","Midlands",14.34
"2020-09-22 12:00:00","North East and Yorkshire",13.203
"2020-09-22 12:00:00","East of England",14.513
"2020-09-22 12:00:00","North West",12.655
"2020-09-23 12:00:00","London",16.905
"2020-09-23 12:00:00","South East",15.633
"2020-09-23 12:00:00","South West",15.153
"2020-09-23 12:00:00","Midlands",15.256
"2020-09-23 12:00:00","North East and Yorkshire",14.466
"2020-09-23 12:00:00","East of England",16.124
"2020-09-23 12:00:00","North West",14.383
"2020-09-24 12:00:00","London",18.679
"2020-09-24 12:00:00","South East",16.972
"2020-09-24 12:00:00","South West",16.622
"2020-09-24 12:00:00","Midlands",18.137
"2020-09-24 12:00:00","North East and Yorkshire",16.629
"2020-09-24 12:00:00","East of England",18.141
"2020-09-24 12:00:00","North West",16.63
"2020-09-25 12:00:00","London",17.451
"2020-09-25 12:00:00","South East",16.272
"2020-09-25 12:00:00","South West",16.122
"2020-09-25 12:00:00","Midlands",13.361
"2020-09-25 12:00:00","North East and Yorkshire",10.7
"2020-09-25 12:00:00","East of England",14.742
"2020-09-25 12:00:00","North West",11.165
"2020-09-26 12:00:00","London",16.571
"2020-09-26 12:00:00","South East",14.71
"2020-09-26 12:00:00","South West",12.682
"2020-09-26 12:00:00","Midlands",11.76
"2020-09-26 12:00:00","North East and Yorkshire",11.167
"2020-09-26 12:00:00","East of England",14.823
"2020-09-26 12:00:00","North West",11.115
"2020-09-27 12:00:00","London",16.269
"2020-09-27 12:00:00","South East",14.799
"2020-09-27 12:00:00","South West",15.055
"2020-09-27 12:00:00","Midlands",13.746
"2020-09-27 12:00:00","North East and Yorkshire",13.136
"2020-09-27 12:00:00","East of England",14.986
"2020-09-27 12:00:00","North West",12.402
"2020-09-28 12:00:00","London",14.924
"2020-09-28 12:00:00","South East",13.693
"2020-09-28 12:00:00","South West",14.392
"2020-09-28 12:00:00","Midlands",13.651
"2020-09-28 12:00:00","North East and Yorkshire",11.449
"2020-09-28 12:00:00","East of England",14.577
"2020-09-28 12:00:00","North West",11.824
"2020-09-29 12:00:00","London",18.647
"2020-09-29 12:00:00","South East",17.159
"2020-09-29 12:00:00","South West",16.462
"2020-09-29 12:00:00","Midlands",16.71
"2020-09-29 12:00:00","North East and Yorkshire",15.454
"2020-09-29 12:00:00","East of England",17.722
"2020-09-29 12:00:00","North West",14.206
"2020-09-30 12:00:00","London",18.434
"2020-09-30 12:00:00","South East",16.954
"2020-09-30 12:00:00","South West",16.36
"2020-09-30 12:00:00","Midlands",16.968
"2020-09-30 12:00:00","North East and Yorkshire",16.616
"2020-09-30 12:00:00","East of England",17.594
"2020-09-30 12:00:00","North West",15.371
"2020-10-01 12:00:00","London",19.38
"2020-10-01 12:00:00","South East",17.464
"2020-10-01 12:00:00","South West",16.865
"2020-10-01 12:00:00","Midlands",17.201
"2020-10-01 12:00:00","North East and Yorkshire",16.973
"2020-10-01 12:00:00","East of England",18.846
"2020-10-01 12:00:00","North West",15.492
"2020-10-02 12:00:00","London",21.454
"2020-10-02 12:00:00","South East",19.324
"2020-10-02 12:00:00","South West",19.035
"2020-10-02 12:00:00","Midlands",20.467
"2020-10-02 12:00:00","North East and Yorkshire",19.445
"2020-10-02 12:00:00","East of England",21.333
"2020-10-02 12:00:00","North West",17.353
"2020-10-03 12:00:00","London",24.476
"2020-10-03 12:00:00","South East",21.717
"2020-10-03 12:00:00","South West",21.043
"2020-10-03 12:00:00","Midlands",22.545
"2020-10-03 12:00:00","North East and Yorkshire",19.926
"2020-10-03 12:00:00","East of England",23.002
"2020-10-03 12:00:00","North West",18.807
"2020-10-04 12:00:00","London",25.018
"2020-10-04 12:00:00","South East",22.461
"2020-10-04 12:00:00","South West",21.72
"2020-10-04 12:00:00","Midlands",22.509
"2020-10-04 12:00:00","North East and Yorkshire",19.243
"2020-10-04 12:00:00","East of England",23.644
"2020-10-04 12:00:00","North West",19.566
"2020-10-05 12:00:00","London",24.876
"2020-10-05 12:00:00","South East",22.418
"2020-10-05 12:00:00","South West",21.618
"2020-10-05 12:00:00","Midlands",23.23
"2020-10-05 12:00:00","North East and Yorkshire",20.061
"2020-10-05 12:00:00","East of England",24.178
"2020-10-05 12:00:00","North West",17.185
"2020-10-06 12:00:00","London",20.468
"2020-10-06 12:00:00","South East",18.254
"2020-10-06 12:00:00","South West",17.652
"2020-10-06 12:00:00","Midlands",18.058
"2020-10-06 12:00:00","North East and Yorkshire",17.481
"2020-10-06 12:00:00","East of England",19.177
"2020-10-06 12:00:00","North West",15.569
"2020-10-07 12:00:00","London",21.448
"2020-10-07 12:00:00","South East",19.062
"2020-10-07 12:00:00","South West",18.723
"2020-10-07 12:00:00","Midlands",21.787
"2020-10-07 12:00:00","North East and Yorkshire",18.936
"2020-10-07 12:00:00","East of England",22.715
"2020-10-07 12:00:00","North West",17.019
"2020-10-08 12:00:00","London",24.889
"2020-10-08 12:00:00","South East",21.444
"2020-10-08 12:00:00","South West",20.057
"2020-10-08 12:00:00","Midlands",22.254
"2020-10-08 12:00:00","North East and Yorkshire",20.835
"2020-10-08 12:00:00","East of England",24.432
"2020-10-08 12:00:00","North West",17.775
"2020-10-09 12:00:00","London",21.717
"2020-10-09 12:00:00","South East",19.91
"2020-10-09 12:00:00","South West",19.121
"2020-10-09 12:00:00","Midlands",18.917
"2020-10-09 12:00:00","North East and Yorkshire",17.718
"2020-10-09 12:00:00","East of England",20.05
"2020-10-09 12:00:00","North West",15.827
"2020-10-10 12:00:00","London",23.427
"2020-10-10 12:00:00","South East",21.032
"2020-10-10 12:00:00","South West",20.416
"2020-10-10 12:00:00","Midlands",21.223
"2020-10-10 12:00:00","North East and Yorkshire",19.306
"2020-10-10 12:00:00","East of England",22.258
"2020-10-10 12:00:00","North West",18.069
"2020-10-11 12:00:00","London",26.078
"2020-10-11 12:00:00","South East",23.033
"2020-10-11 12:00:00","South West",21.229
"2020-10-11 12:00:00","Midlands",20.758
"2020-10-11 12:00:00","North East and Yorkshire",16.361
"2020-10-11 12:00:00","East of England",24.404
"2020-10-11 12:00:00","North West",14.846
"2020-10-12 12:00:00","London",19.853
"2020-10-12 12:00:00","South East",18.872
"2020-10-12 12:00:00","South West",18.882
"2020-10-12 12:00:00","Midlands",16.534
"2020-10-12 12:00:00","North East and Yorkshire",17.149
"2020-10-12 12:00:00","East of England",17.27
"2020-10-12 12:00:00","North West",14.977
"2020-10-13 12:00:00","London",16.988
"2020-10-13 12:00:00","South East",15.309
"2020-10-13 12:00:00","South West",15.165
"2020-10-13 12:00:00","Midlands",13.194
"2020-10-13 12:00:00","North East and Yorkshire",12.857
"2020-10-13 12:00:00","East of England",15.134
"2020-10-13 12:00:00","North West",11.855
"2020-10-14 12:00:00","London",16.229
"2020-10-14 12:00:00","South East",14.474
"2020-10-14 12:00:00","South West",14.463
"2020-10-14 12:00:00","Midlands",14.62
"2020-10-14 12:00:00","North East and Yorkshire",13.759
"2020-10-14 12:00:00","East of England",15.687
"2020-10-14 12:00:00","North West",12.744
"2020-10-15 12:00:00","London",15.215
"2020-10-15 12:00:00","South East",14.105
"2020-10-15 12:00:00","South West",14.264
"2020-10-15 12:00:00","Midlands",13.949
"2020-10-15 12:00:00","North East and Yorkshire",13.898
"2020-10-15 12:00:00","East of England",14.716
"2020-10-15 12:00:00","North West",12.655
"2020-10-16 12:00:00","London",15.402
"2020-10-16 12:00:00","South East",13.925
"2020-10-16 12:00:00","South West",13.4
"2020-10-16 12:00:00","Midlands",12.275
"2020-10-16 12:00:00","North East and Yorkshire",12.801
"2020-10-16 12:00:00","East of England",14.436
"2020-10-16 12:00:00","North West",10.94
"2020-10-17 12:00:00","London",15.407
"2020-10-17 12:00:00","South East",14.057
"2020-10-17 12:00:00","South West",13.844
"2020-10-17 12:00:00","Midlands",13.506
"2020-10-17 12:00:00","North East and Yorkshire",11.743
"2020-10-17 12:00:00","East of England",14.382
"2020-10-17 12:00:00","North West",11.599
"2020-10-18 12:00:00","London",12.117
"2020-10-18 12:00:00","South East",11.145
"2020-10-18 12:00:00","South West",11.645
"2020-10-18 12:00:00","Midlands",11.653
"2020-10-18 12:00:00","North East and Yorkshire",10.509
"2020-10-18 12:00:00","East of England",11.78
"2020-10-18 12:00:00","North West",10.061
"2020-10-19 12:00:00","London",12.896
"2020-10-19 12:00:00","South East",11.795
"2020-10-19 12:00:00","South West",12.438
"2020-10-19 12:00:00","Midlands",12.389
"2020-10-19 12:00:00","North East and Yorkshire",10.79
"2020-10-19 12:00:00","East of England",12.361
"2020-10-19 12:00:00","North West",10.882
"2020-10-20 12:00:00","London",16.337
"2020-10-20 12:00:00","South East",15.063
"2020-10-20 12:00:00","South West",15.498
"2020-10-20 12:00:00","Midlands",15.34
"2020-10-20 12:00:00","North East and Yorkshire",14.396
"2020-10-20 12:00:00","East of England",15.106
"2020-10-20 12:00:00","North West",14.075
"2020-10-21 12:00:00","London",16.325
"2020-10-21 12:00:00","South East",15.365
"2020-10-21 12:00:00","South West",16.636
"2020-10-21 12:00:00","Midlands",16.158
"2020-10-21 12:00:00","North East and Yorkshire",15.258
"2020-10-21 12:00:00","East of England",15.904
"2020-10-21 12:00:00","North West",13.197
"2020-10-22 12:00:00","London",18.09
"2020-10-22 12:00:00","South East",16.534
"2020-10-22 12:00:00","South West",16.518
"2020-10-22 12:00:00","Midlands",15.313
"2020-10-22 12:00:00","North East and Yorkshire",14.299
"2020-10-22 12:00:00","East of England",15.831
"2020-10-22 12:00:00","North West",13.441
"2020-10-23 12:00:00","London",14.679
"2020-10-23 12:00:00","South East",13.792
"2020-10-23 12:00:00","South West",15.033
"2020-10-23 12:00:00","Midlands",13.722
"2020-10-23 12:00:00","North East and Yorkshire",12.107
"2020-10-23 12:00:00","East of England",14.451
"2020-10-23 12:00:00","North West",12.14
"2020-10-24 12:00:00","London",16.096
"2020-10-24 12:00:00","South East",15.205
"2020-10-24 12:00:00","South West",16.204
"2020-10-24 12:00:00","Midlands",15.881
"2020-10-24 12:00:00","North East and Yorkshire",13.592
"2020-10-24 12:00:00","East of England",15.174
"2020-10-24 12:00:00","North West",13.551
"2020-10-25 12:00:00","London",17.081
"2020-10-25 12:00:00","South East",15.848
"2020-10-25 12:00:00","South West",16.792
"2020-10-25 12:00:00","Midlands",16.005
"2020-10-25 12:00:00","North East and Yorkshire",15.279
"2020-10-25 12:00:00","East of England",16.309
"2020-10-25 12:00:00","North West",14.17
"2020-10-26 12:00:00","London",18.198
"2020-10-26 12:00:00","South East",16.515
"2020-10-26 12:00:00","South West",16.254
"2020-10-26 12:00:00","Midlands",17.426
"2020-10-26 12:00:00","North East and Yorkshire",15.626
"2020-10-26 12:00:00","East of England",17.936
"2020-10-26 12:00:00","North West",15.061
"2020-10-27 12:00:00","London",15.721
"2020-10-27 12:00:00","South East",13.815
"2020-10-27 12:00:00","South West",13.709
"2020-10-27 12:00:00","Midlands",14.462
"2020-10-27 12:00:00","North East and Yorkshire",15.083
"2020-10-27 12:00:00","East of England",15.195
"2020-10-27 12:00:00","North West",13.428
"2020-10-28 12:00:00","London",13.349
"2020-10-28 12:00:00","South East",12.638
"2020-10-28 12:00:00","South West",12.886
"2020-10-28 12:00:00","Midlands",11.996
"2020-10-28 12:00:00","North East and Yorkshire",11.875
"2020-10-28 12:00:00","East of England",12.75
"2020-10-28 12:00:00","North West",10.77
"2020-10-29 12:00:00","London",14.989
"2020-10-29 12:00:00","South East",13.164
"2020-10-29 12:00:00","South West",12.849
"2020-10-29 12:00:00","Midlands",12.782
"2020-10-29 12:00:00","North East and Yorkshire",12.075
"2020-10-29 12:00:00","East of England",13.632
"2020-10-29 12:00:00","North West",11.188
"2020-10-30 12:00:00","London",15.13
"2020-10-30 12:00:00","South East",13.553
"2020-10-30 12:00:00","South West",13.127
"2020-10-30 12:00:00","Midlands",13.231
"2020-10-30 12:00:00","North East and Yorkshire",12.677
"2020-10-30 12:00:00","East of England",14.103
"2020-10-30 12:00:00","North West",11.608
"2020-10-31 12:00:00","London",12.798
"2020-10-31 12:00:00","South East",11.847
"2020-10-31 12:00:00","South West",12.676
"2020-10-31 12:00:00","Midlands",12.723
"2020-10-31 12:00:00","North East and Yorkshire",12.283
"2020-10-31 12:00:00","East of England",12.132
"2020-10-31 12:00:00","North West",11.961
"2020-11-01 12:00:00","London",13.176
"2020-11-01 12:00:00","South East",11.738
"2020-11-01 12:00:00","South West",11.694
"2020-11-01 12:00:00","Midlands",12.18
"2020-11-01 12:00:00","North East and Yorkshire",11.671
"2020-11-01 12:00:00","East of England",12.611
"2020-11-01 12:00:00","North West",11.039
"2020-11-02 12:00:00","London",11.6
"2020-11-02 12:00:00","South East",10.705
"2020-11-02 12:00:00","South West",11.103
"2020-11-02 12:00:00","Midlands",11.467
"2020-11-02 12:00:00","North East and Yorkshire",11.082
"2020-11-02 12:00:00","East of England",11.432
"2020-11-02 12:00:00","North West",10.023
"2020-11-03 12:00:00","London",17.037
"2020-11-03 12:00:00","South East",15.289
"2020-11-03 12:00:00","South West",15.706
"2020-11-03 12:00:00","Midlands",16.105
"2020-11-03 12:00:00","North East and Yorkshire",14.752
"2020-11-03 12:00:00","East of England",16.1
"2020-11-03 12:00:00","North West",14.091
"2020-11-04 12:00:00","London",17.215
"2020-11-04 12:00:00","South East",15.754
"2020-11-04 12:00:00","South West",15.366
"2020-11-04 12:00:00","Midlands",15.083
"2020-11-04 12:00:00","North East and Yorkshire",14.184
"2020-11-04 12:00:00","East of England",16.408
"2020-11-04 12:00:00","North West",13.566
"2020-11-05 12:00:00","London",18.065
"2020-11-05 12:00:00","South East",15.985
"2020-11-05 12:00:00","South West",15.321
"2020-11-05 12:00:00","Midlands",16.062
"2020-11-05 12:00:00","North East and Yorkshire",14.618
"2020-11-05 12:00:00","East of England",16.769
"2020-11-05 12:00:00","North West",13.795
"2020-11-06 12:00:00","London",16.54
"2020-11-06 12:00:00","South East",15.205
"2020-11-06 12:00:00","South West",15.113
"2020-11-06 12:00:00","Midlands",15.148
"2020-11-06 12:00:00","North East and Yorkshire",13.255
"2020-11-06 12:00:00","East of England",17.04
"2020-11-06 12:00:00","North West",14.94
"2020-11-07 12:00:00","London",14.759
"2020-11-07 12:00:00","South East",13.754
"2020-11-07 12:00:00","South West",15.807
"2020-11-07 12:00:00","Midlands",14.866
"2020-11-07 12:00:00","North East and Yorkshire",14.646
"2020-11-07 12:00:00","East of England",14.235
"2020-11-07 12:00:00","North West",13.539
"2020-11-08 12:00:00","London",15.871
"2020-11-08 12:00:00","South East",14.632
"2020-11-08 12:00:00","South West",14.468
"2020-11-08 12:00:00","Midlands",13.477
"2020-11-08 12:00:00","North East and Yorkshire",13.938
"2020-11-08 12:00:00","East of England",14.234
"2020-11-08 12:00:00","North West",12.574
"2020-11-09 12:00:00","London",15.151
"2020-11-09 12:00:00","South East",14.161
"2020-11-09 12:00:00","South West",14.619
"2020-11-09 12:00:00","Midlands",15.798
"2020-11-09 12:00:00","North East and Yorkshire",16.767
"2020-11-09 12:00:00","East of England",14.876
"2020-11-09 12:00:00","North West",14.48
"2020-11-10 12:00:00","London",12.923
"2020-11-10 12:00:00","South East",11.403
"2020-11-10 12:00:00","South West",11.615
"2020-11-10 12:00:00","Midlands",10.85
"2020-11-10 12:00:00","North East and Yorkshire",9.406
"2020-11-10 12:00:00","East of England",12.485
"2020-11-10 12:00:00","North West",9.471
"2020-11-11 12:00:00","London",9.649
"2020-11-11 12:00:00","South East",9.197
"2020-11-11 12:00:00","South West",9.547
"2020-11-11 12:00:00","Midlands",7.277
"2020-11-11 12:00:00","North East and Yorkshire",6.937
"2020-11-11 12:00:00","East of England",9.133
"2020-11-11 12:00:00","North West",6.163
"2020-11-12 12:00:00","London",10.761
"2020-11-12 12:00:00","South East",9.855
"2020-11-12 12:00:00","South West",9.73
"2020-11-12 12:00:00","Midlands",8.315
"2020-11-12 12:00:00","North East and Yorkshire",8.047
"2020-11-12 12:00:00","East of England",9.62
"2020-11-12 12:00:00","North West",7.035
"2020-11-13 12:00:00","London",8.668
"2020-11-13 12:00:00","South East",7.965
"2020-11-13 12:00:00","South West",8.794
"2020-11-13 12:00:00","Midlands",8.303
"2020-11-13 12:00:00","North East and Yorkshire",6.786
"2020-11-13 12:00:00","East of England",8.326
"2020-11-13 12:00:00","North West",7.18
"2020-11-14 12:00:00","London",7.92
"2020-11-14 12:00:00","South East",7.504
"2020-11-14 12:00:00","South West",7.588
"2020-11-14 12:00:00","Midlands",5.08
"2020-11-14 12:00:00","North East and Yorkshire",5.719
"2020-11-14 12:00:00","East of England",7.641
"2020-11-14 12:00:00","North West",4.661
"2020-11-15 12:00:00","London",10.686
"2020-11-15 12:00:00","South East",9.572
"2020-11-15 12:00:00","South West",8.644
"2020-11-15 12:00:00","Midlands",8.678
"2020-11-15 12:00:00","North East and Yorkshire",8.048
"2020-11-15 12:00:00","East of England",10.319
"2020-11-15 12:00:00","North West",7.824
"2020-11-16 12:00:00","London",9.648
"2020-11-16 12:00:00","South East",8.835
"2020-11-16 12:00:00","South West",9.137
"2020-11-16 12:00:00","Midlands",8.531
"2020-11-16 12:00:00","North East and Yorkshire",8.002
"2020-11-16 12:00:00","East of England",8.658
"2020-11-16 12:00:00","North West",7.693
"2020-11-17 12:00:00","London",15.315
"2020-11-17 12:00:00","South East",14.122
"2020-11-17 12:00:00","South West",13.758
"2020-11-17 12:00:00","Midlands",13.499
"2020-11-17 12:00:00","North East and Yorkshire",11.189
"2020-11-17 12:00:00","East of England",13.857
"2020-11-17 12:00:00","North West",11.5
"2020-11-18 12:00:00","London",14.085
"2020-11-18 12:00:00","South East",12.924
"2020-11-18 12:00:00","South West",13.044
"2020-11-18 12:00:00","Midlands",13.267
"2020-11-18 12:00:00","North East and Yorkshire",13.229
"2020-11-18 12:00:00","East of England",13.532
"2020-11-18 12:00:00","North West",11.941
"2020-11-19 12:00:00","London",11.403
"2020-11-19 12:00:00","South East",10.392
"2020-11-19 12:00:00","South West",9.996
"2020-11-19 12:00:00","Midlands",10.563
"2020-11-19 12:00:00","North East and Yorkshire",11.007
"2020-11-19 12:00:00","East of England",11.412
"2020-11-19 12:00:00","North West",9.755
"2020-11-20 12:00:00","London",14.073
"2020-11-20 12:00:00","South East",12.821
"2020-11-20 12:00:00","South West",12.397
"2020-11-20 12:00:00","Midlands",12.678
"2020-11-20 12:00:00","North East and Yorkshire",12.048
"2020-11-20 12:00:00","East of England",12.761
"2020-11-20 12:00:00","North West",11.16
"2020-11-21 12:00:00","London",13.405
"2020-11-21 12:00:00","South East",12.234
"2020-11-21 12:00:00","South West",12.58
"2020-11-21 12:00:00","Midlands",8.929
"2020-11-21 12:00:00","North East and Yorkshire",8.801
"2020-11-21 12:00:00","East of England",12.031
"2020-11-21 12:00:00","North West",8.011
"2020-11-22 12:00:00","London",13.61
"2020-11-22 12:00:00","South East",12.42
"2020-11-22 12:00:00","South West",12.421
"2020-11-22 12:00:00","Midlands",12.12
"2020-11-22 12:00:00","North East and Yorkshire",11.449
"2020-11-22 12:00:00","East of England",12.459
"2020-11-22 12:00:00","North West",10.67
"2020-11-23 12:00:00","London",13.553
"2020-11-23 12:00:00","South East",12.56
"2020-11-23 12:00:00","South West",12.48
"2020-11-23 12:00:00","Midlands",12.219
"2020-11-23 12:00:00","North East and Yorkshire",11.172
"2020-11-23 12:00:00","East of England",12.766
"2020-11-23 12:00:00","North West",10.173
"2020-11-24 12:00:00","London",11.199
"2020-11-24 12:00:00","South East",10.891
"2020-11-24 12:00:00","South West",10.461
"2020-11-24 12:00:00","Midlands",9.066
"2020-11-24 12:00:00","North East and Yorkshire",8.336
"2020-11-24 12:00:00","East of England",9.919
"2020-11-24 12:00:00","North West",8.241
"2020-11-25 12:00:00","London",7.311
"2020-11-25 12:00:00","South East",7.493
"2020-11-25 12:00:00","South West",6.287
"2020-11-25 12:00:00","Midlands",5.913
"2020-11-25 12:00:00","North East and Yorkshire",5.827
"2020-11-25 12:00:00","East of England",7.186
"2020-11-25 12:00:00","North West",6.332
"2020-11-26 12:00:00","London",7.676
"2020-11-26 12:00:00","South East",7.259
"2020-11-26 12:00:00","South West",8.735
"2020-11-26 12:00:00","Midlands",5.952
"2020-11-26 12:00:00","North East and Yorkshire",6.193
"2020-11-26 12:00:00","East of England",7.069
"2020-11-26 12:00:00","North West",6.569
"2020-11-27 12:00:00","London",11.413
"2020-11-27 12:00:00","South East",10.923
"2020-11-27 12:00:00","South West",12.374
"2020-11-27 12:00:00","Midlands",11.226
"2020-11-27 12:00:00","North East and Yorkshire",10.066
"2020-11-27 12:00:00","East of England",9.969
"2020-11-27 12:00:00","North West",10.268
"2020-11-28 12:00:00","London",14.231
"2020-11-28 12:00:00","South East",13.064
"2020-11-28 12:00:00","South West",13.796
"2020-11-28 12:00:00","Midlands",14.304
"2020-11-28 12:00:00","North East and Yorkshire",13.483
"2020-11-28 12:00:00","East of England",12.969
"2020-11-28 12:00:00","North West",12.849
"2020-11-29 12:00:00","London",13.437
"2020-11-29 12:00:00","South East",12.584
"2020-11-29 12:00:00","South West",13.499
"2020-11-29 12:00:00","Midlands",13.824
"2020-11-29 12:00:00","North East and Yorkshire",13.151
"2020-11-29 12:00:00","East of England",12.221
"2020-11-29 12:00:00","North West",12.601
"2020-11-30 12:00:00","London",10.688
"2020-11-30 12:00:00","South East",9.59
"2020-11-30 12:00:00","South West",9.266
"2020-11-30 12:00:00","Midlands",8.883
"2020-11-30 12:00:00","North East and Yorkshire",8.057
"2020-11-30 12:00:00","East of England",9.641
"2020-11-30 12:00:00","North West",7.721
"2020-12-01 12:00:00","London",11.959
"2020-12-01 12:00:00","South East",10.956
"2020-12-01 12:00:00","South West",11.372
"2020-12-01 12:00:00","Midlands",12.414
"2020-12-01 12:00:00","North East and Yorkshire",12.736
"2020-12-01 12:00:00","East of England",12.016
"2020-12-01 12:00:00","North West",11.39
"2020-12-02 12:00:00","London",9.532
"2020-12-02 12:00:00","South East",8.672
"2020-12-02 12:00:00","South West",9.782
"2020-12-02 12:00:00","Midlands",10.807
"2020-12-02 12:00:00","North East and Yorkshire",10.738
"2020-12-02 12:00:00","East of England",8.745
"2020-12-02 12:00:00","North West",9.388
"2020-12-03 12:00:00","London",6.766
"2020-12-03 12:00:00","South East",6.658
"2020-12-03 12:00:00","South West",6.989
"2020-12-03 12:00:00","Midlands",6.849
"2020-12-03 12:00:00","North East and Yorkshire",8.643
"2020-12-03 12:00:00","East of England",6.29
"2020-12-03 12:00:00","North West",7.139
"2020-12-04 12:00:00","London",6.213
"2020-12-04 12:00:00","South East",5.573
"2020-12-04 12:00:00","South West",6.453
"2020-12-04 12:00:00","Midlands",3.735
"2020-12-04 12:00:00","North East and Yorkshire",5.885
"2020-12-04 12:00:00","East of England",5.109
"2020-12-04 12:00:00","North West",4.787
"2020-12-05 12:00:00","London",5.731
"2020-12-05 12:00:00","South East",5.269
"2020-12-05 12:00:00","South West",6.826
"2020-12-05 12:00:00","Midlands",5.885
"2020-12-05 12:00:00","North East and Yorkshire",8.293
"2020-12-05 12:00:00","East of England",5.186
"2020-12-05 12:00:00","North West",7.348
"2020-12-06 12:00:00","London",8.25
"2020-12-06 12:00:00","South East",7.683
"2020-12-06 12:00:00","South West",9.085
"2020-12-06 12:00:00","Midlands",9.071
"2020-12-06 12:00:00","North East and Yorkshire",9.751
"2020-12-06 12:00:00","East of England",7.635
"2020-12-06 12:00:00","North West",8.812
"2020-12-07 12:00:00","London",9.146
"2020-12-07 12:00:00","South East",8.544
"2020-12-07 12:00:00","South West",9.234
"2020-12-07 12:00:00","Midlands",9.632
"2020-12-07 12:00:00","North East and Yorkshire",10.355
"2020-12-07 12:00:00","East of England",8.561
"2020-12-07 12:00:00","North West",9.693
"2020-12-08 12:00:00","London",8.216
"2020-12-08 12:00:00","South East",7.383
"2020-12-08 12:00:00","South West",7.834
"2020-12-08 12:00:00","Midlands",7.438
"2020-12-08 12:00:00","North East and Yorkshire",7.405
"2020-12-08 12:00:00","East of England",7.484
"2020-12-08 12:00:00","North West",7.193
"2020-12-09 12:00:00","London",6.891
"2020-12-09 12:00:00","South East",6.326
"2020-12-09 12:00:00","South West",8.348
"2020-12-09 12:00:00","Midlands",7.895
"2020-12-09 12:00:00","North East and Yorkshire",8.508
"2020-12-09 12:00:00","East of England",6.339
"2020-12-09 12:00:00","North West",7.985
"2020-12-10 12:00:00","London",7.215
"2020-12-10 12:00:00","South East",6.65
"2020-12-10 12:00:00","South West",6.347
"2020-12-10 12:00:00","Midlands",4.703
"2020-12-10 12:00:00","North East and Yorkshire",4.226
"2020-12-10 12:00:00","East of England",6.396
"2020-12-10 12:00:00","North West",3.988
"2020-12-11 12:00:00","London",5.672
"2020-12-11 12:00:00","South East",5.763
"2020-12-11 12:00:00","South West",6.505
"2020-12-11 12:00:00","Midlands",4.331
"2020-12-11 12:00:00","North East and Yorkshire",5.325
"2020-12-11 12:00:00","East of England",4.8
"2020-12-11 12:00:00","North West",4.432
"2020-12-12 12:00:00","London",8.202
"2020-12-12 12:00:00","South East",6.869
"2020-12-12 12:00:00","South West",6.372
"2020-12-12 12:00:00","Midlands",6.259
"2020-12-12 12:00:00","North East and Yorkshire",6.586
"2020-12-12 12:00:00","East of England",7.063
"2020-12-12 12:00:00","North West",5.93
"2020-12-13 12:00:00","London",5.342
"2020-12-13 12:00:00","South East",4.744
"2020-12-13 12:00:00","South West",5.756
"2020-12-13 12:00:00","Midlands",4.431
"2020-12-13 12:00:00","North East and Yorkshire",5.842
"2020-12-13 12:00:00","East of England",3.995
"2020-12-13 12:00:00","North West",5.353
"2020-12-14 12:00:00","London",2.747
"2020-12-14 12:00:00","South East",2.474
"2020-12-14 12:00:00","South West",3.663
"2020-12-14 12:00:00","Midlands",2.83
"2020-12-14 12:00:00","North East and Yorkshire",4.68
"2020-12-14 12:00:00","East of England",1.247
"2020-12-14 12:00:00","North West",5.372
"2020-12-15 12:00:00","London",8.042
"2020-12-15 12:00:00","South East",7.644
"2020-12-15 12:00:00","South West",8.688
"2020-12-15 12:00:00","Midlands",6.908
"2020-12-15 12:00:00","North East and Yorkshire",5.769
"2020-12-15 12:00:00","East of England",7.029
"2020-12-15 12:00:00","North West",6.273
"2020-12-16 12:00:00","London",8.404
"2020-12-16 12:00:00","South East",7.716
"2020-12-16 12:00:00","South West",7.498
"2020-12-16 12:00:00","Midlands",6.689
"2020-12-16 12:00:00","North East and Yorkshire",6.33
"2020-12-16 12:00:00","East of England",7.233
"2020-12-16 12:00:00","North West",6.34
"2020-12-17 12:00:00","London",8.452
"2020-12-17 12:00:00","South East",8.07
"2020-12-17 12:00:00","South West",9.346
"2020-12-17 12:00:00","Midlands",7.396
"2020-12-17 12:00:00","North East and Yorkshire",7.202
"2020-12-17 12:00:00","East of England",7.144
"2020-12-17 12:00:00","North West",7.134
"2020-12-18 12:00:00","London",7.35
"2020-12-18 12:00:00","South East",6.669
"2020-12-18 12:00:00","South West",7.503
"2020-12-18 12:00:00","Midlands",6.691
"2020-12-18 12:00:00","North East and Yorkshire",6.071
"2020-12-18 12:00:00","East of England",6.598
"2020-12-18 12:00:00","North West",5.978
"2020-12-19 12:00:00","London",12.292
"2020-12-19 12:00:00","South East",11.132
"2020-12-19 12:00:00","South West",11.412
"2020-12-19 12:00:00","Midlands",11.654
"2020-12-19 12:00:00","North East and Yorkshire",10.78
"2020-12-19 12:00:00","East of England",11.592
"2020-12-19 12:00:00","North West",10.359
"2020-12-20 12:00:00","London",13.709
"2020-12-20 12:00:00","South East",12.164
"2020-12-20 12:00:00","South West",12.147
"2020-12-20 12:00:00","Midlands",13.589
"2020-12-20 12:00:00","North East and Yorkshire",12.88
"2020-12-20 12:00:00","East of England",13.299
"2020-12-20 12:00:00","North West",12.274
"2020-12-21 12:00:00","London",11.906
"2020-12-21 12:00:00","South East",10.569
"2020-12-21 12:00:00","South West",10.971
"2020-12-21 12:00:00","Midlands",11.368
"2020-12-21 12:00:00","North East and Yorkshire",8.726
"2020-12-21 12:00:00","East of England",11.567
"2020-12-21 12:00:00","North West",8.124
"2020-12-22 12:00:00","London",4.468
"2020-12-22 12:00:00","South East",3.882
"2020-12-22 12:00:00","South West",3.988
"2020-12-22 12:00:00","Midlands",4.014
"2020-12-22 12:00:00","North East and Yorkshire",3.911
"2020-12-22 12:00:00","East of England",4.187
"2020-12-22 12:00:00","North West",3.835
"2020-12-23 12:00:00","London",5.899
"2020-12-23 12:00:00","South East",4.705
"2020-12-23 12:00:00","South West",3.472
"2020-12-23 12:00:00","Midlands",3.766
"2020-12-23 12:00:00","North East and Yorkshire",3.322
"2020-12-23 12:00:00","East of England",5.059
"2020-12-23 12:00:00","North West",3.274
"2020-12-24 12:00:00","London",2.898
"2020-12-24 12:00:00","South East",1.613
"2020-12-24 12:00:00","South West",2.391
"2020-12-24 12:00:00","Midlands",1.086
"2020-12-24 12:00:00","North East and Yorkshire",2.333
"2020-12-24 12:00:00","East of England",2.473
"2020-12-24 12:00:00","North West",1.961
"2020-12-25 12:00:00","London",2.208
"2020-12-25 12:00:00","South East",1.888
"2020-12-25 12:00:00","South West",2.719
"2020-12-25 12:00:00","Midlands",1.553
"2020-12-25 12:00:00","North East and Yorkshire",1.688
"2020-12-25 12:00:00","East of England",0.994
"2020-12-25 12:00:00","North West",2.06
"2020-12-26 12:00:00","London",3.521
"2020-12-26 12:00:00","South East",2.223
"2020-12-26 12:00:00","South West",1.682
"2020-12-26 12:00:00","Midlands",2.559
"2020-12-26 12:00:00","North East and Yorkshire",3.84
"2020-12-26 12:00:00","East of England",2.006
"2020-12-26 12:00:00","North West",3.619
"2020-12-27 12:00:00","London",5.886
"2020-12-27 12:00:00","South East",5.264
"2020-12-27 12:00:00","South West",6.185
"2020-12-27 12:00:00","Midlands",5.314
"2020-12-27 12:00:00","North East and Yorkshire",6.175
"2020-12-27 12:00:00","East of England",4.747
"2020-12-27 12:00:00","North West",5.609
"2020-12-28 12:00:00","London",9.363
"2020-12-28 12:00:00","South East",8.543
"2020-12-28 12:00:00","South West",9.134
"2020-12-28 12:00:00","Midlands",8.802
"2020-12-28 12:00:00","North East and Yorkshire",8.513
"2020-12-28 12:00:00","East of England",8.678
"2020-12-28 12:00:00","North West",7.881
"2020-12-29 12:00:00","London",11.895
"2020-12-29 12:00:00","South East",11.038
"2020-12-29 12:00:00","South West",10.82
"2020-12-29 12:00:00","Midlands",7.095
"2020-12-29 12:00:00","North East and Yorkshire",6.219
"2020-12-29 12:00:00","East of England",10.484
"2020-12-29 12:00:00","North West",5.541
"2020-12-30 12:00:00","London",13.216
"2020-12-30 12:00:00","South East",11.868
"2020-12-30 12:00:00","South West",11.027
"2020-12-30 12:00:00","Midlands",7.455
"2020-12-30 12:00:00","North East and Yorkshire",6.002
"2020-12-30 12:00:00","East of England",11.486
"2020-12-30 12:00:00","North West",5.825
"2020-12-31 12:00:00","London",5.397
"2020-12-31 12:00:00","South East",5.006
"2020-12-31 12:00:00","South West",5.808
"2020-12-31 12:00:00","Midlands",4.223
"2020-12-31 12:00:00","North East and Yorkshire",3.486
"2020-12-31 12:00:00","East of England",4.705
"2020-12-31 12:00:00","North West",3.813
"2021-01-01 12:00:00","London",5.208
"2021-01-01 12:00:00","South East",5.295
"2021-01-01 12:00:00","South West",7.14
"2021-01-01 12:00:00","Midlands",6.204
"2021-01-01 12:00:00","North East and Yorkshire",6.937
"2021-01-01 12:00:00","East of England",4.29
"2021-01-01 12:00:00","North West",6.74
"2021-01-02 12:00:00","London",10.613
"2021-01-02 12:00:00","South East",9.361
"2021-01-02 12:00:00","South West",9.467
"2021-01-02 12:00:00","Midlands",9.44
"2021-01-02 12:00:00","North East and Yorkshire",8.357
"2021-01-02 12:00:00","East of England",9.911
"2021-01-02 12:00:00","North West",8.271
"2021-01-03 12:00:00","London",7.437
"2021-01-03 12:00:00","South East",6.676
"2021-01-03 12:00:00","South West",6.652
"2021-01-03 12:00:00","Midlands",5.782
"2021-01-03 12:00:00","North East and Yorkshire",4.965
"2021-01-03 12:00:00","East of England",6.625
"2021-01-03 12:00:00","North West",5.143
"2021-01-04 12:00:00","London",3.534
"2021-01-04 12:00:00","South East",3.551
"2021-01-04 12:00:00","South West",4.063
"2021-01-04 12:00:00","Midlands",1.882
"2021-01-04 12:00:00","North East and Yorkshire",2.607
"2021-01-04 12:00:00","East of England",3.433
"2021-01-04 12:00:00","North West",2.485
"2021-01-05 12:00:00","London",13.851
"2021-01-05 12:00:00","South East",12.456
"2021-01-05 12:00:00","South West",12.957
"2021-01-05 12:00:00","Midlands",13.62
"2021-01-05 12:00:00","North East and Yorkshire",13.223
"2021-01-05 12:00:00","East of England",13.407
"2021-01-05 12:00:00","North West",12.47
"2021-01-06 12:00:00","London",14.273
"2021-01-06 12:00:00","South East",12.764
"2021-01-06 12:00:00","South West",12.577
"2021-01-06 12:00:00","Midlands",13.606
"2021-01-06 12:00:00","North East and Yorkshire",12.811
"2021-01-06 12:00:00","East of England",14.002
"2021-01-06 12:00:00","North West",11.177
"2021-01-07 12:00:00","London",7.278
"2021-01-07 12:00:00","South East",6.562
"2021-01-07 12:00:00","South West",6.887
"2021-01-07 12:00:00","Midlands",6.093
"2021-01-07 12:00:00","North East and Yorkshire",5.89
"2021-01-07 12:00:00","East of England",6.281
"2021-01-07 12:00:00","North West",6.144
"2021-01-08 12:00:00","London",9.269
"2021-01-08 12:00:00","South East",8.642
"2021-01-08 12:00:00","South West",9.144
"2021-01-08 12:00:00","Midlands",8.555
"2021-01-08 12:00:00","North East and Yorkshire",8.927
"2021-01-08 12:00:00","East of England",8.126
"2021-01-08 12:00:00","North West",8.91
"2021-01-09 12:00:00","London",12.514
"2021-01-09 12:00:00","South East",11.476
"2021-01-09 12:00:00","South West",11.841
"2021-01-09 12:00:00","Midlands",12.241
"2021-01-09 12:00:00","North East and Yorkshire",11.236
"2021-01-09 12:00:00","East of England",11.554
"2021-01-09 12:00:00","North West",10.268
"2021-01-10 12:00:00","London",7.53
"2021-01-10 12:00:00","South East",6.532
"2021-01-10 12:00:00","South West",7.018
"2021-01-10 12:00:00","Midlands",6.81
"2021-01-10 12:00:00","North East and Yorkshire",6.829
"2021-01-10 12:00:00","East of England",7.022
"2021-01-10 12:00:00","North West",6.62
"2021-01-11 12:00:00","London",8.658
"2021-01-11 12:00:00","South East",8.433
"2021-01-11 12:00:00","South West",10.381
"2021-01-11 12:00:00","Midlands",10.317
"2021-01-11 12:00:00","North East and Yorkshire",11.669
"2021-01-11 12:00:00","East of England",8.637
"2021-01-11 12:00:00","North West",10.484
"2021-01-12 12:00:00","London",11.959
"2021-01-12 12:00:00","South East",10.956
"2021-01-12 12:00:00","South West",11.372
"2021-01-12 12:00:00","Midlands",12.414
"2021-01-12 12:00:00","North East and Yorkshire",12.736
"2021-01-12 12:00:00","East of England",12.016
"2021-01-12 12:00:00","North West",11.39
"2021-01-13 12:00:00","London",9.532
"2021-01-13 12:00:00","South East",8.672
"2021-01-13 12:00:00","South West",9.782
"2021-01-13 12:00:00","Midlands",10.807
"2021-01-13 12:00:00","North East and Yorkshire",10.738
"2021-01-13 12:00:00","East of England",8.745
"2021-01-13 12:00:00","North West",9.388
"2021-01-14 12:00:00","London",6.766
"2021-01-14 12:00:00","South East",6.658
"2021-01-14 12:00:00","South West",6.989
"2021-01-14 12:00:00","Midlands",6.849
"2021-01-14 12:00:00","North East and Yorkshire",8.643
"2021-01-14 12:00:00","East of England",6.29
"2021-01-14 12:00:00","North West",7.139
"2021-01-15 12:00:00","London",6.213
"2021-01-15 12:00:00","South East",5.573
"2021-01-15 12:00:00","South West",6.453
"2021-01-15 12:00:00","Midlands",3.735
"2021-01-15 12:00:00","North East and Yorkshire",5.885
"2021-01-15 12:00:00","East of England",5.109
"2021-01-15 12:00:00","North West",4.787
"2021-01-16 12:00:00","London",5.731
"2021-01-16 12:00:00","South East",5.269
"2021-01-16 12:00:00","South West",6.826
"2021-01-16 12:00:00","Midlands",5.885
"2021-01-16 12:00:00","North East and Yorkshire",8.293
"2021-01-16 12:00:00","East of England",5.186
"2021-01-16 12:00:00","North West",7.348
"2021-01-17 12:00:00","London",8.25
"2021-01-17 12:00:00","South East",7.683
"2021-01-17 12:00:00","South West",9.085
"2021-01-17 12:00:00","Midlands",9.071
"2021-01-17 12:00:00","North East and Yorkshire",9.751
"2021-01-17 12:00:00","East of England",7.635
"2021-01-17 12:00:00","North West",8.812
"2021-01-18 12:00:00","London",9.146
"2021-01-18 12:00:00","South East",8.544
"2021-01-18 12:00:00","South West",9.234
"2021-01-18 12:00:00","Midlands",9.632
"2021-01-18 12:00:00","North East and Yorkshire",10.355
"2021-01-18 12:00:00","East of England",8.561
"2021-01-18 12:00:00","North West",9.693
"2021-01-19 12:00:00","London",13.504
"2021-01-19 12:00:00","South East",11.899
"2021-01-19 12:00:00","South West",12.325
"2021-01-19 12:00:00","Midlands",14.039
"2021-01-19 12:00:00","North East and Yorkshire",13.388
"2021-01-19 12:00:00","East of England",13.234
"2021-01-19 12:00:00","North West",12.464
"2021-01-20 12:00:00","London",12.263
"2021-01-20 12:00:00","South East",11.131
"2021-01-20 12:00:00","South West",10.985
"2021-01-20 12:00:00","Midlands",10.616
"2021-01-20 12:00:00","North East and Yorkshire",9.776
"2021-01-20 12:00:00","East of England",11.257
"2021-01-20 12:00:00","North West",8.904
"2021-01-21 12:00:00","London",12.964
"2021-01-21 12:00:00","South East",11.451
"2021-01-21 12:00:00","South West",11.954
"2021-01-21 12:00:00","Midlands",12.415
"2021-01-21 12:00:00","North East and Yorkshire",12.239
"2021-01-21 12:00:00","East of England",12.368
"2021-01-21 12:00:00","North West",11.229
"2021-01-22 12:00:00","London",9.795
"2021-01-22 12:00:00","South East",9.02
"2021-01-22 12:00:00","South West",9.194
"2021-01-22 12:00:00","Midlands",8.699
"2021-01-22 12:00:00","North East and Yorkshire",7.826
"2021-01-22 12:00:00","East of England",8.778
"2021-01-22 12:00:00","North West",7.631
"2021-01-23 12:00:00","London",8.862
"2021-01-23 12:00:00","South East",8.108
"2021-01-23 12:00:00","South West",8.639
"2021-01-23 12:00:00","Midlands",8.223
"2021-01-23 12:00:00","North East and Yorkshire",8.832
"2021-01-23 12:00:00","East of England",8.234
"2021-01-23 12:00:00","North West",7.792
"2021-01-24 12:00:00","London",11.657
"2021-01-24 12:00:00","South East",10.423
"2021-01-24 12:00:00","South West",11.38
"2021-01-24 12:00:00","Midlands",10.829
"2021-01-24 12:00:00","North East and Yorkshire",10.744
"2021-01-24 12:00:00","East of England",10.254
"2021-01-24 12:00:00","North West",10.304
"2021-01-25 12:00:00","London",12.456
"2021-01-25 12:00:00","South East",10.975
"2021-01-25 12:00:00","South West",11.649
"2021-01-25 12:00:00","Midlands",11.855
"2021-01-25 12:00:00","North East and Yorkshire",7.9
"2021-01-25 12:00:00","East of England",11.948
"2021-01-25 12:00:00","North West",9.139
"2021-01-26 12:00:00","London",7.797
"2021-01-26 12:00:00","South East",6.965
"2021-01-26 12:00:00","South West",6.279
"2021-01-26 12:00:00","Midlands",6.99
"2021-01-26 12:00:00","North East and Yorkshire",5.802
"2021-01-26 12:00:00","East of England",6.99
"2021-01-26 12:00:00","North West",5.785
"2021-01-27 12:00:00","London",9.624
"2021-01-27 12:00:00","South East",8.903
"2021-01-27 12:00:00","South West",9.647
"2021-01-27 12:00:00","Midlands",8.94
"2021-01-27 12:00:00","North East and Yorkshire",8.591
"2021-01-27 12:00:00","East of England",8.491
"2021-01-27 12:00:00","North West",8.074
"2021-01-28 12:00:00","London",12.675
"2021-01-28 12:00:00","South East",11.001
"2021-01-28 12:00:00","South West",11.328
"2021-01-28 12:00:00","Midlands",11.425
"2021-01-28 12:00:00","North East and Yorkshire",11.465
"2021-01-28 12:00:00","East of England",11.823
"2021-01-28 12:00:00","North West",10.778
"2021-01-29 12:00:00","London",12.324
"2021-01-29 12:00:00","South East",10.705
"2021-01-29 12:00:00","South West",11.078
"2021-01-29 12:00:00","Midlands",11.802
"2021-01-29 12:00:00","North East and Yorkshire",11.893
"2021-01-29 12:00:00","East of England",11.814
"2021-01-29 12:00:00","North West",10.973
"2021-01-30 12:00:00","London",12.259
"2021-01-30 12:00:00","South East",11.152
"2021-01-30 12:00:00","South West",10.947
"2021-01-30 12:00:00","Midlands",10.504
"2021-01-30 12:00:00","North East and Yorkshire",9.307
"2021-01-30 12:00:00","East of England",11.331
"2021-01-30 12:00:00","North West",8.694
"2021-01-31 12:00:00","London",13.39
"2021-01-31 12:00:00","South East",11.959
"2021-01-31 12:00:00","South West",11.463
"2021-01-31 12:00:00","Midlands",11.68
"2021-01-31 12:00:00","North East and Yorkshire",9.596
"2021-01-31 12:00:00","East of England",12.326
"2021-01-31 12:00:00","North West",9.673
"2021-02-01 12:00:00","London",11.513
"2021-02-01 12:00:00","South East",10.336
"2021-02-01 12:00:00","South West",9.527
"2021-02-01 12:00:00","Midlands",9.309
"2021-02-01 12:00:00","North East and Yorkshire",7.851
"2021-02-01 12:00:00","East of England",10.681
"2021-02-01 12:00:00","North West",7.469
"2021-02-02 12:00:00","London",8.784
"2021-02-02 12:00:00","South East",7.896
"2021-02-02 12:00:00","South West",8.8
"2021-02-02 12:00:00","Midlands",9.448
"2021-02-02 12:00:00","North East and Yorkshire",9.322
"2021-02-02 12:00:00","East of England",7.998
"2021-02-02 12:00:00","North West",8.117
"2021-02-03 12:00:00","London",8.34
"2021-02-03 12:00:00","South East",7.435
"2021-02-03 12:00:00","South West",8.255
"2021-02-03 12:00:00","Midlands",7.94
"2021-02-03 12:00:00","North East and Yorkshire",8.496
"2021-02-03 12:00:00","East of England",7.429
"2021-02-03 12:00:00","North West",7.26
"2021-02-04 12:00:00","London",9.978
"2021-02-04 12:00:00","South East",8.677
"2021-02-04 12:00:00","South West",9.512
"2021-02-04 12:00:00","Midlands",8.993
"2021-02-04 12:00:00","North East and Yorkshire",8.535
"2021-02-04 12:00:00","East of England",8.796
"2021-02-04 12:00:00","North West",7.953
"2021-02-05 12:00:00","London",9.139
"2021-02-05 12:00:00","South East",8.542
"2021-02-05 12:00:00","South West",9.053
"2021-02-05 12:00:00","Midlands",9.289
"2021-02-05 12:00:00","North East and Yorkshire",9.674
"2021-02-05 12:00:00","East of England",8.344
"2021-02-05 12:00:00","North West",9.167
"2021-02-06 12:00:00","London",10.504
"2021-02-06 12:00:00","South East",9.501
"2021-02-06 12:00:00","South West",10.124
"2021-02-06 12:00:00","Midlands",10.472
"2021-02-06 12:00:00","North East and Yorkshire",10.592
"2021-02-06 12:00:00","East of England",10.124
"2021-02-06 12:00:00","North West",8.982
"2021-02-07 12:00:00","London",8.691
"2021-02-07 12:00:00","South East",7.764
"2021-02-07 12:00:00","South West",8.87
"2021-02-07 12:00:00","Midlands",8.723
"2021-02-07 12:00:00","North East and Yorkshire",8.699
"2021-02-07 12:00:00","East of England",8.433
"2021-02-07 12:00:00","North West",8.145
"2021-02-08 12:00:00","London",12.759
"2021-02-08 12:00:00","South East",10.825
"2021-02-08 12:00:00","South West",10.038
"2021-02-08 12:00:00","Midlands",9.638
"2021-02-08 12:00:00","North East and Yorkshire",8.129
"2021-02-08 12:00:00","East of England",11.005
"2021-02-08 12:00:00","North West",8.918
"2021-02-09 12:00:00","London",12.8
"2021-02-09 12:00:00","South East",11.426
"2021-02-09 12:00:00","South West",12.172
"2021-02-09 12:00:00","Midlands",10.478
"2021-02-09 12:00:00","North East and Yorkshire",9.563
"2021-02-09 12:00:00","East of England",11.871
"2021-02-09 12:00:00","North West",10.392
"2021-02-10 12:00:00","London",15.327
"2021-02-10 12:00:00","South East",12.926
"2021-02-10 12:00:00","South West",12.208
"2021-02-10 12:00:00","Midlands",12.407
"2021-02-10 12:00:00","North East and Yorkshire",11.28
"2021-02-10 12:00:00","East of England",13.995
"2021-02-10 12:00:00","North West",9.287
"2021-02-11 12:00:00","London",12.671
"2021-02-11 12:00:00","South East",11.156
"2021-02-11 12:00:00","South West",11.795
"2021-02-11 12:00:00","Midlands",13.111
"2021-02-11 12:00:00","North East and Yorkshire",12.532
"2021-02-11 12:00:00","East of England",11.997
"2021-02-11 12:00:00","North West",11.264
"2021-02-12 12:00:00","London",14.855
"2021-02-12 12:00:00","South East",12.469
"2021-02-12 12:00:00","South West",12.131
"2021-02-12 12:00:00","Midlands",15.188
"2021-02-12 12:00:00","North East and Yorkshire",12.087
"2021-02-12 12:00:00","East of England",15.158
"2021-02-12 12:00:00","North West",11.371
"2021-02-13 12:00:00","London",13.438
"2021-02-13 12:00:00","South East",11.728
"2021-02-13 12:00:00","South West",11.601
"2021-02-13 12:00:00","Midlands",13.851
"2021-02-13 12:00:00","North East and Yorkshire",11.857
"2021-02-13 12:00:00","East of England",14.03
"2021-02-13 12:00:00","North West",11.016
"2021-02-14 12:00:00","London",13.665
"2021-02-14 12:00:00","South East",12.557
"2021-02-14 12:00:00","South West",11.892
"2021-02-14 12:00:00","Midlands",12.616
"2021-02-14 12:00:00","North East and Yorkshire",10.743
"2021-02-14 12:00:00","East of England",12.294
"2021-02-14 12:00:00","North West",10.002
"2021-02-15 12:00:00","London",13.314
"2021-02-15 12:00:00","South East",11.265
"2021-02-15 12:00:00","South West",10.828
"2021-02-15 12:00:00","Midlands",14.291
"2021-02-15 12:00:00","North East and Yorkshire",12.65
"2021-02-15 12:00:00","East of England",14.237
"2021-02-15 12:00:00","North West",10.841
"2021-02-16 12:00:00","London",5.457
"2021-02-16 12:00:00","South East",4.68
"2021-02-16 12:00:00","South West",6.42
"2021-02-16 12:00:00","Midlands",6.213
"2021-02-16 12:00:00","North East and Yorkshire",5.605
"2021-02-16 12:00:00","East of England",5.41
"2021-02-16 12:00:00","North West",5.478
"2021-02-17 12:00:00","London",3.842
"2021-02-17 12:00:00","South East",3.757
"2021-02-17 12:00:00","South West",5.822
"2021-02-17 12:00:00","Midlands",2.241
"2021-02-17 12:00:00","North East and Yorkshire",3.584
"2021-02-17 12:00:00","East of England",3.164
"2021-02-17 12:00:00","North West",2.925
"2021-02-18 12:00:00","London",10.282
"2021-02-18 12:00:00","South East",9.468
"2021-02-18 12:00:00","South West",9.683
"2021-02-18 12:00:00","Midlands",1.986
"2021-02-18 12:00:00","North East and Yorkshire",2.183
"2021-02-18 12:00:00","East of England",5.938
"2021-02-18 12:00:00","North West",2.107
"2021-02-19 12:00:00","London",5.536
"2021-02-19 12:00:00","South East",4.659
"2021-02-19 12:00:00","South West",5.292
"2021-02-19 12:00:00","Midlands",5.171
"2021-02-19 12:00:00","North East and Yorkshire",4.719
"2021-02-19 12:00:00","East of England",5.002
"2021-02-19 12:00:00","North West",5.08
"2021-02-20 12:00:00","London",9.757
"2021-02-20 12:00:00","South East",8.91
"2021-02-20 12:00:00","South West",9.548
"2021-02-20 12:00:00","Midlands",8.552
"2021-02-20 12:00:00","North East and Yorkshire",7.998
"2021-02-20 12:00:00","East of England",9.257
"2021-02-20 12:00:00","North West",8.001
"2021-02-21 12:00:00","London",13.754
"2021-02-21 12:00:00","South East",12.001
"2021-02-21 12:00:00","South West",11.978
"2021-02-21 12:00:00","Midlands",12.942
"2021-02-21 12:00:00","North East and Yorkshire",12.305
"2021-02-21 12:00:00","East of England",13.238
"2021-02-21 12:00:00","North West",11.449
"2021-02-22 12:00:00","London",14.262
"2021-02-22 12:00:00","South East",12.639
"2021-02-22 12:00:00","South West",12.449
"2021-02-22 12:00:00","Midlands",13.528
"2021-02-22 12:00:00","North East and Yorkshire",12.572
"2021-02-22 12:00:00","East of England",14.706
"2021-02-22 12:00:00","North West",10.648
"2021-02-23 12:00:00","London",11.791
"2021-02-23 12:00:00","South East",10.157
"2021-02-23 12:00:00","South West",9.91
"2021-02-23 12:00:00","Midlands",10.059
"2021-02-23 12:00:00","North East and Yorkshire",10.408
"2021-02-23 12:00:00","East of England",10.217
"2021-02-23 12:00:00","North West",9.798
"2021-02-24 12:00:00","London",11.966
"2021-02-24 12:00:00","South East",10.347
"2021-02-24 12:00:00","South West",10.687
"2021-02-24 12:00:00","Midlands",11.176
"2021-02-24 12:00:00","North East and Yorkshire",10.55
"2021-02-24 12:00:00","East of England",11.34
"2021-02-24 12:00:00","North West",9.421
"2021-02-25 12:00:00","London",13.82
"2021-02-25 12:00:00","South East",11.357
"2021-02-25 12:00:00","South West",11.007
"2021-02-25 12:00:00","Midlands",12.326
"2021-02-25 12:00:00","North East and Yorkshire",12.439
"2021-02-25 12:00:00","East of England",12.586
"2021-02-25 12:00:00","North West",11.246
"2021-02-26 12:00:00","London",14.85
"2021-02-26 12:00:00","South East",12.662
"2021-02-26 12:00:00","South West",12.973
"2021-02-26 12:00:00","Midlands",13.834
"2021-02-26 12:00:00","North East and Yorkshire",13.567
"2021-02-26 12:00:00","East of England",13.808
"2021-02-26 12:00:00","North West",12.661
"2021-02-27 12:00:00","London",12.233
"2021-02-27 12:00:00","South East",10.668
"2021-02-27 12:00:00","South West",11.393
"2021-02-27 12:00:00","Midlands",13.167
"2021-02-27 12:00:00","North East and Yorkshire",12.633
"2021-02-27 12:00:00","East of England",11.902
"2021-02-27 12:00:00","North West",11.856
"2021-02-28 12:00:00","London",14.835
"2021-02-28 12:00:00","South East",12.16
"2021-02-28 12:00:00","South West",11.735
"2021-02-28 12:00:00","Midlands",12.83
"2021-02-28 12:00:00","North East and Yorkshire",12.95
"2021-02-28 12:00:00","East of England",14.045
"2021-02-28 12:00:00","North West",11.637
"2021-03-01 12:00:00","London",9.963
"2021-03-01 12:00:00","South East",9.074
"2021-03-01 12:00:00","South West",10.088
"2021-03-01 12:00:00","Midlands",10.425
"2021-03-01 12:00:00","North East and Yorkshire",10.15
"2021-03-01 12:00:00","East of England",9.863
"2021-03-01 12:00:00","North West",9.38
"2021-03-02 12:00:00","London",9.103
"2021-03-02 12:00:00","South East",8.286
"2021-03-02 12:00:00","South West",8.884
"2021-03-02 12:00:00","Midlands",8.244
"2021-03-02 12:00:00","North East and Yorkshire",8.622
"2021-03-02 12:00:00","East of England",8.18
"2021-03-02 12:00:00","North West",7.827
"2021-03-03 12:00:00","London",11.748
"2021-03-03 12:00:00","South East",10.304
"2021-03-03 12:00:00","South West",10.657
"2021-03-03 12:00:00","Midlands",10.812
"2021-03-03 12:00:00","North East and Yorkshire",10.709
"2021-03-03 12:00:00","East of England",11.168
"2021-03-03 12:00:00","North West",9.808
"2021-03-04 12:00:00","London",11.188
"2021-03-04 12:00:00","South East",9.827
"2021-03-04 12:00:00","South West",8.689
"2021-03-04 12:00:00","Midlands",8.875
"2021-03-04 12:00:00","North East and Yorkshire",8.522
"2021-03-04 12:00:00","East of England",10.573
"2021-03-04 12:00:00","North West",7.967
"2021-03-05 12:00:00","London",9.648
"2021-03-05 12:00:00","South East",8.318
"2021-03-05 12:00:00","South West",7.649
"2021-03-05 12:00:00","Midlands",7.197
"2021-03-05 12:00:00","North East and Yorkshire",5.827
"2021-03-05 12:00:00","East of England",8.266
"2021-03-05 12:00:00","North West",5.868
"2021-03-06 12:00:00","London",9.079
"2021-03-06 12:00:00","South East",7.704
"2021-03-06 12:00:00","South West",6.69
"2021-03-06 12:00:00","Midlands",6.29
"2021-03-06 12:00:00","North East and Yorkshire",6.712
"2021-03-06 12:00:00","East of England",8.327
"2021-03-06 12:00:00","North West",5.46
"2021-03-07 12:00:00","London",10.233
"2021-03-07 12:00:00","South East",9.34
"2021-03-07 12:00:00","South West",9.28
"2021-03-07 12:00:00","Midlands",8.649
"2021-03-07 12:00:00","North East and Yorkshire",7.784
"2021-03-07 12:00:00","East of England",8.166
"2021-03-07 12:00:00","North West",8.422
"2021-03-08 12:00:00","London",11.868
"2021-03-08 12:00:00","South East",10.225
"2021-03-08 12:00:00","South West",8.895
"2021-03-08 12:00:00","Midlands",10.611
"2021-03-08 12:00:00","North East and Yorkshire",9.474
"2021-03-08 12:00:00","East of England",10.985
"2021-03-08 12:00:00","North West",9.225
"2021-03-09 12:00:00","London",10.063
"2021-03-09 12:00:00","South East",9.188
"2021-03-09 12:00:00","South West",9.768
"2021-03-09 12:00:00","Midlands",8.721
"2021-03-09 12:00:00","North East and Yorkshire",6.375
"2021-03-09 12:00:00","East of England",8.812
"2021-03-09 12:00:00","North West",6.238
"2021-03-10 12:00:00","London",10.012
"2021-03-10 12:00:00","South East",8.987
"2021-03-10 12:00:00","South West",9.531
"2021-03-10 12:00:00","Midlands",9.94
"2021-03-10 12:00:00","North East and Yorkshire",9.622
"2021-03-10 12:00:00","East of England",9.407
"2021-03-10 12:00:00","North West",9.044
"2021-03-11 12:00:00","London",14.498
"2021-03-11 12:00:00","South East",12.725
"2021-03-11 12:00:00","South West",10.904
"2021-03-11 12:00:00","Midlands",12.115
"2021-03-11 12:00:00","North East and Yorkshire",12.367
"2021-03-11 12:00:00","East of England",13.52
"2021-03-11 12:00:00","North West",10.852
"2021-03-12 12:00:00","London",14.761
"2021-03-12 12:00:00","South East",13.158
"2021-03-12 12:00:00","South West",13.43
"2021-03-12 12:00:00","Midlands",15.206
"2021-03-12 12:00:00","North East and Yorkshire",14.964
"2021-03-12 12:00:00","East of England",13.181
"2021-03-12 12:00:00","North West",13.684
"2021-03-13 12:00:00","London",14.23
"2021-03-13 12:00:00","South East",12.843
"2021-03-13 12:00:00","South West",13.475
"2021-03-13 12:00:00","Midlands",14.38
"2021-03-13 12:00:00","North East and Yorkshire",13.785
"2021-03-13 12:00:00","East of England",12.326
"2021-03-13 12:00:00","North West",12.84
"2021-03-14 12:00:00","London",11.044
"2021-03-14 12:00:00","South East",10.242
"2021-03-14 12:00:00","South West",11.239
"2021-03-14 12:00:00","Midlands",11.4
"2021-03-14 12:00:00","North East and Yorkshire",11.434
"2021-03-14 12:00:00","East of England",11.012
"2021-03-14 12:00:00","North West",9.603
"2021-03-15 12:00:00","London",12.503
"2021-03-15 12:00:00","South East",10.749
"2021-03-15 12:00:00","South West",11.346
"2021-03-15 12:00:00","Midlands",14.7
"2021-03-15 12:00:00","North East and Yorkshire",13.257
"2021-03-15 12:00:00","East of England",13.192
"2021-03-15 12:00:00","North West",12.934
"2021-03-16 12:00:00","London",15.303
"2021-03-16 12:00:00","South East",13.213
"2021-03-16 12:00:00","South West",12.052
"2021-03-16 12:00:00","Midlands",14.134
"2021-03-16 12:00:00","North East and Yorkshire",12.169
"2021-03-16 12:00:00","East of England",14.951
"2021-03-16 12:00:00","North West",11.664
"2021-03-17 12:00:00","London",13.745
"2021-03-17 12:00:00","South East",12.274
"2021-03-17 12:00:00","South West",12.381
"2021-03-17 12:00:00","Midlands",12.762
"2021-03-17 12:00:00","North East and Yorkshire",12.55
"2021-03-17 12:00:00","East of England",13.689
"2021-03-17 12:00:00","North West",11.602
"2021-03-18 12:00:00","London",16.056
"2021-03-18 12:00:00","South East",14.026
"2021-03-18 12:00:00","South West",13.414
"2021-03-18 12:00:00","Midlands",14.489
"2021-03-18 12:00:00","North East and Yorkshire",12.541
"2021-03-18 12:00:00","East of England",15.326
"2021-03-18 12:00:00","North West",12.045
"2021-03-19 12:00:00","London",17.853
"2021-03-19 12:00:00","South East",15.55
"2021-03-19 12:00:00","South West",14.81
"2021-03-19 12:00:00","Midlands",17.042
"2021-03-19 12:00:00","North East and Yorkshire",16.303
"2021-03-19 12:00:00","East of England",17.724
"2021-03-19 12:00:00","North West",14.732
"2021-03-20 12:00:00","London",19.151
"2021-03-20 12:00:00","South East",16.441
"2021-03-20 12:00:00","South West",15.041
"2021-03-20 12:00:00","Midlands",17.937
"2021-03-20 12:00:00","North East and Yorkshire",18.299
"2021-03-20 12:00:00","East of England",19.012
"2021-03-20 12:00:00","North West",15.927
"2021-03-21 12:00:00","London",16.435
"2021-03-21 12:00:00","South East",14.489
"2021-03-21 12:00:00","South West",14.211
"2021-03-21 12:00:00","Midlands",15.583
"2021-03-21 12:00:00","North East and Yorkshire",15.069
"2021-03-21 12:00:00","East of England",16.381
"2021-03-21 12:00:00","North West",13.257
"2021-03-22 12:00:00","London",17.842
"2021-03-22 12:00:00","South East",15.507
"2021-03-22 12:00:00","South West",13.211
"2021-03-22 12:00:00","Midlands",15.179
"2021-03-22 12:00:00","North East and Yorkshire",14.911
"2021-03-22 12:00:00","East of England",16.502
"2021-03-22 12:00:00","North West",13.409
"2021-03-23 12:00:00","London",15.282
"2021-03-23 12:00:00","South East",12.653
"2021-03-23 12:00:00","South West",14.145
"2021-03-23 12:00:00","Midlands",16.371
"2021-03-23 12:00:00","North East and Yorkshire",15.7
"2021-03-23 12:00:00","East of England",13.689
"2021-03-23 12:00:00","North West",15.246
"2021-03-24 12:00:00","London",13.744
"2021-03-24 12:00:00","South East",12.314
"2021-03-24 12:00:00","South West",13.582
"2021-03-24 12:00:00","Midlands",15.474
"2021-03-24 12:00:00","North East and Yorkshire",16.338
"2021-03-24 12:00:00","East of England",12.816
"2021-03-24 12:00:00","North West",15.638
"2021-03-25 12:00:00","London",13.052
"2021-03-25 12:00:00","South East",11.79
"2021-03-25 12:00:00","South West",13.484
"2021-03-25 12:00:00","Midlands",13.863
"2021-03-25 12:00:00","North East and Yorkshire",13.442
"2021-03-25 12:00:00","East of England",12.197
"2021-03-25 12:00:00","North West",13.577
"2021-03-26 12:00:00","London",13.603
"2021-03-26 12:00:00","South East",12.163
"2021-03-26 12:00:00","South West",11.813
"2021-03-26 12:00:00","Midlands",11.958
"2021-03-26 12:00:00","North East and Yorkshire",11.107
"2021-03-26 12:00:00","East of England",12.244
"2021-03-26 12:00:00","North West",11.419
"2021-03-27 12:00:00","London",11.383
"2021-03-27 12:00:00","South East",10.526
"2021-03-27 12:00:00","South West",10.836
"2021-03-27 12:00:00","Midlands",10.096
"2021-03-27 12:00:00","North East and Yorkshire",9.508
"2021-03-27 12:00:00","East of England",10.107
"2021-03-27 12:00:00","North West",9.774
"2021-03-28 12:00:00","London",7.951
"2021-03-28 12:00:00","South East",7.454
"2021-03-28 12:00:00","South West",8.488
"2021-03-28 12:00:00","Midlands",7.755
"2021-03-28 12:00:00","North East and Yorkshire",6.986
"2021-03-28 12:00:00","East of England",7.433
"2021-03-28 12:00:00","North West",7.155
"2021-03-29 12:00:00","London",10.419
"2021-03-29 12:00:00","South East",9.16
"2021-03-29 12:00:00","South West",9.355
"2021-03-29 12:00:00","Midlands",8.855
"2021-03-29 12:00:00","North East and Yorkshire",10.007
"2021-03-29 12:00:00","East of England",9.876
"2021-03-29 12:00:00","North West",8.904
"2021-03-30 12:00:00","London",15.303
"2021-03-30 12:00:00","South East",13.213
"2021-03-30 12:00:00","South West",12.052
"2021-03-30 12:00:00","Midlands",14.134
"2021-03-30 12:00:00","North East and Yorkshire",12.169
"2021-03-30 12:00:00","East of England",14.951
"2021-03-30 12:00:00","North West",11.664
"2021-03-31 12:00:00","London",13.745
"2021-03-31 12:00:00","South East",12.274
"2021-03-31 12:00:00","South West",12.381
"2021-03-31 12:00:00","Midlands",12.762
"2021-03-31 12:00:00","North East and Yorkshire",12.55
"2021-03-31 12:00:00","East of England",13.689
"2021-03-31 12:00:00","North West",11.602
"2021-04-01 12:00:00","London",16.056
"2021-04-01 12:00:00","South East",14.026
"2021-04-01 12:00:00","South West",13.414
"2021-04-01 12:00:00","Midlands",14.489
"2021-04-01 12:00:00","North East and Yorkshire",12.541
"2021-04-01 12:00:00","East of England",15.326
"2021-04-01 12:00:00","North West",12.045
"2021-04-02 12:00:00","London",17.853
"2021-04-02 12:00:00","South East",15.55
"2021-04-02 12:00:00","South West",14.81
"2021-04-02 12:00:00","Midlands",17.042
"2021-04-02 12:00:00","North East and Yorkshire",16.303
"2021-04-02 12:00:00","East of England",17.724
"2021-04-02 12:00:00","North West",14.732
"2021-04-03 12:00:00","London",19.151
"2021-04-03 12:00:00","South East",16.441
"2021-04-03 12:00:00","South West",15.041
"2021-04-03 12:00:00","Midlands",17.937
"2021-04-03 12:00:00","North East and Yorkshire",18.299
"2021-04-03 12:00:00","East of England",19.012
"2021-04-03 12:00:00","North West",15.927
"2021-04-04 12:00:00","London",16.435
"2021-04-04 12:00:00","South East",14.489
"2021-04-04 12:00:00","South West",14.211
"2021-04-04 12:00:00","Midlands",15.583
"2021-04-04 12:00:00","North East and Yorkshire",15.069
"2021-04-04 12:00:00","East of England",16.381
"2021-04-04 12:00:00","North West",13.257
"2021-04-05 12:00:00","London",17.842
"2021-04-05 12:00:00","South East",15.507
"2021-04-05 12:00:00","South West",13.211
"2021-04-05 12:00:00","Midlands",15.179
"2021-04-05 12:00:00","North East and Yorkshire",14.911
"2021-04-05 12:00:00","East of England",16.502
"2021-04-05 12:00:00","North West",13.409
"2021-04-06 12:00:00","London",12.859
"2021-04-06 12:00:00","South East",11.066
"2021-04-06 12:00:00","South West",11.717
"2021-04-06 12:00:00","Midlands",12.414
"2021-04-06 12:00:00","North East and Yorkshire",10.67
"2021-04-06 12:00:00","East of England",11.819
"2021-04-06 12:00:00","North West",10.508
"2021-04-07 12:00:00","London",12.064
"2021-04-07 12:00:00","South East",11.093
"2021-04-07 12:00:00","South West",12.322
"2021-04-07 12:00:00","Midlands",11.688
"2021-04-07 12:00:00","North East and Yorkshire",11.022
"2021-04-07 12:00:00","East of England",10.362
"2021-04-07 12:00:00","North West",11.151
"2021-04-08 12:00:00","London",10.692
"2021-04-08 12:00:00","South East",9.914
"2021-04-08 12:00:00","South West",10.705
"2021-04-08 12:00:00","Midlands",11.148
"2021-04-08 12:00:00","North East and Yorkshire",11.116
"2021-04-08 12:00:00","East of England",9.944
"2021-04-08 12:00:00","North West",11.172
"2021-04-09 12:00:00","London",11.834
"2021-04-09 12:00:00","South East",10.558
"2021-04-09 12:00:00","South West",10.74
"2021-04-09 12:00:00","Midlands",10.843
"2021-04-09 12:00:00","North East and Yorkshire",12.105
"2021-04-09 12:00:00","East of England",10.897
"2021-04-09 12:00:00","North West",11.833
"2021-04-10 12:00:00","London",13.372
"2021-04-10 12:00:00","South East",11.9
"2021-04-10 12:00:00","South West",12.419
"2021-04-10 12:00:00","Midlands",13.533
"2021-04-10 12:00:00","North East and Yorkshire",13.377
"2021-04-10 12:00:00","East of England",12.029
"2021-04-10 12:00:00","North West",13.1
"2021-04-11 12:00:00","London",15.279
"2021-04-11 12:00:00","South East",13.293
"2021-04-11 12:00:00","South West",14.003
"2021-04-11 12:00:00","Midlands",14.818
"2021-04-11 12:00:00","North East and Yorkshire",13.916
"2021-04-11 12:00:00","East of England",13.782
"2021-04-11 12:00:00","North West",13.209
"2021-04-12 12:00:00","London",16.978
"2021-04-12 12:00:00","South East",14.651
"2021-04-12 12:00:00","South West",14.258
"2021-04-12 12:00:00","Midlands",16.314
"2021-04-12 12:00:00","North East and Yorkshire",15.623
"2021-04-12 12:00:00","East of England",15.537
"2021-04-12 12:00:00","North West",15.374
"2021-04-13 12:00:00","London",20.694
"2021-04-13 12:00:00","South East",19.156
"2021-04-13 12:00:00","South West",19.232
"2021-04-13 12:00:00","Midlands",18.81
"2021-04-13 12:00:00","North East and Yorkshire",15.821
"2021-04-13 12:00:00","East of England",18.821
"2021-04-13 12:00:00","North West",17.725
"2021-04-14 12:00:00","London",18.575
"2021-04-14 12:00:00","South East",15.584
"2021-04-14 12:00:00","South West",13.179
"2021-04-14 12:00:00","Midlands",17.979
"2021-04-14 12:00:00","North East and Yorkshire",17.047
"2021-04-14 12:00:00","East of England",19.233
"2021-04-14 12:00:00","North West",16.81
"2021-04-15 12:00:00","London",16.616
"2021-04-15 12:00:00","South East",14.346
"2021-04-15 12:00:00","South West",13.342
"2021-04-15 12:00:00","Midlands",14.607
"2021-04-15 12:00:00","North East and Yorkshire",13.679
"2021-04-15 12:00:00","East of England",15.973
"2021-04-15 12:00:00","North West",13.616
"2021-04-16 12:00:00","London",16.896
"2021-04-16 12:00:00","South East",14.49
"2021-04-16 12:00:00","South West",12.571
"2021-04-16 12:00:00","Midlands",14.004
"2021-04-16 12:00:00","North East and Yorkshire",13.874
"2021-04-16 12:00:00","East of England",16.666
"2021-04-16 12:00:00","North West",11.127
"2021-04-17 12:00:00","London",12.613
"2021-04-17 12:00:00","South East",11.883
"2021-04-17 12:00:00","South West",11.503
"2021-04-17 12:00:00","Midlands",10.41
"2021-04-17 12:00:00","North East and Yorkshire",10.564
"2021-04-17 12:00:00","East of England",11.129
"2021-04-17 12:00:00","North West",9.309
"2021-04-18 12:00:00","London",14.087
"2021-04-18 12:00:00","South East",13.302
"2021-04-18 12:00:00","South West",13.23
"2021-04-18 12:00:00","Midlands",14.07
"2021-04-18 12:00:00","North East and Yorkshire",13.354
"2021-04-18 12:00:00","East of England",12.756
"2021-04-18 12:00:00","North West",12.902
"2021-04-19 12:00:00","London",15.169
"2021-04-19 12:00:00","South East",14.049
"2021-04-19 12:00:00","South West",14.277
"2021-04-19 12:00:00","Midlands",14.333
"2021-04-19 12:00:00","North East and Yorkshire",13.828
"2021-04-19 12:00:00","East of England",13.69
"2021-04-19 12:00:00","North West",13.904
"2021-04-20 12:00:00","London",12.791
"2021-04-20 12:00:00","South East",11.433
"2021-04-20 12:00:00","South West",12.059
"2021-04-20 12:00:00","Midlands",13.127
"2021-04-20 12:00:00","North East and Yorkshire",13.44
"2021-04-20 12:00:00","East of England",11.746
"2021-04-20 12:00:00","North West",11.585
"2021-04-21 12:00:00","London",18.212
"2021-04-21 12:00:00","South East",16.077
"2021-04-21 12:00:00","South West",15.864
"2021-04-21 12:00:00","Midlands",18.155
"2021-04-21 12:00:00","North East and Yorkshire",18.91
"2021-04-21 12:00:00","East of England",16.6
"2021-04-21 12:00:00","North West",15.853
"2021-04-22 12:00:00","London",19.758
"2021-04-22 12:00:00","South East",17.904
"2021-04-22 12:00:00","South West",18.611
"2021-04-22 12:00:00","Midlands",19.17
"2021-04-22 12:00:00","North East and Yorkshire",15.71
"2021-04-22 12:00:00","East of England",18.646
"2021-04-22 12:00:00","North West",17.364
"2021-04-23 12:00:00","London",14.445
"2021-04-23 12:00:00","South East",12.292
"2021-04-23 12:00:00","South West",11.798
"2021-04-23 12:00:00","Midlands",13.839
"2021-04-23 12:00:00","North East and Yorkshire",11.644
"2021-04-23 12:00:00","East of England",13.817
"2021-04-23 12:00:00","North West",12.97
"2021-04-24 12:00:00","London",14.519
"2021-04-24 12:00:00","South East",12.367
"2021-04-24 12:00:00","South West",11.241
"2021-04-24 12:00:00","Midlands",10.145
"2021-04-24 12:00:00","North East and Yorkshire",10.85
"2021-04-24 12:00:00","East of England",12.476
"2021-04-24 12:00:00","North West",9.867
"2021-04-25 12:00:00","London",17.965
"2021-04-25 12:00:00","South East",16.009
"2021-04-25 12:00:00","South West",16.036
"2021-04-25 12:00:00","Midlands",15.578
"2021-04-25 12:00:00","North East and Yorkshire",14.128
"2021-04-25 12:00:00","East of England",15.601
"2021-04-25 12:00:00","North West",14.845
"2021-04-26 12:00:00","London",17.715
"2021-04-26 12:00:00","South East",15.93
"2021-04-26 12:00:00","South West",17.031
"2021-04-26 12:00:00","Midlands",15.757
"2021-04-26 12:00:00","North East and Yorkshire",13.269
"2021-04-26 12:00:00","East of England",15.667
"2021-04-26 12:00:00","North West",14.276
"2021-04-27 12:00:00","London",18.153
"2021-04-27 12:00:00","South East",16.393
"2021-04-27 12:00:00","South West",16.112
"2021-04-27 12:00:00","Midlands",16.691
"2021-04-27 12:00:00","North East and Yorkshire",15.715
"2021-04-27 12:00:00","East of England",17.236
"2021-04-27 12:00:00","North West",14.303
"2021-04-28 12:00:00","London",18.824
"2021-04-28 12:00:00","South East",16.303
"2021-04-28 12:00:00","South West",16.063
"2021-04-28 12:00:00","Midlands",17.913
"2021-04-28 12:00:00","North East and Yorkshire",16.797
"2021-04-28 12:00:00","East of England",18.491
"2021-04-28 12:00:00","North West",15.201
"2021-04-29 12:00:00","London",20.219
"2021-04-29 12:00:00","South East",17.616
"2021-04-29 12:00:00","South West",16.824
"2021-04-29 12:00:00","Midlands",17.899
"2021-04-29 12:00:00","North East and Yorkshire",17.574
"2021-04-29 12:00:00","East of England",19.487
"2021-04-29 12:00:00","North West",15.328
"2021-04-30 12:00:00","London",20.362
"2021-04-30 12:00:00","South East",18.458
"2021-04-30 12:00:00","South West",17.526
"2021-04-30 12:00:00","Midlands",17.353
"2021-04-30 12:00:00","North East and Yorkshire",16.13
"2021-04-30 12:00:00","East of England",18.743
"2021-04-30 12:00:00","North West",13.869
"2021-05-01 12:00:00","London",18.534
"2021-05-01 12:00:00","South East",17.047
"2021-05-01 12:00:00","South West",17.211
"2021-05-01 12:00:00","Midlands",17.368
"2021-05-01 12:00:00","North East and Yorkshire",15.713
"2021-05-01 12:00:00","East of England",16.766
"2021-05-01 12:00:00","North West",15.245
"2021-05-02 12:00:00","London",16.586
"2021-05-02 12:00:00","South East",14.992
"2021-05-02 12:00:00","South West",14.989
"2021-05-02 12:00:00","Midlands",14.63
"2021-05-02 12:00:00","North East and Yorkshire",13.617
"2021-05-02 12:00:00","East of England",14.863
"2021-05-02 12:00:00","North West",13.039
"2021-05-03 12:00:00","London",15.475
"2021-05-03 12:00:00","South East",14.225
"2021-05-03 12:00:00","South West",14.995
"2021-05-03 12:00:00","Midlands",15.109
"2021-05-03 12:00:00","North East and Yorkshire",13.215
"2021-05-03 12:00:00","East of England",15.208
"2021-05-03 12:00:00","North West",11.661
"2021-05-04 12:00:00","London",16.273
"2021-05-04 12:00:00","South East",14.454
"2021-05-04 12:00:00","South West",13.36
"2021-05-04 12:00:00","Midlands",14.769
"2021-05-04 12:00:00","North East and Yorkshire",13.503
"2021-05-04 12:00:00","East of England",15.091
"2021-05-04 12:00:00","North West",12.292
"2021-05-05 12:00:00","London",17.198
"2021-05-05 12:00:00","South East",15.616
"2021-05-05 12:00:00","South West",15.623
"2021-05-05 12:00:00","Midlands",14.757
"2021-05-05 12:00:00","North East and Yorkshire",13.86
"2021-05-05 12:00:00","East of England",14.559
"2021-05-05 12:00:00","North West",13.479
"2021-05-06 12:00:00","London",20.364
"2021-05-06 12:00:00","South East",18.006
"2021-05-06 12:00:00","South West",17.209
"2021-05-06 12:00:00","Midlands",18.784
"2021-05-06 12:00:00","North East and Yorkshire",16.814
"2021-05-06 12:00:00","East of England",17.626
"2021-05-06 12:00:00","North West",17.311
"2021-05-07 12:00:00","London",19.741
"2021-05-07 12:00:00","South East",17.307
"2021-05-07 12:00:00","South West",17.198
"2021-05-07 12:00:00","Midlands",18.108
"2021-05-07 12:00:00","North East and Yorkshire",17.552
"2021-05-07 12:00:00","East of England",18.501
"2021-05-07 12:00:00","North West",16.221
"2021-05-08 12:00:00","London",21.211
"2021-05-08 12:00:00","South East",19.301
"2021-05-08 12:00:00","South West",19.563
"2021-05-08 12:00:00","Midlands",20.62
"2021-05-08 12:00:00","North East and Yorkshire",20.284
"2021-05-08 12:00:00","East of England",19.724
"2021-05-08 12:00:00","North West",18.654
"2021-05-09 12:00:00","London",20.583
"2021-05-09 12:00:00","South East",18.374
"2021-05-09 12:00:00","South West",18.422
"2021-05-09 12:00:00","Midlands",19.567
"2021-05-09 12:00:00","North East and Yorkshire",18.778
"2021-05-09 12:00:00","East of England",18.656
"2021-05-09 12:00:00","North West",19.452
"2021-05-10 12:00:00","London",23.737
"2021-05-10 12:00:00","South East",21.528
"2021-05-10 12:00:00","South West",20.727
"2021-05-10 12:00:00","Midlands",21.918
"2021-05-10 12:00:00","North East and Yorkshire",19.457
"2021-05-10 12:00:00","East of England",21.695
"2021-05-10 12:00:00","North West",19.975
"2021-05-11 12:00:00","London",25.626
"2021-05-11 12:00:00","South East",21.888
"2021-05-11 12:00:00","South West",19.531
"2021-05-11 12:00:00","Midlands",23.394
"2021-05-11 12:00:00","North East and Yorkshire",19.669
"2021-05-11 12:00:00","East of England",24.294
"2021-05-11 12:00:00","North West",17.686
"2021-05-12 12:00:00","London",27.052
"2021-05-12 12:00:00","South East",23.111
"2021-05-12 12:00:00","South West",22.296
"2021-05-12 12:00:00","Midlands",26.109
"2021-05-12 12:00:00","North East and Yorkshire",25.285
"2021-05-12 12:00:00","East of England",26.132
"2021-05-12 12:00:00","North West",23.243
"2021-05-13 12:00:00","London",27.232
"2021-05-13 12:00:00","South East",23.794
"2021-05-13 12:00:00","South West",21.544
"2021-05-13 12:00:00","Midlands",23.081
"2021-05-13 12:00:00","North East and Yorkshire",21.036
"2021-05-13 12:00:00","East of England",25.591
"2021-05-13 12:00:00","North West",18.462
"2021-05-14 12:00:00","London",22.117
"2021-05-14 12:00:00","South East",18.448
"2021-05-14 12:00:00","South West",17.163
"2021-05-14 12:00:00","Midlands",18.984
"2021-05-14 12:00:00","North East and Yorkshire",18.288
"2021-05-14 12:00:00","East of England",21.398
"2021-05-14 12:00:00","North West",15.924
"2021-05-15 12:00:00","London",19.223
"2021-05-15 12:00:00","South East",16.614
"2021-05-15 12:00:00","South West",16.111
"2021-05-15 12:00:00","Midlands",17.159
"2021-05-15 12:00:00","North East and Yorkshire",15.56
"2021-05-15 12:00:00","East of England",18.27
"2021-05-15 12:00:00","North West",14.157
"2021-05-16 12:00:00","London",22.668
"2021-05-16 12:00:00","South East",19.966
"2021-05-16 12:00:00","South West",18.556
"2021-05-16 12:00:00","Midlands",19.651
"2021-05-16 12:00:00","North East and Yorkshire",17.34
"2021-05-16 12:00:00","East of England",20.513
"2021-05-16 12:00:00","North West",15.888
"2021-05-17 12:00:00","London",25.493
"2021-05-17 12:00:00","South East",21.999
"2021-05-17 12:00:00","South West",21.202
"2021-05-17 12:00:00","Midlands",23.205
"2021-05-17 12:00:00","North East and Yorkshire",21.949
"2021-05-17 12:00:00","East of England",23.92
"2021-05-17 12:00:00","North West",19.282
"2021-05-18 12:00:00","London",16.548
"2021-05-18 12:00:00","South East",15.356
"2021-05-18 12:00:00","South West",15.983
"2021-05-18 12:00:00","Midlands",15.241
"2021-05-18 12:00:00","North East and Yorkshire",13.851
"2021-05-18 12:00:00","East of England",15.626
"2021-05-18 12:00:00","North West",13.328
"2021-05-19 12:00:00","London",18.525
"2021-05-19 12:00:00","South East",16.895
"2021-05-19 12:00:00","South West",17.396
"2021-05-19 12:00:00","Midlands",17.473
"2021-05-19 12:00:00","North East and Yorkshire",16.218
"2021-05-19 12:00:00","East of England",17.344
"2021-05-19 12:00:00","North West",15.71
"2021-05-20 12:00:00","London",20.822
"2021-05-20 12:00:00","South East",18.98
"2021-05-20 12:00:00","South West",18.843
"2021-05-20 12:00:00","Midlands",20.212
"2021-05-20 12:00:00","North East and Yorkshire",19.028
"2021-05-20 12:00:00","East of England",19.517
"2021-05-20 12:00:00","North West",17.828
"2021-05-21 12:00:00","London",22.913
"2021-05-21 12:00:00","South East",21.03
"2021-05-21 12:00:00","South West",20.249
"2021-05-21 12:00:00","Midlands",19.945
"2021-05-21 12:00:00","North East and Yorkshire",17.354
"2021-05-21 12:00:00","East of England",20.919
"2021-05-21 12:00:00","North West",17.555
"2021-05-22 12:00:00","London",20.183
"2021-05-22 12:00:00","South East",18.161
"2021-05-22 12:00:00","South West",17.679
"2021-05-22 12:00:00","Midlands",15.643
"2021-05-22 12:00:00","North East and Yorkshire",13.973
"2021-05-22 12:00:00","East of England",17.961
"2021-05-22 12:00:00","North West",14.834
"2021-05-23 12:00:00","London",15.095
"2021-05-23 12:00:00","South East",14.507
"2021-05-23 12:00:00","South West",14.779
"2021-05-23 12:00:00","Midlands",11.521
"2021-05-23 12:00:00","North East and Yorkshire",12.35
"2021-05-23 12:00:00","East of England",13.306
"2021-05-23 12:00:00","North West",11.123
"2021-05-24 12:00:00","London",18.021
"2021-05-24 12:00:00","South East",16.467
"2021-05-24 12:00:00","South West",17.734
"2021-05-24 12:00:00","Midlands",16.352
"2021-05-24 12:00:00","North East and Yorkshire",15.393
"2021-05-24 12:00:00","East of England",16.614
"2021-05-24 12:00:00","North West",14.717
"2021-05-25 12:00:00","London",25.111
"2021-05-25 12:00:00","South East",22.891
"2021-05-25 12:00:00","South West",22.632
"2021-05-25 12:00:00","Midlands",24.039
"2021-05-25 12:00:00","North East and Yorkshire",21.338
"2021-05-25 12:00:00","East of England",23.704
"2021-05-25 12:00:00","North West",21.837
"2021-05-26 12:00:00","London",27.469
"2021-05-26 12:00:00","South East",24.562
"2021-05-26 12:00:00","South West",21.628
"2021-05-26 12:00:00","Midlands",25.578
"2021-05-26 12:00:00","North East and Yorkshire",20.895
"2021-05-26 12:00:00","East of England",25.141
"2021-05-26 12:00:00","North West",22.822
"2021-05-27 12:00:00","London",23.665
"2021-05-27 12:00:00","South East",19.547
"2021-05-27 12:00:00","South West",17.257
"2021-05-27 12:00:00","Midlands",20.948
"2021-05-27 12:00:00","North East and Yorkshire",19.844
"2021-05-27 12:00:00","East of England",23.136
"2021-05-27 12:00:00","North West",17.502
"2021-05-28 12:00:00","London",17.473
"2021-05-28 12:00:00","South East",16.309
"2021-05-28 12:00:00","South West",18.467
"2021-05-28 12:00:00","Midlands",19.409
"2021-05-28 12:00:00","North East and Yorkshire",19.004
"2021-05-28 12:00:00","East of England",17.339
"2021-05-28 12:00:00","North West",17.843
"2021-05-29 12:00:00","London",23.32
"2021-05-29 12:00:00","South East",20.361
"2021-05-29 12:00:00","South West",18.683
"2021-05-29 12:00:00","Midlands",22.041
"2021-05-29 12:00:00","North East and Yorkshire",21.588
"2021-05-29 12:00:00","East of England",21.681
"2021-05-29 12:00:00","North West",19.951
"2021-05-30 12:00:00","London",22.843
"2021-05-30 12:00:00","South East",20.134
"2021-05-30 12:00:00","South West",19.399
"2021-05-30 12:00:00","Midlands",20.7
"2021-05-30 12:00:00","North East and Yorkshire",19.559
"2021-05-30 12:00:00","East of England",21.785
"2021-05-30 12:00:00","North West",18.236
"2021-05-31 12:00:00","London",23.413
"2021-05-31 12:00:00","South East",19.835
"2021-05-31 12:00:00","South West",18.353
"2021-05-31 12:00:00","Midlands",22.084
"2021-05-31 12:00:00","North East and Yorkshire",21.652
"2021-05-31 12:00:00","East of England",22.839
"2021-05-31 12:00:00","North West",19.052
"2021-06-01 12:00:00","London",17.05
"2021-06-01 12:00:00","South East",15.731
"2021-06-01 12:00:00","South West",16.881
"2021-06-01 12:00:00","Midlands",17.9
"2021-06-01 12:00:00","North East and Yorkshire",18.196
"2021-06-01 12:00:00","East of England",16.245
"2021-06-01 12:00:00","North West",17.01
"2021-06-02 12:00:00","London",21.339
"2021-06-02 12:00:00","South East",19.268
"2021-06-02 12:00:00","South West",19.574
"2021-06-02 12:00:00","Midlands",20.825
"2021-06-02 12:00:00","North East and Yorkshire",19.344
"2021-06-02 12:00:00","East of England",20.119
"2021-06-02 12:00:00","North West",15.944
"2021-06-03 12:00:00","London",20.969
"2021-06-03 12:00:00","South East",19.149
"2021-06-03 12:00:00","South West",20.056
"2021-06-03 12:00:00","Midlands",20.854
"2021-06-03 12:00:00","North East and Yorkshire",21.859
"2021-06-03 12:00:00","East of England",19.932
"2021-06-03 12:00:00","North West",18.067
"2021-06-04 12:00:00","London",21.491
"2021-06-04 12:00:00","South East",18.677
"2021-06-04 12:00:00","South West",17.096
"2021-06-04 12:00:00","Midlands",16.478
"2021-06-04 12:00:00","North East and Yorkshire",13.628
"2021-06-04 12:00:00","East of England",19.35
"2021-06-04 12:00:00","North West",13.253
"2021-06-05 12:00:00","London",22.119
"2021-06-05 12:00:00","South East",19.717
"2021-06-05 12:00:00","South West",18.582
"2021-06-05 12:00:00","Midlands",19.152
"2021-06-05 12:00:00","North East and Yorkshire",17.278
"2021-06-05 12:00:00","East of England",20.841
"2021-06-05 12:00:00","North West",18.156
"2021-06-06 12:00:00","London",20.377
"2021-06-06 12:00:00","South East",18.279
"2021-06-06 12:00:00","South West",17.595
"2021-06-06 12:00:00","Midlands",18.289
"2021-06-06 12:00:00","North East and Yorkshire",17.69
"2021-06-06 12:00:00","East of England",20.028
"2021-06-06 12:00:00","North West",17.658
"2021-06-07 12:00:00","London",20.376
"2021-06-07 12:00:00","South East",18.847
"2021-06-07 12:00:00","South West",18.006
"2021-06-07 12:00:00","Midlands",15.339
"2021-06-07 12:00:00","North East and Yorkshire",18.37
"2021-06-07 12:00:00","East of England",17.22
"2021-06-07 12:00:00","North West",17.372
"2021-06-08 12:00:00","London",23.063
"2021-06-08 12:00:00","South East",20.871
"2021-06-08 12:00:00","South West",20.987
"2021-06-08 12:00:00","Midlands",21.298
"2021-06-08 12:00:00","North East and Yorkshire",19.936
"2021-06-08 12:00:00","East of England",23.55
"2021-06-08 12:00:00","North West",18.757
"2021-06-09 12:00:00","London",25.534
"2021-06-09 12:00:00","South East",22.301
"2021-06-09 12:00:00","South West",21.544
"2021-06-09 12:00:00","Midlands",24.252
"2021-06-09 12:00:00","North East and Yorkshire",23.272
"2021-06-09 12:00:00","East of England",25.088
"2021-06-09 12:00:00","North West",20.779
"2021-06-10 12:00:00","London",28.057
"2021-06-10 12:00:00","South East",24.963
"2021-06-10 12:00:00","South West",23.682
"2021-06-10 12:00:00","Midlands",24.982
"2021-06-10 12:00:00","North East and Yorkshire",23.242
"2021-06-10 12:00:00","East of England",26.335
"2021-06-10 12:00:00","North West",21.748
"2021-06-11 12:00:00","London",27.333
"2021-06-11 12:00:00","South East",23.834
"2021-06-11 12:00:00","South West",22.455
"2021-06-11 12:00:00","Midlands",23.651
"2021-06-11 12:00:00","North East and Yorkshire",23.145
"2021-06-11 12:00:00","East of England",26.143
"2021-06-11 12:00:00","North West",20.34
"2021-06-12 12:00:00","London",28.189
"2021-06-12 12:00:00","South East",24.908
"2021-06-12 12:00:00","South West",24.477
"2021-06-12 12:00:00","Midlands",26.745
"2021-06-12 12:00:00","North East and Yorkshire",25.744
"2021-06-12 12:00:00","East of England",27.14
"2021-06-12 12:00:00","North West",23.307
"2021-06-13 12:00:00","London",30.831
"2021-06-13 12:00:00","South East",26.951
"2021-06-13 12:00:00","South West",24.874
"2021-06-13 12:00:00","Midlands",28.415
"2021-06-13 12:00:00","North East and Yorkshire",27.31
"2021-06-13 12:00:00","East of England",30.097
"2021-06-13 12:00:00","North West",23.812
"2021-06-14 12:00:00","London",23.097
"2021-06-14 12:00:00","South East",20.675
"2021-06-14 12:00:00","South West",20.175
"2021-06-14 12:00:00","Midlands",21.521
"2021-06-14 12:00:00","North East and Yorkshire",20.318
"2021-06-14 12:00:00","East of England",22.728
"2021-06-14 12:00:00","North West",18.304
"2021-06-15 12:00:00","London",16.654
"2021-06-15 12:00:00","South East",15.301
"2021-06-15 12:00:00","South West",15.666
"2021-06-15 12:00:00","Midlands",14.712
"2021-06-15 12:00:00","North East and Yorkshire",13.448
"2021-06-15 12:00:00","East of England",15.243
"2021-06-15 12:00:00","North West",13.102
"2021-06-16 12:00:00","London",17.082
"2021-06-16 12:00:00","South East",15.852
"2021-06-16 12:00:00","South West",16.114
"2021-06-16 12:00:00","Midlands",16.397
"2021-06-16 12:00:00","North East and Yorkshire",14.92
"2021-06-16 12:00:00","East of England",15.998
"2021-06-16 12:00:00","North West",13.712
"2021-06-17 12:00:00","London",16.994
"2021-06-17 12:00:00","South East",15.329
"2021-06-17 12:00:00","South West",14.318
"2021-06-17 12:00:00","Midlands",15.275
"2021-06-17 12:00:00","North East and Yorkshire",16.073
"2021-06-17 12:00:00","East of England",16.765
"2021-06-17 12:00:00","North West",13.698
"2021-06-18 12:00:00","London",19.42
"2021-06-18 12:00:00","South East",17.206
"2021-06-18 12:00:00","South West",16.618
"2021-06-18 12:00:00","Midlands",18.2
"2021-06-18 12:00:00","North East and Yorkshire",17.302
"2021-06-18 12:00:00","East of England",18.783
"2021-06-18 12:00:00","North West",16.042
"2021-06-19 12:00:00","London",18.141
"2021-06-19 12:00:00","South East",16.309
"2021-06-19 12:00:00","South West",16.032
"2021-06-19 12:00:00","Midlands",15.894
"2021-06-19 12:00:00","North East and Yorkshire",14.821
"2021-06-19 12:00:00","East of England",17.487
"2021-06-19 12:00:00","North West",13.238
"2021-06-20 12:00:00","London",21.112
"2021-06-20 12:00:00","South East",18.542
"2021-06-20 12:00:00","South West",17.84
"2021-06-20 12:00:00","Midlands",19.144
"2021-06-20 12:00:00","North East and Yorkshire",17.795
"2021-06-20 12:00:00","East of England",20.098
"2021-06-20 12:00:00","North West",16.205
"2021-06-21 12:00:00","London",22.486
"2021-06-21 12:00:00","South East",19.777
"2021-06-21 12:00:00","South West",19.213
"2021-06-21 12:00:00","Midlands",19.566
"2021-06-21 12:00:00","North East and Yorkshire",18.316
"2021-06-21 12:00:00","East of England",21.595
"2021-06-21 12:00:00","North West",16.635
"2021-06-22 12:00:00","London",23.734
"2021-06-22 12:00:00","South East",21.654
"2021-06-22 12:00:00","South West",22.231
"2021-06-22 12:00:00","Midlands",20.956
"2021-06-22 12:00:00","North East and Yorkshire",18.37
"2021-06-22 12:00:00","East of England",21.219
"2021-06-22 12:00:00","North West",17.055
"2021-06-23 12:00:00","London",25.788
"2021-06-23 12:00:00","South East",22.924
"2021-06-23 12:00:00","South West",22.941
"2021-06-23 12:00:00","Midlands",22.688
"2021-06-23 12:00:00","North East and Yorkshire",22.293
"2021-06-23 12:00:00","East of England",24.933
"2021-06-23 12:00:00","North West",19.251
"2021-06-24 12:00:00","London",26.064
"2021-06-24 12:00:00","South East",23.109
"2021-06-24 12:00:00","South West",22.103
"2021-06-24 12:00:00","Midlands",22.75
"2021-06-24 12:00:00","North East and Yorkshire",22.806
"2021-06-24 12:00:00","East of England",24.9
"2021-06-24 12:00:00","North West",19.827
"2021-06-25 12:00:00","London",25.263
"2021-06-25 12:00:00","South East",23.278
"2021-06-25 12:00:00","South West",22.387
"2021-06-25 12:00:00","Midlands",21.868
"2021-06-25 12:00:00","North East and Yorkshire",22.049
"2021-06-25 12:00:00","East of England",23.368
"2021-06-25 12:00:00","North West",18.72
"2021-06-26 12:00:00","London",22.953
"2021-06-26 12:00:00","South East",21.343
"2021-06-26 12:00:00","South West",20.452
"2021-06-26 12:00:00","Midlands",20.47
"2021-06-26 12:00:00","North East and Yorkshire",20.66
"2021-06-26 12:00:00","East of England",21.139
"2021-06-26 12:00:00","North West",18.623
"2021-06-27 12:00:00","London",21.942
"2021-06-27 12:00:00","South East",20.262
"2021-06-27 12:00:00","South West",21.294
"2021-06-27 12:00:00","Midlands",20.316
"2021-06-27 12:00:00","North East and Yorkshire",19.208
"2021-06-27 12:00:00","East of England",20.268
"2021-06-27 12:00:00","North West",18.836
"2021-06-28 12:00:00","London",21.896
"2021-06-28 12:00:00","South East",20.132
"2021-06-28 12:00:00","South West",21.444
"2021-06-28 12:00:00","Midlands",22.644
"2021-06-28 12:00:00","North East and Yorkshire",22.568
"2021-06-28 12:00:00","East of England",20.736
"2021-06-28 12:00:00","North West",21.622
"2021-06-29 12:00:00","London",26.558
"2021-06-29 12:00:00","South East",22.862
"2021-06-29 12:00:00","South West",22.679
"2021-06-29 12:00:00","Midlands",24.616
"2021-06-29 12:00:00","North East and Yorkshire",23.895
"2021-06-29 12:00:00","East of England",25.676
"2021-06-29 12:00:00","North West",21.23
"2021-06-30 12:00:00","London",25.446
"2021-06-30 12:00:00","South East",22.348
"2021-06-30 12:00:00","South West",21.658
"2021-06-30 12:00:00","Midlands",23.412
"2021-06-30 12:00:00","North East and Yorkshire",22.728
"2021-06-30 12:00:00","East of England",25.203
"2021-06-30 12:00:00","North West",19.85
"2021-07-01 12:00:00","London",23.553
"2021-07-01 12:00:00","South East",20.737
"2021-07-01 12:00:00","South West",20.638
"2021-07-01 12:00:00","Midlands",21.276
"2021-07-01 12:00:00","North East and Yorkshire",20.52
"2021-07-01 12:00:00","East of England",22.62
"2021-07-01 12:00:00","North West",18.068
"2021-07-02 12:00:00","London",19.882
"2021-07-02 12:00:00","South East",18.389
"2021-07-02 12:00:00","South West",18.577
"2021-07-02 12:00:00","Midlands",19.531
"2021-07-02 12:00:00","North East and Yorkshire",19.155
"2021-07-02 12:00:00","East of England",19.874
"2021-07-02 12:00:00","North West",17.651
"2021-07-03 12:00:00","London",24.449
"2021-07-03 12:00:00","South East",21.387
"2021-07-03 12:00:00","South West",20.447
"2021-07-03 12:00:00","Midlands",21.441
"2021-07-03 12:00:00","North East and Yorkshire",20.455
"2021-07-03 12:00:00","East of England",23.679
"2021-07-03 12:00:00","North West",17.567
"2021-07-04 12:00:00","London",23.369
"2021-07-04 12:00:00","South East",20.856
"2021-07-04 12:00:00","South West",21.141
"2021-07-04 12:00:00","Midlands",22.167
"2021-07-04 12:00:00","North East and Yorkshire",21.635
"2021-07-04 12:00:00","East of England",23.243
"2021-07-04 12:00:00","North West",19.399
"2021-07-05 12:00:00","London",26.995
"2021-07-05 12:00:00","South East",23.975
"2021-07-05 12:00:00","South West",22.696
"2021-07-05 12:00:00","Midlands",26.279
"2021-07-05 12:00:00","North East and Yorkshire",25.241
"2021-07-05 12:00:00","East of England",27.83
"2021-07-05 12:00:00","North West",22.141
"2021-07-06 12:00:00","London",32.706
"2021-07-06 12:00:00","South East",29.65
"2021-07-06 12:00:00","South West",28.196
"2021-07-06 12:00:00","Midlands",30.878
"2021-07-06 12:00:00","North East and Yorkshire",28.286
"2021-07-06 12:00:00","East of England",31.356
"2021-07-06 12:00:00","North West",26.473
"2021-07-07 12:00:00","London",32.064
"2021-07-07 12:00:00","South East",27.571
"2021-07-07 12:00:00","South West",24.401
"2021-07-07 12:00:00","Midlands",27.908
"2021-07-07 12:00:00","North East and Yorkshire",26.602
"2021-07-07 12:00:00","East of England",31.933
"2021-07-07 12:00:00","North West",24.378
"2021-07-08 12:00:00","London",36.883
"2021-07-08 12:00:00","South East",32.165
"2021-07-08 12:00:00","South West",28.075
"2021-07-08 12:00:00","Midlands",34.51
"2021-07-08 12:00:00","North East and Yorkshire",32.566
"2021-07-08 12:00:00","East of England",35.657
"2021-07-08 12:00:00","North West",29.687
"2021-07-09 12:00:00","London",25.437
"2021-07-09 12:00:00","South East",22.943
"2021-07-09 12:00:00","South West",22.459
"2021-07-09 12:00:00","Midlands",24.486
"2021-07-09 12:00:00","North East and Yorkshire",24.552
"2021-07-09 12:00:00","East of England",25.852
"2021-07-09 12:00:00","North West",21.573
"2021-07-10 12:00:00","London",19.803
"2021-07-10 12:00:00","South East",18.734
"2021-07-10 12:00:00","South West",20.939
"2021-07-10 12:00:00","Midlands",17.555
"2021-07-10 12:00:00","North East and Yorkshire",17.74
"2021-07-10 12:00:00","East of England",18.913
"2021-07-10 12:00:00","North West",15.356
"2021-07-11 12:00:00","London",22.892
"2021-07-11 12:00:00","South East",21.489
"2021-07-11 12:00:00","South West",21.402
"2021-07-11 12:00:00","Midlands",18.805
"2021-07-11 12:00:00","North East and Yorkshire",19.368
"2021-07-11 12:00:00","East of England",20.163
"2021-07-11 12:00:00","North West",16.385
"2021-07-12 12:00:00","London",25.334
"2021-07-12 12:00:00","South East",22.721
"2021-07-12 12:00:00","South West",21.926
"2021-07-12 12:00:00","Midlands",24.508
"2021-07-12 12:00:00","North East and Yorkshire",22.026
"2021-07-12 12:00:00","East of England",25.039
"2021-07-12 12:00:00","North West",20.38
"2021-07-13 12:00:00","London",23.284
"2021-07-13 12:00:00","South East",20.784
"2021-07-13 12:00:00","South West",19.553
"2021-07-13 12:00:00","Midlands",18.123
"2021-07-13 12:00:00","North East and Yorkshire",17.498
"2021-07-13 12:00:00","East of England",22.067
"2021-07-13 12:00:00","North West",15.265
"2021-07-14 12:00:00","London",23.862
"2021-07-14 12:00:00","South East",21.661
"2021-07-14 12:00:00","South West",21.126
"2021-07-14 12:00:00","Midlands",21.207
"2021-07-14 12:00:00","North East and Yorkshire",18.976
"2021-07-14 12:00:00","East of England",22.069
"2021-07-14 12:00:00","North West",17.972
"2021-07-15 12:00:00","London",23.47
"2021-07-15 12:00:00","South East",20.958
"2021-07-15 12:00:00","South West",19.789
"2021-07-15 12:00:00","Midlands",19.716
"2021-07-15 12:00:00","North East and Yorkshire",19.268
"2021-07-15 12:00:00","East of England",21.572
"2021-07-15 12:00:00","North West",17.185
"2021-07-16 12:00:00","London",21.421
"2021-07-16 12:00:00","South East",19.422
"2021-07-16 12:00:00","South West",18.74
"2021-07-16 12:00:00","Midlands",19.086
"2021-07-16 12:00:00","North East and Yorkshire",18.004
"2021-07-16 12:00:00","East of England",19.989
"2021-07-16 12:00:00","North West",16.472
"2021-07-17 12:00:00","London",19.149
"2021-07-17 12:00:00","South East",17.546
"2021-07-17 12:00:00","South West",17.067
"2021-07-17 12:00:00","Midlands",18.465
"2021-07-17 12:00:00","North East and Yorkshire",16.964
"2021-07-17 12:00:00","East of England",18.838
"2021-07-17 12:00:00","North West",16.107
"2021-07-18 12:00:00","London",23.928
"2021-07-18 12:00:00","South East",21.081
"2021-07-18 12:00:00","South West",20.224
"2021-07-18 12:00:00","Midlands",22.247
"2021-07-18 12:00:00","North East and Yorkshire",16.676
"2021-07-18 12:00:00","East of England",23.667
"2021-07-18 12:00:00","North West",16.267
"2021-07-19 12:00:00","London",18.172
"2021-07-19 12:00:00","South East",17.235
"2021-07-19 12:00:00","South West",16.964
"2021-07-19 12:00:00","Midlands",18.547
"2021-07-19 12:00:00","North East and Yorkshire",17.316
"2021-07-19 12:00:00","East of England",18.123
"2021-07-19 12:00:00","North West",16.478
"2021-07-20 12:00:00","London",22.361
"2021-07-20 12:00:00","South East",20.501
"2021-07-20 12:00:00","South West",19.797
"2021-07-20 12:00:00","Midlands",21.127
"2021-07-20 12:00:00","North East and Yorkshire",19.214
"2021-07-20 12:00:00","East of England",21.702
"2021-07-20 12:00:00","North West",17.194
"2021-07-21 12:00:00","London",24.364
"2021-07-21 12:00:00","South East",22.324
"2021-07-21 12:00:00","South West",21.373
"2021-07-21 12:00:00","Midlands",21.858
"2021-07-21 12:00:00","North East and Yorkshire",19.57
"2021-07-21 12:00:00","East of England",23.126
"2021-07-21 12:00:00","North West",17.03
"2021-07-22 12:00:00","London",24.26
"2021-07-22 12:00:00","South East",22.254
"2021-07-22 12:00:00","South West",21.794
"2021-07-22 12:00:00","Midlands",22.766
"2021-07-22 12:00:00","North East and Yorkshire",23.093
"2021-07-22 12:00:00","East of England",22.829
"2021-07-22 12:00:00","North West",18.431
"2021-07-23 12:00:00","London",28.597
"2021-07-23 12:00:00","South East",25.579
"2021-07-23 12:00:00","South West",24.892
"2021-07-23 12:00:00","Midlands",25.398
"2021-07-23 12:00:00","North East and Yorkshire",22.951
"2021-07-23 12:00:00","East of England",27.174
"2021-07-23 12:00:00","North West",18.725
"2021-07-24 12:00:00","London",26.812
"2021-07-24 12:00:00","South East",24.597
"2021-07-24 12:00:00","South West",24.139
"2021-07-24 12:00:00","Midlands",24.345
"2021-07-24 12:00:00","North East and Yorkshire",22.848
"2021-07-24 12:00:00","East of England",24.789
"2021-07-24 12:00:00","North West",19.012
"2021-07-25 12:00:00","London",29.278
"2021-07-25 12:00:00","South East",25.733
"2021-07-25 12:00:00","South West",25.142
"2021-07-25 12:00:00","Midlands",28.175
"2021-07-25 12:00:00","North East and Yorkshire",26.514
"2021-07-25 12:00:00","East of England",27.855
"2021-07-25 12:00:00","North West",22.824
"2021-07-26 12:00:00","London",31.352
"2021-07-26 12:00:00","South East",27.475
"2021-07-26 12:00:00","South West",26.442
"2021-07-26 12:00:00","Midlands",29.976
"2021-07-26 12:00:00","North East and Yorkshire",28.174
"2021-07-26 12:00:00","East of England",29.851
"2021-07-26 12:00:00","North West",25.384
"2021-07-27 12:00:00","London",18.603
"2021-07-27 12:00:00","South East",17.437
"2021-07-27 12:00:00","South West",18.241
"2021-07-27 12:00:00","Midlands",19.474
"2021-07-27 12:00:00","North East and Yorkshire",20.348
"2021-07-27 12:00:00","East of England",17.172
"2021-07-27 12:00:00","North West",20.138
"2021-07-28 12:00:00","London",17.647
"2021-07-28 12:00:00","South East",17.378
"2021-07-28 12:00:00","South West",20.784
"2021-07-28 12:00:00","Midlands",19.063
"2021-07-28 12:00:00","North East and Yorkshire",16.736
"2021-07-28 12:00:00","East of England",15.916
"2021-07-28 12:00:00","North West",19.016
"2021-07-29 12:00:00","London",21.643
"2021-07-29 12:00:00","South East",20.175
"2021-07-29 12:00:00","South West",20.498
"2021-07-29 12:00:00","Midlands",21.112
"2021-07-29 12:00:00","North East and Yorkshire",20.219
"2021-07-29 12:00:00","East of England",19.566
"2021-07-29 12:00:00","North West",19.518
"2021-07-30 12:00:00","London",23.889
"2021-07-30 12:00:00","South East",20.992
"2021-07-30 12:00:00","South West",20.085
"2021-07-30 12:00:00","Midlands",22.85
"2021-07-30 12:00:00","North East and Yorkshire",20.922
"2021-07-30 12:00:00","East of England",23.103
"2021-07-30 12:00:00","North West",20.01
"2021-07-31 12:00:00","London",21.656
"2021-07-31 12:00:00","South East",19.345
"2021-07-31 12:00:00","South West",19.573
"2021-07-31 12:00:00","Midlands",22.025
"2021-07-31 12:00:00","North East and Yorkshire",19.642
"2021-07-31 12:00:00","East of England",21.817
"2021-07-31 12:00:00","North West",18.872
"2021-08-01 12:00:00","London",21.63
"2021-08-01 12:00:00","South East",19.312
"2021-08-01 12:00:00","South West",18.43
"2021-08-01 12:00:00","Midlands",21.346
"2021-08-01 12:00:00","North East and Yorkshire",21.493
"2021-08-01 12:00:00","East of England",21.707
"2021-08-01 12:00:00","North West",18.513
"2021-08-02 12:00:00","London",21.117
"2021-08-02 12:00:00","South East",18.572
"2021-08-02 12:00:00","South West",17.606
"2021-08-02 12:00:00","Midlands",19.686
"2021-08-02 12:00:00","North East and Yorkshire",19.093
"2021-08-02 12:00:00","East of England",21.1
"2021-08-02 12:00:00","North West",16.98
"2021-08-03 12:00:00","London",20.892
"2021-08-03 12:00:00","South East",19.02
"2021-08-03 12:00:00","South West",18.952
"2021-08-03 12:00:00","Midlands",18.749
"2021-08-03 12:00:00","North East and Yorkshire",18.611
"2021-08-03 12:00:00","East of England",19.726
"2021-08-03 12:00:00","North West",16.728
"2021-08-04 12:00:00","London",22.741
"2021-08-04 12:00:00","South East",19.988
"2021-08-04 12:00:00","South West",18.284
"2021-08-04 12:00:00","Midlands",21.239
"2021-08-04 12:00:00","North East and Yorkshire",21.47
"2021-08-04 12:00:00","East of England",22.188
"2021-08-04 12:00:00","North West",18.834
"2021-08-05 12:00:00","London",22.324
"2021-08-05 12:00:00","South East",19.68
"2021-08-05 12:00:00","South West",20.287
"2021-08-05 12:00:00","Midlands",23.73
"2021-08-05 12:00:00","North East and Yorkshire",21.266
"2021-08-05 12:00:00","East of England",23.301
"2021-08-05 12:00:00","North West",18.469
"2021-08-06 12:00:00","London",23.477
"2021-08-06 12:00:00","South East",21.006
"2021-08-06 12:00:00","South West",20.311
"2021-08-06 12:00:00","Midlands",22.429
"2021-08-06 12:00:00","North East and Yorkshire",22.117
"2021-08-06 12:00:00","East of England",22.745
"2021-08-06 12:00:00","North West",19.616
"2021-08-07 12:00:00","London",23.725
"2021-08-07 12:00:00","South East",20.898
"2021-08-07 12:00:00","South West",19.895
"2021-08-07 12:00:00","Midlands",21.787
"2021-08-07 12:00:00","North East and Yorkshire",20.869
"2021-08-07 12:00:00","East of England",23.363
"2021-08-07 12:00:00","North West",18.634
"2021-08-08 12:00:00","London",20.849
"2021-08-08 12:00:00","South East",18.407
"2021-08-08 12:00:00","South West",17.625
"2021-08-08 12:00:00","Midlands",19.313
"2021-08-08 12:00:00","North East and Yorkshire",19.17
"2021-08-08 12:00:00","East of England",21.384
"2021-08-08 12:00:00","North West",16.819
"2021-08-09 12:00:00","London",20.29
"2021-08-09 12:00:00","South East",18.11
"2021-08-09 12:00:00","South West",17.484
"2021-08-09 12:00:00","Midlands",18.356
"2021-08-09 12:00:00","North East and Yorkshire",17.708
"2021-08-09 12:00:00","East of England",19.93
"2021-08-09 12:00:00","North West",15.491
"2021-08-10 12:00:00","London",21.58
"2021-08-10 12:00:00","South East",19.33
"2021-08-10 12:00:00","South West",18.943
"2021-08-10 12:00:00","Midlands",20.099
"2021-08-10 12:00:00","North East and Yorkshire",19.173
"2021-08-10 12:00:00","East of England",21.456
"2021-08-10 12:00:00","North West",17.692
"2021-08-11 12:00:00","London",22.111
"2021-08-11 12:00:00","South East",20.388
"2021-08-11 12:00:00","South West",19.252
"2021-08-11 12:00:00","Midlands",20.013
"2021-08-11 12:00:00","North East and Yorkshire",17.161
"2021-08-11 12:00:00","East of England",20.837
"2021-08-11 12:00:00","North West",16.8
"2021-08-12 12:00:00","London",18.187
"2021-08-12 12:00:00","South East",16.807
"2021-08-12 12:00:00","South West",16.167
"2021-08-12 12:00:00","Midlands",15.399
"2021-08-12 12:00:00","North East and Yorkshire",16.491
"2021-08-12 12:00:00","East of England",18.143
"2021-08-12 12:00:00","North West",14.137
"2021-08-13 12:00:00","London",19.532
"2021-08-13 12:00:00","South East",17.513
"2021-08-13 12:00:00","South West",16.941
"2021-08-13 12:00:00","Midlands",15.951
"2021-08-13 12:00:00","North East and Yorkshire",13.871
"2021-08-13 12:00:00","East of England",18.026
"2021-08-13 12:00:00","North West",13.401
"2021-08-14 12:00:00","London",15.512
"2021-08-14 12:00:00","South East",15.113
"2021-08-14 12:00:00","South West",16.367
"2021-08-14 12:00:00","Midlands",15.096
"2021-08-14 12:00:00","North East and Yorkshire",13.528
"2021-08-14 12:00:00","East of England",14.767
"2021-08-14 12:00:00","North West",13.56
"2021-08-15 12:00:00","London",17.238
"2021-08-15 12:00:00","South East",16.266
"2021-08-15 12:00:00","South West",16.786
"2021-08-15 12:00:00","Midlands",15.962
"2021-08-15 12:00:00","North East and Yorkshire",14.883
"2021-08-15 12:00:00","East of England",16.653
"2021-08-15 12:00:00","North West",14.06
"2021-08-16 12:00:00","London",17.936
"2021-08-16 12:00:00","South East",16.665
"2021-08-16 12:00:00","South West",17.367
"2021-08-16 12:00:00","Midlands",17.217
"2021-08-16 12:00:00","North East and Yorkshire",17.315
"2021-08-16 12:00:00","East of England",17.336
"2021-08-16 12:00:00","North West",15.9
"2021-08-17 12:00:00","London",23.135
"2021-08-17 12:00:00","South East",20.863
"2021-08-17 12:00:00","South West",19.799
"2021-08-17 12:00:00","Midlands",17.173
"2021-08-17 12:00:00","North East and Yorkshire",15.172
"2021-08-17 12:00:00","East of England",21.704
"2021-08-17 12:00:00","North West",14.644
"2021-08-18 12:00:00","London",20.633
"2021-08-18 12:00:00","South East",18.608
"2021-08-18 12:00:00","South West",18.84
"2021-08-18 12:00:00","Midlands",19.343
"2021-08-18 12:00:00","North East and Yorkshire",17.654
"2021-08-18 12:00:00","East of England",19.84
"2021-08-18 12:00:00","North West",16.787
"2021-08-19 12:00:00","London",24.087
"2021-08-19 12:00:00","South East",21.186
"2021-08-19 12:00:00","South West",19.48
"2021-08-19 12:00:00","Midlands",18.137
"2021-08-19 12:00:00","North East and Yorkshire",19.546
"2021-08-19 12:00:00","East of England",22.439
"2021-08-19 12:00:00","North West",17.5
"2021-08-20 12:00:00","London",26.102
"2021-08-20 12:00:00","South East",22.852
"2021-08-20 12:00:00","South West",21.434
"2021-08-20 12:00:00","Midlands",22.518
"2021-08-20 12:00:00","North East and Yorkshire",18.477
"2021-08-20 12:00:00","East of England",24.636
"2021-08-20 12:00:00","North West",18.487
"2021-08-21 12:00:00","London",27.131
"2021-08-21 12:00:00","South East",23.606
"2021-08-21 12:00:00","South West",18.235
"2021-08-21 12:00:00","Midlands",19.596
"2021-08-21 12:00:00","North East and Yorkshire",16.154
"2021-08-21 12:00:00","East of England",24.382
"2021-08-21 12:00:00","North West",15.859
"2021-08-22 12:00:00","London",21.508
"2021-08-22 12:00:00","South East",19.472
"2021-08-22 12:00:00","South West",17.863
"2021-08-22 12:00:00","Midlands",19.806
"2021-08-22 12:00:00","North East and Yorkshire",18.728
"2021-08-22 12:00:00","East of England",20.287
"2021-08-22 12:00:00","North West",17.53
"2021-08-23 12:00:00","London",20.124
"2021-08-23 12:00:00","South East",18.181
"2021-08-23 12:00:00","South West",17.215
"2021-08-23 12:00:00","Midlands",18.285
"2021-08-23 12:00:00","North East and Yorkshire",17.738
"2021-08-23 12:00:00","East of England",20.175
"2021-08-23 12:00:00","North West",15.116
"2021-08-24 12:00:00","London",20.019
"2021-08-24 12:00:00","South East",18.612
"2021-08-24 12:00:00","South West",17.915
"2021-08-24 12:00:00","Midlands",16.171
"2021-08-24 12:00:00","North East and Yorkshire",15.258
"2021-08-24 12:00:00","East of England",18.089
"2021-08-24 12:00:00","North West",15.93
"2021-08-25 12:00:00","London",20.678
"2021-08-25 12:00:00","South East",19.34
"2021-08-25 12:00:00","South West",20.042
"2021-08-25 12:00:00","Midlands",20.203
"2021-08-25 12:00:00","North East and Yorkshire",19.755
"2021-08-25 12:00:00","East of England",19.655
"2021-08-25 12:00:00","North West",18.537
"2021-08-26 12:00:00","London",23.237
"2021-08-26 12:00:00","South East",20.781
"2021-08-26 12:00:00","South West",20.112
"2021-08-26 12:00:00","Midlands",21.708
"2021-08-26 12:00:00","North East and Yorkshire",20.74
"2021-08-26 12:00:00","East of England",22.544
"2021-08-26 12:00:00","North West",18.743
"2021-08-27 12:00:00","London",21.731
"2021-08-27 12:00:00","South East",19.623
"2021-08-27 12:00:00","South West",19.248
"2021-08-27 12:00:00","Midlands",20.69
"2021-08-27 12:00:00","North East and Yorkshire",20.23
"2021-08-27 12:00:00","East of England",21.138
"2021-08-27 12:00:00","North West",18.733
"2021-08-28 12:00:00","London",24.235
"2021-08-28 12:00:00","South East",21.767
"2021-08-28 12:00:00","South West",20.62
"2021-08-28 12:00:00","Midlands",22.86
"2021-08-28 12:00:00","North East and Yorkshire",21.106
"2021-08-28 12:00:00","East of England",23.591
"2021-08-28 12:00:00","North West",19.366
"2021-08-29 12:00:00","London",19.995
"2021-08-29 12:00:00","South East",18.387
"2021-08-29 12:00:00","South West",18.462
"2021-08-29 12:00:00","Midlands",19.932
"2021-08-29 12:00:00","North East and Yorkshire",19.426
"2021-08-29 12:00:00","East of England",20.295
"2021-08-29 12:00:00","North West",16.684
"2021-08-30 12:00:00","London",19.61
"2021-08-30 12:00:00","South East",18.65
"2021-08-30 12:00:00","South West",19.415
"2021-08-30 12:00:00","Midlands",20.546
"2021-08-30 12:00:00","North East and Yorkshire",19.912
"2021-08-30 12:00:00","East of England",18.943
"2021-08-30 12:00:00","North West",17.87
"2021-08-31 12:00:00","London",28.407
"2021-08-31 12:00:00","South East",25.951
"2021-08-31 12:00:00","South West",26.708
"2021-08-31 12:00:00","Midlands",28.194
"2021-08-31 12:00:00","North East and Yorkshire",26.202
"2021-08-31 12:00:00","East of England",27.147
"2021-08-31 12:00:00","North West",23.357
"2021-09-01 12:00:00","London",29.903
"2021-09-01 12:00:00","South East",27.555
"2021-09-01 12:00:00","South West",28.194
"2021-09-01 12:00:00","Midlands",29.604
"2021-09-01 12:00:00","North East and Yorkshire",28.468
"2021-09-01 12:00:00","East of England",28.221
"2021-09-01 12:00:00","North West",25.927
"2021-09-02 12:00:00","London",32.441
"2021-09-02 12:00:00","South East",29.764
"2021-09-02 12:00:00","South West",30.101
"2021-09-02 12:00:00","Midlands",31.314
"2021-09-02 12:00:00","North East and Yorkshire",29.77
"2021-09-02 12:00:00","East of England",30.796
"2021-09-02 12:00:00","North West",27.459
"2021-09-03 12:00:00","London",32.94
"2021-09-03 12:00:00","South East",30.235
"2021-09-03 12:00:00","South West",30.528
"2021-09-03 12:00:00","Midlands",31.677
"2021-09-03 12:00:00","North East and Yorkshire",28.376
"2021-09-03 12:00:00","East of England",31.236
"2021-09-03 12:00:00","North West",27.611
"2021-09-04 12:00:00","London",33.868
"2021-09-04 12:00:00","South East",30.677
"2021-09-04 12:00:00","South West",30.447
"2021-09-04 12:00:00","Midlands",31.857
"2021-09-04 12:00:00","North East and Yorkshire",27.855
"2021-09-04 12:00:00","East of England",32.198
"2021-09-04 12:00:00","North West",27.757
"2021-09-05 12:00:00","London",33.015
"2021-09-05 12:00:00","South East",30.077
"2021-09-05 12:00:00","South West",30.149
"2021-09-05 12:00:00","Midlands",32.164
"2021-09-05 12:00:00","North East and Yorkshire",28.822
"2021-09-05 12:00:00","East of England",31.788
"2021-09-05 12:00:00","North West",28.488
"2021-09-06 12:00:00","London",29.482
"2021-09-06 12:00:00","South East",25.623
"2021-09-06 12:00:00","South West",24.445
"2021-09-06 12:00:00","Midlands",25.789
"2021-09-06 12:00:00","North East and Yorkshire",24.495
"2021-09-06 12:00:00","East of England",28.859
"2021-09-06 12:00:00","North West",20.733
"2021-09-07 12:00:00","London",23.789
"2021-09-07 12:00:00","South East",21.035
"2021-09-07 12:00:00","South West",19.048
"2021-09-07 12:00:00","Midlands",20.246
"2021-09-07 12:00:00","North East and Yorkshire",19.03
"2021-09-07 12:00:00","East of England",23.434
"2021-09-07 12:00:00","North West",16.773
"2021-09-08 12:00:00","London",21.237
"2021-09-08 12:00:00","South East",19.179
"2021-09-08 12:00:00","South West",18.377
"2021-09-08 12:00:00","Midlands",19.274
"2021-09-08 12:00:00","North East and Yorkshire",18.457
"2021-09-08 12:00:00","East of England",20.841
"2021-09-08 12:00:00","North West",16.254
"2021-09-09 12:00:00","London",19.828
"2021-09-09 12:00:00","South East",18.425
"2021-09-09 12:00:00","South West",19.437
"2021-09-09 12:00:00","Midlands",21.757
"2021-09-09 12:00:00","North East and Yorkshire",19.467
"2021-09-09 12:00:00","East of England",20.725
"2021-09-09 12:00:00","North West",16.729
"2021-09-10 12:00:00","London",22.913
"2021-09-10 12:00:00","South East",20.302
"2021-09-10 12:00:00","South West",19.03
"2021-09-10 12:00:00","Midlands",20.111
"2021-09-10 12:00:00","North East and Yorkshire",18.287
"2021-09-10 12:00:00","East of England",22.316
"2021-09-10 12:00:00","North West",16.559
"2021-09-11 12:00:00","London",17.997
"2021-09-11 12:00:00","South East",16.939
"2021-09-11 12:00:00","South West",17.678
"2021-09-11 12:00:00","Midlands",18.434
"2021-09-11 12:00:00","North East and Yorkshire",18.358
"2021-09-11 12:00:00","East of England",16.954
"2021-09-11 12:00:00","North West",15.88
"2021-09-12 12:00:00","London",20.811
"2021-09-12 12:00:00","South East",18.632
"2021-09-12 12:00:00","South West",17.883
"2021-09-12 12:00:00","Midlands",17.55
"2021-09-12 12:00:00","North East and Yorkshire",17.025
"2021-09-12 12:00:00","East of England",20.308
"2021-09-12 12:00:00","North West",14.869
"2021-09-13 12:00:00","London",22.986
"2021-09-13 12:00:00","South East",20.403
"2021-09-13 12:00:00","South West",19.995
"2021-09-13 12:00:00","Midlands",20.662
"2021-09-13 12:00:00","North East and Yorkshire",19.024
"2021-09-13 12:00:00","East of England",22.318
"2021-09-13 12:00:00","North West",17.269
"2021-09-14 12:00:00","London",21.451
"2021-09-14 12:00:00","South East",19.255
"2021-09-14 12:00:00","South West",18.738
"2021-09-14 12:00:00","Midlands",19.445
"2021-09-14 12:00:00","North East and Yorkshire",18.016
"2021-09-14 12:00:00","East of England",20.651
"2021-09-14 12:00:00","North West",16.596
"2021-09-15 12:00:00","London",22.699
"2021-09-15 12:00:00","South East",20.218
"2021-09-15 12:00:00","South West",19.643
"2021-09-15 12:00:00","Midlands",21.172
"2021-09-15 12:00:00","North East and Yorkshire",20.189
"2021-09-15 12:00:00","East of England",22.529
"2021-09-15 12:00:00","North West",17.756
"2021-09-16 12:00:00","London",23.816
"2021-09-16 12:00:00","South East",21.041
"2021-09-16 12:00:00","South West",20.292
"2021-09-16 12:00:00","Midlands",21.544
"2021-09-16 12:00:00","North East and Yorkshire",20.202
"2021-09-16 12:00:00","East of England",23.795
"2021-09-16 12:00:00","North West",17.964
"2021-09-17 12:00:00","London",26.721
"2021-09-17 12:00:00","South East",23.538
"2021-09-17 12:00:00","South West",22.644
"2021-09-17 12:00:00","Midlands",25.028
"2021-09-17 12:00:00","North East and Yorkshire",24.175
"2021-09-17 12:00:00","East of England",26.229
"2021-09-17 12:00:00","North West",21.085
"2021-09-18 12:00:00","London",29.255
"2021-09-18 12:00:00","South East",26.205
"2021-09-18 12:00:00","South West",25.809
"2021-09-18 12:00:00","Midlands",27.871
"2021-09-18 12:00:00","North East and Yorkshire",26.012
"2021-09-18 12:00:00","East of England",28.041
"2021-09-18 12:00:00","North West",24.209
"2021-09-19 12:00:00","London",32.233
"2021-09-19 12:00:00","South East",28.467
"2021-09-19 12:00:00","South West",25.105
"2021-09-19 12:00:00","Midlands",30.436
"2021-09-19 12:00:00","North East and Yorkshire",28.346
"2021-09-19 12:00:00","East of England",30.906
"2021-09-19 12:00:00","North West",26.505
"2021-09-20 12:00:00","London",32.198
"2021-09-20 12:00:00","South East",27.799
"2021-09-20 12:00:00","South West",24.225
"2021-09-20 12:00:00","Midlands",28.539
"2021-09-20 12:00:00","North East and Yorkshire",26.903
"2021-09-20 12:00:00","East of England",31.25
"2021-09-20 12:00:00","North West",22.305
"2021-09-21 12:00:00","London",18.783
"2021-09-21 12:00:00","South East",17.405
"2021-09-21 12:00:00","South West",16.839
"2021-09-21 12:00:00","Midlands",16.101
"2021-09-21 12:00:00","North East and Yorkshire",16.49
"2021-09-21 12:00:00","East of England",17.583
"2021-09-21 12:00:00","North West",15.05
"2021-09-22 12:00:00","London",18.436
"2021-09-22 12:00:00","South East",17.338
"2021-09-22 12:00:00","South West",16.884
"2021-09-22 12:00:00","Midlands",16.953
"2021-09-22 12:00:00","North East and Yorkshire",17.409
"2021-09-22 12:00:00","East of England",17.921
"2021-09-22 12:00:00","North West",16.351
"2021-09-23 12:00:00","London",19.643
"2021-09-23 12:00:00","South East",17.761
"2021-09-23 12:00:00","South West",17.59
"2021-09-23 12:00:00","Midlands",18.671
"2021-09-23 12:00:00","North East and Yorkshire",18.76
"2021-09-23 12:00:00","East of England",18.814
"2021-09-23 12:00:00","North West",18.182
"2021-09-24 12:00:00","London",21.87
"2021-09-24 12:00:00","South East",20.357
"2021-09-24 12:00:00","South West",20.257
"2021-09-24 12:00:00","Midlands",18.584
"2021-09-24 12:00:00","North East and Yorkshire",15.027
"2021-09-24 12:00:00","East of England",20.765
"2021-09-24 12:00:00","North West",14.641
"2021-09-25 12:00:00","London",19.347
"2021-09-25 12:00:00","South East",18.759
"2021-09-25 12:00:00","South West",20.348
"2021-09-25 12:00:00","Midlands",19.537
"2021-09-25 12:00:00","North East and Yorkshire",16.478
"2021-09-25 12:00:00","East of England",19.523
"2021-09-25 12:00:00","North West",16.462
"2021-09-26 12:00:00","London",25.647
"2021-09-26 12:00:00","South East",23.603
"2021-09-26 12:00:00","South West",22.562
"2021-09-26 12:00:00","Midlands",24.586
"2021-09-26 12:00:00","North East and Yorkshire",21.552
"2021-09-26 12:00:00","East of England",24.409
"2021-09-26 12:00:00","North West",21.148
"2021-09-27 12:00:00","London",27.754
"2021-09-27 12:00:00","South East",25.312
"2021-09-27 12:00:00","South West",25.377
"2021-09-27 12:00:00","Midlands",27.367
"2021-09-27 12:00:00","North East and Yorkshire",23.774
"2021-09-27 12:00:00","East of England",26.88
"2021-09-27 12:00:00","North West",21.647
"2021-09-28 12:00:00","London",15.502
"2021-09-28 12:00:00","South East",14.221
"2021-09-28 12:00:00","South West",14.197
"2021-09-28 12:00:00","Midlands",13.844
"2021-09-28 12:00:00","North East and Yorkshire",11.312
"2021-09-28 12:00:00","East of England",13.997
"2021-09-28 12:00:00","North West",11.117
"2021-09-29 12:00:00","London",14.82
"2021-09-29 12:00:00","South East",13.28
"2021-09-29 12:00:00","South West",12.854
"2021-09-29 12:00:00","Midlands",12.963
"2021-09-29 12:00:00","North East and Yorkshire",13.289
"2021-09-29 12:00:00","East of England",14.213
"2021-09-29 12:00:00","North West",11.612
"2021-09-30 12:00:00","London",12.689
"2021-09-30 12:00:00","South East",12.223
"2021-09-30 12:00:00","South West",13.979
"2021-09-30 12:00:00","Midlands",12.828
"2021-09-30 12:00:00","North East and Yorkshire",12.205
"2021-09-30 12:00:00","East of England",12.407
"2021-09-30 12:00:00","North West",12.562
"2021-10-01 12:00:00","London",16.677
"2021-10-01 12:00:00","South East",15.046
"2021-10-01 12:00:00","South West",14.962
"2021-10-01 12:00:00","Midlands",15.154
"2021-10-01 12:00:00","North East and Yorkshire",10.181
"2021-10-01 12:00:00","East of England",16.022
"2021-10-01 12:00:00","North West",9.857
"2021-10-02 12:00:00","London",16.782
"2021-10-02 12:00:00","South East",15.239
"2021-10-02 12:00:00","South West",14.002
"2021-10-02 12:00:00","Midlands",8.168
"2021-10-02 12:00:00","North East and Yorkshire",8.073
"2021-10-02 12:00:00","East of England",15.678
"2021-10-02 12:00:00","North West",7.48
"2021-10-03 12:00:00","London",12.2
"2021-10-03 12:00:00","South East",10.919
"2021-10-03 12:00:00","South West",11.061
"2021-10-03 12:00:00","Midlands",11.627
"2021-10-03 12:00:00","North East and Yorkshire",11.212
"2021-10-03 12:00:00","East of England",11.617
"2021-10-03 12:00:00","North West",10.585
"2021-10-04 12:00:00","London",10.892
"2021-10-04 12:00:00","South East",9.761
"2021-10-04 12:00:00","South West",9.01
"2021-10-04 12:00:00","Midlands",9.104
"2021-10-04 12:00:00","North East and Yorkshire",9.138
"2021-10-04 12:00:00","East of England",10.574
"2021-10-04 12:00:00","North West",8.632
"2021-10-05 12:00:00","London",16.54
"2021-10-05 12:00:00","South East",14.941
"2021-10-05 12:00:00","South West",14.496
"2021-10-05 12:00:00","Midlands",14.795
"2021-10-05 12:00:00","North East and Yorkshire",14.767
"2021-10-05 12:00:00","East of England",15.942
"2021-10-05 12:00:00","North West",12.835
"2021-10-06 12:00:00","London",16.644
"2021-10-06 12:00:00","South East",15.15
"2021-10-06 12:00:00","South West",15.12
"2021-10-06 12:00:00","Midlands",15.279
"2021-10-06 12:00:00","North East and Yorkshire",14.231
"2021-10-06 12:00:00","East of England",15.908
"2021-10-06 12:00:00","North West",13.325
"2021-10-07 12:00:00","London",18.239
"2021-10-07 12:00:00","South East",16.558
"2021-10-07 12:00:00","South West",15.316
"2021-10-07 12:00:00","Midlands",14.137
"2021-10-07 12:00:00","North East and Yorkshire",13.194
"2021-10-07 12:00:00","East of England",17.329
"2021-10-07 12:00:00","North West",12.016
"2021-10-08 12:00:00","London",14.742
"2021-10-08 12:00:00","South East",13.715
"2021-10-08 12:00:00","South West",13.508
"2021-10-08 12:00:00","Midlands",12.641
"2021-10-08 12:00:00","North East and Yorkshire",11.819
"2021-10-08 12:00:00","East of England",13.468
"2021-10-08 12:00:00","North West",11.007
"2021-10-09 12:00:00","London",13.879
"2021-10-09 12:00:00","South East",12.841
"2021-10-09 12:00:00","South West",13.294
"2021-10-09 12:00:00","Midlands",13.229
"2021-10-09 12:00:00","North East and Yorkshire",12.988
"2021-10-09 12:00:00","East of England",13.065
"2021-10-09 12:00:00","North West",11.986
"2021-10-10 12:00:00","London",14.144
"2021-10-10 12:00:00","South East",13.047
"2021-10-10 12:00:00","South West",13.785
"2021-10-10 12:00:00","Midlands",13.425
"2021-10-10 12:00:00","North East and Yorkshire",12.341
"2021-10-10 12:00:00","East of England",13.188
"2021-10-10 12:00:00","North West",12.203
"2021-10-11 12:00:00","London",13.346
"2021-10-11 12:00:00","South East",12.256
"2021-10-11 12:00:00","South West",12.075
"2021-10-11 12:00:00","Midlands",11.138
"2021-10-11 12:00:00","North East and Yorkshire",11.115
"2021-10-11 12:00:00","East of England",12.485
"2021-10-11 12:00:00","North West",10.834
"2021-10-12 12:00:00","London",17.037
"2021-10-12 12:00:00","South East",15.289
"2021-10-12 12:00:00","South West",15.706
"2021-10-12 12:00:00","Midlands",16.105
"2021-10-12 12:00:00","North East and Yorkshire",14.752
"2021-10-12 12:00:00","East of England",16.1
"2021-10-12 12:00:00","North West",14.091
"2021-10-13 12:00:00","London",17.215
"2021-10-13 12:00:00","South East",15.754
"2021-10-13 12:00:00","South West",15.366
"2021-10-13 12:00:00","Midlands",15.083
"2021-10-13 12:00:00","North East and Yorkshire",14.184
"2021-10-13 12:00:00","East of England",16.408
"2021-10-13 12:00:00","North West",13.566
"2021-10-14 12:00:00","London",18.065
"2021-10-14 12:00:00","South East",15.985
"2021-10-14 12:00:00","South West",15.321
"2021-10-14 12:00:00","Midlands",16.062
"2021-10-14 12:00:00","North East and Yorkshire",14.618
"2021-10-14 12:00:00","East of England",16.769
"2021-10-14 12:00:00","North West",13.795
"2021-10-15 12:00:00","London",16.54
"2021-10-15 12:00:00","South East",15.205
"2021-10-15 12:00:00","South West",15.113
"2021-10-15 12:00:00","Midlands",15.148
"2021-10-15 12:00:00","North East and Yorkshire",13.255
"2021-10-15 12:00:00","East of England",17.04
"2021-10-15 12:00:00","North West",14.94
"2021-10-16 12:00:00","London",14.759
"2021-10-16 12:00:00","South East",13.754
"2021-10-16 12:00:00","South West",15.807
"2021-10-16 12:00:00","Midlands",14.866
"2021-10-16 12:00:00","North East and Yorkshire",14.646
"2021-10-16 12:00:00","East of England",14.235
"2021-10-16 12:00:00","North West",13.539
"2021-10-17 12:00:00","London",15.871
"2021-10-17 12:00:00","South East",14.632
"2021-10-17 12:00:00","South West",14.468
"2021-10-17 12:00:00","Midlands",13.477
"2021-10-17 12:00:00","North East and Yorkshire",13.938
"2021-10-17 12:00:00","East of England",14.234
"2021-10-17 12:00:00","North West",12.574
"2021-10-18 12:00:00","London",15.151
"2021-10-18 12:00:00","South East",14.161
"2021-10-18 12:00:00","South West",14.619
"2021-10-18 12:00:00","Midlands",15.798
"2021-10-18 12:00:00","North East and Yorkshire",16.767
"2021-10-18 12:00:00","East of England",14.876
"2021-10-18 12:00:00","North West",14.48
"2021-10-19 12:00:00","London",20.404
"2021-10-19 12:00:00","South East",18.489
"2021-10-19 12:00:00","South West",18.217
"2021-10-19 12:00:00","Midlands",17.711
"2021-10-19 12:00:00","North East and Yorkshire",16.312
"2021-10-19 12:00:00","East of England",19.533
"2021-10-19 12:00:00","North West",15.191
"2021-10-20 12:00:00","London",20.741
"2021-10-20 12:00:00","South East",18.151
"2021-10-20 12:00:00","South West",17.351
"2021-10-20 12:00:00","Midlands",18.881
"2021-10-20 12:00:00","North East and Yorkshire",17.645
"2021-10-20 12:00:00","East of England",19.712
"2021-10-20 12:00:00","North West",16.385
"2021-10-21 12:00:00","London",20.353
"2021-10-21 12:00:00","South East",18.197
"2021-10-21 12:00:00","South West",17.654
"2021-10-21 12:00:00","Midlands",18.304
"2021-10-21 12:00:00","North East and Yorkshire",17.677
"2021-10-21 12:00:00","East of England",20.146
"2021-10-21 12:00:00","North West",15.502
"2021-10-22 12:00:00","London",18.358
"2021-10-22 12:00:00","South East",16.745
"2021-10-22 12:00:00","South West",16.271
"2021-10-22 12:00:00","Midlands",16.602
"2021-10-22 12:00:00","North East and Yorkshire",15.55
"2021-10-22 12:00:00","East of England",18.217
"2021-10-22 12:00:00","North West",13.726
"2021-10-23 12:00:00","London",19.338
"2021-10-23 12:00:00","South East",17.763
"2021-10-23 12:00:00","South West",16.64
"2021-10-23 12:00:00","Midlands",17.988
"2021-10-23 12:00:00","North East and Yorkshire",16.733
"2021-10-23 12:00:00","East of England",19.023
"2021-10-23 12:00:00","North West",14.977
"2021-10-24 12:00:00","London",19.423
"2021-10-24 12:00:00","South East",17.528
"2021-10-24 12:00:00","South West",16.911
"2021-10-24 12:00:00","Midlands",18.127
"2021-10-24 12:00:00","North East and Yorkshire",13.531
"2021-10-24 12:00:00","East of England",19.639
"2021-10-24 12:00:00","North West",13.814
"2021-10-25 12:00:00","London",17.756
"2021-10-25 12:00:00","South East",16.276
"2021-10-25 12:00:00","South West",15.883
"2021-10-25 12:00:00","Midlands",16.385
"2021-10-25 12:00:00","North East and Yorkshire",16.14
"2021-10-25 12:00:00","East of England",17.558
"2021-10-25 12:00:00","North West",14.284
"2021-10-26 12:00:00","London",13.905
"2021-10-26 12:00:00","South East",12.904
"2021-10-26 12:00:00","South West",13.485
"2021-10-26 12:00:00","Midlands",12.389
"2021-10-26 12:00:00","North East and Yorkshire",10.436
"2021-10-26 12:00:00","East of England",12.699
"2021-10-26 12:00:00","North West",10.664
"2021-10-27 12:00:00","London",13.566
"2021-10-27 12:00:00","South East",12.255
"2021-10-27 12:00:00","South West",12.095
"2021-10-27 12:00:00","Midlands",11.038
"2021-10-27 12:00:00","North East and Yorkshire",10.786
"2021-10-27 12:00:00","East of England",12.84
"2021-10-27 12:00:00","North West",9.967
"2021-10-28 12:00:00","London",15.479
"2021-10-28 12:00:00","South East",13.946
"2021-10-28 12:00:00","South West",13.725
"2021-10-28 12:00:00","Midlands",14.681
"2021-10-28 12:00:00","North East and Yorkshire",14.569
"2021-10-28 12:00:00","East of England",14.911
"2021-10-28 12:00:00","North West",13.122
"2021-10-29 12:00:00","London",16.104
"2021-10-29 12:00:00","South East",14.387
"2021-10-29 12:00:00","South West",14.436
"2021-10-29 12:00:00","Midlands",15.984
"2021-10-29 12:00:00","North East and Yorkshire",14.466
"2021-10-29 12:00:00","East of England",16.108
"2021-10-29 12:00:00","North West",13.589
"2021-10-30 12:00:00","London",15.714
"2021-10-30 12:00:00","South East",14.142
"2021-10-30 12:00:00","South West",14.211
"2021-10-30 12:00:00","Midlands",14.175
"2021-10-30 12:00:00","North East and Yorkshire",14.236
"2021-10-30 12:00:00","East of England",14.96
"2021-10-30 12:00:00","North West",13.497
"2021-10-31 12:00:00","London",17.401
"2021-10-31 12:00:00","South East",15.546
"2021-10-31 12:00:00","South West",15.332
"2021-10-31 12:00:00","Midlands",17.106
"2021-10-31 12:00:00","North East and Yorkshire",16.458
"2021-10-31 12:00:00","East of England",17.192
"2021-10-31 12:00:00","North West",15.133
"2021-11-01 12:00:00","London",16.824
"2021-11-01 12:00:00","South East",14.323
"2021-11-01 12:00:00","South West",12.625
"2021-11-01 12:00:00","Midlands",12.996
"2021-11-01 12:00:00","North East and Yorkshire",11.725
"2021-11-01 12:00:00","East of England",16.206
"2021-11-01 12:00:00","North West",10.819
"2021-11-02 12:00:00","London",17.582
"2021-11-02 12:00:00","South East",16.133
"2021-11-02 12:00:00","South West",16.008
"2021-11-02 12:00:00","Midlands",14.806
"2021-11-02 12:00:00","North East and Yorkshire",13.436
"2021-11-02 12:00:00","East of England",15.616
"2021-11-02 12:00:00","North West",13.988
"2021-11-03 12:00:00","London",21.799
"2021-11-03 12:00:00","South East",18.825
"2021-11-03 12:00:00","South West",16.425
"2021-11-03 12:00:00","Midlands",17.531
"2021-11-03 12:00:00","North East and Yorkshire",16.023
"2021-11-03 12:00:00","East of England",20.463
"2021-11-03 12:00:00","North West",14.822
"2021-11-04 12:00:00","London",18.557
"2021-11-04 12:00:00","South East",16.749
"2021-11-04 12:00:00","South West",16.674
"2021-11-04 12:00:00","Midlands",17.128
"2021-11-04 12:00:00","North East and Yorkshire",16.849
"2021-11-04 12:00:00","East of England",17.689
"2021-11-04 12:00:00","North West",15.383
"2021-11-05 12:00:00","London",17.2
"2021-11-05 12:00:00","South East",15.714
"2021-11-05 12:00:00","South West",15.146
"2021-11-05 12:00:00","Midlands",15.346
"2021-11-05 12:00:00","North East and Yorkshire",14.999
"2021-11-05 12:00:00","East of England",16.507
"2021-11-05 12:00:00","North West",13.767
"2021-11-06 12:00:00","London",17.836
"2021-11-06 12:00:00","South East",16.202
"2021-11-06 12:00:00","South West",15.984
"2021-11-06 12:00:00","Midlands",16.573
"2021-11-06 12:00:00","North East and Yorkshire",15.596
"2021-11-06 12:00:00","East of England",16.395
"2021-11-06 12:00:00","North West",14.555
"2021-11-07 12:00:00","London",17.713
"2021-11-07 12:00:00","South East",16.097
"2021-11-07 12:00:00","South West",16.067
"2021-11-07 12:00:00","Midlands",16.367
"2021-11-07 12:00:00","North East and Yorkshire",16.118
"2021-11-07 12:00:00","East of England",16.995
"2021-11-07 12:00:00","North West",15.335
"2021-11-08 12:00:00","London",14.404
"2021-11-08 12:00:00","South East",12.965
"2021-11-08 12:00:00","South West",13.678
"2021-11-08 12:00:00","Midlands",13.329
"2021-11-08 12:00:00","North East and Yorkshire",13.763
"2021-11-08 12:00:00","East of England",13.852
"2021-11-08 12:00:00","North West",12.937
"2021-11-09 12:00:00","London",16.988
"2021-11-09 12:00:00","South East",15.309
"2021-11-09 12:00:00","South West",15.165
"2021-11-09 12:00:00","Midlands",13.194
"2021-11-09 12:00:00","North East and Yorkshire",12.857
"2021-11-09 12:00:00","East of England",15.134
"2021-11-09 12:00:00","North West",11.855
"2021-11-10 12:00:00","London",16.229
"2021-11-10 12:00:00","South East",14.474
"2021-11-10 12:00:00","South West",14.463
"2021-11-10 12:00:00","Midlands",14.62
"2021-11-10 12:00:00","North East and Yorkshire",13.759
"2021-11-10 12:00:00","East of England",15.687
"2021-11-10 12:00:00","North West",12.744
"2021-11-11 12:00:00","London",15.215
"2021-11-11 12:00:00","South East",14.105
"2021-11-11 12:00:00","South West",14.264
"2021-11-11 12:00:00","Midlands",13.949
"2021-11-11 12:00:00","North East and Yorkshire",13.898
"2021-11-11 12:00:00","East of England",14.716
"2021-11-11 12:00:00","North West",12.655
"2021-11-12 12:00:00","London",15.402
"2021-11-12 12:00:00","South East",13.925
"2021-11-12 12:00:00","South West",13.4
"2021-11-12 12:00:00","Midlands",12.275
"2021-11-12 12:00:00","North East and Yorkshire",12.801
"2021-11-12 12:00:00","East of England",14.436
"2021-11-12 12:00:00","North West",10.94
"2021-11-13 12:00:00","London",15.407
"2021-11-13 12:00:00","South East",14.057
"2021-11-13 12:00:00","South West",13.844
"2021-11-13 12:00:00","Midlands",13.506
"2021-11-13 12:00:00","North East and Yorkshire",11.743
"2021-11-13 12:00:00","East of England",14.382
"2021-11-13 12:00:00","North West",11.599
"2021-11-14 12:00:00","London",12.117
"2021-11-14 12:00:00","South East",11.145
"2021-11-14 12:00:00","South West",11.645
"2021-11-14 12:00:00","Midlands",11.653
"2021-11-14 12:00:00","North East and Yorkshire",10.509
"2021-11-14 12:00:00","East of England",11.78
"2021-11-14 12:00:00","North West",10.061
"2021-11-15 12:00:00","London",12.896
"2021-11-15 12:00:00","South East",11.795
"2021-11-15 12:00:00","South West",12.438
"2021-11-15 12:00:00","Midlands",12.389
"2021-11-15 12:00:00","North East and Yorkshire",10.79
"2021-11-15 12:00:00","East of England",12.361
"2021-11-15 12:00:00","North West",10.882
"2021-11-16 12:00:00","London",11.199
"2021-11-16 12:00:00","South East",10.891
"2021-11-16 12:00:00","South West",10.461
"2021-11-16 12:00:00","Midlands",9.066
"2021-11-16 12:00:00","North East and Yorkshire",8.336
"2021-11-16 12:00:00","East of England",9.919
"2021-11-16 12:00:00","North West",8.241
"2021-11-17 12:00:00","London",7.311
"2021-11-17 12:00:00","South East",7.493
"2021-11-17 12:00:00","South West",6.287
"2021-11-17 12:00:00","Midlands",5.913
"2021-11-17 12:00:00","North East and Yorkshire",5.827
"2021-11-17 12:00:00","East of England",7.186
"2021-11-17 12:00:00","North West",6.332
"2021-11-18 12:00:00","London",7.676
"2021-11-18 12:00:00","South East",7.259
"2021-11-18 12:00:00","South West",8.735
"2021-11-18 12:00:00","Midlands",5.952
"2021-11-18 12:00:00","North East and Yorkshire",6.193
"2021-11-18 12:00:00","East of England",7.069
"2021-11-18 12:00:00","North West",6.569
"2021-11-19 12:00:00","London",11.413
"2021-11-19 12:00:00","South East",10.923
"2021-11-19 12:00:00","South West",12.374
"2021-11-19 12:00:00","Midlands",11.226
"2021-11-19 12:00:00","North East and Yorkshire",10.066
"2021-11-19 12:00:00","East of England",9.969
"2021-11-19 12:00:00","North West",10.268
"2021-11-20 12:00:00","London",14.231
"2021-11-20 12:00:00","South East",13.064
"2021-11-20 12:00:00","South West",13.796
"2021-11-20 12:00:00","Midlands",14.304
"2021-11-20 12:00:00","North East and Yorkshire",13.483
"2021-11-20 12:00:00","East of England",12.969
"2021-11-20 12:00:00","North West",12.849
"2021-11-21 12:00:00","London",13.437
"2021-11-21 12:00:00","South East",12.584
"2021-11-21 12:00:00","South West",13.499
"2021-11-21 12:00:00","Midlands",13.824
"2021-11-21 12:00:00","North East and Yorkshire",13.151
"2021-11-21 12:00:00","East of England",12.221
"2021-11-21 12:00:00","North West",12.601
"2021-11-22 12:00:00","London",10.688
"2021-11-22 12:00:00","South East",9.59
"2021-11-22 12:00:00","South West",9.266
"2021-11-22 12:00:00","Midlands",8.883
"2021-11-22 12:00:00","North East and Yorkshire",8.057
"2021-11-22 12:00:00","East of England",9.641
"2021-11-22 12:00:00","North West",7.721
"2021-11-23 12:00:00","London",14.559
"2021-11-23 12:00:00","South East",13.141
"2021-11-23 12:00:00","South West",12.97
"2021-11-23 12:00:00","Midlands",14.201
"2021-11-23 12:00:00","North East and Yorkshire",14.637
"2021-11-23 12:00:00","East of England",14.148
"2021-11-23 12:00:00","North West",13.673
"2021-11-24 12:00:00","London",15.77
"2021-11-24 12:00:00","South East",13.659
"2021-11-24 12:00:00","South West",13.382
"2021-11-24 12:00:00","Midlands",13.76
"2021-11-24 12:00:00","North East and Yorkshire",14.416
"2021-11-24 12:00:00","East of England",14.868
"2021-11-24 12:00:00","North West",12.72
"2021-11-25 12:00:00","London",10.207
"2021-11-25 12:00:00","South East",9.719
"2021-11-25 12:00:00","South West",9.851
"2021-11-25 12:00:00","Midlands",8.743
"2021-11-25 12:00:00","North East and Yorkshire",6.936
"2021-11-25 12:00:00","East of England",9.244
"2021-11-25 12:00:00","North West",7.403
"2021-11-26 12:00:00","London",10.937
"2021-11-26 12:00:00","South East",10.171
"2021-11-26 12:00:00","South West",10.408
"2021-11-26 12:00:00","Midlands",10.86
"2021-11-26 12:00:00","North East and Yorkshire",11.361
"2021-11-26 12:00:00","East of England",10.42
"2021-11-26 12:00:00","North West",10.363
"2021-11-27 12:00:00","London",12.375
"2021-11-27 12:00:00","South East",11.309
"2021-11-27 12:00:00","South West",11.073
"2021-11-27 12:00:00","Midlands",12.396
"2021-11-27 12:00:00","North East and Yorkshire",11.739
"2021-11-27 12:00:00","East of England",12.003
"2021-11-27 12:00:00","North West",10.84
"2021-11-28 12:00:00","London",11.543
"2021-11-28 12:00:00","South East",10.691
"2021-11-28 12:00:00","South West",10.456
"2021-11-28 12:00:00","Midlands",9.429
"2021-11-28 12:00:00","North East and Yorkshire",8.78
"2021-11-28 12:00:00","East of England",10.229
"2021-11-28 12:00:00","North West",8.618
"2021-11-29 12:00:00","London",11.063
"2021-11-29 12:00:00","South East",10.382
"2021-11-29 12:00:00","South West",11.057
"2021-11-29 12:00:00","Midlands",10.241
"2021-11-29 12:00:00","North East and Yorkshire",10.879
"2021-11-29 12:00:00","East of England",10.14
"2021-11-29 12:00:00","North West",10.245
"2021-11-30 12:00:00","London",11.928
"2021-11-30 12:00:00","South East",10.832
"2021-11-30 12:00:00","South West",10.556
"2021-11-30 12:00:00","Midlands",10.221
"2021-11-30 12:00:00","North East and Yorkshire",8.055
"2021-11-30 12:00:00","East of England",10.718
"2021-11-30 12:00:00","North West",8.48
"2021-12-01 12:00:00","London",8.596
"2021-12-01 12:00:00","South East",8.452
"2021-12-01 12:00:00","South West",9.204
"2021-12-01 12:00:00","Midlands",7.912
"2021-12-01 12:00:00","North East and Yorkshire",7.619
"2021-12-01 12:00:00","East of England",7.567
"2021-12-01 12:00:00","North West",7.174
"2021-12-02 12:00:00","London",9.858
"2021-12-02 12:00:00","South East",9.194
"2021-12-02 12:00:00","South West",9.802
"2021-12-02 12:00:00","Midlands",6.158
"2021-12-02 12:00:00","North East and Yorkshire",6.402
"2021-12-02 12:00:00","East of England",8.418
"2021-12-02 12:00:00","North West",5.866
"2021-12-03 12:00:00","London",8.866
"2021-12-03 12:00:00","South East",8.018
"2021-12-03 12:00:00","South West",9.537
"2021-12-03 12:00:00","Midlands",8.054
"2021-12-03 12:00:00","North East and Yorkshire",8.443
"2021-12-03 12:00:00","East of England",7.883
"2021-12-03 12:00:00","North West",8.404
"2021-12-04 12:00:00","London",9.165
"2021-12-04 12:00:00","South East",8.462
"2021-12-04 12:00:00","South West",9.598
"2021-12-04 12:00:00","Midlands",9.249
"2021-12-04 12:00:00","North East and Yorkshire",9.496
"2021-12-04 12:00:00","East of England",8.493
"2021-12-04 12:00:00","North West",8.692
"2021-12-05 12:00:00","London",9.446
"2021-12-05 12:00:00","South East",8.259
"2021-12-05 12:00:00","South West",8.606
"2021-12-05 12:00:00","Midlands",8.459
"2021-12-05 12:00:00","North East and Yorkshire",9.605
"2021-12-05 12:00:00","East of England",8.359
"2021-12-05 12:00:00","North West",8.532
"2021-12-06 12:00:00","London",10.749
"2021-12-06 12:00:00","South East",9.659
"2021-12-06 12:00:00","South West",9.43
"2021-12-06 12:00:00","Midlands",9.027
"2021-12-06 12:00:00","North East and Yorkshire",9.905
"2021-12-06 12:00:00","East of England",10.02
"2021-12-06 12:00:00","North West",8.81
"2021-12-07 12:00:00","London",12.121
"2021-12-07 12:00:00","South East",10.998
"2021-12-07 12:00:00","South West",10.599
"2021-12-07 12:00:00","Midlands",9.249
"2021-12-07 12:00:00","North East and Yorkshire",8.507
"2021-12-07 12:00:00","East of England",10.606
"2021-12-07 12:00:00","North West",8.343
"2021-12-08 12:00:00","London",12.423
"2021-12-08 12:00:00","South East",11.381
"2021-12-08 12:00:00","South West",11.301
"2021-12-08 12:00:00","Midlands",12.518
"2021-12-08 12:00:00","North East and Yorkshire",11.899
"2021-12-08 12:00:00","East of England",11.72
"2021-12-08 12:00:00","North West",10.662
"2021-12-09 12:00:00","London",14.138
"2021-12-09 12:00:00","South East",12.753
"2021-12-09 12:00:00","South West",12.317
"2021-12-09 12:00:00","Midlands",12.699
"2021-12-09 12:00:00","North East and Yorkshire",11.332
"2021-12-09 12:00:00","East of England",13.098
"2021-12-09 12:00:00","North West",10.477
"2021-12-10 12:00:00","London",12.266
"2021-12-10 12:00:00","South East",11.181
"2021-12-10 12:00:00","South West",10.685
"2021-12-10 12:00:00","Midlands",10.789
"2021-12-10 12:00:00","North East and Yorkshire",10.566
"2021-12-10 12:00:00","East of England",11.265
"2021-12-10 12:00:00","North West",9.718
"2021-12-11 12:00:00","London",13.381
"2021-12-11 12:00:00","South East",12.003
"2021-12-11 12:00:00","South West",11.711
"2021-12-11 12:00:00","Midlands",13.12
"2021-12-11 12:00:00","North East and Yorkshire",13.005
"2021-12-11 12:00:00","East of England",12.867
"2021-12-11 12:00:00","North West",11.935
"2021-12-12 12:00:00","London",14.862
"2021-12-12 12:00:00","South East",12.814
"2021-12-12 12:00:00","South West",12.075
"2021-12-12 12:00:00","Midlands",13.871
"2021-12-12 12:00:00","North East and Yorkshire",13.628
"2021-12-12 12:00:00","East of England",14.151
"2021-12-12 12:00:00","North West",12.119
"2021-12-13 12:00:00","London",12.738
"2021-12-13 12:00:00","South East",11.549
"2021-12-13 12:00:00","South West",11.42
"2021-12-13 12:00:00","Midlands",11.094
"2021-12-13 12:00:00","North East and Yorkshire",9.823
"2021-12-13 12:00:00","East of England",11.917
"2021-12-13 12:00:00","North West",9.43
"2021-12-14 12:00:00","London",12.121
"2021-12-14 12:00:00","South East",10.998
"2021-12-14 12:00:00","South West",10.599
"2021-12-14 12:00:00","Midlands",9.249
"2021-12-14 12:00:00","North East and Yorkshire",8.507
"2021-12-14 12:00:00","East of England",10.606
"2021-12-14 12:00:00","North West",8.343
"2021-12-15 12:00:00","London",12.423
"2021-12-15 12:00:00","South East",11.381
"2021-12-15 12:00:00","South West",11.301
"2021-12-15 12:00:00","Midlands",12.518
"2021-12-15 12:00:00","North East and Yorkshire",11.899
"2021-12-15 12:00:00","East of England",11.72
"2021-12-15 12:00:00","North West",10.662
"2021-12-16 12:00:00","London",14.138
"2021-12-16 12:00:00","South East",12.753
"2021-12-16 12:00:00","South West",12.317
"2021-12-16 12:00:00","Midlands",12.699
"2021-12-16 12:00:00","North East and Yorkshire",11.332
"2021-12-16 12:00:00","East of England",13.098
"2021-12-16 12:00:00","North West",10.477
"2021-12-17 12:00:00","London",12.266
"2021-12-17 12:00:00","South East",11.181
"2021-12-17 12:00:00","South West",10.685
"2021-12-17 12:00:00","Midlands",10.789
"2021-12-17 12:00:00","North East and Yorkshire",10.566
"2021-12-17 12:00:00","East of England",11.265
"2021-12-17 12:00:00","North West",9.718
"2021-12-18 12:00:00","London",13.381
"2021-12-18 12:00:00","South East",12.003
"2021-12-18 12:00:00","South West",11.711
"2021-12-18 12:00:00","Midlands",13.12
"2021-12-18 12:00:00","North East and Yorkshire",13.005
"2021-12-18 12:00:00","East of England",12.867
"2021-12-18 12:00:00","North West",11.935
"2021-12-19 12:00:00","London",14.862
"2021-12-19 12:00:00","South East",12.814
"2021-12-19 12:00:00","South West",12.075
"2021-12-19 12:00:00","Midlands",13.871
"2021-12-19 12:00:00","North East and Yorkshire",13.628
"2021-12-19 12:00:00","East of England",14.151
"2021-12-19 12:00:00","North West",12.119
"2021-12-20 12:00:00","London",12.738
"2021-12-20 12:00:00","South East",11.549
"2021-12-20 12:00:00","South West",11.42
"2021-12-20 12:00:00","Midlands",11.094
"2021-12-20 12:00:00","North East and Yorkshire",9.823
"2021-12-20 12:00:00","East of England",11.917
"2021-12-20 12:00:00","North West",9.43
"2021-12-21 12:00:00","London",7.618
"2021-12-21 12:00:00","South East",6.774
"2021-12-21 12:00:00","South West",7.034
"2021-12-21 12:00:00","Midlands",4.042
"2021-12-21 12:00:00","North East and Yorkshire",4.216
"2021-12-21 12:00:00","East of England",6.466
"2021-12-21 12:00:00","North West",4.023
"2021-12-22 12:00:00","London",11.759
"2021-12-22 12:00:00","South East",10.556
"2021-12-22 12:00:00","South West",11.051
"2021-12-22 12:00:00","Midlands",10.771
"2021-12-22 12:00:00","North East and Yorkshire",9.955
"2021-12-22 12:00:00","East of England",10.894
"2021-12-22 12:00:00","North West",9.933
"2021-12-23 12:00:00","London",13.331
"2021-12-23 12:00:00","South East",11.627
"2021-12-23 12:00:00","South West",10.953
"2021-12-23 12:00:00","Midlands",11.57
"2021-12-23 12:00:00","North East and Yorkshire",11.062
"2021-12-23 12:00:00","East of England",12.13
"2021-12-23 12:00:00","North West",10.77
"2021-12-24 12:00:00","London",10.242
"2021-12-24 12:00:00","South East",9.167
"2021-12-24 12:00:00","South West",8.27
"2021-12-24 12:00:00","Midlands",7.232
"2021-12-24 12:00:00","North East and Yorkshire",7.212
"2021-12-24 12:00:00","East of England",9.594
"2021-12-24 12:00:00","North West",6.81
"2021-12-25 12:00:00","London",10.385
"2021-12-25 12:00:00","South East",9.434
"2021-12-25 12:00:00","South West",9.293
"2021-12-25 12:00:00","Midlands",8.337
"2021-12-25 12:00:00","North East and Yorkshire",7.123
"2021-12-25 12:00:00","East of England",9.552
"2021-12-25 12:00:00","North West",7.433
"2021-12-26 12:00:00","London",9.158
"2021-12-26 12:00:00","South East",8.636
"2021-12-26 12:00:00","South West",9.005
"2021-12-26 12:00:00","Midlands",8.117
"2021-12-26 12:00:00","North East and Yorkshire",7.67
"2021-12-26 12:00:00","East of England",8.224
"2021-12-26 12:00:00","North West",7.274
"2021-12-27 12:00:00","London",10.552
"2021-12-27 12:00:00","South East",9.638
"2021-12-27 12:00:00","South West",9.672
"2021-12-27 12:00:00","Midlands",9.062
"2021-12-27 12:00:00","North East and Yorkshire",8.11
"2021-12-27 12:00:00","East of England",9.345
"2021-12-27 12:00:00","North West",8.056
"2021-12-28 12:00:00","London",7.363
"2021-12-28 12:00:00","South East",6.327
"2021-12-28 12:00:00","South West",6.34
"2021-12-28 12:00:00","Midlands",6.337
"2021-12-28 12:00:00","North East and Yorkshire",6.212
"2021-12-28 12:00:00","East of England",6.899
"2021-12-28 12:00:00","North West",5.721
"2021-12-29 12:00:00","London",7.078
"2021-12-29 12:00:00","South East",6.057
"2021-12-29 12:00:00","South West",5.782
"2021-12-29 12:00:00","Midlands",5.821
"2021-12-29 12:00:00","North East and Yorkshire",5.709
"2021-12-29 12:00:00","East of England",6.787
"2021-12-29 12:00:00","North West",5.104
"2021-12-30 12:00:00","London",7.734
"2021-12-30 12:00:00","South East",6.451
"2021-12-30 12:00:00","South West",6.314
"2021-12-30 12:00:00","Midlands",6.715
"2021-12-30 12:00:00","North East and Yorkshire",6.335
"2021-12-30 12:00:00","East of England",7.432
"2021-12-30 12:00:00","North West",6.491
"2021-12-31 12:00:00","London",5.585
"2021-12-31 12:00:00","South East",4.995
"2021-12-31 12:00:00","South West",6.101
"2021-12-31 12:00:00","Midlands",5.795
"2021-12-31 12:00:00","North East and Yorkshire",6.166
"2021-12-31 12:00:00","East of England",5.399
"2021-12-31 12:00:00","North West",6.011
"2022-01-01 12:00:00","London",9.251
"2022-01-01 12:00:00","South East",8.636
"2022-01-01 12:00:00","South West",9.837
"2022-01-01 12:00:00","Midlands",10.003
"2022-01-01 12:00:00","North East and Yorkshire",11.199
"2022-01-01 12:00:00","East of England",8.927
"2022-01-01 12:00:00","North West",9.801
"2022-01-02 12:00:00","London",12.346
"2022-01-02 12:00:00","South East",11.474
"2022-01-02 12:00:00","South West",11.463
"2022-01-02 12:00:00","Midlands",12.167
"2022-01-02 12:00:00","North East and Yorkshire",11.73
"2022-01-02 12:00:00","East of England",12.244
"2022-01-02 12:00:00","North West",10.368
"2022-01-03 12:00:00","London",11.571
"2022-01-03 12:00:00","South East",10.631
"2022-01-03 12:00:00","South West",10.585
"2022-01-03 12:00:00","Midlands",11.129
"2022-01-03 12:00:00","North East and Yorkshire",10.968
"2022-01-03 12:00:00","East of England",11.342
"2022-01-03 12:00:00","North West",9.853
"2022-01-04 12:00:00","London",6.399
"2022-01-04 12:00:00","South East",5.468
"2022-01-04 12:00:00","South West",5.013
"2022-01-04 12:00:00","Midlands",4.388
"2022-01-04 12:00:00","North East and Yorkshire",3.959
"2022-01-04 12:00:00","East of England",5.556
"2022-01-04 12:00:00","North West",3.342
"2022-01-05 12:00:00","London",2.789
"2022-01-05 12:00:00","South East",2.78
"2022-01-05 12:00:00","South West",5.045
"2022-01-05 12:00:00","Midlands",3.278
"2022-01-05 12:00:00","North East and Yorkshire",3.076
"2022-01-05 12:00:00","East of England",2.823
"2022-01-05 12:00:00","North West",2.571
"2022-01-06 12:00:00","London",5.008
"2022-01-06 12:00:00","South East",4.906
"2022-01-06 12:00:00","South West",8.579
"2022-01-06 12:00:00","Midlands",8.163
"2022-01-06 12:00:00","North East and Yorkshire",8.391
"2022-01-06 12:00:00","East of England",4.212
"2022-01-06 12:00:00","North West",8.506
"2022-01-07 12:00:00","London",11.918
"2022-01-07 12:00:00","South East",10.616
"2022-01-07 12:00:00","South West",11.117
"2022-01-07 12:00:00","Midlands",11.105
"2022-01-07 12:00:00","North East and Yorkshire",10.734
"2022-01-07 12:00:00","East of England",11.203
"2022-01-07 12:00:00","North West",9.256
"2022-01-08 12:00:00","London",10.371
"2022-01-08 12:00:00","South East",9.286
"2022-01-08 12:00:00","South West",9.383
"2022-01-08 12:00:00","Midlands",9.524
"2022-01-08 12:00:00","North East and Yorkshire",9.305
"2022-01-08 12:00:00","East of England",9.424
"2022-01-08 12:00:00","North West",8.916
"2022-01-09 12:00:00","London",6.786
"2022-01-09 12:00:00","South East",6.133
"2022-01-09 12:00:00","South West",6.482
"2022-01-09 12:00:00","Midlands",6.075
"2022-01-09 12:00:00","North East and Yorkshire",5.632
"2022-01-09 12:00:00","East of England",6.088
"2022-01-09 12:00:00","North West",5.608
"2022-01-10 12:00:00","London",5.759
"2022-01-10 12:00:00","South East",5.29
"2022-01-10 12:00:00","South West",6.694
"2022-01-10 12:00:00","Midlands",4.889
"2022-01-10 12:00:00","North East and Yorkshire",4.297
"2022-01-10 12:00:00","East of England",4.837
"2022-01-10 12:00:00","North West",4.611
"2022-01-11 12:00:00","London",10.796
"2022-01-11 12:00:00","South East",9.791
"2022-01-11 12:00:00","South West",9.931
"2022-01-11 12:00:00","Midlands",9.794
"2022-01-11 12:00:00","North East and Yorkshire",8.512
"2022-01-11 12:00:00","East of England",10.064
"2022-01-11 12:00:00","North West",8.386
"2022-01-12 12:00:00","London",6.191
"2022-01-12 12:00:00","South East",5.296
"2022-01-12 12:00:00","South West",4.943
"2022-01-12 12:00:00","Midlands",4.457
"2022-01-12 12:00:00","North East and Yorkshire",4.706
"2022-01-12 12:00:00","East of England",5.665
"2022-01-12 12:00:00","North West",3.734
"2022-01-13 12:00:00","London",5.417
"2022-01-13 12:00:00","South East",4.426
"2022-01-13 12:00:00","South West",4.193
"2022-01-13 12:00:00","Midlands",3.249
"2022-01-13 12:00:00","North East and Yorkshire",3.325
"2022-01-13 12:00:00","East of England",4.95
"2022-01-13 12:00:00","North West",2.987
"2022-01-14 12:00:00","London",4.669
"2022-01-14 12:00:00","South East",3.686
"2022-01-14 12:00:00","South West",3.75
"2022-01-14 12:00:00","Midlands",3.763
"2022-01-14 12:00:00","North East and Yorkshire",5.597
"2022-01-14 12:00:00","East of England",4.246
"2022-01-14 12:00:00","North West",4.646
"2022-01-15 12:00:00","London",6.159
"2022-01-15 12:00:00","South East",5.301
"2022-01-15 12:00:00","South West",5.774
"2022-01-15 12:00:00","Midlands",6.378
"2022-01-15 12:00:00","North East and Yorkshire",7.292
"2022-01-15 12:00:00","East of England",5.609
"2022-01-15 12:00:00","North West",6.652
"2022-01-16 12:00:00","London",9.64
"2022-01-16 12:00:00","South East",8.314
"2022-01-16 12:00:00","South West",8.49
"2022-01-16 12:00:00","Midlands",9.81
"2022-01-16 12:00:00","North East and Yorkshire",10.17
"2022-01-16 12:00:00","East of England",8.389
"2022-01-16 12:00:00","North West",8.586
"2022-01-17 12:00:00","London",11.198
"2022-01-17 12:00:00","South East",9.939
"2022-01-17 12:00:00","South West",9.911
"2022-01-17 12:00:00","Midlands",11.232
"2022-01-17 12:00:00","North East and Yorkshire",11.28
"2022-01-17 12:00:00","East of England",10.728
"2022-01-17 12:00:00","North West",10.027
"2022-01-18 12:00:00","London",8.521
"2022-01-18 12:00:00","South East",8.087
"2022-01-18 12:00:00","South West",9.252
"2022-01-18 12:00:00","Midlands",5.658
"2022-01-18 12:00:00","North East and Yorkshire",4.144
"2022-01-18 12:00:00","East of England",6.341
"2022-01-18 12:00:00","North West",4.844
"2022-01-19 12:00:00","London",9.221
"2022-01-19 12:00:00","South East",9.037
"2022-01-19 12:00:00","South West",9.811
"2022-01-19 12:00:00","Midlands",6.616
"2022-01-19 12:00:00","North East and Yorkshire",2.504
"2022-01-19 12:00:00","East of England",5.574
"2022-01-19 12:00:00","North West",4.83
"2022-01-20 12:00:00","London",6.16
"2022-01-20 12:00:00","South East",7.797
"2022-01-20 12:00:00","South West",9.294
"2022-01-20 12:00:00","Midlands",4.111
"2022-01-20 12:00:00","North East and Yorkshire",1.437
"2022-01-20 12:00:00","East of England",4.154
"2022-01-20 12:00:00","North West",2.803
"2022-01-21 12:00:00","London",3.958
"2022-01-21 12:00:00","South East",4.335
"2022-01-21 12:00:00","South West",7.782
"2022-01-21 12:00:00","Midlands",3.605
"2022-01-21 12:00:00","North East and Yorkshire",2.648
"2022-01-21 12:00:00","East of England",3.253
"2022-01-21 12:00:00","North West",4.6
"2022-01-22 12:00:00","London",7.995
"2022-01-22 12:00:00","South East",8.138
"2022-01-22 12:00:00","South West",9.253
"2022-01-22 12:00:00","Midlands",8.34
"2022-01-22 12:00:00","North East and Yorkshire",6.784
"2022-01-22 12:00:00","East of England",6.771
"2022-01-22 12:00:00","North West",7.303
"2022-01-23 12:00:00","London",8.007
"2022-01-23 12:00:00","South East",7.355
"2022-01-23 12:00:00","South West",7.26
"2022-01-23 12:00:00","Midlands",6.738
"2022-01-23 12:00:00","North East and Yorkshire",6.232
"2022-01-23 12:00:00","East of England",6.808
"2022-01-23 12:00:00","North West",6.198
"2022-01-24 12:00:00","London",11.618
"2022-01-24 12:00:00","South East",10.059
"2022-01-24 12:00:00","South West",10.168
"2022-01-24 12:00:00","Midlands",10.198
"2022-01-24 12:00:00","North East and Yorkshire",7.495
"2022-01-24 12:00:00","East of England",10.774
"2022-01-24 12:00:00","North West",7.827
"2022-01-25 12:00:00","London",8.207
"2022-01-25 12:00:00","South East",7.125
"2022-01-25 12:00:00","South West",7.134
"2022-01-25 12:00:00","Midlands",5.985
"2022-01-25 12:00:00","North East and Yorkshire",4.65
"2022-01-25 12:00:00","East of England",7.026
"2022-01-25 12:00:00","North West",4.939
"2022-01-26 12:00:00","London",8.965
"2022-01-26 12:00:00","South East",8.123
"2022-01-26 12:00:00","South West",8.229
"2022-01-26 12:00:00","Midlands",7.642
"2022-01-26 12:00:00","North East and Yorkshire",6.143
"2022-01-26 12:00:00","East of England",7.821
"2022-01-26 12:00:00","North West",6.464
"2022-01-27 12:00:00","London",9.986
"2022-01-27 12:00:00","South East",9.037
"2022-01-27 12:00:00","South West",9.556
"2022-01-27 12:00:00","Midlands",8.83
"2022-01-27 12:00:00","North East and Yorkshire",6.834
"2022-01-27 12:00:00","East of England",9.446
"2022-01-27 12:00:00","North West",7.302
"2022-01-28 12:00:00","London",12.3
"2022-01-28 12:00:00","South East",10.637
"2022-01-28 12:00:00","South West",10.858
"2022-01-28 12:00:00","Midlands",11.041
"2022-01-28 12:00:00","North East and Yorkshire",9.724
"2022-01-28 12:00:00","East of England",11.288
"2022-01-28 12:00:00","North West",9.249
"2022-01-29 12:00:00","London",13.246
"2022-01-29 12:00:00","South East",11.765
"2022-01-29 12:00:00","South West",12.288
"2022-01-29 12:00:00","Midlands",13.034
"2022-01-29 12:00:00","North East and Yorkshire",11.897
"2022-01-29 12:00:00","East of England",13.292
"2022-01-29 12:00:00","North West",10.988
"2022-01-30 12:00:00","London",11.688
"2022-01-30 12:00:00","South East",10.339
"2022-01-30 12:00:00","South West",9.036
"2022-01-30 12:00:00","Midlands",8.802
"2022-01-30 12:00:00","North East and Yorkshire",8.167
"2022-01-30 12:00:00","East of England",10.876
"2022-01-30 12:00:00","North West",7.84
"2022-01-31 12:00:00","London",11.232
"2022-01-31 12:00:00","South East",9.961
"2022-01-31 12:00:00","South West",9.551
"2022-01-31 12:00:00","Midlands",10.298
"2022-01-31 12:00:00","North East and Yorkshire",9.187
"2022-01-31 12:00:00","East of England",10.431
"2022-01-31 12:00:00","North West",8.608
"2022-02-01 12:00:00","London",9.177
"2022-02-01 12:00:00","South East",8.091
"2022-02-01 12:00:00","South West",7.642
"2022-02-01 12:00:00","Midlands",7.469
"2022-02-01 12:00:00","North East and Yorkshire",6.586
"2022-02-01 12:00:00","East of England",8.358
"2022-02-01 12:00:00","North West",6.352
"2022-02-02 12:00:00","London",8.914
"2022-02-02 12:00:00","South East",7.9
"2022-02-02 12:00:00","South West",7.91
"2022-02-02 12:00:00","Midlands",7.299
"2022-02-02 12:00:00","North East and Yorkshire",6.986
"2022-02-02 12:00:00","East of England",7.573
"2022-02-02 12:00:00","North West",6.206
"2022-02-03 12:00:00","London",8.125
"2022-02-03 12:00:00","South East",7.296
"2022-02-03 12:00:00","South West",8.185
"2022-02-03 12:00:00","Midlands",6.932
"2022-02-03 12:00:00","North East and Yorkshire",6.282
"2022-02-03 12:00:00","East of England",6.991
"2022-02-03 12:00:00","North West",5.863
"2022-02-04 12:00:00","London",11.647
"2022-02-04 12:00:00","South East",10.402
"2022-02-04 12:00:00","South West",10.839
"2022-02-04 12:00:00","Midlands",10.782
"2022-02-04 12:00:00","North East and Yorkshire",10.221
"2022-02-04 12:00:00","East of England",10.801
"2022-02-04 12:00:00","North West",9.739
"2022-02-05 12:00:00","London",9.067
"2022-02-05 12:00:00","South East",7.85
"2022-02-05 12:00:00","South West",6.975
"2022-02-05 12:00:00","Midlands",7.369
"2022-02-05 12:00:00","North East and Yorkshire",7.219
"2022-02-05 12:00:00","East of England",8.312
"2022-02-05 12:00:00","North West",6.542
"2022-02-06 12:00:00","London",10.611
"2022-02-06 12:00:00","South East",9.134
"2022-02-06 12:00:00","South West",8.45
"2022-02-06 12:00:00","Midlands",8.491
"2022-02-06 12:00:00","North East and Yorkshire",7.659
"2022-02-06 12:00:00","East of England",9.525
"2022-02-06 12:00:00","North West",7.138
"2022-02-07 12:00:00","London",9.982
"2022-02-07 12:00:00","South East",8.791
"2022-02-07 12:00:00","South West",8.628
"2022-02-07 12:00:00","Midlands",8.785
"2022-02-07 12:00:00","North East and Yorkshire",7.645
"2022-02-07 12:00:00","East of England",8.993
"2022-02-07 12:00:00","North West",7.097
"2022-02-08 12:00:00","London",10.641
"2022-02-08 12:00:00","South East",9.581
"2022-02-08 12:00:00","South West",11.04
"2022-02-08 12:00:00","Midlands",10.833
"2022-02-08 12:00:00","North East and Yorkshire",11.077
"2022-02-08 12:00:00","East of England",9.873
"2022-02-08 12:00:00","North West",10.338
"2022-02-09 12:00:00","London",11.493
"2022-02-09 12:00:00","South East",10.027
"2022-02-09 12:00:00","South West",10.553
"2022-02-09 12:00:00","Midlands",11.785
"2022-02-09 12:00:00","North East and Yorkshire",10.657
"2022-02-09 12:00:00","East of England",11.287
"2022-02-09 12:00:00","North West",10.093
"2022-02-10 12:00:00","London",10.997
"2022-02-10 12:00:00","South East",9.67
"2022-02-10 12:00:00","South West",9.623
"2022-02-10 12:00:00","Midlands",9.691
"2022-02-10 12:00:00","North East and Yorkshire",8.878
"2022-02-10 12:00:00","East of England",10.181
"2022-02-10 12:00:00","North West",8.296
"2022-02-11 12:00:00","London",12.514
"2022-02-11 12:00:00","South East",10.92
"2022-02-11 12:00:00","South West",10.923
"2022-02-11 12:00:00","Midlands",11.24
"2022-02-11 12:00:00","North East and Yorkshire",11.082
"2022-02-11 12:00:00","East of England",11.281
"2022-02-11 12:00:00","North West",10.45
"2022-02-12 12:00:00","London",15.065
"2022-02-12 12:00:00","South East",12.883
"2022-02-12 12:00:00","South West",11.919
"2022-02-12 12:00:00","Midlands",12.841
"2022-02-12 12:00:00","North East and Yorkshire",12.596
"2022-02-12 12:00:00","East of England",14.155
"2022-02-12 12:00:00","North West",11.606
"2022-02-13 12:00:00","London",14.72
"2022-02-13 12:00:00","South East",12.265
"2022-02-13 12:00:00","South West",10.906
"2022-02-13 12:00:00","Midlands",11.962
"2022-02-13 12:00:00","North East and Yorkshire",12.123
"2022-02-13 12:00:00","East of England",13.876
"2022-02-13 12:00:00","North West",10.883
"2022-02-14 12:00:00","London",11.221
"2022-02-14 12:00:00","South East",9.942
"2022-02-14 12:00:00","South West",11.299
"2022-02-14 12:00:00","Midlands",11.171
"2022-02-14 12:00:00","North East and Yorkshire",10.633
"2022-02-14 12:00:00","East of England",10.927
"2022-02-14 12:00:00","North West",10.626
"2022-02-15 12:00:00","London",9.195
"2022-02-15 12:00:00","South East",8.552
"2022-02-15 12:00:00","South West",9.979
"2022-02-15 12:00:00","Midlands",8.822
"2022-02-15 12:00:00","North East and Yorkshire",8.409
"2022-02-15 12:00:00","East of England",8.578
"2022-02-15 12:00:00","North West",8.237
"2022-02-16 12:00:00","London",11.124
"2022-02-16 12:00:00","South East",9.819
"2022-02-16 12:00:00","South West",9.795
"2022-02-16 12:00:00","Midlands",8.802
"2022-02-16 12:00:00","North East and Yorkshire",8.25
"2022-02-16 12:00:00","East of England",10.378
"2022-02-16 12:00:00","North West",7.783
"2022-02-17 12:00:00","London",10.043
"2022-02-17 12:00:00","South East",9.083
"2022-02-17 12:00:00","South West",9.818
"2022-02-17 12:00:00","Midlands",9.481
"2022-02-17 12:00:00","North East and Yorkshire",8.656
"2022-02-17 12:00:00","East of England",9.469
"2022-02-17 12:00:00","North West",8.276
"2022-02-18 12:00:00","London",10.924
"2022-02-18 12:00:00","South East",9.749
"2022-02-18 12:00:00","South West",10.555
"2022-02-18 12:00:00","Midlands",11.415
"2022-02-18 12:00:00","North East and Yorkshire",11.15
"2022-02-18 12:00:00","East of England",10.812
"2022-02-18 12:00:00","North West",10.231
"2022-02-19 12:00:00","London",10.832
"2022-02-19 12:00:00","South East",9.579
"2022-02-19 12:00:00","South West",9.478
"2022-02-19 12:00:00","Midlands",9.472
"2022-02-19 12:00:00","North East and Yorkshire",8.985
"2022-02-19 12:00:00","East of England",10.1
"2022-02-19 12:00:00","North West",8.258
"2022-02-20 12:00:00","London",7.74
"2022-02-20 12:00:00","South East",7.034
"2022-02-20 12:00:00","South West",7.659
"2022-02-20 12:00:00","Midlands",7.391
"2022-02-20 12:00:00","North East and Yorkshire",7.085
"2022-02-20 12:00:00","East of England",6.689
"2022-02-20 12:00:00","North West",6.519
"2022-02-21 12:00:00","London",9.118
"2022-02-21 12:00:00","South East",8.399
"2022-02-21 12:00:00","South West",9.75
"2022-02-21 12:00:00","Midlands",9.306
"2022-02-21 12:00:00","North East and Yorkshire",8.533
"2022-02-21 12:00:00","East of England",8.389
"2022-02-21 12:00:00","North West",8.336
"2022-02-22 12:00:00","London",5.457
"2022-02-22 12:00:00","South East",4.68
"2022-02-22 12:00:00","South West",6.42
"2022-02-22 12:00:00","Midlands",6.213
"2022-02-22 12:00:00","North East and Yorkshire",5.605
"2022-02-22 12:00:00","East of England",5.41
"2022-02-22 12:00:00","North West",5.478
"2022-02-23 12:00:00","London",3.842
"2022-02-23 12:00:00","South East",3.757
"2022-02-23 12:00:00","South West",5.822
"2022-02-23 12:00:00","Midlands",2.241
"2022-02-23 12:00:00","North East and Yorkshire",3.584
"2022-02-23 12:00:00","East of England",3.164
"2022-02-23 12:00:00","North West",2.925
"2022-02-24 12:00:00","London",10.282
"2022-02-24 12:00:00","South East",9.468
"2022-02-24 12:00:00","South West",9.683
"2022-02-24 12:00:00","Midlands",1.986
"2022-02-24 12:00:00","North East and Yorkshire",2.183
"2022-02-24 12:00:00","East of England",5.938
"2022-02-24 12:00:00","North West",2.107
"2022-02-25 12:00:00","London",5.536
"2022-02-25 12:00:00","South East",4.659
"2022-02-25 12:00:00","South West",5.292
"2022-02-25 12:00:00","Midlands",5.171
"2022-02-25 12:00:00","North East and Yorkshire",4.719
"2022-02-25 12:00:00","East of England",5.002
"2022-02-25 12:00:00","North West",5.08
"2022-02-26 12:00:00","London",9.757
"2022-02-26 12:00:00","South East",8.91
"2022-02-26 12:00:00","South West",9.548
"2022-02-26 12:00:00","Midlands",8.552
"2022-02-26 12:00:00","North East and Yorkshire",7.998
"2022-02-26 12:00:00","East of England",9.257
"2022-02-26 12:00:00","North West",8.001
"2022-02-27 12:00:00","London",13.754
"2022-02-27 12:00:00","South East",12.001
"2022-02-27 12:00:00","South West",11.978
"2022-02-27 12:00:00","Midlands",12.942
"2022-02-27 12:00:00","North East and Yorkshire",12.305
"2022-02-27 12:00:00","East of England",13.238
"2022-02-27 12:00:00","North West",11.449
"2022-02-28 12:00:00","London",14.262
"2022-02-28 12:00:00","South East",12.639
"2022-02-28 12:00:00","South West",12.449
"2022-02-28 12:00:00","Midlands",13.528
"2022-02-28 12:00:00","North East and Yorkshire",12.572
"2022-02-28 12:00:00","East of England",14.706
"2022-02-28 12:00:00","North West",10.648
"2022-03-01 12:00:00","London",12.372
"2022-03-01 12:00:00","South East",10.473
"2022-03-01 12:00:00","South West",10.194
"2022-03-01 12:00:00","Midlands",11.032
"2022-03-01 12:00:00","North East and Yorkshire",9.408
"2022-03-01 12:00:00","East of England",10.018
"2022-03-01 12:00:00","North West",9.905
"2022-03-02 12:00:00","London",12.922
"2022-03-02 12:00:00","South East",11.213
"2022-03-02 12:00:00","South West",10.801
"2022-03-02 12:00:00","Midlands",12.527
"2022-03-02 12:00:00","North East and Yorkshire",12.449
"2022-03-02 12:00:00","East of England",12.496
"2022-03-02 12:00:00","North West",11.391
"2022-03-03 12:00:00","London",16.135
"2022-03-03 12:00:00","South East",13.199
"2022-03-03 12:00:00","South West",11.071
"2022-03-03 12:00:00","Midlands",14.387
"2022-03-03 12:00:00","North East and Yorkshire",14.238
"2022-03-03 12:00:00","East of England",15.317
"2022-03-03 12:00:00","North West",12.278
"2022-03-04 12:00:00","London",12.7
"2022-03-04 12:00:00","South East",10.712
"2022-03-04 12:00:00","South West",10.475
"2022-03-04 12:00:00","Midlands",12
"2022-03-04 12:00:00","North East and Yorkshire",12.723
"2022-03-04 12:00:00","East of England",12.59
"2022-03-04 12:00:00","North West",11.297
"2022-03-05 12:00:00","London",12.921
"2022-03-05 12:00:00","South East",11.154
"2022-03-05 12:00:00","South West",10.764
"2022-03-05 12:00:00","Midlands",12.257
"2022-03-05 12:00:00","North East and Yorkshire",12.262
"2022-03-05 12:00:00","East of England",12.554
"2022-03-05 12:00:00","North West",11.247
"2022-03-06 12:00:00","London",12.254
"2022-03-06 12:00:00","South East",10.695
"2022-03-06 12:00:00","South West",11.518
"2022-03-06 12:00:00","Midlands",12.321
"2022-03-06 12:00:00","North East and Yorkshire",12.38
"2022-03-06 12:00:00","East of England",11.987
"2022-03-06 12:00:00","North West",11.018
"2022-03-07 12:00:00","London",13.289
"2022-03-07 12:00:00","South East",11.641
"2022-03-07 12:00:00","South West",12.278
"2022-03-07 12:00:00","Midlands",12.885
"2022-03-07 12:00:00","North East and Yorkshire",12.283
"2022-03-07 12:00:00","East of England",13.409
"2022-03-07 12:00:00","North West",10.728
"2022-03-08 12:00:00","London",14.264
"2022-03-08 12:00:00","South East",12.452
"2022-03-08 12:00:00","South West",12.354
"2022-03-08 12:00:00","Midlands",13.157
"2022-03-08 12:00:00","North East and Yorkshire",12.85
"2022-03-08 12:00:00","East of England",13.616
"2022-03-08 12:00:00","North West",11.435
"2022-03-09 12:00:00","London",16.216
"2022-03-09 12:00:00","South East",13.647
"2022-03-09 12:00:00","South West",13.307
"2022-03-09 12:00:00","Midlands",15.487
"2022-03-09 12:00:00","North East and Yorkshire",13.87
"2022-03-09 12:00:00","East of England",16.181
"2022-03-09 12:00:00","North West",11.542
"2022-03-10 12:00:00","London",12.037
"2022-03-10 12:00:00","South East",10.787
"2022-03-10 12:00:00","South West",11.211
"2022-03-10 12:00:00","Midlands",11.826
"2022-03-10 12:00:00","North East and Yorkshire",10.438
"2022-03-10 12:00:00","East of England",11.485
"2022-03-10 12:00:00","North West",9.352
"2022-03-11 12:00:00","London",12.554
"2022-03-11 12:00:00","South East",11.099
"2022-03-11 12:00:00","South West",10.973
"2022-03-11 12:00:00","Midlands",11.304
"2022-03-11 12:00:00","North East and Yorkshire",10.476
"2022-03-11 12:00:00","East of England",11.44
"2022-03-11 12:00:00","North West",9.811
"2022-03-12 12:00:00","London",12.886
"2022-03-12 12:00:00","South East",11.313
"2022-03-12 12:00:00","South West",11.077
"2022-03-12 12:00:00","Midlands",11.771
"2022-03-12 12:00:00","North East and Yorkshire",11.5
"2022-03-12 12:00:00","East of England",11.653
"2022-03-12 12:00:00","North West",10.112
"2022-03-13 12:00:00","London",9.884
"2022-03-13 12:00:00","South East",9.609
"2022-03-13 12:00:00","South West",11.528
"2022-03-13 12:00:00","Midlands",11.159
"2022-03-13 12:00:00","North East and Yorkshire",11.285
"2022-03-13 12:00:00","East of England",10.071
"2022-03-13 12:00:00","North West",10.746
"2022-03-14 12:00:00","London",9.947
"2022-03-14 12:00:00","South East",9.823
"2022-03-14 12:00:00","South West",9.51
"2022-03-14 12:00:00","Midlands",5.203
"2022-03-14 12:00:00","North East and Yorkshire",6.229
"2022-03-14 12:00:00","East of England",7.52
"2022-03-14 12:00:00","North West",7.933
"2022-03-15 12:00:00","London",11.506
"2022-03-15 12:00:00","South East",9.572
"2022-03-15 12:00:00","South West",10.658
"2022-03-15 12:00:00","Midlands",11.203
"2022-03-15 12:00:00","North East and Yorkshire",10.331
"2022-03-15 12:00:00","East of England",11.192
"2022-03-15 12:00:00","North West",11.033
"2022-03-16 12:00:00","London",12.294
"2022-03-16 12:00:00","South East",11.286
"2022-03-16 12:00:00","South West",11.663
"2022-03-16 12:00:00","Midlands",10.943
"2022-03-16 12:00:00","North East and Yorkshire",9.822
"2022-03-16 12:00:00","East of England",10.756
"2022-03-16 12:00:00","North West",10.36
"2022-03-17 12:00:00","London",11.686
"2022-03-17 12:00:00","South East",10.639
"2022-03-17 12:00:00","South West",11.038
"2022-03-17 12:00:00","Midlands",10.772
"2022-03-17 12:00:00","North East and Yorkshire",10.662
"2022-03-17 12:00:00","East of England",10.286
"2022-03-17 12:00:00","North West",10.665
"2022-03-18 12:00:00","London",10.614
"2022-03-18 12:00:00","South East",9.807
"2022-03-18 12:00:00","South West",10.337
"2022-03-18 12:00:00","Midlands",9.611
"2022-03-18 12:00:00","North East and Yorkshire",9.06
"2022-03-18 12:00:00","East of England",9.455
"2022-03-18 12:00:00","North West",9.507
"2022-03-19 12:00:00","London",9.626
"2022-03-19 12:00:00","South East",8.902
"2022-03-19 12:00:00","South West",10.15
"2022-03-19 12:00:00","Midlands",9.801
"2022-03-19 12:00:00","North East and Yorkshire",8.94
"2022-03-19 12:00:00","East of England",8.971
"2022-03-19 12:00:00","North West",9.191
"2022-03-20 12:00:00","London",10.881
"2022-03-20 12:00:00","South East",9.397
"2022-03-20 12:00:00","South West",8.886
"2022-03-20 12:00:00","Midlands",9.017
"2022-03-20 12:00:00","North East and Yorkshire",8.506
"2022-03-20 12:00:00","East of England",9.472
"2022-03-20 12:00:00","North West",8.215
"2022-03-21 12:00:00","London",14.371
"2022-03-21 12:00:00","South East",12.816
"2022-03-21 12:00:00","South West",12.232
"2022-03-21 12:00:00","Midlands",13.387
"2022-03-21 12:00:00","North East and Yorkshire",11.341
"2022-03-21 12:00:00","East of England",12.539
"2022-03-21 12:00:00","North West",12.209
"2022-03-22 12:00:00","London",10.063
"2022-03-22 12:00:00","South East",9.188
"2022-03-22 12:00:00","South West",9.768
"2022-03-22 12:00:00","Midlands",8.721
"2022-03-22 12:00:00","North East and Yorkshire",6.375
"2022-03-22 12:00:00","East of England",8.812
"2022-03-22 12:00:00","North West",6.238
"2022-03-23 12:00:00","London",10.012
"2022-03-23 12:00:00","South East",8.987
"2022-03-23 12:00:00","South West",9.531
"2022-03-23 12:00:00","Midlands",9.94
"2022-03-23 12:00:00","North East and Yorkshire",9.622
"2022-03-23 12:00:00","East of England",9.407
"2022-03-23 12:00:00","North West",9.044
"2022-03-24 12:00:00","London",14.498
"2022-03-24 12:00:00","South East",12.725
"2022-03-24 12:00:00","South West",10.904
"2022-03-24 12:00:00","Midlands",12.115
"2022-03-24 12:00:00","North East and Yorkshire",12.367
"2022-03-24 12:00:00","East of England",13.52
"2022-03-24 12:00:00","North West",10.852
"2022-03-25 12:00:00","London",14.761
"2022-03-25 12:00:00","South East",13.158
"2022-03-25 12:00:00","South West",13.43
"2022-03-25 12:00:00","Midlands",15.206
"2022-03-25 12:00:00","North East and Yorkshire",14.964
"2022-03-25 12:00:00","East of England",13.181
"2022-03-25 12:00:00","North West",13.684
"2022-03-26 12:00:00","London",14.23
"2022-03-26 12:00:00","South East",12.843
"2022-03-26 12:00:00","South West",13.475
"2022-03-26 12:00:00","Midlands",14.38
"2022-03-26 12:00:00","North East and Yorkshire",13.785
"2022-03-26 12:00:00","East of England",12.326
"2022-03-26 12:00:00","North West",12.84
"2022-03-27 12:00:00","London",11.044
"2022-03-27 12:00:00","South East",10.242
"2022-03-27 12:00:00","South West",11.239
"2022-03-27 12:00:00","Midlands",11.4
"2022-03-27 12:00:00","North East and Yorkshire",11.434
"2022-03-27 12:00:00","East of England",11.012
"2022-03-27 12:00:00","North West",9.603
"2022-03-28 12:00:00","London",12.503
"2022-03-28 12:00:00","South East",10.749
"2022-03-28 12:00:00","South West",11.346
"2022-03-28 12:00:00","Midlands",14.7
"2022-03-28 12:00:00","North East and Yorkshire",13.257
"2022-03-28 12:00:00","East of England",13.192
"2022-03-28 12:00:00","North West",12.934
"2022-03-29 12:00:00","London",13.419
"2022-03-29 12:00:00","South East",11.77
"2022-03-29 12:00:00","South West",10.953
"2022-03-29 12:00:00","Midlands",12.04
"2022-03-29 12:00:00","North East and Yorkshire",12.589
"2022-03-29 12:00:00","East of England",13.558
"2022-03-29 12:00:00","North West",10.67
"2022-03-30 12:00:00","London",11.882
"2022-03-30 12:00:00","South East",10.182
"2022-03-30 12:00:00","South West",9.392
"2022-03-30 12:00:00","Midlands",9.351
"2022-03-30 12:00:00","North East and Yorkshire",8.691
"2022-03-30 12:00:00","East of England",11.529
"2022-03-30 12:00:00","North West",7.522
"2022-03-31 12:00:00","London",13.836
"2022-03-31 12:00:00","South East",11.911
"2022-03-31 12:00:00","South West",11.836
"2022-03-31 12:00:00","Midlands",12.296
"2022-03-31 12:00:00","North East and Yorkshire",10.732
"2022-03-31 12:00:00","East of England",13.363
"2022-03-31 12:00:00","North West",10.12
"2022-04-01 12:00:00","London",10.972
"2022-04-01 12:00:00","South East",9.222
"2022-04-01 12:00:00","South West",9.823
"2022-04-01 12:00:00","Midlands",9.712
"2022-04-01 12:00:00","North East and Yorkshire",9.782
"2022-04-01 12:00:00","East of England",11.565
"2022-04-01 12:00:00","North West",8.273
"2022-04-02 12:00:00","London",15.497
"2022-04-02 12:00:00","South East",13.813
"2022-04-02 12:00:00","South West",13.744
"2022-04-02 12:00:00","Midlands",13.553
"2022-04-02 12:00:00","North East and Yorkshire",13.201
"2022-04-02 12:00:00","East of England",14.589
"2022-04-02 12:00:00","North West",12.739
"2022-04-03 12:00:00","London",16.052
"2022-04-03 12:00:00","South East",13.629
"2022-04-03 12:00:00","South West",12.591
"2022-04-03 12:00:00","Midlands",12.83
"2022-04-03 12:00:00","North East and Yorkshire",13.925
"2022-04-03 12:00:00","East of England",15.026
"2022-04-03 12:00:00","North West",11.375
"2022-04-04 12:00:00","London",16.911
"2022-04-04 12:00:00","South East",14.591
"2022-04-04 12:00:00","South West",14.352
"2022-04-04 12:00:00","Midlands",14.813
"2022-04-04 12:00:00","North East and Yorkshire",14.242
"2022-04-04 12:00:00","East of England",14.928
"2022-04-04 12:00:00","North West",13.953
"2022-04-05 12:00:00","London",8.077
"2022-04-05 12:00:00","South East",7.117
"2022-04-05 12:00:00","South West",7.666
"2022-04-05 12:00:00","Midlands",7.062
"2022-04-05 12:00:00","North East and Yorkshire",6.004
"2022-04-05 12:00:00","East of England",7.014
"2022-04-05 12:00:00","North West",6.086
"2022-04-06 12:00:00","London",7.515
"2022-04-06 12:00:00","South East",6.723
"2022-04-06 12:00:00","South West",7.605
"2022-04-06 12:00:00","Midlands",8.127
"2022-04-06 12:00:00","North East and Yorkshire",8.13
"2022-04-06 12:00:00","East of England",7.348
"2022-04-06 12:00:00","North West",7.508
"2022-04-07 12:00:00","London",12.695
"2022-04-07 12:00:00","South East",10.789
"2022-04-07 12:00:00","South West",10.943
"2022-04-07 12:00:00","Midlands",12.367
"2022-04-07 12:00:00","North East and Yorkshire",10.832
"2022-04-07 12:00:00","East of England",12.69
"2022-04-07 12:00:00","North West",9.725
"2022-04-08 12:00:00","London",14.066
"2022-04-08 12:00:00","South East",11.96
"2022-04-08 12:00:00","South West",11.089
"2022-04-08 12:00:00","Midlands",9.164
"2022-04-08 12:00:00","North East and Yorkshire",9.975
"2022-04-08 12:00:00","East of England",11.743
"2022-04-08 12:00:00","North West",8.873
"2022-04-09 12:00:00","London",8.051
"2022-04-09 12:00:00","South East",7.029
"2022-04-09 12:00:00","South West",9.561
"2022-04-09 12:00:00","Midlands",8.147
"2022-04-09 12:00:00","North East and Yorkshire",7.975
"2022-04-09 12:00:00","East of England",7.389
"2022-04-09 12:00:00","North West",7.45
"2022-04-10 12:00:00","London",9.516
"2022-04-10 12:00:00","South East",8.388
"2022-04-10 12:00:00","South West",9.097
"2022-04-10 12:00:00","Midlands",8.378
"2022-04-10 12:00:00","North East and Yorkshire",7.496
"2022-04-10 12:00:00","East of England",8.513
"2022-04-10 12:00:00","North West",7.322
"2022-04-11 12:00:00","London",10.299
"2022-04-11 12:00:00","South East",9.07
"2022-04-11 12:00:00","South West",10.26
"2022-04-11 12:00:00","Midlands",9.894
"2022-04-11 12:00:00","North East and Yorkshire",9.472
"2022-04-11 12:00:00","East of England",9.528
"2022-04-11 12:00:00","North West",8.682
"2022-04-12 12:00:00","London",17.365
"2022-04-12 12:00:00","South East",15.596
"2022-04-12 12:00:00","South West",15.661
"2022-04-12 12:00:00","Midlands",17.472
"2022-04-12 12:00:00","North East and Yorkshire",16.508
"2022-04-12 12:00:00","East of England",15.619
"2022-04-12 12:00:00","North West",15.176
"2022-04-13 12:00:00","London",13.893
"2022-04-13 12:00:00","South East",13.334
"2022-04-13 12:00:00","South West",14.886
"2022-04-13 12:00:00","Midlands",12.683
"2022-04-13 12:00:00","North East and Yorkshire",10.9
"2022-04-13 12:00:00","East of England",12.596
"2022-04-13 12:00:00","North West",11.652
"2022-04-14 12:00:00","London",13.859
"2022-04-14 12:00:00","South East",12.877
"2022-04-14 12:00:00","South West",13.865
"2022-04-14 12:00:00","Midlands",14.641
"2022-04-14 12:00:00","North East and Yorkshire",15.063
"2022-04-14 12:00:00","East of England",12.94
"2022-04-14 12:00:00","North West",14.441
"2022-04-15 12:00:00","London",16.362
"2022-04-15 12:00:00","South East",15.207
"2022-04-15 12:00:00","South West",15.789
"2022-04-15 12:00:00","Midlands",17.229
"2022-04-15 12:00:00","North East and Yorkshire",16.823
"2022-04-15 12:00:00","East of England",15.037
"2022-04-15 12:00:00","North West",16.487
"2022-04-16 12:00:00","London",16.407
"2022-04-16 12:00:00","South East",14.935
"2022-04-16 12:00:00","South West",15.854
"2022-04-16 12:00:00","Midlands",16.359
"2022-04-16 12:00:00","North East and Yorkshire",14.333
"2022-04-16 12:00:00","East of England",14.893
"2022-04-16 12:00:00","North West",15.904
"2022-04-17 12:00:00","London",13.557
"2022-04-17 12:00:00","South East",12.533
"2022-04-17 12:00:00","South West",14.038
"2022-04-17 12:00:00","Midlands",13.256
"2022-04-17 12:00:00","North East and Yorkshire",12.461
"2022-04-17 12:00:00","East of England",12.094
"2022-04-17 12:00:00","North West",13.194
"2022-04-18 12:00:00","London",13.153
"2022-04-18 12:00:00","South East",12.066
"2022-04-18 12:00:00","South West",13.085
"2022-04-18 12:00:00","Midlands",13.487
"2022-04-18 12:00:00","North East and Yorkshire",13.635
"2022-04-18 12:00:00","East of England",11.564
"2022-04-18 12:00:00","North West",13.443
"2022-04-19 12:00:00","London",14.49
"2022-04-19 12:00:00","South East",12.347
"2022-04-19 12:00:00","South West",12.223
"2022-04-19 12:00:00","Midlands",13.511
"2022-04-19 12:00:00","North East and Yorkshire",13.483
"2022-04-19 12:00:00","East of England",12.39
"2022-04-19 12:00:00","North West",12.636
"2022-04-20 12:00:00","London",13.66
"2022-04-20 12:00:00","South East",11.726
"2022-04-20 12:00:00","South West",10.637
"2022-04-20 12:00:00","Midlands",10.406
"2022-04-20 12:00:00","North East and Yorkshire",10.233
"2022-04-20 12:00:00","East of England",13.064
"2022-04-20 12:00:00","North West",9.582
"2022-04-21 12:00:00","London",15.058
"2022-04-21 12:00:00","South East",13.52
"2022-04-21 12:00:00","South West",13.141
"2022-04-21 12:00:00","Midlands",13.177
"2022-04-21 12:00:00","North East and Yorkshire",12.47
"2022-04-21 12:00:00","East of England",14.081
"2022-04-21 12:00:00","North West",10.862
"2022-04-22 12:00:00","London",15.154
"2022-04-22 12:00:00","South East",13.851
"2022-04-22 12:00:00","South West",13.639
"2022-04-22 12:00:00","Midlands",14.169
"2022-04-22 12:00:00","North East and Yorkshire",12.484
"2022-04-22 12:00:00","East of England",13.373
"2022-04-22 12:00:00","North West",12.627
"2022-04-23 12:00:00","London",15.201
"2022-04-23 12:00:00","South East",13.343
"2022-04-23 12:00:00","South West",13.532
"2022-04-23 12:00:00","Midlands",14.917
"2022-04-23 12:00:00","North East and Yorkshire",13.963
"2022-04-23 12:00:00","East of England",13.094
"2022-04-23 12:00:00","North West",14.287
"2022-04-24 12:00:00","London",16.422
"2022-04-24 12:00:00","South East",13.98
"2022-04-24 12:00:00","South West",13.821
"2022-04-24 12:00:00","Midlands",14.496
"2022-04-24 12:00:00","North East and Yorkshire",12.712
"2022-04-24 12:00:00","East of England",15.292
"2022-04-24 12:00:00","North West",12.9
"2022-04-25 12:00:00","London",15.842
"2022-04-25 12:00:00","South East",13.762
"2022-04-25 12:00:00","South West",13.633
"2022-04-25 12:00:00","Midlands",13.862
"2022-04-25 12:00:00","North East and Yorkshire",13.514
"2022-04-25 12:00:00","East of England",14.95
"2022-04-25 12:00:00","North West",11.524
"2022-04-26 12:00:00","London",15.414
"2022-04-26 12:00:00","South East",13.511
"2022-04-26 12:00:00","South West",13.639
"2022-04-26 12:00:00","Midlands",12.819
"2022-04-26 12:00:00","North East and Yorkshire",13.082
"2022-04-26 12:00:00","East of England",13.965
"2022-04-26 12:00:00","North West",11.584
"2022-04-27 12:00:00","London",12.912
"2022-04-27 12:00:00","South East",11.691
"2022-04-27 12:00:00","South West",12.552
"2022-04-27 12:00:00","Midlands",11.324
"2022-04-27 12:00:00","North East and Yorkshire",10.549
"2022-04-27 12:00:00","East of England",11.772
"2022-04-27 12:00:00","North West",10.59
"2022-04-28 12:00:00","London",14.2
"2022-04-28 12:00:00","South East",12.648
"2022-04-28 12:00:00","South West",13.524
"2022-04-28 12:00:00","Midlands",14.501
"2022-04-28 12:00:00","North East and Yorkshire",14.841
"2022-04-28 12:00:00","East of England",13.152
"2022-04-28 12:00:00","North West",12.848
"2022-04-29 12:00:00","London",18.46
"2022-04-29 12:00:00","South East",15.894
"2022-04-29 12:00:00","South West",15.672
"2022-04-29 12:00:00","Midlands",15.346
"2022-04-29 12:00:00","North East and Yorkshire",15.6
"2022-04-29 12:00:00","East of England",17.214
"2022-04-29 12:00:00","North West",12.961
"2022-04-30 12:00:00","London",18.022
"2022-04-30 12:00:00","South East",16.205
"2022-04-30 12:00:00","South West",16.199
"2022-04-30 12:00:00","Midlands",16.524
"2022-04-30 12:00:00","North East and Yorkshire",15.551
"2022-04-30 12:00:00","East of England",16.502
"2022-04-30 12:00:00","North West",13.994
"2022-05-01 12:00:00","London",20.29
"2022-05-01 12:00:00","South East",17.478
"2022-05-01 12:00:00","South West",16.742
"2022-05-01 12:00:00","Midlands",18.863
"2022-05-01 12:00:00","North East and Yorkshire",16.807
"2022-05-01 12:00:00","East of England",19.77
"2022-05-01 12:00:00","North West",15.576
"2022-05-02 12:00:00","London",23.597
"2022-05-02 12:00:00","South East",19.88
"2022-05-02 12:00:00","South West",17.715
"2022-05-02 12:00:00","Midlands",19.789
"2022-05-02 12:00:00","North East and Yorkshire",16.638
"2022-05-02 12:00:00","East of England",22.626
"2022-05-02 12:00:00","North West",14.163
"2022-05-03 12:00:00","London",17.365
"2022-05-03 12:00:00","South East",15.596
"2022-05-03 12:00:00","South West",15.661
"2022-05-03 12:00:00","Midlands",17.472
"2022-05-03 12:00:00","North East and Yorkshire",16.508
"2022-05-03 12:00:00","East of England",15.619
"2022-05-03 12:00:00","North West",15.176
"2022-05-04 12:00:00","London",13.893
"2022-05-04 12:00:00","South East",13.334
"2022-05-04 12:00:00","South West",14.886
"2022-05-04 12:00:00","Midlands",12.683
"2022-05-04 12:00:00","North East and Yorkshire",10.9
"2022-05-04 12:00:00","East of England",12.596
"2022-05-04 12:00:00","North West",11.652
"2022-05-05 12:00:00","London",13.859
"2022-05-05 12:00:00","South East",12.877
"2022-05-05 12:00:00","South West",13.865
"2022-05-05 12:00:00","Midlands",14.641
"2022-05-05 12:00:00","North East and Yorkshire",15.063
"2022-05-05 12:00:00","East of England",12.94
"2022-05-05 12:00:00","North West",14.441
"2022-05-06 12:00:00","London",16.362
"2022-05-06 12:00:00","South East",15.207
"2022-05-06 12:00:00","South West",15.789
"2022-05-06 12:00:00","Midlands",17.229
"2022-05-06 12:00:00","North East and Yorkshire",16.823
"2022-05-06 12:00:00","East of England",15.037
"2022-05-06 12:00:00","North West",16.487
"2022-05-07 12:00:00","London",16.407
"2022-05-07 12:00:00","South East",14.935
"2022-05-07 12:00:00","South West",15.854
"2022-05-07 12:00:00","Midlands",16.359
"2022-05-07 12:00:00","North East and Yorkshire",14.333
"2022-05-07 12:00:00","East of England",14.893
"2022-05-07 12:00:00","North West",15.904
"2022-05-08 12:00:00","London",13.557
"2022-05-08 12:00:00","South East",12.533
"2022-05-08 12:00:00","South West",14.038
"2022-05-08 12:00:00","Midlands",13.256
"2022-05-08 12:00:00","North East and Yorkshire",12.461
"2022-05-08 12:00:00","East of England",12.094
"2022-05-08 12:00:00","North West",13.194
"2022-05-09 12:00:00","London",13.153
"2022-05-09 12:00:00","South East",12.066
"2022-05-09 12:00:00","South West",13.085
"2022-05-09 12:00:00","Midlands",13.487
"2022-05-09 12:00:00","North East and Yorkshire",13.635
"2022-05-09 12:00:00","East of England",11.564
"2022-05-09 12:00:00","North West",13.443
"2022-05-10 12:00:00","London",14.364
"2022-05-10 12:00:00","South East",12.897
"2022-05-10 12:00:00","South West",11.998
"2022-05-10 12:00:00","Midlands",10.559
"2022-05-10 12:00:00","North East and Yorkshire",9.045
"2022-05-10 12:00:00","East of England",12.227
"2022-05-10 12:00:00","North West",8.568
"2022-05-11 12:00:00","London",13.508
"2022-05-11 12:00:00","South East",11.799
"2022-05-11 12:00:00","South West",11.036
"2022-05-11 12:00:00","Midlands",10.392
"2022-05-11 12:00:00","North East and Yorkshire",11.038
"2022-05-11 12:00:00","East of England",12.133
"2022-05-11 12:00:00","North West",9.636
"2022-05-12 12:00:00","London",12.693
"2022-05-12 12:00:00","South East",11.379
"2022-05-12 12:00:00","South West",11.969
"2022-05-12 12:00:00","Midlands",11.47
"2022-05-12 12:00:00","North East and Yorkshire",10.393
"2022-05-12 12:00:00","East of England",11.218
"2022-05-12 12:00:00","North West",9.243
"2022-05-13 12:00:00","London",14.723
"2022-05-13 12:00:00","South East",12.95
"2022-05-13 12:00:00","South West",13.037
"2022-05-13 12:00:00","Midlands",13.29
"2022-05-13 12:00:00","North East and Yorkshire",11.824
"2022-05-13 12:00:00","East of England",13.793
"2022-05-13 12:00:00","North West",10.963
"2022-05-14 12:00:00","London",17.973
"2022-05-14 12:00:00","South East",15.085
"2022-05-14 12:00:00","South West",13.185
"2022-05-14 12:00:00","Midlands",14.745
"2022-05-14 12:00:00","North East and Yorkshire",14.676
"2022-05-14 12:00:00","East of England",16.507
"2022-05-14 12:00:00","North West",13.551
"2022-05-15 12:00:00","London",20.501
"2022-05-15 12:00:00","South East",17.025
"2022-05-15 12:00:00","South West",15.328
"2022-05-15 12:00:00","Midlands",18.477
"2022-05-15 12:00:00","North East and Yorkshire",17.155
"2022-05-15 12:00:00","East of England",19.942
"2022-05-15 12:00:00","North West",14.864
"2022-05-16 12:00:00","London",17.017
"2022-05-16 12:00:00","South East",14.671
"2022-05-16 12:00:00","South West",14.024
"2022-05-16 12:00:00","Midlands",15.622
"2022-05-16 12:00:00","North East and Yorkshire",15.751
"2022-05-16 12:00:00","East of England",16.574
"2022-05-16 12:00:00","North West",14.444
"2022-05-17 12:00:00","London",19.563
"2022-05-17 12:00:00","South East",17.527
"2022-05-17 12:00:00","South West",18.001
"2022-05-17 12:00:00","Midlands",18.182
"2022-05-17 12:00:00","North East and Yorkshire",15.686
"2022-05-17 12:00:00","East of England",17.697
"2022-05-17 12:00:00","North West",15.314
"2022-05-18 12:00:00","London",15.741
"2022-05-18 12:00:00","South East",14.578
"2022-05-18 12:00:00","South West",15.048
"2022-05-18 12:00:00","Midlands",15.424
"2022-05-18 12:00:00","North East and Yorkshire",13.61
"2022-05-18 12:00:00","East of England",14.732
"2022-05-18 12:00:00","North West",13.741
"2022-05-19 12:00:00","London",20.148
"2022-05-19 12:00:00","South East",18.212
"2022-05-19 12:00:00","South West",17.613
"2022-05-19 12:00:00","Midlands",16.941
"2022-05-19 12:00:00","North East and Yorkshire",13.818
"2022-05-19 12:00:00","East of England",18.814
"2022-05-19 12:00:00","North West",14.852
"2022-05-20 12:00:00","London",20.801
"2022-05-20 12:00:00","South East",18.748
"2022-05-20 12:00:00","South West",18.526
"2022-05-20 12:00:00","Midlands",17.863
"2022-05-20 12:00:00","North East and Yorkshire",14.123
"2022-05-20 12:00:00","East of England",20.082
"2022-05-20 12:00:00","North West",15.655
"2022-05-21 12:00:00","London",24.701
"2022-05-21 12:00:00","South East",21.422
"2022-05-21 12:00:00","South West",18.934
"2022-05-21 12:00:00","Midlands",23.62
"2022-05-21 12:00:00","North East and Yorkshire",20.214
"2022-05-21 12:00:00","East of England",23.885
"2022-05-21 12:00:00","North West",21.122
"2022-05-22 12:00:00","London",22.731
"2022-05-22 12:00:00","South East",20.099
"2022-05-22 12:00:00","South West",19.338
"2022-05-22 12:00:00","Midlands",22.396
"2022-05-22 12:00:00","North East and Yorkshire",20.194
"2022-05-22 12:00:00","East of England",23.141
"2022-05-22 12:00:00","North West",20.675
"2022-05-23 12:00:00","London",24.438
"2022-05-23 12:00:00","South East",21.443
"2022-05-23 12:00:00","South West",20.123
"2022-05-23 12:00:00","Midlands",23.521
"2022-05-23 12:00:00","North East and Yorkshire",21.1
"2022-05-23 12:00:00","East of England",23.542
"2022-05-23 12:00:00","North West",20.504
"2022-05-24 12:00:00","London",17.969
"2022-05-24 12:00:00","South East",15.426
"2022-05-24 12:00:00","South West",11.591
"2022-05-24 12:00:00","Midlands",10.77
"2022-05-24 12:00:00","North East and Yorkshire",11.585
"2022-05-24 12:00:00","East of England",14.853
"2022-05-24 12:00:00","North West",10.316
"2022-05-25 12:00:00","London",15.778
"2022-05-25 12:00:00","South East",14.386
"2022-05-25 12:00:00","South West",14.212
"2022-05-25 12:00:00","Midlands",13.693
"2022-05-25 12:00:00","North East and Yorkshire",13.061
"2022-05-25 12:00:00","East of England",14.408
"2022-05-25 12:00:00","North West",12.303
"2022-05-26 12:00:00","London",15.95
"2022-05-26 12:00:00","South East",14.36
"2022-05-26 12:00:00","South West",14.085
"2022-05-26 12:00:00","Midlands",13.884
"2022-05-26 12:00:00","North East and Yorkshire",12.076
"2022-05-26 12:00:00","East of England",15.442
"2022-05-26 12:00:00","North West",11.147
"2022-05-27 12:00:00","London",19.141
"2022-05-27 12:00:00","South East",16.965
"2022-05-27 12:00:00","South West",15.777
"2022-05-27 12:00:00","Midlands",16.615
"2022-05-27 12:00:00","North East and Yorkshire",16.346
"2022-05-27 12:00:00","East of England",19.05
"2022-05-27 12:00:00","North West",14.792
"2022-05-28 12:00:00","London",19.401
"2022-05-28 12:00:00","South East",16.979
"2022-05-28 12:00:00","South West",16.282
"2022-05-28 12:00:00","Midlands",16.92
"2022-05-28 12:00:00","North East and Yorkshire",16.893
"2022-05-28 12:00:00","East of England",19.175
"2022-05-28 12:00:00","North West",15.108
"2022-05-29 12:00:00","London",20.327
"2022-05-29 12:00:00","South East",17.691
"2022-05-29 12:00:00","South West",17.036
"2022-05-29 12:00:00","Midlands",19.401
"2022-05-29 12:00:00","North East and Yorkshire",18.417
"2022-05-29 12:00:00","East of England",20.25
"2022-05-29 12:00:00","North West",16.384
"2022-05-30 12:00:00","London",21.804
"2022-05-30 12:00:00","South East",18.636
"2022-05-30 12:00:00","South West",17.276
"2022-05-30 12:00:00","Midlands",19.775
"2022-05-30 12:00:00","North East and Yorkshire",18.771
"2022-05-30 12:00:00","East of England",21.256
"2022-05-30 12:00:00","North West",16.491
"2022-05-31 12:00:00","London",28.863
"2022-05-31 12:00:00","South East",26.115
"2022-05-31 12:00:00","South West",24.484
"2022-05-31 12:00:00","Midlands",27.321
"2022-05-31 12:00:00","North East and Yorkshire",24.327
"2022-05-31 12:00:00","East of England",26.788
"2022-05-31 12:00:00","North West",22.287
"2022-06-01 12:00:00","London",29.058
"2022-06-01 12:00:00","South East",26.352
"2022-06-01 12:00:00","South West",25.098
"2022-06-01 12:00:00","Midlands",27.007
"2022-06-01 12:00:00","North East and Yorkshire",23.998
"2022-06-01 12:00:00","East of England",27.115
"2022-06-01 12:00:00","North West",24.218
"2022-06-02 12:00:00","London",24.544
"2022-06-02 12:00:00","South East",21.486
"2022-06-02 12:00:00","South West",19.501
"2022-06-02 12:00:00","Midlands",21.499
"2022-06-02 12:00:00","North East and Yorkshire",20.296
"2022-06-02 12:00:00","East of England",23.931
"2022-06-02 12:00:00","North West",17.696
"2022-06-03 12:00:00","London",20.912
"2022-06-03 12:00:00","South East",18.65
"2022-06-03 12:00:00","South West",18.058
"2022-06-03 12:00:00","Midlands",18.984
"2022-06-03 12:00:00","North East and Yorkshire",17.373
"2022-06-03 12:00:00","East of England",20.33
"2022-06-03 12:00:00","North West",15.561
"2022-06-04 12:00:00","London",24.55
"2022-06-04 12:00:00","South East",21.787
"2022-06-04 12:00:00","South West",20.506
"2022-06-04 12:00:00","Midlands",21.101
"2022-06-04 12:00:00","North East and Yorkshire",18.087
"2022-06-04 12:00:00","East of England",23.429
"2022-06-04 12:00:00","North West",16.08
"2022-06-05 12:00:00","London",20.64
"2022-06-05 12:00:00","South East",18.734
"2022-06-05 12:00:00","South West",17.867
"2022-06-05 12:00:00","Midlands",16.365
"2022-06-05 12:00:00","North East and Yorkshire",16.311
"2022-06-05 12:00:00","East of England",18.439
"2022-06-05 12:00:00","North West",14.001
"2022-06-06 12:00:00","London",20.343
"2022-06-06 12:00:00","South East",18.636
"2022-06-06 12:00:00","South West",18.691
"2022-06-06 12:00:00","Midlands",16.853
"2022-06-06 12:00:00","North East and Yorkshire",16.453
"2022-06-06 12:00:00","East of England",19.468
"2022-06-06 12:00:00","North West",13.941
"2022-06-07 12:00:00","London",17.311
"2022-06-07 12:00:00","South East",15.745
"2022-06-07 12:00:00","South West",15.701
"2022-06-07 12:00:00","Midlands",17.285
"2022-06-07 12:00:00","North East and Yorkshire",17.227
"2022-06-07 12:00:00","East of England",17.153
"2022-06-07 12:00:00","North West",16.272
"2022-06-08 12:00:00","London",20.793
"2022-06-08 12:00:00","South East",17.91
"2022-06-08 12:00:00","South West",16.733
"2022-06-08 12:00:00","Midlands",19.729
"2022-06-08 12:00:00","North East and Yorkshire",17.578
"2022-06-08 12:00:00","East of England",18.932
"2022-06-08 12:00:00","North West",17.391
"2022-06-09 12:00:00","London",18.048
"2022-06-09 12:00:00","South East",16.651
"2022-06-09 12:00:00","South West",17.022
"2022-06-09 12:00:00","Midlands",16.776
"2022-06-09 12:00:00","North East and Yorkshire",17.19
"2022-06-09 12:00:00","East of England",17.108
"2022-06-09 12:00:00","North West",16.821
"2022-06-10 12:00:00","London",21.936
"2022-06-10 12:00:00","South East",19.067
"2022-06-10 12:00:00","South West",18.532
"2022-06-10 12:00:00","Midlands",20.909
"2022-06-10 12:00:00","North East and Yorkshire",18.884
"2022-06-10 12:00:00","East of England",20.518
"2022-06-10 12:00:00","North West",18.805
"2022-06-11 12:00:00","London",20.036
"2022-06-11 12:00:00","South East",18.267
"2022-06-11 12:00:00","South West",19.075
"2022-06-11 12:00:00","Midlands",20.555
"2022-06-11 12:00:00","North East and Yorkshire",20.474
"2022-06-11 12:00:00","East of England",19.004
"2022-06-11 12:00:00","North West",19.787
"2022-06-12 12:00:00","London",22.938
"2022-06-12 12:00:00","South East",20.313
"2022-06-12 12:00:00","South West",20.172
"2022-06-12 12:00:00","Midlands",21.571
"2022-06-12 12:00:00","North East and Yorkshire",17.985
"2022-06-12 12:00:00","East of England",20.729
"2022-06-12 12:00:00","North West",20.022
"2022-06-13 12:00:00","London",21.031
"2022-06-13 12:00:00","South East",18.931
"2022-06-13 12:00:00","South West",19.332
"2022-06-13 12:00:00","Midlands",17.979
"2022-06-13 12:00:00","North East and Yorkshire",15.024
"2022-06-13 12:00:00","East of England",18.768
"2022-06-13 12:00:00","North West",15.947
"2022-06-14 12:00:00","London",14.744
"2022-06-14 12:00:00","South East",13.59
"2022-06-14 12:00:00","South West",17.228
"2022-06-14 12:00:00","Midlands",16.595
"2022-06-14 12:00:00","North East and Yorkshire",16.589
"2022-06-14 12:00:00","East of England",16.145
"2022-06-14 12:00:00","North West",17.43
"2022-06-15 12:00:00","London",15.59
"2022-06-15 12:00:00","South East",14.895
"2022-06-15 12:00:00","South West",15.553
"2022-06-15 12:00:00","Midlands",14.688
"2022-06-15 12:00:00","North East and Yorkshire",13.555
"2022-06-15 12:00:00","East of England",16.394
"2022-06-15 12:00:00","North West",12.888
"2022-06-16 12:00:00","London",18.873
"2022-06-16 12:00:00","South East",16.684
"2022-06-16 12:00:00","South West",14.295
"2022-06-16 12:00:00","Midlands",13.747
"2022-06-16 12:00:00","North East and Yorkshire",13.966
"2022-06-16 12:00:00","East of England",16.932
"2022-06-16 12:00:00","North West",11.141
"2022-06-17 12:00:00","London",18.791
"2022-06-17 12:00:00","South East",16.589
"2022-06-17 12:00:00","South West",15.622
"2022-06-17 12:00:00","Midlands",16.051
"2022-06-17 12:00:00","North East and Yorkshire",15.827
"2022-06-17 12:00:00","East of England",17.833
"2022-06-17 12:00:00","North West",14.164
"2022-06-18 12:00:00","London",20.82
"2022-06-18 12:00:00","South East",18.319
"2022-06-18 12:00:00","South West",17.231
"2022-06-18 12:00:00","Midlands",18.911
"2022-06-18 12:00:00","North East and Yorkshire",17.229
"2022-06-18 12:00:00","East of England",17.697
"2022-06-18 12:00:00","North West",17.431
"2022-06-19 12:00:00","London",20.106
"2022-06-19 12:00:00","South East",17.537
"2022-06-19 12:00:00","South West",16.648
"2022-06-19 12:00:00","Midlands",18.347
"2022-06-19 12:00:00","North East and Yorkshire",16.835
"2022-06-19 12:00:00","East of England",19.684
"2022-06-19 12:00:00","North West",16.191
"2022-06-20 12:00:00","London",17.716
"2022-06-20 12:00:00","South East",15.626
"2022-06-20 12:00:00","South West",15.73
"2022-06-20 12:00:00","Midlands",16.831
"2022-06-20 12:00:00","North East and Yorkshire",16.597
"2022-06-20 12:00:00","East of England",17.481
"2022-06-20 12:00:00","North West",14.449
"2022-06-21 12:00:00","London",26.558
"2022-06-21 12:00:00","South East",22.862
"2022-06-21 12:00:00","South West",22.679
"2022-06-21 12:00:00","Midlands",24.616
"2022-06-21 12:00:00","North East and Yorkshire",23.895
"2022-06-21 12:00:00","East of England",25.676
"2022-06-21 12:00:00","North West",21.23
"2022-06-22 12:00:00","London",25.446
"2022-06-22 12:00:00","South East",22.348
"2022-06-22 12:00:00","South West",21.658
"2022-06-22 12:00:00","Midlands",23.412
"2022-06-22 12:00:00","North East and Yorkshire",22.728
"2022-06-22 12:00:00","East of England",25.203
"2022-06-22 12:00:00","North West",19.85
"2022-06-23 12:00:00","London",23.553
"2022-06-23 12:00:00","South East",20.737
"2022-06-23 12:00:00","South West",20.638
"2022-06-23 12:00:00","Midlands",21.276
"2022-06-23 12:00:00","North East and Yorkshire",20.52
"2022-06-23 12:00:00","East of England",22.62
"2022-06-23 12:00:00","North West",18.068
"2022-06-24 12:00:00","London",19.882
"2022-06-24 12:00:00","South East",18.389
"2022-06-24 12:00:00","South West",18.577
"2022-06-24 12:00:00","Midlands",19.531
"2022-06-24 12:00:00","North East and Yorkshire",19.155
"2022-06-24 12:00:00","East of England",19.874
"2022-06-24 12:00:00","North West",17.651
"2022-06-25 12:00:00","London",24.449
"2022-06-25 12:00:00","South East",21.387
"2022-06-25 12:00:00","South West",20.447
"2022-06-25 12:00:00","Midlands",21.441
"2022-06-25 12:00:00","North East and Yorkshire",20.455
"2022-06-25 12:00:00","East of England",23.679
"2022-06-25 12:00:00","North West",17.567
"2022-06-26 12:00:00","London",23.369
"2022-06-26 12:00:00","South East",20.856
"2022-06-26 12:00:00","South West",21.141
"2022-06-26 12:00:00","Midlands",22.167
"2022-06-26 12:00:00","North East and Yorkshire",21.635
"2022-06-26 12:00:00","East of England",23.243
"2022-06-26 12:00:00","North West",19.399
"2022-06-27 12:00:00","London",26.995
"2022-06-27 12:00:00","South East",23.975
"2022-06-27 12:00:00","South West",22.696
"2022-06-27 12:00:00","Midlands",26.279
"2022-06-27 12:00:00","North East and Yorkshire",25.241
"2022-06-27 12:00:00","East of England",27.83
"2022-06-27 12:00:00","North West",22.141
"2022-06-28 12:00:00","London",30.867
"2022-06-28 12:00:00","South East",27.414
"2022-06-28 12:00:00","South West",25.415
"2022-06-28 12:00:00","Midlands",26.186
"2022-06-28 12:00:00","North East and Yorkshire",24.049
"2022-06-28 12:00:00","East of England",29.138
"2022-06-28 12:00:00","North West",21.975
"2022-06-29 12:00:00","London",28.347
"2022-06-29 12:00:00","South East",25.767
"2022-06-29 12:00:00","South West",24.146
"2022-06-29 12:00:00","Midlands",23.865
"2022-06-29 12:00:00","North East and Yorkshire",21.532
"2022-06-29 12:00:00","East of England",26.236
"2022-06-29 12:00:00","North West",18.32
"2022-06-30 12:00:00","London",25.392
"2022-06-30 12:00:00","South East",23.493
"2022-06-30 12:00:00","South West",21.885
"2022-06-30 12:00:00","Midlands",21.758
"2022-06-30 12:00:00","North East and Yorkshire",20.208
"2022-06-30 12:00:00","East of England",23.298
"2022-06-30 12:00:00","North West",17.862
"2022-07-01 12:00:00","London",26.285
"2022-07-01 12:00:00","South East",23.494
"2022-07-01 12:00:00","South West",22.503
"2022-07-01 12:00:00","Midlands",22.97
"2022-07-01 12:00:00","North East and Yorkshire",20.571
"2022-07-01 12:00:00","East of England",24.596
"2022-07-01 12:00:00","North West",18.159
"2022-07-02 12:00:00","London",28.13
"2022-07-02 12:00:00","South East",25.065
"2022-07-02 12:00:00","South West",24.73
"2022-07-02 12:00:00","Midlands",26.315
"2022-07-02 12:00:00","North East and Yorkshire",24.19
"2022-07-02 12:00:00","East of England",26.242
"2022-07-02 12:00:00","North West",21.442
"2022-07-03 12:00:00","London",30.432
"2022-07-03 12:00:00","South East",26.948
"2022-07-03 12:00:00","South West",26.78
"2022-07-03 12:00:00","Midlands",30.601
"2022-07-03 12:00:00","North East and Yorkshire",28.793
"2022-07-03 12:00:00","East of England",29.71
"2022-07-03 12:00:00","North West",27.324
"2022-07-04 12:00:00","London",36.686
"2022-07-04 12:00:00","South East",32.195
"2022-07-04 12:00:00","South West",31.542
"2022-07-04 12:00:00","Midlands",36.303
"2022-07-04 12:00:00","North East and Yorkshire",33.516
"2022-07-04 12:00:00","East of England",36.235
"2022-07-04 12:00:00","North West",31.077
"2022-07-05 12:00:00","London",19.591
"2022-07-05 12:00:00","South East",17.395
"2022-07-05 12:00:00","South West",15.831
"2022-07-05 12:00:00","Midlands",18.782
"2022-07-05 12:00:00","North East and Yorkshire",19.416
"2022-07-05 12:00:00","East of England",19.711
"2022-07-05 12:00:00","North West",17.061
"2022-07-06 12:00:00","London",19.641
"2022-07-06 12:00:00","South East",18.146
"2022-07-06 12:00:00","South West",17.397
"2022-07-06 12:00:00","Midlands",19.187
"2022-07-06 12:00:00","North East and Yorkshire",18.944
"2022-07-06 12:00:00","East of England",18.965
"2022-07-06 12:00:00","North West",17.232
"2022-07-07 12:00:00","London",19.635
"2022-07-07 12:00:00","South East",17.488
"2022-07-07 12:00:00","South West",16.958
"2022-07-07 12:00:00","Midlands",18.133
"2022-07-07 12:00:00","North East and Yorkshire",17.28
"2022-07-07 12:00:00","East of England",19.041
"2022-07-07 12:00:00","North West",15.325
"2022-07-08 12:00:00","London",21.12
"2022-07-08 12:00:00","South East",18.963
"2022-07-08 12:00:00","South West",18.453
"2022-07-08 12:00:00","Midlands",19.445
"2022-07-08 12:00:00","North East and Yorkshire",18.252
"2022-07-08 12:00:00","East of England",20.11
"2022-07-08 12:00:00","North West",16.011
"2022-07-09 12:00:00","London",22.602
"2022-07-09 12:00:00","South East",20.275
"2022-07-09 12:00:00","South West",19.654
"2022-07-09 12:00:00","Midlands",22.16
"2022-07-09 12:00:00","North East and Yorkshire",20.667
"2022-07-09 12:00:00","East of England",21.281
"2022-07-09 12:00:00","North West",19.939
"2022-07-10 12:00:00","London",24.225
"2022-07-10 12:00:00","South East",22.076
"2022-07-10 12:00:00","South West",19.424
"2022-07-10 12:00:00","Midlands",21.274
"2022-07-10 12:00:00","North East and Yorkshire",18.808
"2022-07-10 12:00:00","East of England",23.56
"2022-07-10 12:00:00","North West",18.363
"2022-07-11 12:00:00","London",24.957
"2022-07-11 12:00:00","South East",22.497
"2022-07-11 12:00:00","South West",21.201
"2022-07-11 12:00:00","Midlands",22.549
"2022-07-11 12:00:00","North East and Yorkshire",19.866
"2022-07-11 12:00:00","East of England",24.963
"2022-07-11 12:00:00","North West",19.852
"2022-07-12 12:00:00","London",19.265
"2022-07-12 12:00:00","South East",17.177
"2022-07-12 12:00:00","South West",17.339
"2022-07-12 12:00:00","Midlands",19.065
"2022-07-12 12:00:00","North East and Yorkshire",16.978
"2022-07-12 12:00:00","East of England",19.271
"2022-07-12 12:00:00","North West",15.807
"2022-07-13 12:00:00","London",21.519
"2022-07-13 12:00:00","South East",19.24
"2022-07-13 12:00:00","South West",18.413
"2022-07-13 12:00:00","Midlands",20.077
"2022-07-13 12:00:00","North East and Yorkshire",18.369
"2022-07-13 12:00:00","East of England",21.004
"2022-07-13 12:00:00","North West",17.535
"2022-07-14 12:00:00","London",21.096
"2022-07-14 12:00:00","South East",19.073
"2022-07-14 12:00:00","South West",18.328
"2022-07-14 12:00:00","Midlands",18.502
"2022-07-14 12:00:00","North East and Yorkshire",14.394
"2022-07-14 12:00:00","East of England",20.086
"2022-07-14 12:00:00","North West",15.532
"2022-07-15 12:00:00","London",21.148
"2022-07-15 12:00:00","South East",18.521
"2022-07-15 12:00:00","South West",17.392
"2022-07-15 12:00:00","Midlands",17.618
"2022-07-15 12:00:00","North East and Yorkshire",17.338
"2022-07-15 12:00:00","East of England",20.611
"2022-07-15 12:00:00","North West",14.935
"2022-07-16 12:00:00","London",20.395
"2022-07-16 12:00:00","South East",18.042
"2022-07-16 12:00:00","South West",17.493
"2022-07-16 12:00:00","Midlands",19.488
"2022-07-16 12:00:00","North East and Yorkshire",18.785
"2022-07-16 12:00:00","East of England",20.368
"2022-07-16 12:00:00","North West",15.992
"2022-07-17 12:00:00","London",21.806
"2022-07-17 12:00:00","South East",19.309
"2022-07-17 12:00:00","South West",17.472
"2022-07-17 12:00:00","Midlands",18.674
"2022-07-17 12:00:00","North East and Yorkshire",17.29
"2022-07-17 12:00:00","East of England",21.286
"2022-07-17 12:00:00","North West",15.146
"2022-07-18 12:00:00","London",20.36
"2022-07-18 12:00:00","South East",18.797
"2022-07-18 12:00:00","South West",18.239
"2022-07-18 12:00:00","Midlands",18.875
"2022-07-18 12:00:00","North East and Yorkshire",18.169
"2022-07-18 12:00:00","East of England",19.649
"2022-07-18 12:00:00","North West",15.785
"2022-07-19 12:00:00","London",20.058
"2022-07-19 12:00:00","South East",18.563
"2022-07-19 12:00:00","South West",18.99
"2022-07-19 12:00:00","Midlands",21.059
"2022-07-19 12:00:00","North East and Yorkshire",22.934
"2022-07-19 12:00:00","East of England",21.539
"2022-07-19 12:00:00","North West",20.076
"2022-07-20 12:00:00","London",22.882
"2022-07-20 12:00:00","South East",20.647
"2022-07-20 12:00:00","South West",20.389
"2022-07-20 12:00:00","Midlands",19.221
"2022-07-20 12:00:00","North East and Yorkshire",20.201
"2022-07-20 12:00:00","East of England",21.301
"2022-07-20 12:00:00","North West",18.255
"2022-07-21 12:00:00","London",25.131
"2022-07-21 12:00:00","South East",22.683
"2022-07-21 12:00:00","South West",22.286
"2022-07-21 12:00:00","Midlands",23.577
"2022-07-21 12:00:00","North East and Yorkshire",21.373
"2022-07-21 12:00:00","East of England",24.036
"2022-07-21 12:00:00","North West",20.493
"2022-07-22 12:00:00","London",25.208
"2022-07-22 12:00:00","South East",23.242
"2022-07-22 12:00:00","South West",23.232
"2022-07-22 12:00:00","Midlands",23.748
"2022-07-22 12:00:00","North East and Yorkshire",20.843
"2022-07-22 12:00:00","East of England",23.865
"2022-07-22 12:00:00","North West",20.769
"2022-07-23 12:00:00","London",23.984
"2022-07-23 12:00:00","South East",21.431
"2022-07-23 12:00:00","South West",21.457
"2022-07-23 12:00:00","Midlands",23.726
"2022-07-23 12:00:00","North East and Yorkshire",23.069
"2022-07-23 12:00:00","East of England",23.289
"2022-07-23 12:00:00","North West",21.607
"2022-07-24 12:00:00","London",26.101
"2022-07-24 12:00:00","South East",23.164
"2022-07-24 12:00:00","South West",21.977
"2022-07-24 12:00:00","Midlands",24.602
"2022-07-24 12:00:00","North East and Yorkshire",24.118
"2022-07-24 12:00:00","East of England",25.153
"2022-07-24 12:00:00","North West",21.58
"2022-07-25 12:00:00","London",25.105
"2022-07-25 12:00:00","South East",21.926
"2022-07-25 12:00:00","South West",21.051
"2022-07-25 12:00:00","Midlands",22.435
"2022-07-25 12:00:00","North East and Yorkshire",21.204
"2022-07-25 12:00:00","East of England",24.522
"2022-07-25 12:00:00","North West",19.201
"2022-07-26 12:00:00","London",24.564
"2022-07-26 12:00:00","South East",21.953
"2022-07-26 12:00:00","South West",20.934
"2022-07-26 12:00:00","Midlands",22.612
"2022-07-26 12:00:00","North East and Yorkshire",20.906
"2022-07-26 12:00:00","East of England",23.787
"2022-07-26 12:00:00","North West",18.703
"2022-07-27 12:00:00","London",26.078
"2022-07-27 12:00:00","South East",23.315
"2022-07-27 12:00:00","South West",22.413
"2022-07-27 12:00:00","Midlands",23.485
"2022-07-27 12:00:00","North East and Yorkshire",21.087
"2022-07-27 12:00:00","East of England",24.596
"2022-07-27 12:00:00","North West",19.953
"2022-07-28 12:00:00","London",24.186
"2022-07-28 12:00:00","South East",22.129
"2022-07-28 12:00:00","South West",21.567
"2022-07-28 12:00:00","Midlands",23.077
"2022-07-28 12:00:00","North East and Yorkshire",20
"2022-07-28 12:00:00","East of England",22.835
"2022-07-28 12:00:00","North West",20.33
"2022-07-29 12:00:00","London",24.279
"2022-07-29 12:00:00","South East",22.317
"2022-07-29 12:00:00","South West",20.273
"2022-07-29 12:00:00","Midlands",21.356
"2022-07-29 12:00:00","North East and Yorkshire",19.237
"2022-07-29 12:00:00","East of England",22.764
"2022-07-29 12:00:00","North West",18.261
"2022-07-30 12:00:00","London",24.16
"2022-07-30 12:00:00","South East",21.31
"2022-07-30 12:00:00","South West",20.665
"2022-07-30 12:00:00","Midlands",23.22
"2022-07-30 12:00:00","North East and Yorkshire",22.573
"2022-07-30 12:00:00","East of England",24.373
"2022-07-30 12:00:00","North West",19.952
"2022-07-31 12:00:00","London",25.203
"2022-07-31 12:00:00","South East",22.326
"2022-07-31 12:00:00","South West",21
"2022-07-31 12:00:00","Midlands",23.584
"2022-07-31 12:00:00","North East and Yorkshire",22.449
"2022-07-31 12:00:00","East of England",24.699
"2022-07-31 12:00:00","North West",20.177
"2022-08-01 12:00:00","London",24.65
"2022-08-01 12:00:00","South East",21.581
"2022-08-01 12:00:00","South West",20.588
"2022-08-01 12:00:00","Midlands",22.715
"2022-08-01 12:00:00","North East and Yorkshire",22.437
"2022-08-01 12:00:00","East of England",24.41
"2022-08-01 12:00:00","North West",19.932
"2022-08-02 12:00:00","London",28.407
"2022-08-02 12:00:00","South East",25.951
"2022-08-02 12:00:00","South West",26.708
"2022-08-02 12:00:00","Midlands",28.194
"2022-08-02 12:00:00","North East and Yorkshire",26.202
"2022-08-02 12:00:00","East of England",27.147
"2022-08-02 12:00:00","North West",23.357
"2022-08-03 12:00:00","London",29.903
"2022-08-03 12:00:00","South East",27.555
"2022-08-03 12:00:00","South West",28.194
"2022-08-03 12:00:00","Midlands",29.604
"2022-08-03 12:00:00","North East and Yorkshire",28.468
"2022-08-03 12:00:00","East of England",28.221
"2022-08-03 12:00:00","North West",25.927
"2022-08-04 12:00:00","London",32.441
"2022-08-04 12:00:00","South East",29.764
"2022-08-04 12:00:00","South West",30.101
"2022-08-04 12:00:00","Midlands",31.314
"2022-08-04 12:00:00","North East and Yorkshire",29.77
"2022-08-04 12:00:00","East of England",30.796
"2022-08-04 12:00:00","North West",27.459
"2022-08-05 12:00:00","London",32.94
"2022-08-05 12:00:00","South East",30.235
"2022-08-05 12:00:00","South West",30.528
"2022-08-05 12:00:00","Midlands",31.677
"2022-08-05 12:00:00","North East and Yorkshire",28.376
"2022-08-05 12:00:00","East of England",31.236
"2022-08-05 12:00:00","North West",27.611
"2022-08-06 12:00:00","London",33.868
"2022-08-06 12:00:00","South East",30.677
"2022-08-06 12:00:00","South West",30.447
"2022-08-06 12:00:00","Midlands",31.857
"2022-08-06 12:00:00","North East and Yorkshire",27.855
"2022-08-06 12:00:00","East of England",32.198
"2022-08-06 12:00:00","North West",27.757
"2022-08-07 12:00:00","London",33.015
"2022-08-07 12:00:00","South East",30.077
"2022-08-07 12:00:00","South West",30.149
"2022-08-07 12:00:00","Midlands",32.164
"2022-08-07 12:00:00","North East and Yorkshire",28.822
"2022-08-07 12:00:00","East of England",31.788
"2022-08-07 12:00:00","North West",28.488
"2022-08-08 12:00:00","London",29.482
"2022-08-08 12:00:00","South East",25.623
"2022-08-08 12:00:00","South West",24.445
"2022-08-08 12:00:00","Midlands",25.789
"2022-08-08 12:00:00","North East and Yorkshire",24.495
"2022-08-08 12:00:00","East of England",28.859
"2022-08-08 12:00:00","North West",20.733
"2022-08-09 12:00:00","London",23.826
"2022-08-09 12:00:00","South East",20.384
"2022-08-09 12:00:00","South West",18.467
"2022-08-09 12:00:00","Midlands",19.292
"2022-08-09 12:00:00","North East and Yorkshire",19.136
"2022-08-09 12:00:00","East of England",22.123
"2022-08-09 12:00:00","North West",16.568
"2022-08-10 12:00:00","London",20.058
"2022-08-10 12:00:00","South East",18.868
"2022-08-10 12:00:00","South West",17.02
"2022-08-10 12:00:00","Midlands",17.145
"2022-08-10 12:00:00","North East and Yorkshire",16.038
"2022-08-10 12:00:00","East of England",19.384
"2022-08-10 12:00:00","North West",14.853
"2022-08-11 12:00:00","London",19.526
"2022-08-11 12:00:00","South East",17.253
"2022-08-11 12:00:00","South West",16.151
"2022-08-11 12:00:00","Midlands",18.78
"2022-08-11 12:00:00","North East and Yorkshire",17.385
"2022-08-11 12:00:00","East of England",20.174
"2022-08-11 12:00:00","North West",17.307
"2022-08-12 12:00:00","London",20.181
"2022-08-12 12:00:00","South East",17.236
"2022-08-12 12:00:00","South West",17.396
"2022-08-12 12:00:00","Midlands",25.146
"2022-08-12 12:00:00","North East and Yorkshire",21.612
"2022-08-12 12:00:00","East of England",24.166
"2022-08-12 12:00:00","North West",22.594
"2022-08-13 12:00:00","London",20.718
"2022-08-13 12:00:00","South East",18.289
"2022-08-13 12:00:00","South West",17.621
"2022-08-13 12:00:00","Midlands",19.352
"2022-08-13 12:00:00","North East and Yorkshire",19.153
"2022-08-13 12:00:00","East of England",22.27
"2022-08-13 12:00:00","North West",18.72
"2022-08-14 12:00:00","London",21.189
"2022-08-14 12:00:00","South East",19.173
"2022-08-14 12:00:00","South West",17.848
"2022-08-14 12:00:00","Midlands",20.411
"2022-08-14 12:00:00","North East and Yorkshire",17.372
"2022-08-14 12:00:00","East of England",21.363
"2022-08-14 12:00:00","North West",15.683
"2022-08-15 12:00:00","London",17.605
"2022-08-15 12:00:00","South East",16.52
"2022-08-15 12:00:00","South West",16.592
"2022-08-15 12:00:00","Midlands",17.138
"2022-08-15 12:00:00","North East and Yorkshire",15.836
"2022-08-15 12:00:00","East of England",16.514
"2022-08-15 12:00:00","North West",14.577
"2022-08-16 12:00:00","London",25.775
"2022-08-16 12:00:00","South East",22.665
"2022-08-16 12:00:00","South West",21.643
"2022-08-16 12:00:00","Midlands",22.468
"2022-08-16 12:00:00","North East and Yorkshire",21.467
"2022-08-16 12:00:00","East of England",25.027
"2022-08-16 12:00:00","North West",18.997
"2022-08-17 12:00:00","London",27.216
"2022-08-17 12:00:00","South East",23.979
"2022-08-17 12:00:00","South West",22.632
"2022-08-17 12:00:00","Midlands",22.987
"2022-08-17 12:00:00","North East and Yorkshire",20.833
"2022-08-17 12:00:00","East of England",25.381
"2022-08-17 12:00:00","North West",18.203
"2022-08-18 12:00:00","London",24.984
"2022-08-18 12:00:00","South East",22.477
"2022-08-18 12:00:00","South West",21.388
"2022-08-18 12:00:00","Midlands",22.432
"2022-08-18 12:00:00","North East and Yorkshire",19.752
"2022-08-18 12:00:00","East of England",25.456
"2022-08-18 12:00:00","North West",16.946
"2022-08-19 12:00:00","London",21.55
"2022-08-19 12:00:00","South East",19.127
"2022-08-19 12:00:00","South West",18.094
"2022-08-19 12:00:00","Midlands",18.936
"2022-08-19 12:00:00","North East and Yorkshire",18.351
"2022-08-19 12:00:00","East of England",20.965
"2022-08-19 12:00:00","North West",16.067
"2022-08-20 12:00:00","London",20.429
"2022-08-20 12:00:00","South East",18.551
"2022-08-20 12:00:00","South West",17.678
"2022-08-20 12:00:00","Midlands",18.519
"2022-08-20 12:00:00","North East and Yorkshire",18.259
"2022-08-20 12:00:00","East of England",20.189
"2022-08-20 12:00:00","North West",16.402
"2022-08-21 12:00:00","London",20.238
"2022-08-21 12:00:00","South East",18.703
"2022-08-21 12:00:00","South West",17.403
"2022-08-21 12:00:00","Midlands",18.029
"2022-08-21 12:00:00","North East and Yorkshire",18.067
"2022-08-21 12:00:00","East of England",19.505
"2022-08-21 12:00:00","North West",15.265
"2022-08-22 12:00:00","London",21.106
"2022-08-22 12:00:00","South East",19.058
"2022-08-22 12:00:00","South West",17.929
"2022-08-22 12:00:00","Midlands",17.953
"2022-08-22 12:00:00","North East and Yorkshire",17.63
"2022-08-22 12:00:00","East of England",20.475
"2022-08-22 12:00:00","North West",15.867
"2022-08-23 12:00:00","London",21.956
"2022-08-23 12:00:00","South East",19.608
"2022-08-23 12:00:00","South West",18.831
"2022-08-23 12:00:00","Midlands",19.763
"2022-08-23 12:00:00","North East and Yorkshire",18.233
"2022-08-23 12:00:00","East of England",20.98
"2022-08-23 12:00:00","North West",16.418
"2022-08-24 12:00:00","London",18.43
"2022-08-24 12:00:00","South East",16.981
"2022-08-24 12:00:00","South West",17.909
"2022-08-24 12:00:00","Midlands",17.767
"2022-08-24 12:00:00","North East and Yorkshire",16.531
"2022-08-24 12:00:00","East of England",18.288
"2022-08-24 12:00:00","North West",15.816
"2022-08-25 12:00:00","London",22.745
"2022-08-25 12:00:00","South East",20.644
"2022-08-25 12:00:00","South West",19.602
"2022-08-25 12:00:00","Midlands",19.485
"2022-08-25 12:00:00","North East and Yorkshire",18.577
"2022-08-25 12:00:00","East of England",21.611
"2022-08-25 12:00:00","North West",16.299
"2022-08-26 12:00:00","London",19.112
"2022-08-26 12:00:00","South East",17.004
"2022-08-26 12:00:00","South West",16.556
"2022-08-26 12:00:00","Midlands",17.254
"2022-08-26 12:00:00","North East and Yorkshire",16.991
"2022-08-26 12:00:00","East of England",18.529
"2022-08-26 12:00:00","North West",15.751
"2022-08-27 12:00:00","London",22.77
"2022-08-27 12:00:00","South East",20.128
"2022-08-27 12:00:00","South West",19.844
"2022-08-27 12:00:00","Midlands",20.879
"2022-08-27 12:00:00","North East and Yorkshire",19.617
"2022-08-27 12:00:00","East of England",22.5
"2022-08-27 12:00:00","North West",17.692
"2022-08-28 12:00:00","London",21.773
"2022-08-28 12:00:00","South East",19.291
"2022-08-28 12:00:00","South West",18.653
"2022-08-28 12:00:00","Midlands",20.31
"2022-08-28 12:00:00","North East and Yorkshire",19.13
"2022-08-28 12:00:00","East of England",21.346
"2022-08-28 12:00:00","North West",17.174
"2022-08-29 12:00:00","London",21.148
"2022-08-29 12:00:00","South East",18.928
"2022-08-29 12:00:00","South West",18.573
"2022-08-29 12:00:00","Midlands",19.478
"2022-08-29 12:00:00","North East and Yorkshire",18.633
"2022-08-29 12:00:00","East of England",21.074
"2022-08-29 12:00:00","North West",16.512
"2022-08-30 12:00:00","London",25.096
"2022-08-30 12:00:00","South East",22.237
"2022-08-30 12:00:00","South West",20.605
"2022-08-30 12:00:00","Midlands",24.21
"2022-08-30 12:00:00","North East and Yorkshire",22.117
"2022-08-30 12:00:00","East of England",24.746
"2022-08-30 12:00:00","North West",20.288
"2022-08-31 12:00:00","London",22.334
"2022-08-31 12:00:00","South East",20.878
"2022-08-31 12:00:00","South West",19.707
"2022-08-31 12:00:00","Midlands",19.822
"2022-08-31 12:00:00","North East and Yorkshire",18.14
"2022-08-31 12:00:00","East of England",22.073
"2022-08-31 12:00:00","North West",16.135
"2022-09-01 12:00:00","London",19.783
"2022-09-01 12:00:00","South East",18.294
"2022-09-01 12:00:00","South West",17.588
"2022-09-01 12:00:00","Midlands",16.064
"2022-09-01 12:00:00","North East and Yorkshire",15.106
"2022-09-01 12:00:00","East of England",18.222
"2022-09-01 12:00:00","North West",13.634
"2022-09-02 12:00:00","London",19.625
"2022-09-02 12:00:00","South East",17.633
"2022-09-02 12:00:00","South West",16.037
"2022-09-02 12:00:00","Midlands",17.679
"2022-09-02 12:00:00","North East and Yorkshire",17.51
"2022-09-02 12:00:00","East of England",18.517
"2022-09-02 12:00:00","North West",15.671
"2022-09-03 12:00:00","London",21.789
"2022-09-03 12:00:00","South East",19.62
"2022-09-03 12:00:00","South West",19.038
"2022-09-03 12:00:00","Midlands",19.365
"2022-09-03 12:00:00","North East and Yorkshire",17.761
"2022-09-03 12:00:00","East of England",20.721
"2022-09-03 12:00:00","North West",16.29
"2022-09-04 12:00:00","London",25.006
"2022-09-04 12:00:00","South East",21.777
"2022-09-04 12:00:00","South West",20.767
"2022-09-04 12:00:00","Midlands",23.512
"2022-09-04 12:00:00","North East and Yorkshire",22.242
"2022-09-04 12:00:00","East of England",24.511
"2022-09-04 12:00:00","North West",19.9
"2022-09-05 12:00:00","London",28.514
"2022-09-05 12:00:00","South East",25.715
"2022-09-05 12:00:00","South West",24.907
"2022-09-05 12:00:00","Midlands",26.131
"2022-09-05 12:00:00","North East and Yorkshire",24.482
"2022-09-05 12:00:00","East of England",26.918
"2022-09-05 12:00:00","North West",22.723
"2022-09-06 12:00:00","London",21.58
"2022-09-06 12:00:00","South East",19.33
"2022-09-06 12:00:00","South West",18.943
"2022-09-06 12:00:00","Midlands",20.099
"2022-09-06 12:00:00","North East and Yorkshire",19.173
"2022-09-06 12:00:00","East of England",21.456
"2022-09-06 12:00:00","North West",17.692
"2022-09-07 12:00:00","London",22.111
"2022-09-07 12:00:00","South East",20.388
"2022-09-07 12:00:00","South West",19.252
"2022-09-07 12:00:00","Midlands",20.013
"2022-09-07 12:00:00","North East and Yorkshire",17.161
"2022-09-07 12:00:00","East of England",20.837
"2022-09-07 12:00:00","North West",16.8
"2022-09-08 12:00:00","London",18.187
"2022-09-08 12:00:00","South East",16.807
"2022-09-08 12:00:00","South West",16.167
"2022-09-08 12:00:00","Midlands",15.399
"2022-09-08 12:00:00","North East and Yorkshire",16.491
"2022-09-08 12:00:00","East of England",18.143
"2022-09-08 12:00:00","North West",14.137
"2022-09-09 12:00:00","London",19.532
"2022-09-09 12:00:00","South East",17.513
"2022-09-09 12:00:00","South West",16.941
"2022-09-09 12:00:00","Midlands",15.951
"2022-09-09 12:00:00","North East and Yorkshire",13.871
"2022-09-09 12:00:00","East of England",18.026
"2022-09-09 12:00:00","North West",13.401
"2022-09-10 12:00:00","London",15.512
"2022-09-10 12:00:00","South East",15.113
"2022-09-10 12:00:00","South West",16.367
"2022-09-10 12:00:00","Midlands",15.096
"2022-09-10 12:00:00","North East and Yorkshire",13.528
"2022-09-10 12:00:00","East of England",14.767
"2022-09-10 12:00:00","North West",13.56
"2022-09-11 12:00:00","London",17.238
"2022-09-11 12:00:00","South East",16.266
"2022-09-11 12:00:00","South West",16.786
"2022-09-11 12:00:00","Midlands",15.962
"2022-09-11 12:00:00","North East and Yorkshire",14.883
"2022-09-11 12:00:00","East of England",16.653
"2022-09-11 12:00:00","North West",14.06
"2022-09-12 12:00:00","London",17.936
"2022-09-12 12:00:00","South East",16.665
"2022-09-12 12:00:00","South West",17.367
"2022-09-12 12:00:00","Midlands",17.217
"2022-09-12 12:00:00","North East and Yorkshire",17.315
"2022-09-12 12:00:00","East of England",17.336
"2022-09-12 12:00:00","North West",15.9
"2022-09-13 12:00:00","London",32.428
"2022-09-13 12:00:00","South East",28.464
"2022-09-13 12:00:00","South West",23.214
"2022-09-13 12:00:00","Midlands",27.612
"2022-09-13 12:00:00","North East and Yorkshire",26.119
"2022-09-13 12:00:00","East of England",31.243
"2022-09-13 12:00:00","North West",21.974
"2022-09-14 12:00:00","London",25.272
"2022-09-14 12:00:00","South East",21.945
"2022-09-14 12:00:00","South West",19.123
"2022-09-14 12:00:00","Midlands",20.255
"2022-09-14 12:00:00","North East and Yorkshire",18.789
"2022-09-14 12:00:00","East of England",25.465
"2022-09-14 12:00:00","North West",15.181
"2022-09-15 12:00:00","London",23.348
"2022-09-15 12:00:00","South East",20.532
"2022-09-15 12:00:00","South West",19.531
"2022-09-15 12:00:00","Midlands",20.383
"2022-09-15 12:00:00","North East and Yorkshire",19.537
"2022-09-15 12:00:00","East of England",22.765
"2022-09-15 12:00:00","North West",17.776
"2022-09-16 12:00:00","London",23.947
"2022-09-16 12:00:00","South East",21.113
"2022-09-16 12:00:00","South West",20.756
"2022-09-16 12:00:00","Midlands",22.163
"2022-09-16 12:00:00","North East and Yorkshire",20.686
"2022-09-16 12:00:00","East of England",24.182
"2022-09-16 12:00:00","North West",18.605
"2022-09-17 12:00:00","London",23.58
"2022-09-17 12:00:00","South East",20.919
"2022-09-17 12:00:00","South West",18.558
"2022-09-17 12:00:00","Midlands",19.677
"2022-09-17 12:00:00","North East and Yorkshire",18.622
"2022-09-17 12:00:00","East of England",23.447
"2022-09-17 12:00:00","North West",15.676
"2022-09-18 12:00:00","London",20.865
"2022-09-18 12:00:00","South East",19.08
"2022-09-18 12:00:00","South West",17.952
"2022-09-18 12:00:00","Midlands",17.923
"2022-09-18 12:00:00","North East and Yorkshire",17.054
"2022-09-18 12:00:00","East of England",20.117
"2022-09-18 12:00:00","North West",14.978
"2022-09-19 12:00:00","London",21.989
"2022-09-19 12:00:00","South East",19.749
"2022-09-19 12:00:00","South West",18.521
"2022-09-19 12:00:00","Midlands",19.077
"2022-09-19 12:00:00","North East and Yorkshire",17.135
"2022-09-19 12:00:00","East of England",21.44
"2022-09-19 12:00:00","North West",15.544
"2022-09-20 12:00:00","London",16.54
"2022-09-20 12:00:00","South East",14.941
"2022-09-20 12:00:00","South West",14.496
"2022-09-20 12:00:00","Midlands",14.795
"2022-09-20 12:00:00","North East and Yorkshire",14.767
"2022-09-20 12:00:00","East of England",15.942
"2022-09-20 12:00:00","North West",12.835
"2022-09-21 12:00:00","London",16.644
"2022-09-21 12:00:00","South East",15.15
"2022-09-21 12:00:00","South West",15.12
"2022-09-21 12:00:00","Midlands",15.279
"2022-09-21 12:00:00","North East and Yorkshire",14.231
"2022-09-21 12:00:00","East of England",15.908
"2022-09-21 12:00:00","North West",13.325
"2022-09-22 12:00:00","London",18.239
"2022-09-22 12:00:00","South East",16.558
"2022-09-22 12:00:00","South West",15.316
"2022-09-22 12:00:00","Midlands",14.137
"2022-09-22 12:00:00","North East and Yorkshire",13.194
"2022-09-22 12:00:00","East of England",17.329
"2022-09-22 12:00:00","North West",12.016
"2022-09-23 12:00:00","London",14.742
"2022-09-23 12:00:00","South East",13.715
"2022-09-23 12:00:00","South West",13.508
"2022-09-23 12:00:00","Midlands",12.641
"2022-09-23 12:00:00","North East and Yorkshire",11.819
"2022-09-23 12:00:00","East of England",13.468
"2022-09-23 12:00:00","North West",11.007
"2022-09-24 12:00:00","London",13.879
"2022-09-24 12:00:00","South East",12.841
"2022-09-24 12:00:00","South West",13.294
"2022-09-24 12:00:00","Midlands",13.229
"2022-09-24 12:00:00","North East and Yorkshire",12.988
"2022-09-24 12:00:00","East of England",13.065
"2022-09-24 12:00:00","North West",11.986
"2022-09-25 12:00:00","London",14.144
"2022-09-25 12:00:00","South East",13.047
"2022-09-25 12:00:00","South West",13.785
"2022-09-25 12:00:00","Midlands",13.425
"2022-09-25 12:00:00","North East and Yorkshire",12.341
"2022-09-25 12:00:00","East of England",13.188
"2022-09-25 12:00:00","North West",12.203
"2022-09-26 12:00:00","London",13.346
"2022-09-26 12:00:00","South East",12.256
"2022-09-26 12:00:00","South West",12.075
"2022-09-26 12:00:00","Midlands",11.138
"2022-09-26 12:00:00","North East and Yorkshire",11.115
"2022-09-26 12:00:00","East of England",12.485
"2022-09-26 12:00:00","North West",10.834
"2022-09-27 12:00:00","London",29.561
"2022-09-27 12:00:00","South East",26.859
"2022-09-27 12:00:00","South West",25.911
"2022-09-27 12:00:00","Midlands",27.28
"2022-09-27 12:00:00","North East and Yorkshire",24.55
"2022-09-27 12:00:00","East of England",27.705
"2022-09-27 12:00:00","North West",24.178
"2022-09-28 12:00:00","London",31.091
"2022-09-28 12:00:00","South East",27.681
"2022-09-28 12:00:00","South West",26.591
"2022-09-28 12:00:00","Midlands",27.973
"2022-09-28 12:00:00","North East and Yorkshire",25.868
"2022-09-28 12:00:00","East of England",28.768
"2022-09-28 12:00:00","North West",24.697
"2022-09-29 12:00:00","London",31.545
"2022-09-29 12:00:00","South East",27.992
"2022-09-29 12:00:00","South West",26.609
"2022-09-29 12:00:00","Midlands",29.186
"2022-09-29 12:00:00","North East and Yorkshire",25.719
"2022-09-29 12:00:00","East of England",29.676
"2022-09-29 12:00:00","North West",24.408
"2022-09-30 12:00:00","London",30.164
"2022-09-30 12:00:00","South East",27.587
"2022-09-30 12:00:00","South West",26.671
"2022-09-30 12:00:00","Midlands",29.005
"2022-09-30 12:00:00","North East and Yorkshire",26.283
"2022-09-30 12:00:00","East of England",28.863
"2022-09-30 12:00:00","North West",25.006
"2022-10-01 12:00:00","London",32.587
"2022-10-01 12:00:00","South East",28.973
"2022-10-01 12:00:00","South West",27.025
"2022-10-01 12:00:00","Midlands",30.303
"2022-10-01 12:00:00","North East and Yorkshire",27.982
"2022-10-01 12:00:00","East of England",31.076
"2022-10-01 12:00:00","North West",24.737
"2022-10-02 12:00:00","London",30.761
"2022-10-02 12:00:00","South East",26.238
"2022-10-02 12:00:00","South West",24.158
"2022-10-02 12:00:00","Midlands",26.012
"2022-10-02 12:00:00","North East and Yorkshire",24.473
"2022-10-02 12:00:00","East of England",30.426
"2022-10-02 12:00:00","North West",23.167
"2022-10-03 12:00:00","London",25.764
"2022-10-03 12:00:00","South East",22.82
"2022-10-03 12:00:00","South West",21.193
"2022-10-03 12:00:00","Midlands",23.179
"2022-10-03 12:00:00","North East and Yorkshire",22.116
"2022-10-03 12:00:00","East of England",25.009
"2022-10-03 12:00:00","North West",18.75
"2022-10-04 12:00:00","London",11.699
"2022-10-04 12:00:00","South East",10.406
"2022-10-04 12:00:00","South West",9.567
"2022-10-04 12:00:00","Midlands",10.643
"2022-10-04 12:00:00","North East and Yorkshire",10.29
"2022-10-04 12:00:00","East of England",11.784
"2022-10-04 12:00:00","North West",9.537
"2022-10-05 12:00:00","London",12.672
"2022-10-05 12:00:00","South East",11.132
"2022-10-05 12:00:00","South West",10.719
"2022-10-05 12:00:00","Midlands",10.437
"2022-10-05 12:00:00","North East and Yorkshire",10.509
"2022-10-05 12:00:00","East of England",11.614
"2022-10-05 12:00:00","North West",9.48
"2022-10-06 12:00:00","London",12.847
"2022-10-06 12:00:00","South East",12.168
"2022-10-06 12:00:00","South West",13.135
"2022-10-06 12:00:00","Midlands",11.048
"2022-10-06 12:00:00","North East and Yorkshire",9.931
"2022-10-06 12:00:00","East of England",11.655
"2022-10-06 12:00:00","North West",9.892
"2022-10-07 12:00:00","London",15.598
"2022-10-07 12:00:00","South East",14.167
"2022-10-07 12:00:00","South West",14.153
"2022-10-07 12:00:00","Midlands",14.289
"2022-10-07 12:00:00","North East and Yorkshire",12.599
"2022-10-07 12:00:00","East of England",14.467
"2022-10-07 12:00:00","North West",12.708
"2022-10-08 12:00:00","London",13.51
"2022-10-08 12:00:00","South East",12.109
"2022-10-08 12:00:00","South West",11.619
"2022-10-08 12:00:00","Midlands",10.458
"2022-10-08 12:00:00","North East and Yorkshire",10.27
"2022-10-08 12:00:00","East of England",12.739
"2022-10-08 12:00:00","North West",9.078
"2022-10-09 12:00:00","London",12.454
"2022-10-09 12:00:00","South East",11.913
"2022-10-09 12:00:00","South West",12.345
"2022-10-09 12:00:00","Midlands",11.504
"2022-10-09 12:00:00","North East and Yorkshire",10.574
"2022-10-09 12:00:00","East of England",11.862
"2022-10-09 12:00:00","North West",10.034
"2022-10-10 12:00:00","London",12.485
"2022-10-10 12:00:00","South East",11.494
"2022-10-10 12:00:00","South West",11.77
"2022-10-10 12:00:00","Midlands",11.288
"2022-10-10 12:00:00","North East and Yorkshire",10.206
"2022-10-10 12:00:00","East of England",11.754
"2022-10-10 12:00:00","North West",9.78
"2022-10-11 12:00:00","London",13.905
"2022-10-11 12:00:00","South East",12.904
"2022-10-11 12:00:00","South West",13.485
"2022-10-11 12:00:00","Midlands",12.389
"2022-10-11 12:00:00","North East and Yorkshire",10.436
"2022-10-11 12:00:00","East of England",12.699
"2022-10-11 12:00:00","North West",10.664
"2022-10-12 12:00:00","London",13.566
"2022-10-12 12:00:00","South East",12.255
"2022-10-12 12:00:00","South West",12.095
"2022-10-12 12:00:00","Midlands",11.038
"2022-10-12 12:00:00","North East and Yorkshire",10.786
"2022-10-12 12:00:00","East of England",12.84
"2022-10-12 12:00:00","North West",9.967
"2022-10-13 12:00:00","London",15.479
"2022-10-13 12:00:00","South East",13.946
"2022-10-13 12:00:00","South West",13.725
"2022-10-13 12:00:00","Midlands",14.681
"2022-10-13 12:00:00","North East and Yorkshire",14.569
"2022-10-13 12:00:00","East of England",14.911
"2022-10-13 12:00:00","North West",13.122
"2022-10-14 12:00:00","London",16.104
"2022-10-14 12:00:00","South East",14.387
"2022-10-14 12:00:00","South West",14.436
"2022-10-14 12:00:00","Midlands",15.984
"2022-10-14 12:00:00","North East and Yorkshire",14.466
"2022-10-14 12:00:00","East of England",16.108
"2022-10-14 12:00:00","North West",13.589
"2022-10-15 12:00:00","London",15.714
"2022-10-15 12:00:00","South East",14.142
"2022-10-15 12:00:00","South West",14.211
"2022-10-15 12:00:00","Midlands",14.175
"2022-10-15 12:00:00","North East and Yorkshire",14.236
"2022-10-15 12:00:00","East of England",14.96
"2022-10-15 12:00:00","North West",13.497
"2022-10-16 12:00:00","London",17.401
"2022-10-16 12:00:00","South East",15.546
"2022-10-16 12:00:00","South West",15.332
"2022-10-16 12:00:00","Midlands",17.106
"2022-10-16 12:00:00","North East and Yorkshire",16.458
"2022-10-16 12:00:00","East of England",17.192
"2022-10-16 12:00:00","North West",15.133
"2022-10-17 12:00:00","London",16.824
"2022-10-17 12:00:00","South East",14.323
"2022-10-17 12:00:00","South West",12.625
"2022-10-17 12:00:00","Midlands",12.996
"2022-10-17 12:00:00","North East and Yorkshire",11.725
"2022-10-17 12:00:00","East of England",16.206
"2022-10-17 12:00:00","North West",10.819
"2022-10-18 12:00:00","London",20.404
"2022-10-18 12:00:00","South East",18.489
"2022-10-18 12:00:00","South West",18.217
"2022-10-18 12:00:00","Midlands",17.711
"2022-10-18 12:00:00","North East and Yorkshire",16.312
"2022-10-18 12:00:00","East of England",19.533
"2022-10-18 12:00:00","North West",15.191
"2022-10-19 12:00:00","London",20.741
"2022-10-19 12:00:00","South East",18.151
"2022-10-19 12:00:00","South West",17.351
"2022-10-19 12:00:00","Midlands",18.881
"2022-10-19 12:00:00","North East and Yorkshire",17.645
"2022-10-19 12:00:00","East of England",19.712
"2022-10-19 12:00:00","North West",16.385
"2022-10-20 12:00:00","London",20.353
"2022-10-20 12:00:00","South East",18.197
"2022-10-20 12:00:00","South West",17.654
"2022-10-20 12:00:00","Midlands",18.304
"2022-10-20 12:00:00","North East and Yorkshire",17.677
"2022-10-20 12:00:00","East of England",20.146
"2022-10-20 12:00:00","North West",15.502
"2022-10-21 12:00:00","London",18.358
"2022-10-21 12:00:00","South East",16.745
"2022-10-21 12:00:00","South West",16.271
"2022-10-21 12:00:00","Midlands",16.602
"2022-10-21 12:00:00","North East and Yorkshire",15.55
"2022-10-21 12:00:00","East of England",18.217
"2022-10-21 12:00:00","North West",13.726
"2022-10-22 12:00:00","London",19.338
"2022-10-22 12:00:00","South East",17.763
"2022-10-22 12:00:00","South West",16.64
"2022-10-22 12:00:00","Midlands",17.988
"2022-10-22 12:00:00","North East and Yorkshire",16.733
"2022-10-22 12:00:00","East of England",19.023
"2022-10-22 12:00:00","North West",14.977
"2022-10-23 12:00:00","London",19.423
"2022-10-23 12:00:00","South East",17.528
"2022-10-23 12:00:00","South West",16.911
"2022-10-23 12:00:00","Midlands",18.127
"2022-10-23 12:00:00","North East and Yorkshire",13.531
"2022-10-23 12:00:00","East of England",19.639
"2022-10-23 12:00:00","North West",13.814
"2022-10-24 12:00:00","London",17.756
"2022-10-24 12:00:00","South East",16.276
"2022-10-24 12:00:00","South West",15.883
"2022-10-24 12:00:00","Midlands",16.385
"2022-10-24 12:00:00","North East and Yorkshire",16.14
"2022-10-24 12:00:00","East of England",17.558
"2022-10-24 12:00:00","North West",14.284
"2022-10-25 12:00:00","London",10.986
"2022-10-25 12:00:00","South East",9.885
"2022-10-25 12:00:00","South West",9.933
"2022-10-25 12:00:00","Midlands",9.787
"2022-10-25 12:00:00","North East and Yorkshire",9.794
"2022-10-25 12:00:00","East of England",10.431
"2022-10-25 12:00:00","North West",9.362
"2022-10-26 12:00:00","London",11.223
"2022-10-26 12:00:00","South East",10.301
"2022-10-26 12:00:00","South West",11.218
"2022-10-26 12:00:00","Midlands",12.179
"2022-10-26 12:00:00","North East and Yorkshire",12.387
"2022-10-26 12:00:00","East of England",11.345
"2022-10-26 12:00:00","North West",11.09
"2022-10-27 12:00:00","London",13.834
"2022-10-27 12:00:00","South East",12.356
"2022-10-27 12:00:00","South West",12.024
"2022-10-27 12:00:00","Midlands",13.653
"2022-10-27 12:00:00","North East and Yorkshire",13.271
"2022-10-27 12:00:00","East of England",13.632
"2022-10-27 12:00:00","North West",11.822
"2022-10-28 12:00:00","London",9.124
"2022-10-28 12:00:00","South East",8.335
"2022-10-28 12:00:00","South West",9.619
"2022-10-28 12:00:00","Midlands",7.472
"2022-10-28 12:00:00","North East and Yorkshire",6.278
"2022-10-28 12:00:00","East of England",7.769
"2022-10-28 12:00:00","North West",6.889
"2022-10-29 12:00:00","London",6.276
"2022-10-29 12:00:00","South East",5.647
"2022-10-29 12:00:00","South West",6.788
"2022-10-29 12:00:00","Midlands",6.088
"2022-10-29 12:00:00","North East and Yorkshire",5.76
"2022-10-29 12:00:00","East of England",5.969
"2022-10-29 12:00:00","North West",5.699
"2022-10-30 12:00:00","London",9.471
"2022-10-30 12:00:00","South East",9.478
"2022-10-30 12:00:00","South West",10.081
"2022-10-30 12:00:00","Midlands",6.742
"2022-10-30 12:00:00","North East and Yorkshire",5.01
"2022-10-30 12:00:00","East of England",7.574
"2022-10-30 12:00:00","North West",5.752
"2022-10-31 12:00:00","London",9.974
"2022-10-31 12:00:00","South East",9.716
"2022-10-31 12:00:00","South West",10.25
"2022-10-31 12:00:00","Midlands",6.854
"2022-10-31 12:00:00","North East and Yorkshire",6.16
"2022-10-31 12:00:00","East of England",7.724
"2022-10-31 12:00:00","North West",5.71
"2022-11-01 12:00:00","London",15.317
"2022-11-01 12:00:00","South East",14.083
"2022-11-01 12:00:00","South West",14.055
"2022-11-01 12:00:00","Midlands",14.34
"2022-11-01 12:00:00","North East and Yorkshire",13.203
"2022-11-01 12:00:00","East of England",14.513
"2022-11-01 12:00:00","North West",12.655
"2022-11-02 12:00:00","London",16.905
"2022-11-02 12:00:00","South East",15.633
"2022-11-02 12:00:00","South West",15.153
"2022-11-02 12:00:00","Midlands",15.256
"2022-11-02 12:00:00","North East and Yorkshire",14.466
"2022-11-02 12:00:00","East of England",16.124
"2022-11-02 12:00:00","North West",14.383
"2022-11-03 12:00:00","London",18.679
"2022-11-03 12:00:00","South East",16.972
"2022-11-03 12:00:00","South West",16.622
"2022-11-03 12:00:00","Midlands",18.137
"2022-11-03 12:00:00","North East and Yorkshire",16.629
"2022-11-03 12:00:00","East of England",18.141
"2022-11-03 12:00:00","North West",16.63
"2022-11-04 12:00:00","London",17.451
"2022-11-04 12:00:00","South East",16.272
"2022-11-04 12:00:00","South West",16.122
"2022-11-04 12:00:00","Midlands",13.361
"2022-11-04 12:00:00","North East and Yorkshire",10.7
"2022-11-04 12:00:00","East of England",14.742
"2022-11-04 12:00:00","North West",11.165
"2022-11-05 12:00:00","London",16.571
"2022-11-05 12:00:00","South East",14.71
"2022-11-05 12:00:00","South West",12.682
"2022-11-05 12:00:00","Midlands",11.76
"2022-11-05 12:00:00","North East and Yorkshire",11.167
"2022-11-05 12:00:00","East of England",14.823
"2022-11-05 12:00:00","North West",11.115
"2022-11-06 12:00:00","London",16.269
"2022-11-06 12:00:00","South East",14.799
"2022-11-06 12:00:00","South West",15.055
"2022-11-06 12:00:00","Midlands",13.746
"2022-11-06 12:00:00","North East and Yorkshire",13.136
"2022-11-06 12:00:00","East of England",14.986
"2022-11-06 12:00:00","North West",12.402
"2022-11-07 12:00:00","London",14.924
"2022-11-07 12:00:00","South East",13.693
"2022-11-07 12:00:00","South West",14.392
"2022-11-07 12:00:00","Midlands",13.651
"2022-11-07 12:00:00","North East and Yorkshire",11.449
"2022-11-07 12:00:00","East of England",14.577
"2022-11-07 12:00:00","North West",11.824
"2022-11-08 12:00:00","London",7.982
"2022-11-08 12:00:00","South East",7.056
"2022-11-08 12:00:00","South West",7.737
"2022-11-08 12:00:00","Midlands",6.334
"2022-11-08 12:00:00","North East and Yorkshire",5.841
"2022-11-08 12:00:00","East of England",6.672
"2022-11-08 12:00:00","North West",5.945
"2022-11-09 12:00:00","London",13.257
"2022-11-09 12:00:00","South East",12.217
"2022-11-09 12:00:00","South West",12.518
"2022-11-09 12:00:00","Midlands",12.353
"2022-11-09 12:00:00","North East and Yorkshire",11.076
"2022-11-09 12:00:00","East of England",11.996
"2022-11-09 12:00:00","North West",10.561
"2022-11-10 12:00:00","London",14.261
"2022-11-10 12:00:00","South East",12.735
"2022-11-10 12:00:00","South West",12.576
"2022-11-10 12:00:00","Midlands",12.638
"2022-11-10 12:00:00","North East and Yorkshire",10.983
"2022-11-10 12:00:00","East of England",13.358
"2022-11-10 12:00:00","North West",10.312
"2022-11-11 12:00:00","London",12.956
"2022-11-11 12:00:00","South East",11.924
"2022-11-11 12:00:00","South West",12.554
"2022-11-11 12:00:00","Midlands",11.996
"2022-11-11 12:00:00","North East and Yorkshire",10.276
"2022-11-11 12:00:00","East of England",11.981
"2022-11-11 12:00:00","North West",10.416
"2022-11-12 12:00:00","London",8.04
"2022-11-12 12:00:00","South East",7.559
"2022-11-12 12:00:00","South West",8.075
"2022-11-12 12:00:00","Midlands",7.271
"2022-11-12 12:00:00","North East and Yorkshire",8.31
"2022-11-12 12:00:00","East of England",7.866
"2022-11-12 12:00:00","North West",6.94
"2022-11-13 12:00:00","London",8.42
"2022-11-13 12:00:00","South East",7.46
"2022-11-13 12:00:00","South West",7.463
"2022-11-13 12:00:00","Midlands",7.097
"2022-11-13 12:00:00","North East and Yorkshire",7.356
"2022-11-13 12:00:00","East of England",7.868
"2022-11-13 12:00:00","North West",6.931
"2022-11-14 12:00:00","London",8.182
"2022-11-14 12:00:00","South East",7.231
"2022-11-14 12:00:00","South West",7.124
"2022-11-14 12:00:00","Midlands",7.26
"2022-11-14 12:00:00","North East and Yorkshire",7.768
"2022-11-14 12:00:00","East of England",7.636
"2022-11-14 12:00:00","North West",7.509
"2022-11-15 12:00:00","London",15.502
"2022-11-15 12:00:00","South East",14.221
"2022-11-15 12:00:00","South West",14.197
"2022-11-15 12:00:00","Midlands",13.844
"2022-11-15 12:00:00","North East and Yorkshire",11.312
"2022-11-15 12:00:00","East of England",13.997
"2022-11-15 12:00:00","North West",11.117
"2022-11-16 12:00:00","London",14.82
"2022-11-16 12:00:00","South East",13.28
"2022-11-16 12:00:00","South West",12.854
"2022-11-16 12:00:00","Midlands",12.963
"2022-11-16 12:00:00","North East and Yorkshire",13.289
"2022-11-16 12:00:00","East of England",14.213
"2022-11-16 12:00:00","North West",11.612
"2022-11-17 12:00:00","London",12.689
"2022-11-17 12:00:00","South East",12.223
"2022-11-17 12:00:00","South West",13.979
"2022-11-17 12:00:00","Midlands",12.828
"2022-11-17 12:00:00","North East and Yorkshire",12.205
"2022-11-17 12:00:00","East of England",12.407
"2022-11-17 12:00:00","North West",12.562
"2022-11-18 12:00:00","London",16.677
"2022-11-18 12:00:00","South East",15.046
"2022-11-18 12:00:00","South West",14.962
"2022-11-18 12:00:00","Midlands",15.154
"2022-11-18 12:00:00","North East and Yorkshire",10.181
"2022-11-18 12:00:00","East of England",16.022
"2022-11-18 12:00:00","North West",9.857
"2022-11-19 12:00:00","London",16.782
"2022-11-19 12:00:00","South East",15.239
"2022-11-19 12:00:00","South West",14.002
"2022-11-19 12:00:00","Midlands",8.168
"2022-11-19 12:00:00","North East and Yorkshire",8.073
"2022-11-19 12:00:00","East of England",15.678
"2022-11-19 12:00:00","North West",7.48
"2022-11-20 12:00:00","London",12.2
"2022-11-20 12:00:00","South East",10.919
"2022-11-20 12:00:00","South West",11.061
"2022-11-20 12:00:00","Midlands",11.627
"2022-11-20 12:00:00","North East and Yorkshire",11.212
"2022-11-20 12:00:00","East of England",11.617
"2022-11-20 12:00:00","North West",10.585
"2022-11-21 12:00:00","London",10.892
"2022-11-21 12:00:00","South East",9.761
"2022-11-21 12:00:00","South West",9.01
"2022-11-21 12:00:00","Midlands",9.104
"2022-11-21 12:00:00","North East and Yorkshire",9.138
"2022-11-21 12:00:00","East of England",10.574
"2022-11-21 12:00:00","North West",8.632
"2022-11-22 12:00:00","London",12.674
"2022-11-22 12:00:00","South East",11.258
"2022-11-22 12:00:00","South West",10.33
"2022-11-22 12:00:00","Midlands",10.23
"2022-11-22 12:00:00","North East and Yorkshire",10.195
"2022-11-22 12:00:00","East of England",12.043
"2022-11-22 12:00:00","North West",9.431
"2022-11-23 12:00:00","London",11.989
"2022-11-23 12:00:00","South East",11.4
"2022-11-23 12:00:00","South West",11.414
"2022-11-23 12:00:00","Midlands",11.395
"2022-11-23 12:00:00","North East and Yorkshire",11.958
"2022-11-23 12:00:00","East of England",11.585
"2022-11-23 12:00:00","North West",10.498
"2022-11-24 12:00:00","London",12.572
"2022-11-24 12:00:00","South East",11.786
"2022-11-24 12:00:00","South West",12.412
"2022-11-24 12:00:00","Midlands",12.478
"2022-11-24 12:00:00","North East and Yorkshire",11.266
"2022-11-24 12:00:00","East of England",11.528
"2022-11-24 12:00:00","North West",11.511
"2022-11-25 12:00:00","London",10.012
"2022-11-25 12:00:00","South East",9.361
"2022-11-25 12:00:00","South West",10.869
"2022-11-25 12:00:00","Midlands",9.877
"2022-11-25 12:00:00","North East and Yorkshire",11.595
"2022-11-25 12:00:00","East of England",9.142
"2022-11-25 12:00:00","North West",10.318
"2022-11-26 12:00:00","London",11.022
"2022-11-26 12:00:00","South East",10.311
"2022-11-26 12:00:00","South West",11.012
"2022-11-26 12:00:00","Midlands",12.142
"2022-11-26 12:00:00","North East and Yorkshire",10.849
"2022-11-26 12:00:00","East of England",11.066
"2022-11-26 12:00:00","North West",9.996
"2022-11-27 12:00:00","London",11.003
"2022-11-27 12:00:00","South East",10.024
"2022-11-27 12:00:00","South West",10.708
"2022-11-27 12:00:00","Midlands",9.357
"2022-11-27 12:00:00","North East and Yorkshire",7.21
"2022-11-27 12:00:00","East of England",9.75
"2022-11-27 12:00:00","North West",7.487
"2022-11-28 12:00:00","London",11.614
"2022-11-28 12:00:00","South East",11.206
"2022-11-28 12:00:00","South West",11.372
"2022-11-28 12:00:00","Midlands",5.364
"2022-11-28 12:00:00","North East and Yorkshire",3.159
"2022-11-28 12:00:00","East of England",8.219
"2022-11-28 12:00:00","North West",3.72
"2022-11-29 12:00:00","London",15.721
"2022-11-29 12:00:00","South East",13.815
"2022-11-29 12:00:00","South West",13.709
"2022-11-29 12:00:00","Midlands",14.462
"2022-11-29 12:00:00","North East and Yorkshire",15.083
"2022-11-29 12:00:00","East of England",15.195
"2022-11-29 12:00:00","North West",13.428
"2022-11-30 12:00:00","London",13.349
"2022-11-30 12:00:00","South East",12.638
"2022-11-30 12:00:00","South West",12.886
"2022-11-30 12:00:00","Midlands",11.996
"2022-11-30 12:00:00","North East and Yorkshire",11.875
"2022-11-30 12:00:00","East of England",12.75
"2022-11-30 12:00:00","North West",10.77
"2022-12-01 12:00:00","London",14.989
"2022-12-01 12:00:00","South East",13.164
"2022-12-01 12:00:00","South West",12.849
"2022-12-01 12:00:00","Midlands",12.782
"2022-12-01 12:00:00","North East and Yorkshire",12.075
"2022-12-01 12:00:00","East of England",13.632
"2022-12-01 12:00:00","North West",11.188
"2022-12-02 12:00:00","London",15.13
"2022-12-02 12:00:00","South East",13.553
"2022-12-02 12:00:00","South West",13.127
"2022-12-02 12:00:00","Midlands",13.231
"2022-12-02 12:00:00","North East and Yorkshire",12.677
"2022-12-02 12:00:00","East of England",14.103
"2022-12-02 12:00:00","North West",11.608
"2022-12-03 12:00:00","London",12.798
"2022-12-03 12:00:00","South East",11.847
"2022-12-03 12:00:00","South West",12.676
"2022-12-03 12:00:00","Midlands",12.723
"2022-12-03 12:00:00","North East and Yorkshire",12.283
"2022-12-03 12:00:00","East of England",12.132
"2022-12-03 12:00:00","North West",11.961
"2022-12-04 12:00:00","London",13.176
"2022-12-04 12:00:00","South East",11.738
"2022-12-04 12:00:00","South West",11.694
"2022-12-04 12:00:00","Midlands",12.18
"2022-12-04 12:00:00","North East and Yorkshire",11.671
"2022-12-04 12:00:00","East of England",12.611
"2022-12-04 12:00:00","North West",11.039
"2022-12-05 12:00:00","London",11.6
"2022-12-05 12:00:00","South East",10.705
"2022-12-05 12:00:00","South West",11.103
"2022-12-05 12:00:00","Midlands",11.467
"2022-12-05 12:00:00","North East and Yorkshire",11.082
"2022-12-05 12:00:00","East of England",11.432
"2022-12-05 12:00:00","North West",10.023
"2022-12-06 12:00:00","London",6.989
"2022-12-06 12:00:00","South East",5.872
"2022-12-06 12:00:00","South West",6.297
"2022-12-06 12:00:00","Midlands",5.967
"2022-12-06 12:00:00","North East and Yorkshire",5.724
"2022-12-06 12:00:00","East of England",6.514
"2022-12-06 12:00:00","North West",5.706
"2022-12-07 12:00:00","London",7.245
"2022-12-07 12:00:00","South East",6.97
"2022-12-07 12:00:00","South West",8.535
"2022-12-07 12:00:00","Midlands",6.23
"2022-12-07 12:00:00","North East and Yorkshire",4.937
"2022-12-07 12:00:00","East of England",6.297
"2022-12-07 12:00:00","North West",5.685
"2022-12-08 12:00:00","London",8.577
"2022-12-08 12:00:00","South East",8.337
"2022-12-08 12:00:00","South West",9.605
"2022-12-08 12:00:00","Midlands",7.427
"2022-12-08 12:00:00","North East and Yorkshire",6.287
"2022-12-08 12:00:00","East of England",7.493
"2022-12-08 12:00:00","North West",7.035
"2022-12-09 12:00:00","London",11.633
"2022-12-09 12:00:00","South East",10.775
"2022-12-09 12:00:00","South West",11.49
"2022-12-09 12:00:00","Midlands",9.347
"2022-12-09 12:00:00","North East and Yorkshire",8.467
"2022-12-09 12:00:00","East of England",10.385
"2022-12-09 12:00:00","North West",8.259
"2022-12-10 12:00:00","London",13.493
"2022-12-10 12:00:00","South East",12.511
"2022-12-10 12:00:00","South West",12.219
"2022-12-10 12:00:00","Midlands",12.031
"2022-12-10 12:00:00","North East and Yorkshire",10.131
"2022-12-10 12:00:00","East of England",12.548
"2022-12-10 12:00:00","North West",10.197
"2022-12-11 12:00:00","London",11.844
"2022-12-11 12:00:00","South East",11.344
"2022-12-11 12:00:00","South West",12.13
"2022-12-11 12:00:00","Midlands",10.45
"2022-12-11 12:00:00","North East and Yorkshire",8.433
"2022-12-11 12:00:00","East of England",10.869
"2022-12-11 12:00:00","North West",9.121
"2022-12-12 12:00:00","London",11.816
"2022-12-12 12:00:00","South East",10.937
"2022-12-12 12:00:00","South West",11.424
"2022-12-12 12:00:00","Midlands",9.913
"2022-12-12 12:00:00","North East and Yorkshire",7.72
"2022-12-12 12:00:00","East of England",10.644
"2022-12-12 12:00:00","North West",8.174
"2022-12-13 12:00:00","London",4.468
"2022-12-13 12:00:00","South East",3.757
"2022-12-13 12:00:00","South West",5.489
"2022-12-13 12:00:00","Midlands",2.109
"2022-12-13 12:00:00","North East and Yorkshire",3.242
"2022-12-13 12:00:00","East of England",4.497
"2022-12-13 12:00:00","North West",2.949
"2022-12-14 12:00:00","London",5.407
"2022-12-14 12:00:00","South East",5.076
"2022-12-14 12:00:00","South West",5.687
"2022-12-14 12:00:00","Midlands",3.776
"2022-12-14 12:00:00","North East and Yorkshire",3.097
"2022-12-14 12:00:00","East of England",4.286
"2022-12-14 12:00:00","North West",3.726
"2022-12-15 12:00:00","London",4.11
"2022-12-15 12:00:00","South East",3.523
"2022-12-15 12:00:00","South West",4.205
"2022-12-15 12:00:00","Midlands",3.708
"2022-12-15 12:00:00","North East and Yorkshire",3.499
"2022-12-15 12:00:00","East of England",3.278
"2022-12-15 12:00:00","North West",3.835
"2022-12-16 12:00:00","London",8.748
"2022-12-16 12:00:00","South East",8.537
"2022-12-16 12:00:00","South West",10.096
"2022-12-16 12:00:00","Midlands",6.474
"2022-12-16 12:00:00","North East and Yorkshire",5.224
"2022-12-16 12:00:00","East of England",6.841
"2022-12-16 12:00:00","North West",5.516
"2022-12-17 12:00:00","London",16.51
"2022-12-17 12:00:00","South East",14.937
"2022-12-17 12:00:00","South West",15.381
"2022-12-17 12:00:00","Midlands",15.914
"2022-12-17 12:00:00","North East and Yorkshire",15.188
"2022-12-17 12:00:00","East of England",15.985
"2022-12-17 12:00:00","North West",13.751
"2022-12-18 12:00:00","London",17.748
"2022-12-18 12:00:00","South East",15.683
"2022-12-18 12:00:00","South West",14.494
"2022-12-18 12:00:00","Midlands",15.159
"2022-12-18 12:00:00","North East and Yorkshire",13.416
"2022-12-18 12:00:00","East of England",17.105
"2022-12-18 12:00:00","North West",11.648
"2022-12-19 12:00:00","London",12.179
"2022-12-19 12:00:00","South East",11.012
"2022-12-19 12:00:00","South West",10.669
"2022-12-19 12:00:00","Midlands",10.23
"2022-12-19 12:00:00","North East and Yorkshire",9.416
"2022-12-19 12:00:00","East of England",11.406
"2022-12-19 12:00:00","North West",8.586
"2022-12-20 12:00:00","London",1.355
"2022-12-20 12:00:00","South East",0.844
"2022-12-20 12:00:00","South West",2.716
"2022-12-20 12:00:00","Midlands",2.84
"2022-12-20 12:00:00","North East and Yorkshire",2.173
"2022-12-20 12:00:00","East of England",1.917
"2022-12-20 12:00:00","North West",2.239
"2022-12-21 12:00:00","London",5.09
"2022-12-21 12:00:00","South East",4.569
"2022-12-21 12:00:00","South West",5.084
"2022-12-21 12:00:00","Midlands",4.885
"2022-12-21 12:00:00","North East and Yorkshire",4.612
"2022-12-21 12:00:00","East of England",4.125
"2022-12-21 12:00:00","North West",4.864
"2022-12-22 12:00:00","London",5.366
"2022-12-22 12:00:00","South East",5.099
"2022-12-22 12:00:00","South West",5.777
"2022-12-22 12:00:00","Midlands",4.192
"2022-12-22 12:00:00","North East and Yorkshire",3.706
"2022-12-22 12:00:00","East of England",3.872
"2022-12-22 12:00:00","North West",4.375
"2022-12-23 12:00:00","London",6.369
"2022-12-23 12:00:00","South East",5.735
"2022-12-23 12:00:00","South West",6.987
"2022-12-23 12:00:00","Midlands",6.082
"2022-12-23 12:00:00","North East and Yorkshire",5.328
"2022-12-23 12:00:00","East of England",5.634
"2022-12-23 12:00:00","North West",5.796
"2022-12-24 12:00:00","London",6.498
"2022-12-24 12:00:00","South East",5.077
"2022-12-24 12:00:00","South West",4.165
"2022-12-24 12:00:00","Midlands",3.274
"2022-12-24 12:00:00","North East and Yorkshire",3.52
"2022-12-24 12:00:00","East of England",5.608
"2022-12-24 12:00:00","North West",3.425
"2022-12-25 12:00:00","London",4.243
"2022-12-25 12:00:00","South East",3.874
"2022-12-25 12:00:00","South West",4.666
"2022-12-25 12:00:00","Midlands",2.824
"2022-12-25 12:00:00","North East and Yorkshire",3.173
"2022-12-25 12:00:00","East of England",4.1
"2022-12-25 12:00:00","North West",3.647
"2022-12-26 12:00:00","London",4.869
"2022-12-26 12:00:00","South East",4.411
"2022-12-26 12:00:00","South West",6.318
"2022-12-26 12:00:00","Midlands",6.094
"2022-12-26 12:00:00","North East and Yorkshire",6.454
"2022-12-26 12:00:00","East of England",4.605
"2022-12-26 12:00:00","North West",6.449
"2022-12-27 12:00:00","London",12.942
"2022-12-27 12:00:00","South East",11.56
"2022-12-27 12:00:00","South West",12.228
"2022-12-27 12:00:00","Midlands",12.768
"2022-12-27 12:00:00","North East and Yorkshire",12.474
"2022-12-27 12:00:00","East of England",12.54
"2022-12-27 12:00:00","North West",11.639
"2022-12-28 12:00:00","London",12.135
"2022-12-28 12:00:00","South East",10.793
"2022-12-28 12:00:00","South West",10.715
"2022-12-28 12:00:00","Midlands",11.192
"2022-12-28 12:00:00","North East and Yorkshire",9.523
"2022-12-28 12:00:00","East of England",11.553
"2022-12-28 12:00:00","North West",10.012
"2022-12-29 12:00:00","London",12.564
"2022-12-29 12:00:00","South East",11.053
"2022-12-29 12:00:00","South West",11.071
"2022-12-29 12:00:00","Midlands",12.153
"2022-12-29 12:00:00","North East and Yorkshire",10.964
"2022-12-29 12:00:00","East of England",12.129
"2022-12-29 12:00:00","North West",10.473
"2022-12-30 12:00:00","London",11.121
"2022-12-30 12:00:00","South East",10.309
"2022-12-30 12:00:00","South West",11.224
"2022-12-30 12:00:00","Midlands",10.513
"2022-12-30 12:00:00","North East and Yorkshire",8.834
"2022-12-30 12:00:00","East of England",10.117
"2022-12-30 12:00:00","North West",8.271
"2022-12-31 12:00:00","London",12.441
"2022-12-31 12:00:00","South East",11.112
"2022-12-31 12:00:00","South West",10.935
"2022-12-31 12:00:00","Midlands",10.529
"2022-12-31 12:00:00","North East and Yorkshire",8.666
"2022-12-31 12:00:00","East of England",11.864
"2022-12-31 12:00:00","North West",7.687
"2023-01-01 12:00:00","London",8.524
"2023-01-01 12:00:00","South East",7.601
"2023-01-01 12:00:00","South West",7.158
"2023-01-01 12:00:00","Midlands",7.092
"2023-01-01 12:00:00","North East and Yorkshire",7.061
"2023-01-01 12:00:00","East of England",7.584
"2023-01-01 12:00:00","North West",6.812
"2023-01-02 12:00:00","London",5.314
"2023-01-02 12:00:00","South East",4.639
"2023-01-02 12:00:00","South West",5.455
"2023-01-02 12:00:00","Midlands",3.613
"2023-01-02 12:00:00","North East and Yorkshire",1.933
"2023-01-02 12:00:00","East of England",4.535
"2023-01-02 12:00:00","North West",2.694
"2023-01-03 12:00:00","London",7.797
"2023-01-03 12:00:00","South East",6.965
"2023-01-03 12:00:00","South West",6.279
"2023-01-03 12:00:00","Midlands",6.99
"2023-01-03 12:00:00","North East and Yorkshire",5.802
"2023-01-03 12:00:00","East of England",6.99
"2023-01-03 12:00:00","North West",5.785
"2023-01-04 12:00:00","London",9.624
"2023-01-04 12:00:00","South East",8.903
"2023-01-04 12:00:00","South West",9.647
"2023-01-04 12:00:00","Midlands",8.94
"2023-01-04 12:00:00","North East and Yorkshire",8.591
"2023-01-04 12:00:00","East of England",8.491
"2023-01-04 12:00:00","North West",8.074
"2023-01-05 12:00:00","London",12.675
"2023-01-05 12:00:00","South East",11.001
"2023-01-05 12:00:00","South West",11.328
"2023-01-05 12:00:00","Midlands",11.425
"2023-01-05 12:00:00","North East and Yorkshire",11.465
"2023-01-05 12:00:00","East of England",11.823
"2023-01-05 12:00:00","North West",10.778
"2023-01-06 12:00:00","London",12.324
"2023-01-06 12:00:00","South East",10.705
"2023-01-06 12:00:00","South West",11.078
"2023-01-06 12:00:00","Midlands",11.802
"2023-01-06 12:00:00","North East and Yorkshire",11.893
"2023-01-06 12:00:00","East of England",11.814
"2023-01-06 12:00:00","North West",10.973
"2023-01-07 12:00:00","London",12.259
"2023-01-07 12:00:00","South East",11.152
"2023-01-07 12:00:00","South West",10.947
"2023-01-07 12:00:00","Midlands",10.504
"2023-01-07 12:00:00","North East and Yorkshire",9.307
"2023-01-07 12:00:00","East of England",11.331
"2023-01-07 12:00:00","North West",8.694
"2023-01-08 12:00:00","London",13.39
"2023-01-08 12:00:00","South East",11.959
"2023-01-08 12:00:00","South West",11.463
"2023-01-08 12:00:00","Midlands",11.68
"2023-01-08 12:00:00","North East and Yorkshire",9.596
"2023-01-08 12:00:00","East of England",12.326
"2023-01-08 12:00:00","North West",9.673
"2023-01-09 12:00:00","London",11.513
"2023-01-09 12:00:00","South East",10.336
"2023-01-09 12:00:00","South West",9.527
"2023-01-09 12:00:00","Midlands",9.309
"2023-01-09 12:00:00","North East and Yorkshire",7.851
"2023-01-09 12:00:00","East of England",10.681
"2023-01-09 12:00:00","North West",7.469
"2023-01-10 12:00:00","London",13.36
"2023-01-10 12:00:00","South East",11.824
"2023-01-10 12:00:00","South West",12.438
"2023-01-10 12:00:00","Midlands",13.297
"2023-01-10 12:00:00","North East and Yorkshire",10.749
"2023-01-10 12:00:00","East of England",13.416
"2023-01-10 12:00:00","North West",10.462
"2023-01-11 12:00:00","London",9.722
"2023-01-11 12:00:00","South East",8.931
"2023-01-11 12:00:00","South West",9.244
"2023-01-11 12:00:00","Midlands",8.785
"2023-01-11 12:00:00","North East and Yorkshire",7.974
"2023-01-11 12:00:00","East of England",8.788
"2023-01-11 12:00:00","North West",7.869
"2023-01-12 12:00:00","London",12.417
"2023-01-12 12:00:00","South East",11.07
"2023-01-12 12:00:00","South West",11.309
"2023-01-12 12:00:00","Midlands",11.158
"2023-01-12 12:00:00","North East and Yorkshire",11.042
"2023-01-12 12:00:00","East of England",11.525
"2023-01-12 12:00:00","North West",10.351
"2023-01-13 12:00:00","London",9.484
"2023-01-13 12:00:00","South East",8.214
"2023-01-13 12:00:00","South West",7.247
"2023-01-13 12:00:00","Midlands",7.48
"2023-01-13 12:00:00","North East and Yorkshire",6.905
"2023-01-13 12:00:00","East of England",9.243
"2023-01-13 12:00:00","North West",6.103
"2023-01-14 12:00:00","London",7.596
"2023-01-14 12:00:00","South East",6.757
"2023-01-14 12:00:00","South West",6.729
"2023-01-14 12:00:00","Midlands",6.791
"2023-01-14 12:00:00","North East and Yorkshire",6.521
"2023-01-14 12:00:00","East of England",6.809
"2023-01-14 12:00:00","North West",6.453
"2023-01-15 12:00:00","London",7.344
"2023-01-15 12:00:00","South East",6.566
"2023-01-15 12:00:00","South West",7.16
"2023-01-15 12:00:00","Midlands",6.333
"2023-01-15 12:00:00","North East and Yorkshire",6.696
"2023-01-15 12:00:00","East of England",6.768
"2023-01-15 12:00:00","North West",4.749
"2023-01-16 12:00:00","London",7.725
"2023-01-16 12:00:00","South East",7.042
"2023-01-16 12:00:00","South West",7.539
"2023-01-16 12:00:00","Midlands",7.241
"2023-01-16 12:00:00","North East and Yorkshire",7.766
"2023-01-16 12:00:00","East of England",7.199
"2023-01-16 12:00:00","North West",7.218
"2023-01-17 12:00:00","London",11.928
"2023-01-17 12:00:00","South East",10.832
"2023-01-17 12:00:00","South West",10.556
"2023-01-17 12:00:00","Midlands",10.221
"2023-01-17 12:00:00","North East and Yorkshire",8.055
"2023-01-17 12:00:00","East of England",10.718
"2023-01-17 12:00:00","North West",8.48
"2023-01-18 12:00:00","London",8.596
"2023-01-18 12:00:00","South East",8.452
"2023-01-18 12:00:00","South West",9.204
"2023-01-18 12:00:00","Midlands",7.912
"2023-01-18 12:00:00","North East and Yorkshire",7.619
"2023-01-18 12:00:00","East of England",7.567
"2023-01-18 12:00:00","North West",7.174
"2023-01-19 12:00:00","London",9.858
"2023-01-19 12:00:00","South East",9.194
"2023-01-19 12:00:00","South West",9.802
"2023-01-19 12:00:00","Midlands",6.158
"2023-01-19 12:00:00","North East and Yorkshire",6.402
"2023-01-19 12:00:00","East of England",8.418
"2023-01-19 12:00:00","North West",5.866
"2023-01-20 12:00:00","London",8.866
"2023-01-20 12:00:00","South East",8.018
"2023-01-20 12:00:00","South West",9.537
"2023-01-20 12:00:00","Midlands",8.054
"2023-01-20 12:00:00","North East and Yorkshire",8.443
"2023-01-20 12:00:00","East of England",7.883
"2023-01-20 12:00:00","North West",8.404
"2023-01-21 12:00:00","London",9.165
"2023-01-21 12:00:00","South East",8.462
"2023-01-21 12:00:00","South West",9.598
"2023-01-21 12:00:00","Midlands",9.249
"2023-01-21 12:00:00","North East and Yorkshire",9.496
"2023-01-21 12:00:00","East of England",8.493
"2023-01-21 12:00:00","North West",8.692
"2023-01-22 12:00:00","London",9.446
"2023-01-22 12:00:00","South East",8.259
"2023-01-22 12:00:00","South West",8.606
"2023-01-22 12:00:00","Midlands",8.459
"2023-01-22 12:00:00","North East and Yorkshire",9.605
"2023-01-22 12:00:00","East of England",8.359
"2023-01-22 12:00:00","North West",8.532
"2023-01-23 12:00:00","London",10.749
"2023-01-23 12:00:00","South East",9.659
"2023-01-23 12:00:00","South West",9.43
"2023-01-23 12:00:00","Midlands",9.027
"2023-01-23 12:00:00","North East and Yorkshire",9.905
"2023-01-23 12:00:00","East of England",10.02
"2023-01-23 12:00:00","North West",8.81
"2023-01-24 12:00:00","London",0.577
"2023-01-24 12:00:00","South East",0.335
"2023-01-24 12:00:00","South West",0.976
"2023-01-24 12:00:00","Midlands",1.231
"2023-01-24 12:00:00","North East and Yorkshire",1.417
"2023-01-24 12:00:00","East of England",0.856
"2023-01-24 12:00:00","North West",1.803
"2023-01-25 12:00:00","London",2.572
"2023-01-25 12:00:00","South East",1.972
"2023-01-25 12:00:00","South West",2.639
"2023-01-25 12:00:00","Midlands",1.961
"2023-01-25 12:00:00","North East and Yorkshire",1.55
"2023-01-25 12:00:00","East of England",1.79
"2023-01-25 12:00:00","North West",2.198
"2023-01-26 12:00:00","London",1.253
"2023-01-26 12:00:00","South East",0.591
"2023-01-26 12:00:00","South West",1.723
"2023-01-26 12:00:00","Midlands",1.055
"2023-01-26 12:00:00","North East and Yorkshire",2.449
"2023-01-26 12:00:00","East of England",0.959
"2023-01-26 12:00:00","North West",1.778
"2023-01-27 12:00:00","London",1.554
"2023-01-27 12:00:00","South East",1.311
"2023-01-27 12:00:00","South West",3.211
"2023-01-27 12:00:00","Midlands",1.37
"2023-01-27 12:00:00","North East and Yorkshire",1.42
"2023-01-27 12:00:00","East of England",0.414
"2023-01-27 12:00:00","North West",2.106
"2023-01-28 12:00:00","London",1.691
"2023-01-28 12:00:00","South East",1.714
"2023-01-28 12:00:00","South West",4.076
"2023-01-28 12:00:00","Midlands",1.646
"2023-01-28 12:00:00","North East and Yorkshire",1.129
"2023-01-28 12:00:00","East of England",1.034
"2023-01-28 12:00:00","North West",2.466
"2023-01-29 12:00:00","London",7.739
"2023-01-29 12:00:00","South East",7.236
"2023-01-29 12:00:00","South West",8.774
"2023-01-29 12:00:00","Midlands",6.081
"2023-01-29 12:00:00","North East and Yorkshire",5.339
"2023-01-29 12:00:00","East of England",5.794
"2023-01-29 12:00:00","North West",6.241
"2023-01-30 12:00:00","London",12.667
"2023-01-30 12:00:00","South East",10.63
"2023-01-30 12:00:00","South West",11.245
"2023-01-30 12:00:00","Midlands",11.719
"2023-01-30 12:00:00","North East and Yorkshire",10.684
"2023-01-30 12:00:00","East of England",11.139
"2023-01-30 12:00:00","North West",10.585
"2023-01-31 12:00:00","London",12.8
"2023-01-31 12:00:00","South East",11.426
"2023-01-31 12:00:00","South West",12.172
"2023-01-31 12:00:00","Midlands",10.478
"2023-01-31 12:00:00","North East and Yorkshire",9.563
"2023-01-31 12:00:00","East of England",11.871
"2023-01-31 12:00:00","North West",10.392
"2023-02-01 12:00:00","London",15.327
"2023-02-01 12:00:00","South East",12.926
"2023-02-01 12:00:00","South West",12.208
"2023-02-01 12:00:00","Midlands",12.407
"2023-02-01 12:00:00","North East and Yorkshire",11.28
"2023-02-01 12:00:00","East of England",13.995
"2023-02-01 12:00:00","North West",9.287
"2023-02-02 12:00:00","London",12.671
"2023-02-02 12:00:00","South East",11.156
"2023-02-02 12:00:00","South West",11.795
"2023-02-02 12:00:00","Midlands",13.111
"2023-02-02 12:00:00","North East and Yorkshire",12.532
"2023-02-02 12:00:00","East of England",11.997
"2023-02-02 12:00:00","North West",11.264
"2023-02-03 12:00:00","London",14.855
"2023-02-03 12:00:00","South East",12.469
"2023-02-03 12:00:00","South West",12.131
"2023-02-03 12:00:00","Midlands",15.188
"2023-02-03 12:00:00","North East and Yorkshire",12.087
"2023-02-03 12:00:00","East of England",15.158
"2023-02-03 12:00:00","North West",11.371
"2023-02-04 12:00:00","London",13.438
"2023-02-04 12:00:00","South East",11.728
"2023-02-04 12:00:00","South West",11.601
"2023-02-04 12:00:00","Midlands",13.851
"2023-02-04 12:00:00","North East and Yorkshire",11.857
"2023-02-04 12:00:00","East of England",14.03
"2023-02-04 12:00:00","North West",11.016
"2023-02-05 12:00:00","London",13.665
"2023-02-05 12:00:00","South East",12.557
"2023-02-05 12:00:00","South West",11.892
"2023-02-05 12:00:00","Midlands",12.616
"2023-02-05 12:00:00","North East and Yorkshire",10.743
"2023-02-05 12:00:00","East of England",12.294
"2023-02-05 12:00:00","North West",10.002
"2023-02-06 12:00:00","London",13.314
"2023-02-06 12:00:00","South East",11.265
"2023-02-06 12:00:00","South West",10.828
"2023-02-06 12:00:00","Midlands",14.291
"2023-02-06 12:00:00","North East and Yorkshire",12.65
"2023-02-06 12:00:00","East of England",14.237
"2023-02-06 12:00:00","North West",10.841
"2023-02-07 12:00:00","London",4.764
"2023-02-07 12:00:00","South East",4.374
"2023-02-07 12:00:00","South West",5.388
"2023-02-07 12:00:00","Midlands",4.456
"2023-02-07 12:00:00","North East and Yorkshire",3.307
"2023-02-07 12:00:00","East of England",3.943
"2023-02-07 12:00:00","North West",3.71
"2023-02-08 12:00:00","London",2.827
"2023-02-08 12:00:00","South East",2.324
"2023-02-08 12:00:00","South West",2.75
"2023-02-08 12:00:00","Midlands",1.332
"2023-02-08 12:00:00","North East and Yorkshire",1.041
"2023-02-08 12:00:00","East of England",2.238
"2023-02-08 12:00:00","North West",1.61
"2023-02-09 12:00:00","London",3.012
"2023-02-09 12:00:00","South East",2.619
"2023-02-09 12:00:00","South West",3.95
"2023-02-09 12:00:00","Midlands",2.926
"2023-02-09 12:00:00","North East and Yorkshire",2.333
"2023-02-09 12:00:00","East of England",2.491
"2023-02-09 12:00:00","North West",3.097
"2023-02-10 12:00:00","London",5.997
"2023-02-10 12:00:00","South East",5.521
"2023-02-10 12:00:00","South West",6.126
"2023-02-10 12:00:00","Midlands",5.203
"2023-02-10 12:00:00","North East and Yorkshire",4.966
"2023-02-10 12:00:00","East of England",5.089
"2023-02-10 12:00:00","North West",5.251
"2023-02-11 12:00:00","London",8.959
"2023-02-11 12:00:00","South East",8.639
"2023-02-11 12:00:00","South West",9.596
"2023-02-11 12:00:00","Midlands",8.512
"2023-02-11 12:00:00","North East and Yorkshire",7.49
"2023-02-11 12:00:00","East of England",8.13
"2023-02-11 12:00:00","North West",7.783
"2023-02-12 12:00:00","London",13.044
"2023-02-12 12:00:00","South East",11.518
"2023-02-12 12:00:00","South West",11.747
"2023-02-12 12:00:00","Midlands",12.195
"2023-02-12 12:00:00","North East and Yorkshire",12.481
"2023-02-12 12:00:00","East of England",12.547
"2023-02-12 12:00:00","North West",11.711
"2023-02-13 12:00:00","London",11.122
"2023-02-13 12:00:00","South East",10.052
"2023-02-13 12:00:00","South West",10.03
"2023-02-13 12:00:00","Midlands",9.957
"2023-02-13 12:00:00","North East and Yorkshire",8.445
"2023-02-13 12:00:00","East of England",10.503
"2023-02-13 12:00:00","North West",8.161
"2023-02-14 12:00:00","London",6.958
"2023-02-14 12:00:00","South East",6.467
"2023-02-14 12:00:00","South West",7.485
"2023-02-14 12:00:00","Midlands",6.809
"2023-02-14 12:00:00","North East and Yorkshire",8.694
"2023-02-14 12:00:00","East of England",7.108
"2023-02-14 12:00:00","North West",7.744
"2023-02-15 12:00:00","London",9.311
"2023-02-15 12:00:00","South East",8.45
"2023-02-15 12:00:00","South West",10.132
"2023-02-15 12:00:00","Midlands",8.986
"2023-02-15 12:00:00","North East and Yorkshire",8.398
"2023-02-15 12:00:00","East of England",9.104
"2023-02-15 12:00:00","North West",7.704
"2023-02-16 12:00:00","London",5.855
"2023-02-16 12:00:00","South East",5.221
"2023-02-16 12:00:00","South West",6.394
"2023-02-16 12:00:00","Midlands",4.672
"2023-02-16 12:00:00","North East and Yorkshire",5.13
"2023-02-16 12:00:00","East of England",4.78
"2023-02-16 12:00:00","North West",4.979
"2023-02-17 12:00:00","London",5.155
"2023-02-17 12:00:00","South East",4.646
"2023-02-17 12:00:00","South West",5.223
"2023-02-17 12:00:00","Midlands",5.953
"2023-02-17 12:00:00","North East and Yorkshire",7.356
"2023-02-17 12:00:00","East of England",4.934
"2023-02-17 12:00:00","North West",6.153
"2023-02-18 12:00:00","London",6.52
"2023-02-18 12:00:00","South East",5.416
"2023-02-18 12:00:00","South West",5.942
"2023-02-18 12:00:00","Midlands",7.221
"2023-02-18 12:00:00","North East and Yorkshire",7.874
"2023-02-18 12:00:00","East of England",6.877
"2023-02-18 12:00:00","North West",6.792
"2023-02-19 12:00:00","London",6.303
"2023-02-19 12:00:00","South East",5.221
"2023-02-19 12:00:00","South West",5.018
"2023-02-19 12:00:00","Midlands",4.635
"2023-02-19 12:00:00","North East and Yorkshire",6.188
"2023-02-19 12:00:00","East of England",5.892
"2023-02-19 12:00:00","North West",5.05
"2023-02-20 12:00:00","London",4.518
"2023-02-20 12:00:00","South East",4.19
"2023-02-20 12:00:00","South West",4.961
"2023-02-20 12:00:00","Midlands",3.113
"2023-02-20 12:00:00","North East and Yorkshire",5.51
"2023-02-20 12:00:00","East of England",4.105
"2023-02-20 12:00:00","North West",3.199
"2023-02-21 12:00:00","London",12.156
"2023-02-21 12:00:00","South East",10.552
"2023-02-21 12:00:00","South West",10.631
"2023-02-21 12:00:00","Midlands",11.541
"2023-02-21 12:00:00","North East and Yorkshire",10.858
"2023-02-21 12:00:00","East of England",11.791
"2023-02-21 12:00:00","North West",10.233
"2023-02-22 12:00:00","London",12.42
"2023-02-22 12:00:00","South East",10.977
"2023-02-22 12:00:00","South West",11.778
"2023-02-22 12:00:00","Midlands",12.935
"2023-02-22 12:00:00","North East and Yorkshire",11.85
"2023-02-22 12:00:00","East of England",12.105
"2023-02-22 12:00:00","North West",11.37
"2023-02-23 12:00:00","London",11.792
"2023-02-23 12:00:00","South East",10.402
"2023-02-23 12:00:00","South West",9.85
"2023-02-23 12:00:00","Midlands",8.093
"2023-02-23 12:00:00","North East and Yorkshire",7.967
"2023-02-23 12:00:00","East of England",10.496
"2023-02-23 12:00:00","North West",7.294
"2023-02-24 12:00:00","London",10.268
"2023-02-24 12:00:00","South East",9.307
"2023-02-24 12:00:00","South West",9.812
"2023-02-24 12:00:00","Midlands",8.606
"2023-02-24 12:00:00","North East and Yorkshire",7.961
"2023-02-24 12:00:00","East of England",9.318
"2023-02-24 12:00:00","North West",7.825
"2023-02-25 12:00:00","London",13.903
"2023-02-25 12:00:00","South East",12.382
"2023-02-25 12:00:00","South West",11.269
"2023-02-25 12:00:00","Midlands",10.507
"2023-02-25 12:00:00","North East and Yorkshire",8.698
"2023-02-25 12:00:00","East of England",12.413
"2023-02-25 12:00:00","North West",8.19
"2023-02-26 12:00:00","London",10.828
"2023-02-26 12:00:00","South East",9.725
"2023-02-26 12:00:00","South West",9.136
"2023-02-26 12:00:00","Midlands",8.321
"2023-02-26 12:00:00","North East and Yorkshire",6.671
"2023-02-26 12:00:00","East of England",9.373
"2023-02-26 12:00:00","North West",6.514
"2023-02-27 12:00:00","London",11.206
"2023-02-27 12:00:00","South East",10.212
"2023-02-27 12:00:00","South West",10.588
"2023-02-27 12:00:00","Midlands",10.162
"2023-02-27 12:00:00","North East and Yorkshire",9.107
"2023-02-27 12:00:00","East of England",10.143
"2023-02-27 12:00:00","North West",8.647
"2023-02-28 12:00:00","London",9.306
"2023-02-28 12:00:00","South East",8.272
"2023-02-28 12:00:00","South West",8.438
"2023-02-28 12:00:00","Midlands",8.798
"2023-02-28 12:00:00","North East and Yorkshire",9.751
"2023-02-28 12:00:00","East of England",8.699
"2023-02-28 12:00:00","North West",8.678
"2023-03-01 12:00:00","London",9.275
"2023-03-01 12:00:00","South East",8.618
"2023-03-01 12:00:00","South West",9.262
"2023-03-01 12:00:00","Midlands",8.432
"2023-03-01 12:00:00","North East and Yorkshire",7.378
"2023-03-01 12:00:00","East of England",8.809
"2023-03-01 12:00:00","North West",7.17
"2023-03-02 12:00:00","London",9.934
"2023-03-02 12:00:00","South East",8.594
"2023-03-02 12:00:00","South West",8.519
"2023-03-02 12:00:00","Midlands",9.031
"2023-03-02 12:00:00","North East and Yorkshire",8.964
"2023-03-02 12:00:00","East of England",9.298
"2023-03-02 12:00:00","North West",8.402
"2023-03-03 12:00:00","London",10.797
"2023-03-03 12:00:00","South East",9.701
"2023-03-03 12:00:00","South West",10.076
"2023-03-03 12:00:00","Midlands",9.923
"2023-03-03 12:00:00","North East and Yorkshire",9.067
"2023-03-03 12:00:00","East of England",9.91
"2023-03-03 12:00:00","North West",8.92
"2023-03-04 12:00:00","London",11.09
"2023-03-04 12:00:00","South East",10.118
"2023-03-04 12:00:00","South West",11.212
"2023-03-04 12:00:00","Midlands",11.846
"2023-03-04 12:00:00","North East and Yorkshire",11.114
"2023-03-04 12:00:00","East of England",10.758
"2023-03-04 12:00:00","North West",10.834
"2023-03-05 12:00:00","London",13.142
"2023-03-05 12:00:00","South East",11.746
"2023-03-05 12:00:00","South West",12.069
"2023-03-05 12:00:00","Midlands",12.928
"2023-03-05 12:00:00","North East and Yorkshire",11.99
"2023-03-05 12:00:00","East of England",12.814
"2023-03-05 12:00:00","North West",11.058
"2023-03-06 12:00:00","London",9.661
"2023-03-06 12:00:00","South East",8.642
"2023-03-06 12:00:00","South West",8.542
"2023-03-06 12:00:00","Midlands",7.605
"2023-03-06 12:00:00","North East and Yorkshire",6.33
"2023-03-06 12:00:00","East of England",9.136
"2023-03-06 12:00:00","North West",6.255
"2023-03-07 12:00:00","London",13.485
"2023-03-07 12:00:00","South East",12.471
"2023-03-07 12:00:00","South West",13.011
"2023-03-07 12:00:00","Midlands",13.033
"2023-03-07 12:00:00","North East and Yorkshire",11.673
"2023-03-07 12:00:00","East of England",11.968
"2023-03-07 12:00:00","North West",10.628
"2023-03-08 12:00:00","London",13.056
"2023-03-08 12:00:00","South East",12.264
"2023-03-08 12:00:00","South West",13.477
"2023-03-08 12:00:00","Midlands",12.772
"2023-03-08 12:00:00","North East and Yorkshire",11.639
"2023-03-08 12:00:00","East of England",11.766
"2023-03-08 12:00:00","North West",10.691
"2023-03-09 12:00:00","London",15.406
"2023-03-09 12:00:00","South East",13.606
"2023-03-09 12:00:00","South West",14.011
"2023-03-09 12:00:00","Midlands",14.944
"2023-03-09 12:00:00","North East and Yorkshire",14.136
"2023-03-09 12:00:00","East of England",13.999
"2023-03-09 12:00:00","North West",13.162
"2023-03-10 12:00:00","London",17.514
"2023-03-10 12:00:00","South East",15.262
"2023-03-10 12:00:00","South West",13.783
"2023-03-10 12:00:00","Midlands",16.333
"2023-03-10 12:00:00","North East and Yorkshire",15.493
"2023-03-10 12:00:00","East of England",16.192
"2023-03-10 12:00:00","North West",12.576
"2023-03-11 12:00:00","London",19.059
"2023-03-11 12:00:00","South East",16.717
"2023-03-11 12:00:00","South West",14.522
"2023-03-11 12:00:00","Midlands",14.036
"2023-03-11 12:00:00","North East and Yorkshire",13.165
"2023-03-11 12:00:00","East of England",17.334
"2023-03-11 12:00:00","North West",10.674
"2023-03-12 12:00:00","London",12.468
"2023-03-12 12:00:00","South East",11.317
"2023-03-12 12:00:00","South West",12.012
"2023-03-12 12:00:00","Midlands",11.177
"2023-03-12 12:00:00","North East and Yorkshire",9.691
"2023-03-12 12:00:00","East of England",11.467
"2023-03-12 12:00:00","North West",10.37
"2023-03-13 12:00:00","London",14.089
"2023-03-13 12:00:00","South East",13.259
"2023-03-13 12:00:00","South West",13.913
"2023-03-13 12:00:00","Midlands",12.936
"2023-03-13 12:00:00","North East and Yorkshire",10.298
"2023-03-13 12:00:00","East of England",12.495
"2023-03-13 12:00:00","North West",11.149
"2023-03-14 12:00:00","London",13.887
"2023-03-14 12:00:00","South East",11.859
"2023-03-14 12:00:00","South West",11.586
"2023-03-14 12:00:00","Midlands",13.179
"2023-03-14 12:00:00","North East and Yorkshire",13.928
"2023-03-14 12:00:00","East of England",14.116
"2023-03-14 12:00:00","North West",12.712
"2023-03-15 12:00:00","London",14.941
"2023-03-15 12:00:00","South East",12.535
"2023-03-15 12:00:00","South West",11.914
"2023-03-15 12:00:00","Midlands",9.025
"2023-03-15 12:00:00","North East and Yorkshire",7.896
"2023-03-15 12:00:00","East of England",13.55
"2023-03-15 12:00:00","North West",7.084
"2023-03-16 12:00:00","London",8.297
"2023-03-16 12:00:00","South East",7.727
"2023-03-16 12:00:00","South West",7.424
"2023-03-16 12:00:00","Midlands",7.026
"2023-03-16 12:00:00","North East and Yorkshire",9.623
"2023-03-16 12:00:00","East of England",8.142
"2023-03-16 12:00:00","North West",8.692
"2023-03-17 12:00:00","London",10.055
"2023-03-17 12:00:00","South East",8.839
"2023-03-17 12:00:00","South West",9.372
"2023-03-17 12:00:00","Midlands",9.275
"2023-03-17 12:00:00","North East and Yorkshire",9.033
"2023-03-17 12:00:00","East of England",9.539
"2023-03-17 12:00:00","North West",9.198
"2023-03-18 12:00:00","London",10.383
"2023-03-18 12:00:00","South East",9.715
"2023-03-18 12:00:00","South West",10.344
"2023-03-18 12:00:00","Midlands",9.608
"2023-03-18 12:00:00","North East and Yorkshire",8.41
"2023-03-18 12:00:00","East of England",9.12
"2023-03-18 12:00:00","North West",8.766
"2023-03-19 12:00:00","London",10.542
"2023-03-19 12:00:00","South East",10.141
"2023-03-19 12:00:00","South West",11.423
"2023-03-19 12:00:00","Midlands",10.668
"2023-03-19 12:00:00","North East and Yorkshire",9.547
"2023-03-19 12:00:00","East of England",9.692
"2023-03-19 12:00:00","North West",10.045
"2023-03-20 12:00:00","London",12.336
"2023-03-20 12:00:00","South East",10.842
"2023-03-20 12:00:00","South West",11.563
"2023-03-20 12:00:00","Midlands",13.062
"2023-03-20 12:00:00","North East and Yorkshire",12.137
"2023-03-20 12:00:00","East of England",10.952
"2023-03-20 12:00:00","North West",12.161
"2023-03-21 12:00:00","London",12.156
"2023-03-21 12:00:00","South East",10.552
"2023-03-21 12:00:00","South West",10.631
"2023-03-21 12:00:00","Midlands",11.541
"2023-03-21 12:00:00","North East and Yorkshire",10.858
"2023-03-21 12:00:00","East of England",11.791
"2023-03-21 12:00:00","North West",10.233
"2023-03-22 12:00:00","London",12.42
"2023-03-22 12:00:00","South East",10.977
"2023-03-22 12:00:00","South West",11.778
"2023-03-22 12:00:00","Midlands",12.935
"2023-03-22 12:00:00","North East and Yorkshire",11.85
"2023-03-22 12:00:00","East of England",12.105
"2023-03-22 12:00:00","North West",11.37
"2023-03-23 12:00:00","London",11.792
"2023-03-23 12:00:00","South East",10.402
"2023-03-23 12:00:00","South West",9.85
"2023-03-23 12:00:00","Midlands",8.093
"2023-03-23 12:00:00","North East and Yorkshire",7.967
"2023-03-23 12:00:00","East of England",10.496
"2023-03-23 12:00:00","North West",7.294
"2023-03-24 12:00:00","London",10.268
"2023-03-24 12:00:00","South East",9.307
"2023-03-24 12:00:00","South West",9.812
"2023-03-24 12:00:00","Midlands",8.606
"2023-03-24 12:00:00","North East and Yorkshire",7.961
"2023-03-24 12:00:00","East of England",9.318
"2023-03-24 12:00:00","North West",7.825
"2023-03-25 12:00:00","London",13.903
"2023-03-25 12:00:00","South East",12.382
"2023-03-25 12:00:00","South West",11.269
"2023-03-25 12:00:00","Midlands",10.507
"2023-03-25 12:00:00","North East and Yorkshire",8.698
"2023-03-25 12:00:00","East of England",12.413
"2023-03-25 12:00:00","North West",8.19
"2023-03-26 12:00:00","London",10.828
"2023-03-26 12:00:00","South East",9.725
"2023-03-26 12:00:00","South West",9.136
"2023-03-26 12:00:00","Midlands",8.321
"2023-03-26 12:00:00","North East and Yorkshire",6.671
"2023-03-26 12:00:00","East of England",9.373
"2023-03-26 12:00:00","North West",6.514
"2023-03-27 12:00:00","London",11.206
"2023-03-27 12:00:00","South East",10.212
"2023-03-27 12:00:00","South West",10.588
"2023-03-27 12:00:00","Midlands",10.162
"2023-03-27 12:00:00","North East and Yorkshire",9.107
"2023-03-27 12:00:00","East of England",10.143
"2023-03-27 12:00:00","North West",8.647
"2023-03-28 12:00:00","London",13.045
"2023-03-28 12:00:00","South East",11.868
"2023-03-28 12:00:00","South West",13.374
"2023-03-28 12:00:00","Midlands",15.683
"2023-03-28 12:00:00","North East and Yorkshire",14.42
"2023-03-28 12:00:00","East of England",14.119
"2023-03-28 12:00:00","North West",12.988
"2023-03-29 12:00:00","London",17.49
"2023-03-29 12:00:00","South East",15.546
"2023-03-29 12:00:00","South West",14.138
"2023-03-29 12:00:00","Midlands",14.247
"2023-03-29 12:00:00","North East and Yorkshire",10.951
"2023-03-29 12:00:00","East of England",15.974
"2023-03-29 12:00:00","North West",11.27
"2023-03-30 12:00:00","London",16.55
"2023-03-30 12:00:00","South East",13.96
"2023-03-30 12:00:00","South West",12.576
"2023-03-30 12:00:00","Midlands",13.349
"2023-03-30 12:00:00","North East and Yorkshire",11.471
"2023-03-30 12:00:00","East of England",14.925
"2023-03-30 12:00:00","North West",10.359
"2023-03-31 12:00:00","London",12.212
"2023-03-31 12:00:00","South East",11.223
"2023-03-31 12:00:00","South West",11.632
"2023-03-31 12:00:00","Midlands",12.179
"2023-03-31 12:00:00","North East and Yorkshire",10.96
"2023-03-31 12:00:00","East of England",11.775
"2023-03-31 12:00:00","North West",9.906
"2023-04-01 12:00:00","London",11.121
"2023-04-01 12:00:00","South East",9.657
"2023-04-01 12:00:00","South West",9.566
"2023-04-01 12:00:00","Midlands",9.568
"2023-04-01 12:00:00","North East and Yorkshire",9.16
"2023-04-01 12:00:00","East of England",10.18
"2023-04-01 12:00:00","North West",8.063
"2023-04-02 12:00:00","London",13.39
"2023-04-02 12:00:00","South East",12.188
"2023-04-02 12:00:00","South West",11.851
"2023-04-02 12:00:00","Midlands",12.199
"2023-04-02 12:00:00","North East and Yorkshire",11.749
"2023-04-02 12:00:00","East of England",12.218
"2023-04-02 12:00:00","North West",10.418
"2023-04-03 12:00:00","London",12.364
"2023-04-03 12:00:00","South East",10.971
"2023-04-03 12:00:00","South West",10.166
"2023-04-03 12:00:00","Midlands",10.186
"2023-04-03 12:00:00","North East and Yorkshire",8.45
"2023-04-03 12:00:00","East of England",11.488
"2023-04-03 12:00:00","North West",8.522
"2023-04-04 12:00:00","London",19.256
"2023-04-04 12:00:00","South East",16.517
"2023-04-04 12:00:00","South West",13.718
"2023-04-04 12:00:00","Midlands",18.576
"2023-04-04 12:00:00","North East and Yorkshire",18.434
"2023-04-04 12:00:00","East of England",18.059
"2023-04-04 12:00:00","North West",16.902
"2023-04-05 12:00:00","London",19.769
"2023-04-05 12:00:00","South East",16.993
"2023-04-05 12:00:00","South West",14.344
"2023-04-05 12:00:00","Midlands",18.35
"2023-04-05 12:00:00","North East and Yorkshire",17.366
"2023-04-05 12:00:00","East of England",19.795
"2023-04-05 12:00:00","North West",17.334
"2023-04-06 12:00:00","London",16.366
"2023-04-06 12:00:00","South East",14.057
"2023-04-06 12:00:00","South West",11.862
"2023-04-06 12:00:00","Midlands",17.987
"2023-04-06 12:00:00","North East and Yorkshire",16.54
"2023-04-06 12:00:00","East of England",17.814
"2023-04-06 12:00:00","North West",18.691
"2023-04-07 12:00:00","London",13.706
"2023-04-07 12:00:00","South East",12.951
"2023-04-07 12:00:00","South West",13.229
"2023-04-07 12:00:00","Midlands",12.428
"2023-04-07 12:00:00","North East and Yorkshire",14.361
"2023-04-07 12:00:00","East of England",12.336
"2023-04-07 12:00:00","North West",12.377
"2023-04-08 12:00:00","London",17.669
"2023-04-08 12:00:00","South East",15.886
"2023-04-08 12:00:00","South West",15.8
"2023-04-08 12:00:00","Midlands",16.954
"2023-04-08 12:00:00","North East and Yorkshire",13.967
"2023-04-08 12:00:00","East of England",17.259
"2023-04-08 12:00:00","North West",12.745
"2023-04-09 12:00:00","London",18.68
"2023-04-09 12:00:00","South East",15.626
"2023-04-09 12:00:00","South West",14.606
"2023-04-09 12:00:00","Midlands",18.969
"2023-04-09 12:00:00","North East and Yorkshire",17.154
"2023-04-09 12:00:00","East of England",18.447
"2023-04-09 12:00:00","North West",16.993
"2023-04-10 12:00:00","London",15.887
"2023-04-10 12:00:00","South East",14.464
"2023-04-10 12:00:00","South West",16.384
"2023-04-10 12:00:00","Midlands",19.128
"2023-04-10 12:00:00","North East and Yorkshire",17.955
"2023-04-10 12:00:00","East of England",16.539
"2023-04-10 12:00:00","North West",15.998
"2023-04-11 12:00:00","London",8.077
"2023-04-11 12:00:00","South East",7.117
"2023-04-11 12:00:00","South West",7.666
"2023-04-11 12:00:00","Midlands",7.062
"2023-04-11 12:00:00","North East and Yorkshire",6.004
"2023-04-11 12:00:00","East of England",7.014
"2023-04-11 12:00:00","North West",6.086
"2023-04-12 12:00:00","London",7.515
"2023-04-12 12:00:00","South East",6.723
"2023-04-12 12:00:00","South West",7.605
"2023-04-12 12:00:00","Midlands",8.127
"2023-04-12 12:00:00","North East and Yorkshire",8.13
"2023-04-12 12:00:00","East of England",7.348
"2023-04-12 12:00:00","North West",7.508
"2023-04-13 12:00:00","London",12.695
"2023-04-13 12:00:00","South East",10.789
"2023-04-13 12:00:00","South West",10.943
"2023-04-13 12:00:00","Midlands",12.367
"2023-04-13 12:00:00","North East and Yorkshire",10.832
"2023-04-13 12:00:00","East of England",12.69
"2023-04-13 12:00:00","North West",9.725
"2023-04-14 12:00:00","London",14.066
"2023-04-14 12:00:00","South East",11.96
"2023-04-14 12:00:00","South West",11.089
"2023-04-14 12:00:00","Midlands",9.164
"2023-04-14 12:00:00","North East and Yorkshire",9.975
"2023-04-14 12:00:00","East of England",11.743
"2023-04-14 12:00:00","North West",8.873
"2023-04-15 12:00:00","London",8.051
"2023-04-15 12:00:00","South East",7.029
"2023-04-15 12:00:00","South West",9.561
"2023-04-15 12:00:00","Midlands",8.147
"2023-04-15 12:00:00","North East and Yorkshire",7.975
"2023-04-15 12:00:00","East of England",7.389
"2023-04-15 12:00:00","North West",7.45
"2023-04-16 12:00:00","London",9.516
"2023-04-16 12:00:00","South East",8.388
"2023-04-16 12:00:00","South West",9.097
"2023-04-16 12:00:00","Midlands",8.378
"2023-04-16 12:00:00","North East and Yorkshire",7.496
"2023-04-16 12:00:00","East of England",8.513
"2023-04-16 12:00:00","North West",7.322
"2023-04-17 12:00:00","London",10.299
"2023-04-17 12:00:00","South East",9.07
"2023-04-17 12:00:00","South West",10.26
"2023-04-17 12:00:00","Midlands",9.894
"2023-04-17 12:00:00","North East and Yorkshire",9.472
"2023-04-17 12:00:00","East of England",9.528
"2023-04-17 12:00:00","North West",8.682
"2023-04-18 12:00:00","London",15.797
"2023-04-18 12:00:00","South East",14.549
"2023-04-18 12:00:00","South West",14.819
"2023-04-18 12:00:00","Midlands",14.154
"2023-04-18 12:00:00","North East and Yorkshire",11.785
"2023-04-18 12:00:00","East of England",14.057
"2023-04-18 12:00:00","North West",13.055
"2023-04-19 12:00:00","London",11.423
"2023-04-19 12:00:00","South East",10.821
"2023-04-19 12:00:00","South West",11.353
"2023-04-19 12:00:00","Midlands",10.659
"2023-04-19 12:00:00","North East and Yorkshire",9.535
"2023-04-19 12:00:00","East of England",10.836
"2023-04-19 12:00:00","North West",10.843
"2023-04-20 12:00:00","London",13.842
"2023-04-20 12:00:00","South East",12.633
"2023-04-20 12:00:00","South West",12.987
"2023-04-20 12:00:00","Midlands",10.164
"2023-04-20 12:00:00","North East and Yorkshire",9.485
"2023-04-20 12:00:00","East of England",12.369
"2023-04-20 12:00:00","North West",9.51
"2023-04-21 12:00:00","London",11.34
"2023-04-21 12:00:00","South East",11.478
"2023-04-21 12:00:00","South West",13.553
"2023-04-21 12:00:00","Midlands",13.191
"2023-04-21 12:00:00","North East and Yorkshire",13.955
"2023-04-21 12:00:00","East of England",10.936
"2023-04-21 12:00:00","North West",13.41
"2023-04-22 12:00:00","London",17.856
"2023-04-22 12:00:00","South East",15.38
"2023-04-22 12:00:00","South West",14.402
"2023-04-22 12:00:00","Midlands",16.965
"2023-04-22 12:00:00","North East and Yorkshire",16.658
"2023-04-22 12:00:00","East of England",16.631
"2023-04-22 12:00:00","North West",14.493
"2023-04-23 12:00:00","London",15.185
"2023-04-23 12:00:00","South East",12.844
"2023-04-23 12:00:00","South West",10.837
"2023-04-23 12:00:00","Midlands",12.858
"2023-04-23 12:00:00","North East and Yorkshire",13.859
"2023-04-23 12:00:00","East of England",14.838
"2023-04-23 12:00:00","North West",12.26
"2023-04-24 12:00:00","London",16.904
"2023-04-24 12:00:00","South East",14.533
"2023-04-24 12:00:00","South West",13.562
"2023-04-24 12:00:00","Midlands",15.134
"2023-04-24 12:00:00","North East and Yorkshire",14.246
"2023-04-24 12:00:00","East of England",16.335
"2023-04-24 12:00:00","North West",13.468
"2023-04-25 12:00:00","London",20.694
"2023-04-25 12:00:00","South East",19.156
"2023-04-25 12:00:00","South West",19.232
"2023-04-25 12:00:00","Midlands",18.81
"2023-04-25 12:00:00","North East and Yorkshire",15.821
"2023-04-25 12:00:00","East of England",18.821
"2023-04-25 12:00:00","North West",17.725
"2023-04-26 12:00:00","London",18.575
"2023-04-26 12:00:00","South East",15.584
"2023-04-26 12:00:00","South West",13.179
"2023-04-26 12:00:00","Midlands",17.979
"2023-04-26 12:00:00","North East and Yorkshire",17.047
"2023-04-26 12:00:00","East of England",19.233
"2023-04-26 12:00:00","North West",16.81
"2023-04-27 12:00:00","London",16.616
"2023-04-27 12:00:00","South East",14.346
"2023-04-27 12:00:00","South West",13.342
"2023-04-27 12:00:00","Midlands",14.607
"2023-04-27 12:00:00","North East and Yorkshire",13.679
"2023-04-27 12:00:00","East of England",15.973
"2023-04-27 12:00:00","North West",13.616
"2023-04-28 12:00:00","London",16.896
"2023-04-28 12:00:00","South East",14.49
"2023-04-28 12:00:00","South West",12.571
"2023-04-28 12:00:00","Midlands",14.004
"2023-04-28 12:00:00","North East and Yorkshire",13.874
"2023-04-28 12:00:00","East of England",16.666
"2023-04-28 12:00:00","North West",11.127
"2023-04-29 12:00:00","London",12.613
"2023-04-29 12:00:00","South East",11.883
"2023-04-29 12:00:00","South West",11.503
"2023-04-29 12:00:00","Midlands",10.41
"2023-04-29 12:00:00","North East and Yorkshire",10.564
"2023-04-29 12:00:00","East of England",11.129
"2023-04-29 12:00:00","North West",9.309
"2023-04-30 12:00:00","London",14.087
"2023-04-30 12:00:00","South East",13.302
"2023-04-30 12:00:00","South West",13.23
"2023-04-30 12:00:00","Midlands",14.07
"2023-04-30 12:00:00","North East and Yorkshire",13.354
"2023-04-30 12:00:00","East of England",12.756
"2023-04-30 12:00:00","North West",12.902
"2023-05-01 12:00:00","London",15.169
"2023-05-01 12:00:00","South East",14.049
"2023-05-01 12:00:00","South West",14.277
"2023-05-01 12:00:00","Midlands",14.333
"2023-05-01 12:00:00","North East and Yorkshire",13.828
"2023-05-01 12:00:00","East of England",13.69
"2023-05-01 12:00:00","North West",13.904
"2023-05-02 12:00:00","London",15.157
"2023-05-02 12:00:00","South East",14.459
"2023-05-02 12:00:00","South West",15.474
"2023-05-02 12:00:00","Midlands",14.102
"2023-05-02 12:00:00","North East and Yorkshire",12.714
"2023-05-02 12:00:00","East of England",14.239
"2023-05-02 12:00:00","North West",12.922
"2023-05-03 12:00:00","London",18.284
"2023-05-03 12:00:00","South East",16.477
"2023-05-03 12:00:00","South West",16.445
"2023-05-03 12:00:00","Midlands",15.878
"2023-05-03 12:00:00","North East and Yorkshire",16.278
"2023-05-03 12:00:00","East of England",16.643
"2023-05-03 12:00:00","North West",12.89
"2023-05-04 12:00:00","London",19.83
"2023-05-04 12:00:00","South East",17.977
"2023-05-04 12:00:00","South West",18.169
"2023-05-04 12:00:00","Midlands",19.2
"2023-05-04 12:00:00","North East and Yorkshire",17.28
"2023-05-04 12:00:00","East of England",18.562
"2023-05-04 12:00:00","North West",15.839
"2023-05-05 12:00:00","London",22.844
"2023-05-05 12:00:00","South East",19.406
"2023-05-05 12:00:00","South West",16.364
"2023-05-05 12:00:00","Midlands",17.307
"2023-05-05 12:00:00","North East and Yorkshire",16.31
"2023-05-05 12:00:00","East of England",21.229
"2023-05-05 12:00:00","North West",14.292
"2023-05-06 12:00:00","London",19.367
"2023-05-06 12:00:00","South East",17.821
"2023-05-06 12:00:00","South West",18.921
"2023-05-06 12:00:00","Midlands",18.125
"2023-05-06 12:00:00","North East and Yorkshire",14.392
"2023-05-06 12:00:00","East of England",17.859
"2023-05-06 12:00:00","North West",15.145
"2023-05-07 12:00:00","London",19.037
"2023-05-07 12:00:00","South East",17.534
"2023-05-07 12:00:00","South West",17.657
"2023-05-07 12:00:00","Midlands",18.347
"2023-05-07 12:00:00","North East and Yorkshire",16.825
"2023-05-07 12:00:00","East of England",17.074
"2023-05-07 12:00:00","North West",16.513
"2023-05-08 12:00:00","London",22.16
"2023-05-08 12:00:00","South East",19.425
"2023-05-08 12:00:00","South West",18.676
"2023-05-08 12:00:00","Midlands",19.613
"2023-05-08 12:00:00","North East and Yorkshire",18.233
"2023-05-08 12:00:00","East of England",21.303
"2023-05-08 12:00:00","North West",16.09
"2023-05-09 12:00:00","London",17.812
"2023-05-09 12:00:00","South East",15.976
"2023-05-09 12:00:00","South West",15.79
"2023-05-09 12:00:00","Midlands",18.142
"2023-05-09 12:00:00","North East and Yorkshire",17.201
"2023-05-09 12:00:00","East of England",17.231
"2023-05-09 12:00:00","North West",16.224
"2023-05-10 12:00:00","London",20.598
"2023-05-10 12:00:00","South East",18.056
"2023-05-10 12:00:00","South West",17.054
"2023-05-10 12:00:00","Midlands",17.591
"2023-05-10 12:00:00","North East and Yorkshire",17.748
"2023-05-10 12:00:00","East of England",19.657
"2023-05-10 12:00:00","North West",14.751
"2023-05-11 12:00:00","London",18.666
"2023-05-11 12:00:00","South East",16.763
"2023-05-11 12:00:00","South West",16.648
"2023-05-11 12:00:00","Midlands",17.287
"2023-05-11 12:00:00","North East and Yorkshire",15.352
"2023-05-11 12:00:00","East of England",16.921
"2023-05-11 12:00:00","North West",15.816
"2023-05-12 12:00:00","London",14.654
"2023-05-12 12:00:00","South East",14.227
"2023-05-12 12:00:00","South West",17.287
"2023-05-12 12:00:00","Midlands",15.967
"2023-05-12 12:00:00","North East and Yorkshire",15.462
"2023-05-12 12:00:00","East of England",13.73
"2023-05-12 12:00:00","North West",15.771
"2023-05-13 12:00:00","London",16.778
"2023-05-13 12:00:00","South East",16.113
"2023-05-13 12:00:00","South West",17.713
"2023-05-13 12:00:00","Midlands",17.125
"2023-05-13 12:00:00","North East and Yorkshire",16.91
"2023-05-13 12:00:00","East of England",15.882
"2023-05-13 12:00:00","North West",16.626
"2023-05-14 12:00:00","London",23.146
"2023-05-14 12:00:00","South East",20.744
"2023-05-14 12:00:00","South West",21.278
"2023-05-14 12:00:00","Midlands",21.412
"2023-05-14 12:00:00","North East and Yorkshire",19.866
"2023-05-14 12:00:00","East of England",21.012
"2023-05-14 12:00:00","North West",16.375
"2023-05-15 12:00:00","London",20.875
"2023-05-15 12:00:00","South East",19.113
"2023-05-15 12:00:00","South West",19.466
"2023-05-15 12:00:00","Midlands",18.649
"2023-05-15 12:00:00","North East and Yorkshire",19.085
"2023-05-15 12:00:00","East of England",19.67
"2023-05-15 12:00:00","North West",15.434
"2023-05-16 12:00:00","London",14.744
"2023-05-16 12:00:00","South East",13.59
"2023-05-16 12:00:00","South West",17.228
"2023-05-16 12:00:00","Midlands",16.595
"2023-05-16 12:00:00","North East and Yorkshire",16.589
"2023-05-16 12:00:00","East of England",16.145
"2023-05-16 12:00:00","North West",17.43
"2023-05-17 12:00:00","London",15.59
"2023-05-17 12:00:00","South East",14.895
"2023-05-17 12:00:00","South West",15.553
"2023-05-17 12:00:00","Midlands",14.688
"2023-05-17 12:00:00","North East and Yorkshire",13.555
"2023-05-17 12:00:00","East of England",16.394
"2023-05-17 12:00:00","North West",12.888
"2023-05-18 12:00:00","London",18.873
"2023-05-18 12:00:00","South East",16.684
"2023-05-18 12:00:00","South West",14.295
"2023-05-18 12:00:00","Midlands",13.747
"2023-05-18 12:00:00","North East and Yorkshire",13.966
"2023-05-18 12:00:00","East of England",16.932
"2023-05-18 12:00:00","North West",11.141
"2023-05-19 12:00:00","London",18.791
"2023-05-19 12:00:00","South East",16.589
"2023-05-19 12:00:00","South West",15.622
"2023-05-19 12:00:00","Midlands",16.051
"2023-05-19 12:00:00","North East and Yorkshire",15.827
"2023-05-19 12:00:00","East of England",17.833
"2023-05-19 12:00:00","North West",14.164
"2023-05-20 12:00:00","London",20.82
"2023-05-20 12:00:00","South East",18.319
"2023-05-20 12:00:00","South West",17.231
"2023-05-20 12:00:00","Midlands",18.911
"2023-05-20 12:00:00","North East and Yorkshire",17.229
"2023-05-20 12:00:00","East of England",17.697
"2023-05-20 12:00:00","North West",17.431
"2023-05-21 12:00:00","London",20.106
"2023-05-21 12:00:00","South East",17.537
"2023-05-21 12:00:00","South West",16.648
"2023-05-21 12:00:00","Midlands",18.347
"2023-05-21 12:00:00","North East and Yorkshire",16.835
"2023-05-21 12:00:00","East of England",19.684
"2023-05-21 12:00:00","North West",16.191
"2023-05-22 12:00:00","London",17.716
"2023-05-22 12:00:00","South East",15.626
"2023-05-22 12:00:00","South West",15.73
"2023-05-22 12:00:00","Midlands",16.831
"2023-05-22 12:00:00","North East and Yorkshire",16.597
"2023-05-22 12:00:00","East of England",17.481
"2023-05-22 12:00:00","North West",14.449
"2023-05-23 12:00:00","London",14.364
"2023-05-23 12:00:00","South East",12.897
"2023-05-23 12:00:00","South West",11.998
"2023-05-23 12:00:00","Midlands",10.559
"2023-05-23 12:00:00","North East and Yorkshire",9.045
"2023-05-23 12:00:00","East of England",12.227
"2023-05-23 12:00:00","North West",8.568
"2023-05-24 12:00:00","London",13.508
"2023-05-24 12:00:00","South East",11.799
"2023-05-24 12:00:00","South West",11.036
"2023-05-24 12:00:00","Midlands",10.392
"2023-05-24 12:00:00","North East and Yorkshire",11.038
"2023-05-24 12:00:00","East of England",12.133
"2023-05-24 12:00:00","North West",9.636
"2023-05-25 12:00:00","London",12.693
"2023-05-25 12:00:00","South East",11.379
"2023-05-25 12:00:00","South West",11.969
"2023-05-25 12:00:00","Midlands",11.47
"2023-05-25 12:00:00","North East and Yorkshire",10.393
"2023-05-25 12:00:00","East of England",11.218
"2023-05-25 12:00:00","North West",9.243
"2023-05-26 12:00:00","London",14.723
"2023-05-26 12:00:00","South East",12.95
"2023-05-26 12:00:00","South West",13.037
"2023-05-26 12:00:00","Midlands",13.29
"2023-05-26 12:00:00","North East and Yorkshire",11.824
"2023-05-26 12:00:00","East of England",13.793
"2023-05-26 12:00:00","North West",10.963
"2023-05-27 12:00:00","London",17.973
"2023-05-27 12:00:00","South East",15.085
"2023-05-27 12:00:00","South West",13.185
"2023-05-27 12:00:00","Midlands",14.745
"2023-05-27 12:00:00","North East and Yorkshire",14.676
"2023-05-27 12:00:00","East of England",16.507
"2023-05-27 12:00:00","North West",13.551
"2023-05-28 12:00:00","London",20.501
"2023-05-28 12:00:00","South East",17.025
"2023-05-28 12:00:00","South West",15.328
"2023-05-28 12:00:00","Midlands",18.477
"2023-05-28 12:00:00","North East and Yorkshire",17.155
"2023-05-28 12:00:00","East of England",19.942
"2023-05-28 12:00:00","North West",14.864
"2023-05-29 12:00:00","London",17.017
"2023-05-29 12:00:00","South East",14.671
"2023-05-29 12:00:00","South West",14.024
"2023-05-29 12:00:00","Midlands",15.622
"2023-05-29 12:00:00","North East and Yorkshire",15.751
"2023-05-29 12:00:00","East of England",16.574
"2023-05-29 12:00:00","North West",14.444
"2023-05-30 12:00:00","London",16.661
"2023-05-30 12:00:00","South East",14.557
"2023-05-30 12:00:00","South West",14.264
"2023-05-30 12:00:00","Midlands",15.65
"2023-05-30 12:00:00","North East and Yorkshire",15.863
"2023-05-30 12:00:00","East of England",16.114
"2023-05-30 12:00:00","North West",14.225
"2023-05-31 12:00:00","London",17.974
"2023-05-31 12:00:00","South East",15.943
"2023-05-31 12:00:00","South West",15.11
"2023-05-31 12:00:00","Midlands",16.166
"2023-05-31 12:00:00","North East and Yorkshire",15.33
"2023-05-31 12:00:00","East of England",16.798
"2023-05-31 12:00:00","North West",13.873
"2023-06-01 12:00:00","London",14.324
"2023-06-01 12:00:00","South East",12.98
"2023-06-01 12:00:00","South West",12.955
"2023-06-01 12:00:00","Midlands",12.757
"2023-06-01 12:00:00","North East and Yorkshire",11.459
"2023-06-01 12:00:00","East of England",13.627
"2023-06-01 12:00:00","North West",10.891
"2023-06-02 12:00:00","London",13.064
"2023-06-02 12:00:00","South East",11.685
"2023-06-02 12:00:00","South West",11.282
"2023-06-02 12:00:00","Midlands",11.777
"2023-06-02 12:00:00","North East and Yorkshire",12.765
"2023-06-02 12:00:00","East of England",12.423
"2023-06-02 12:00:00","North West",11.436
"2023-06-03 12:00:00","London",14.979
"2023-06-03 12:00:00","South East",13.242
"2023-06-03 12:00:00","South West",13.097
"2023-06-03 12:00:00","Midlands",12.548
"2023-06-03 12:00:00","North East and Yorkshire",11.643
"2023-06-03 12:00:00","East of England",13.082
"2023-06-03 12:00:00","North West",11.194
"2023-06-04 12:00:00","London",13.742
"2023-06-04 12:00:00","South East",12.202
"2023-06-04 12:00:00","South West",11.594
"2023-06-04 12:00:00","Midlands",13.33
"2023-06-04 12:00:00","North East and Yorkshire",13.011
"2023-06-04 12:00:00","East of England",13.392
"2023-06-04 12:00:00","North West",11.476
"2023-06-05 12:00:00","London",14.084
"2023-06-05 12:00:00","South East",12.435
"2023-06-05 12:00:00","South West",12.203
"2023-06-05 12:00:00","Midlands",12.877
"2023-06-05 12:00:00","North East and Yorkshire",14.756
"2023-06-05 12:00:00","East of England",14.119
"2023-06-05 12:00:00","North West",12
"2023-06-06 12:00:00","London",22.087
"2023-06-06 12:00:00","South East",20.365
"2023-06-06 12:00:00","South West",19.858
"2023-06-06 12:00:00","Midlands",19.004
"2023-06-06 12:00:00","North East and Yorkshire",18.851
"2023-06-06 12:00:00","East of England",20.651
"2023-06-06 12:00:00","North West",16.722
"2023-06-07 12:00:00","London",22.96
"2023-06-07 12:00:00","South East",20.775
"2023-06-07 12:00:00","South West",20.754
"2023-06-07 12:00:00","Midlands",21.599
"2023-06-07 12:00:00","North East and Yorkshire",20.745
"2023-06-07 12:00:00","East of England",21.386
"2023-06-07 12:00:00","North West",18.827
"2023-06-08 12:00:00","London",26.004
"2023-06-08 12:00:00","South East",23.055
"2023-06-08 12:00:00","South West",22.815
"2023-06-08 12:00:00","Midlands",24.155
"2023-06-08 12:00:00","North East and Yorkshire",21.142
"2023-06-08 12:00:00","East of England",24.412
"2023-06-08 12:00:00","North West",18.966
"2023-06-09 12:00:00","London",26.35
"2023-06-09 12:00:00","South East",23.823
"2023-06-09 12:00:00","South West",23.034
"2023-06-09 12:00:00","Midlands",24.308
"2023-06-09 12:00:00","North East and Yorkshire",21.051
"2023-06-09 12:00:00","East of England",25.216
"2023-06-09 12:00:00","North West",19.1
"2023-06-10 12:00:00","London",23.371
"2023-06-10 12:00:00","South East",22.237
"2023-06-10 12:00:00","South West",21.981
"2023-06-10 12:00:00","Midlands",18.633
"2023-06-10 12:00:00","North East and Yorkshire",19.798
"2023-06-10 12:00:00","East of England",20.264
"2023-06-10 12:00:00","North West",17.033
"2023-06-11 12:00:00","London",21.425
"2023-06-11 12:00:00","South East",19.302
"2023-06-11 12:00:00","South West",21.121
"2023-06-11 12:00:00","Midlands",21.389
"2023-06-11 12:00:00","North East and Yorkshire",18.787
"2023-06-11 12:00:00","East of England",20.439
"2023-06-11 12:00:00","North West",18.081
"2023-06-12 12:00:00","London",22.847
"2023-06-12 12:00:00","South East",20.609
"2023-06-12 12:00:00","South West",21.137
"2023-06-12 12:00:00","Midlands",20.84
"2023-06-12 12:00:00","North East and Yorkshire",18.722
"2023-06-12 12:00:00","East of England",20.662
"2023-06-12 12:00:00","North West",18.605
"2023-06-13 12:00:00","London",25.109
"2023-06-13 12:00:00","South East",22.282
"2023-06-13 12:00:00","South West",22.102
"2023-06-13 12:00:00","Midlands",24.88
"2023-06-13 12:00:00","North East and Yorkshire",22.924
"2023-06-13 12:00:00","East of England",23.662
"2023-06-13 12:00:00","North West",20.826
"2023-06-14 12:00:00","London",26.53
"2023-06-14 12:00:00","South East",24.115
"2023-06-14 12:00:00","South West",24.492
"2023-06-14 12:00:00","Midlands",26.066
"2023-06-14 12:00:00","North East and Yorkshire",23.878
"2023-06-14 12:00:00","East of England",25.03
"2023-06-14 12:00:00","North West",20.649
"2023-06-15 12:00:00","London",25.252
"2023-06-15 12:00:00","South East",22.246
"2023-06-15 12:00:00","South West",22.023
"2023-06-15 12:00:00","Midlands",25.01
"2023-06-15 12:00:00","North East and Yorkshire",25.61
"2023-06-15 12:00:00","East of England",24.317
"2023-06-15 12:00:00","North West",24.092
"2023-06-16 12:00:00","London",22.118
"2023-06-16 12:00:00","South East",19.835
"2023-06-16 12:00:00","South West",18.302
"2023-06-16 12:00:00","Midlands",20.975
"2023-06-16 12:00:00","North East and Yorkshire",22.55
"2023-06-16 12:00:00","East of England",22.438
"2023-06-16 12:00:00","North West",18.625
"2023-06-17 12:00:00","London",20.96
"2023-06-17 12:00:00","South East",18.482
"2023-06-17 12:00:00","South West",17.49
"2023-06-17 12:00:00","Midlands",19.967
"2023-06-17 12:00:00","North East and Yorkshire",20.505
"2023-06-17 12:00:00","East of England",20.681
"2023-06-17 12:00:00","North West",17.885
"2023-06-18 12:00:00","London",21.844
"2023-06-18 12:00:00","South East",18.917
"2023-06-18 12:00:00","South West",18.25
"2023-06-18 12:00:00","Midlands",20.786
"2023-06-18 12:00:00","North East and Yorkshire",20.715
"2023-06-18 12:00:00","East of England",21.726
"2023-06-18 12:00:00","North West",17.564
"2023-06-19 12:00:00","London",20.56
"2023-06-19 12:00:00","South East",18.178
"2023-06-19 12:00:00","South West",17.706
"2023-06-19 12:00:00","Midlands",19.177
"2023-06-19 12:00:00","North East and Yorkshire",17.979
"2023-06-19 12:00:00","East of England",20.376
"2023-06-19 12:00:00","North West",15.963
"2023-06-20 12:00:00","London",18.211
"2023-06-20 12:00:00","South East",16.879
"2023-06-20 12:00:00","South West",17.389
"2023-06-20 12:00:00","Midlands",18.398
"2023-06-20 12:00:00","North East and Yorkshire",19.092
"2023-06-20 12:00:00","East of England",17.121
"2023-06-20 12:00:00","North West",16.271
"2023-06-21 12:00:00","London",21.308
"2023-06-21 12:00:00","South East",19.464
"2023-06-21 12:00:00","South West",19.747
"2023-06-21 12:00:00","Midlands",19.94
"2023-06-21 12:00:00","North East and Yorkshire",19.597
"2023-06-21 12:00:00","East of England",19.639
"2023-06-21 12:00:00","North West",16.047
"2023-06-22 12:00:00","London",17.994
"2023-06-22 12:00:00","South East",17.564
"2023-06-22 12:00:00","South West",19.437
"2023-06-22 12:00:00","Midlands",19.043
"2023-06-22 12:00:00","North East and Yorkshire",18.288
"2023-06-22 12:00:00","East of England",16.418
"2023-06-22 12:00:00","North West",17.129
"2023-06-23 12:00:00","London",19.386
"2023-06-23 12:00:00","South East",17.668
"2023-06-23 12:00:00","South West",19.046
"2023-06-23 12:00:00","Midlands",19.785
"2023-06-23 12:00:00","North East and Yorkshire",20.23
"2023-06-23 12:00:00","East of England",17.648
"2023-06-23 12:00:00","North West",18.817
"2023-06-24 12:00:00","London",20.859
"2023-06-24 12:00:00","South East",18.713
"2023-06-24 12:00:00","South West",19.726
"2023-06-24 12:00:00","Midlands",21.354
"2023-06-24 12:00:00","North East and Yorkshire",21.454
"2023-06-24 12:00:00","East of England",18.809
"2023-06-24 12:00:00","North West",19.546
"2023-06-25 12:00:00","London",21.904
"2023-06-25 12:00:00","South East",19.933
"2023-06-25 12:00:00","South West",20.948
"2023-06-25 12:00:00","Midlands",19.694
"2023-06-25 12:00:00","North East and Yorkshire",15.834
"2023-06-25 12:00:00","East of England",19.977
"2023-06-25 12:00:00","North West",16.963
"2023-06-26 12:00:00","London",17.653
"2023-06-26 12:00:00","South East",16.282
"2023-06-26 12:00:00","South West",17.442
"2023-06-26 12:00:00","Midlands",17.027
"2023-06-26 12:00:00","North East and Yorkshire",17.136
"2023-06-26 12:00:00","East of England",16.123
"2023-06-26 12:00:00","North West",17.257
"2023-06-27 12:00:00","London",28.863
"2023-06-27 12:00:00","South East",26.115
"2023-06-27 12:00:00","South West",24.484
"2023-06-27 12:00:00","Midlands",27.321
"2023-06-27 12:00:00","North East and Yorkshire",24.327
"2023-06-27 12:00:00","East of England",26.788
"2023-06-27 12:00:00","North West",22.287
"2023-06-28 12:00:00","London",29.058
"2023-06-28 12:00:00","South East",26.352
"2023-06-28 12:00:00","South West",25.098
"2023-06-28 12:00:00","Midlands",27.007
"2023-06-28 12:00:00","North East and Yorkshire",23.998
"2023-06-28 12:00:00","East of England",27.115
"2023-06-28 12:00:00","North West",24.218
"2023-06-29 12:00:00","London",24.544
"2023-06-29 12:00:00","South East",21.486
"2023-06-29 12:00:00","South West",19.501
"2023-06-29 12:00:00","Midlands",21.499
"2023-06-29 12:00:00","North East and Yorkshire",20.296
"2023-06-29 12:00:00","East of England",23.931
"2023-06-29 12:00:00","North West",17.696
"2023-06-30 12:00:00","London",20.912
"2023-06-30 12:00:00","South East",18.65
"2023-06-30 12:00:00","South West",18.058
"2023-06-30 12:00:00","Midlands",18.984
"2023-06-30 12:00:00","North East and Yorkshire",17.373
"2023-06-30 12:00:00","East of England",20.33
"2023-06-30 12:00:00","North West",15.561
"2023-07-01 12:00:00","London",24.55
"2023-07-01 12:00:00","South East",21.787
"2023-07-01 12:00:00","South West",20.506
"2023-07-01 12:00:00","Midlands",21.101
"2023-07-01 12:00:00","North East and Yorkshire",18.087
"2023-07-01 12:00:00","East of England",23.429
"2023-07-01 12:00:00","North West",16.08
"2023-07-02 12:00:00","London",20.64
"2023-07-02 12:00:00","South East",18.734
"2023-07-02 12:00:00","South West",17.867
"2023-07-02 12:00:00","Midlands",16.365
"2023-07-02 12:00:00","North East and Yorkshire",16.311
"2023-07-02 12:00:00","East of England",18.439
"2023-07-02 12:00:00","North West",14.001
"2023-07-03 12:00:00","London",20.343
"2023-07-03 12:00:00","South East",18.636
"2023-07-03 12:00:00","South West",18.691
"2023-07-03 12:00:00","Midlands",16.853
"2023-07-03 12:00:00","North East and Yorkshire",16.453
"2023-07-03 12:00:00","East of England",19.468
"2023-07-03 12:00:00","North West",13.941
"2023-07-04 12:00:00","London",16.654
"2023-07-04 12:00:00","South East",15.301
"2023-07-04 12:00:00","South West",15.666
"2023-07-04 12:00:00","Midlands",14.712
"2023-07-04 12:00:00","North East and Yorkshire",13.448
"2023-07-04 12:00:00","East of England",15.243
"2023-07-04 12:00:00","North West",13.102
"2023-07-05 12:00:00","London",17.082
"2023-07-05 12:00:00","South East",15.852
"2023-07-05 12:00:00","South West",16.114
"2023-07-05 12:00:00","Midlands",16.397
"2023-07-05 12:00:00","North East and Yorkshire",14.92
"2023-07-05 12:00:00","East of England",15.998
"2023-07-05 12:00:00","North West",13.712
"2023-07-06 12:00:00","London",16.994
"2023-07-06 12:00:00","South East",15.329
"2023-07-06 12:00:00","South West",14.318
"2023-07-06 12:00:00","Midlands",15.275
"2023-07-06 12:00:00","North East and Yorkshire",16.073
"2023-07-06 12:00:00","East of England",16.765
"2023-07-06 12:00:00","North West",13.698
"2023-07-07 12:00:00","London",19.42
"2023-07-07 12:00:00","South East",17.206
"2023-07-07 12:00:00","South West",16.618
"2023-07-07 12:00:00","Midlands",18.2
"2023-07-07 12:00:00","North East and Yorkshire",17.302
"2023-07-07 12:00:00","East of England",18.783
"2023-07-07 12:00:00","North West",16.042
"2023-07-08 12:00:00","London",18.141
"2023-07-08 12:00:00","South East",16.309
"2023-07-08 12:00:00","South West",16.032
"2023-07-08 12:00:00","Midlands",15.894
"2023-07-08 12:00:00","North East and Yorkshire",14.821
"2023-07-08 12:00:00","East of England",17.487
"2023-07-08 12:00:00","North West",13.238
"2023-07-09 12:00:00","London",21.112
"2023-07-09 12:00:00","South East",18.542
"2023-07-09 12:00:00","South West",17.84
"2023-07-09 12:00:00","Midlands",19.144
"2023-07-09 12:00:00","North East and Yorkshire",17.795
"2023-07-09 12:00:00","East of England",20.098
"2023-07-09 12:00:00","North West",16.205
"2023-07-10 12:00:00","London",22.486
"2023-07-10 12:00:00","South East",19.777
"2023-07-10 12:00:00","South West",19.213
"2023-07-10 12:00:00","Midlands",19.566
"2023-07-10 12:00:00","North East and Yorkshire",18.316
"2023-07-10 12:00:00","East of England",21.595
"2023-07-10 12:00:00","North West",16.635
"2023-07-11 12:00:00","London",18.142
"2023-07-11 12:00:00","South East",17.066
"2023-07-11 12:00:00","South West",17.727
"2023-07-11 12:00:00","Midlands",18.353
"2023-07-11 12:00:00","North East and Yorkshire",19.738
"2023-07-11 12:00:00","East of England",18.358
"2023-07-11 12:00:00","North West",17.272
"2023-07-12 12:00:00","London",24.422
"2023-07-12 12:00:00","South East",22.149
"2023-07-12 12:00:00","South West",22.249
"2023-07-12 12:00:00","Midlands",23.723
"2023-07-12 12:00:00","North East and Yorkshire",21.837
"2023-07-12 12:00:00","East of England",23.775
"2023-07-12 12:00:00","North West",21.012
"2023-07-13 12:00:00","London",26.602
"2023-07-13 12:00:00","South East",23.661
"2023-07-13 12:00:00","South West",23.206
"2023-07-13 12:00:00","Midlands",26.794
"2023-07-13 12:00:00","North East and Yorkshire",26.019
"2023-07-13 12:00:00","East of England",26.344
"2023-07-13 12:00:00","North West",24.71
"2023-07-14 12:00:00","London",24.831
"2023-07-14 12:00:00","South East",22.017
"2023-07-14 12:00:00","South West",21.94
"2023-07-14 12:00:00","Midlands",24.286
"2023-07-14 12:00:00","North East and Yorkshire",23.433
"2023-07-14 12:00:00","East of England",25.302
"2023-07-14 12:00:00","North West",20.846
"2023-07-15 12:00:00","London",22.123
"2023-07-15 12:00:00","South East",19.933
"2023-07-15 12:00:00","South West",19.617
"2023-07-15 12:00:00","Midlands",21.597
"2023-07-15 12:00:00","North East and Yorkshire",21.249
"2023-07-15 12:00:00","East of England",22.568
"2023-07-15 12:00:00","North West",18.716
"2023-07-16 12:00:00","London",22.811
"2023-07-16 12:00:00","South East",20.202
"2023-07-16 12:00:00","South West",19.113
"2023-07-16 12:00:00","Midlands",20.589
"2023-07-16 12:00:00","North East and Yorkshire",20.186
"2023-07-16 12:00:00","East of England",22.584
"2023-07-16 12:00:00","North West",17.714
"2023-07-17 12:00:00","London",22.425
"2023-07-17 12:00:00","South East",19.809
"2023-07-17 12:00:00","South West",19.679
"2023-07-17 12:00:00","Midlands",21.167
"2023-07-17 12:00:00","North East and Yorkshire",19.248
"2023-07-17 12:00:00","East of England",22.824
"2023-07-17 12:00:00","North West",18.383
"2023-07-18 12:00:00","London",30.705
"2023-07-18 12:00:00","South East",27.345
"2023-07-18 12:00:00","South West",27.79
"2023-07-18 12:00:00","Midlands",29.331
"2023-07-18 12:00:00","North East and Yorkshire",26.646
"2023-07-18 12:00:00","East of England",28.217
"2023-07-18 12:00:00","North West",24.709
"2023-07-19 12:00:00","London",29.494
"2023-07-19 12:00:00","South East",26.886
"2023-07-19 12:00:00","South West",27.812
"2023-07-19 12:00:00","Midlands",27.977
"2023-07-19 12:00:00","North East and Yorkshire",24.844
"2023-07-19 12:00:00","East of England",27.489
"2023-07-19 12:00:00","North West",25.2
"2023-07-20 12:00:00","London",28.514
"2023-07-20 12:00:00","South East",25.678
"2023-07-20 12:00:00","South West",26.713
"2023-07-20 12:00:00","Midlands",29.437
"2023-07-20 12:00:00","North East and Yorkshire",25.9
"2023-07-20 12:00:00","East of England",26.798
"2023-07-20 12:00:00","North West",27.11
"2023-07-21 12:00:00","London",23.742
"2023-07-21 12:00:00","South East",22.439
"2023-07-21 12:00:00","South West",23.729
"2023-07-21 12:00:00","Midlands",22.183
"2023-07-21 12:00:00","North East and Yorkshire",20.497
"2023-07-21 12:00:00","East of England",21.34
"2023-07-21 12:00:00","North West",21.294
"2023-07-22 12:00:00","London",23.054
"2023-07-22 12:00:00","South East",21.144
"2023-07-22 12:00:00","South West",19.967
"2023-07-22 12:00:00","Midlands",21.131
"2023-07-22 12:00:00","North East and Yorkshire",18.853
"2023-07-22 12:00:00","East of England",22.287
"2023-07-22 12:00:00","North West",18.993
"2023-07-23 12:00:00","London",21.74
"2023-07-23 12:00:00","South East",20.126
"2023-07-23 12:00:00","South West",21.099
"2023-07-23 12:00:00","Midlands",21.957
"2023-07-23 12:00:00","North East and Yorkshire",21.42
"2023-07-23 12:00:00","East of England",21.918
"2023-07-23 12:00:00","North West",20.689
"2023-07-24 12:00:00","London",24.91
"2023-07-24 12:00:00","South East",22.751
"2023-07-24 12:00:00","South West",23.543
"2023-07-24 12:00:00","Midlands",25.848
"2023-07-24 12:00:00","North East and Yorkshire",24.153
"2023-07-24 12:00:00","East of England",23.925
"2023-07-24 12:00:00","North West",22.03
"2023-07-25 12:00:00","London",22.611
"2023-07-25 12:00:00","South East",20.721
"2023-07-25 12:00:00","South West",20.463
"2023-07-25 12:00:00","Midlands",22.114
"2023-07-25 12:00:00","North East and Yorkshire",21.376
"2023-07-25 12:00:00","East of England",23.075
"2023-07-25 12:00:00","North West",19.168
"2023-07-26 12:00:00","London",22.086
"2023-07-26 12:00:00","South East",20.096
"2023-07-26 12:00:00","South West",18.932
"2023-07-26 12:00:00","Midlands",20.193
"2023-07-26 12:00:00","North East and Yorkshire",18.784
"2023-07-26 12:00:00","East of England",21.495
"2023-07-26 12:00:00","North West",16.902
"2023-07-27 12:00:00","London",21.502
"2023-07-27 12:00:00","South East",19.378
"2023-07-27 12:00:00","South West",19.06
"2023-07-27 12:00:00","Midlands",20.428
"2023-07-27 12:00:00","North East and Yorkshire",19.763
"2023-07-27 12:00:00","East of England",22.26
"2023-07-27 12:00:00","North West",18.184
"2023-07-28 12:00:00","London",24.862
"2023-07-28 12:00:00","South East",22.324
"2023-07-28 12:00:00","South West",20.932
"2023-07-28 12:00:00","Midlands",22.823
"2023-07-28 12:00:00","North East and Yorkshire",20.43
"2023-07-28 12:00:00","East of England",24.445
"2023-07-28 12:00:00","North West",18.69
"2023-07-29 12:00:00","London",24.551
"2023-07-29 12:00:00","South East",22.398
"2023-07-29 12:00:00","South West",21.595
"2023-07-29 12:00:00","Midlands",24.19
"2023-07-29 12:00:00","North East and Yorkshire",21.942
"2023-07-29 12:00:00","East of England",23.592
"2023-07-29 12:00:00","North West",19.541
"2023-07-30 12:00:00","London",28.708
"2023-07-30 12:00:00","South East",26.041
"2023-07-30 12:00:00","South West",25.082
"2023-07-30 12:00:00","Midlands",26.959
"2023-07-30 12:00:00","North East and Yorkshire",24.114
"2023-07-30 12:00:00","East of England",27.033
"2023-07-30 12:00:00","North West",23.528
"2023-07-31 12:00:00","London",32.748
"2023-07-31 12:00:00","South East",28.286
"2023-07-31 12:00:00","South West",23.721
"2023-07-31 12:00:00","Midlands",28.001
"2023-07-31 12:00:00","North East and Yorkshire",25.652
"2023-07-31 12:00:00","East of England",31.744
"2023-07-31 12:00:00","North West",21.834
"2023-08-01 12:00:00","London",28.407
"2023-08-01 12:00:00","South East",25.951
"2023-08-01 12:00:00","South West",26.708
"2023-08-01 12:00:00","Midlands",28.194
"2023-08-01 12:00:00","North East and Yorkshire",26.202
"2023-08-01 12:00:00","East of England",27.147
"2023-08-01 12:00:00","North West",23.357
"2023-08-02 12:00:00","London",29.903
"2023-08-02 12:00:00","South East",27.555
"2023-08-02 12:00:00","South West",28.194
"2023-08-02 12:00:00","Midlands",29.604
"2023-08-02 12:00:00","North East and Yorkshire",28.468
"2023-08-02 12:00:00","East of England",28.221
"2023-08-02 12:00:00","North West",25.927
"2023-08-03 12:00:00","London",32.441
"2023-08-03 12:00:00","South East",29.764
"2023-08-03 12:00:00","South West",30.101
"2023-08-03 12:00:00","Midlands",31.314
"2023-08-03 12:00:00","North East and Yorkshire",29.77
"2023-08-03 12:00:00","East of England",30.796
"2023-08-03 12:00:00","North West",27.459
"2023-08-04 12:00:00","London",32.94
"2023-08-04 12:00:00","South East",30.235
"2023-08-04 12:00:00","South West",30.528
"2023-08-04 12:00:00","Midlands",31.677
"2023-08-04 12:00:00","North East and Yorkshire",28.376
"2023-08-04 12:00:00","East of England",31.236
"2023-08-04 12:00:00","North West",27.611
"2023-08-05 12:00:00","London",33.868
"2023-08-05 12:00:00","South East",30.677
"2023-08-05 12:00:00","South West",30.447
"2023-08-05 12:00:00","Midlands",31.857
"2023-08-05 12:00:00","North East and Yorkshire",27.855
"2023-08-05 12:00:00","East of England",32.198
"2023-08-05 12:00:00","North West",27.757
"2023-08-06 12:00:00","London",33.015
"2023-08-06 12:00:00","South East",30.077
"2023-08-06 12:00:00","South West",30.149
"2023-08-06 12:00:00","Midlands",32.164
"2023-08-06 12:00:00","North East and Yorkshire",28.822
"2023-08-06 12:00:00","East of England",31.788
"2023-08-06 12:00:00","North West",28.488
"2023-08-07 12:00:00","London",29.482
"2023-08-07 12:00:00","South East",25.623
"2023-08-07 12:00:00","South West",24.445
"2023-08-07 12:00:00","Midlands",25.789
"2023-08-07 12:00:00","North East and Yorkshire",24.495
"2023-08-07 12:00:00","East of England",28.859
"2023-08-07 12:00:00","North West",20.733
"2023-08-08 12:00:00","London",22.22
"2023-08-08 12:00:00","South East",20.271
"2023-08-08 12:00:00","South West",20.552
"2023-08-08 12:00:00","Midlands",20.419
"2023-08-08 12:00:00","North East and Yorkshire",18.714
"2023-08-08 12:00:00","East of England",20.984
"2023-08-08 12:00:00","North West",17.038
"2023-08-09 12:00:00","London",22.154
"2023-08-09 12:00:00","South East",20.651
"2023-08-09 12:00:00","South West",19.782
"2023-08-09 12:00:00","Midlands",22.162
"2023-08-09 12:00:00","North East and Yorkshire",21.393
"2023-08-09 12:00:00","East of England",22.09
"2023-08-09 12:00:00","North West",18.979
"2023-08-10 12:00:00","London",23.914
"2023-08-10 12:00:00","South East",22.199
"2023-08-10 12:00:00","South West",21.527
"2023-08-10 12:00:00","Midlands",21.197
"2023-08-10 12:00:00","North East and Yorkshire",19.046
"2023-08-10 12:00:00","East of England",22.388
"2023-08-10 12:00:00","North West",17.26
"2023-08-11 12:00:00","London",27.239
"2023-08-11 12:00:00","South East",24.537
"2023-08-11 12:00:00","South West",23.994
"2023-08-11 12:00:00","Midlands",23.827
"2023-08-11 12:00:00","North East and Yorkshire",20.506
"2023-08-11 12:00:00","East of England",25.042
"2023-08-11 12:00:00","North West",19.702
"2023-08-12 12:00:00","London",26.475
"2023-08-12 12:00:00","South East",23.319
"2023-08-12 12:00:00","South West",22.071
"2023-08-12 12:00:00","Midlands",22.158
"2023-08-12 12:00:00","North East and Yorkshire",21.154
"2023-08-12 12:00:00","East of England",25.669
"2023-08-12 12:00:00","North West",18.238
"2023-08-13 12:00:00","London",26.67
"2023-08-13 12:00:00","South East",23.627
"2023-08-13 12:00:00","South West",22.735
"2023-08-13 12:00:00","Midlands",23.732
"2023-08-13 12:00:00","North East and Yorkshire",20.361
"2023-08-13 12:00:00","East of England",25.349
"2023-08-13 12:00:00","North West",19.178
"2023-08-14 12:00:00","London",27.163
"2023-08-14 12:00:00","South East",24.247
"2023-08-14 12:00:00","South West",23.715
"2023-08-14 12:00:00","Midlands",24.95
"2023-08-14 12:00:00","North East and Yorkshire",22.331
"2023-08-14 12:00:00","East of England",25.511
"2023-08-14 12:00:00","North West",20.522
"2023-08-15 12:00:00","London",26.509
"2023-08-15 12:00:00","South East",23.082
"2023-08-15 12:00:00","South West",22.893
"2023-08-15 12:00:00","Midlands",25.961
"2023-08-15 12:00:00","North East and Yorkshire",24.242
"2023-08-15 12:00:00","East of England",27.475
"2023-08-15 12:00:00","North West",21.122
"2023-08-16 12:00:00","London",27.378
"2023-08-16 12:00:00","South East",23.575
"2023-08-16 12:00:00","South West",22.211
"2023-08-16 12:00:00","Midlands",25.383
"2023-08-16 12:00:00","North East and Yorkshire",22.741
"2023-08-16 12:00:00","East of England",27.4
"2023-08-16 12:00:00","North West",20.189
"2023-08-17 12:00:00","London",24.861
"2023-08-17 12:00:00","South East",22.752
"2023-08-17 12:00:00","South West",20.742
"2023-08-17 12:00:00","Midlands",21.56
"2023-08-17 12:00:00","North East and Yorkshire",20.142
"2023-08-17 12:00:00","East of England",23.984
"2023-08-17 12:00:00","North West",17.12
"2023-08-18 12:00:00","London",23.332
"2023-08-18 12:00:00","South East",21.578
"2023-08-18 12:00:00","South West",20.431
"2023-08-18 12:00:00","Midlands",20.585
"2023-08-18 12:00:00","North East and Yorkshire",18.967
"2023-08-18 12:00:00","East of England",22.282
"2023-08-18 12:00:00","North West",16.493
"2023-08-19 12:00:00","London",24.4
"2023-08-19 12:00:00","South East",22.306
"2023-08-19 12:00:00","South West",21.86
"2023-08-19 12:00:00","Midlands",22.437
"2023-08-19 12:00:00","North East and Yorkshire",19.972
"2023-08-19 12:00:00","East of England",23.208
"2023-08-19 12:00:00","North West",17.995
"2023-08-20 12:00:00","London",27.291
"2023-08-20 12:00:00","South East",24.523
"2023-08-20 12:00:00","South West",24.198
"2023-08-20 12:00:00","Midlands",24.692
"2023-08-20 12:00:00","North East and Yorkshire",21.769
"2023-08-20 12:00:00","East of England",25.748
"2023-08-20 12:00:00","North West",19.131
"2023-08-21 12:00:00","London",28.66
"2023-08-21 12:00:00","South East",26.023
"2023-08-21 12:00:00","South West",25.918
"2023-08-21 12:00:00","Midlands",26.95
"2023-08-21 12:00:00","North East and Yorkshire",24.217
"2023-08-21 12:00:00","East of England",26.63
"2023-08-21 12:00:00","North West",21.522
"2023-08-22 12:00:00","London",21.451
"2023-08-22 12:00:00","South East",19.255
"2023-08-22 12:00:00","South West",18.738
"2023-08-22 12:00:00","Midlands",19.445
"2023-08-22 12:00:00","North East and Yorkshire",18.016
"2023-08-22 12:00:00","East of England",20.651
"2023-08-22 12:00:00","North West",16.596
"2023-08-23 12:00:00","London",22.699
"2023-08-23 12:00:00","South East",20.218
"2023-08-23 12:00:00","South West",19.643
"2023-08-23 12:00:00","Midlands",21.172
"2023-08-23 12:00:00","North East and Yorkshire",20.189
"2023-08-23 12:00:00","East of England",22.529
"2023-08-23 12:00:00","North West",17.756
"2023-08-24 12:00:00","London",23.816
"2023-08-24 12:00:00","South East",21.041
"2023-08-24 12:00:00","South West",20.292
"2023-08-24 12:00:00","Midlands",21.544
"2023-08-24 12:00:00","North East and Yorkshire",20.202
"2023-08-24 12:00:00","East of England",23.795
"2023-08-24 12:00:00","North West",17.964
"2023-08-25 12:00:00","London",26.721
"2023-08-25 12:00:00","South East",23.538
"2023-08-25 12:00:00","South West",22.644
"2023-08-25 12:00:00","Midlands",25.028
"2023-08-25 12:00:00","North East and Yorkshire",24.175
"2023-08-25 12:00:00","East of England",26.229
"2023-08-25 12:00:00","North West",21.085
"2023-08-26 12:00:00","London",29.255
"2023-08-26 12:00:00","South East",26.205
"2023-08-26 12:00:00","South West",25.809
"2023-08-26 12:00:00","Midlands",27.871
"2023-08-26 12:00:00","North East and Yorkshire",26.012
"2023-08-26 12:00:00","East of England",28.041
"2023-08-26 12:00:00","North West",24.209
"2023-08-27 12:00:00","London",32.233
"2023-08-27 12:00:00","South East",28.467
"2023-08-27 12:00:00","South West",25.105
"2023-08-27 12:00:00","Midlands",30.436
"2023-08-27 12:00:00","North East and Yorkshire",28.346
"2023-08-27 12:00:00","East of England",30.906
"2023-08-27 12:00:00","North West",26.505
"2023-08-28 12:00:00","London",32.198
"2023-08-28 12:00:00","South East",27.799
"2023-08-28 12:00:00","South West",24.225
"2023-08-28 12:00:00","Midlands",28.539
"2023-08-28 12:00:00","North East and Yorkshire",26.903
"2023-08-28 12:00:00","East of England",31.25
"2023-08-28 12:00:00","North West",22.305
"2023-08-29 12:00:00","London",19.177
"2023-08-29 12:00:00","South East",17.406
"2023-08-29 12:00:00","South West",17.541
"2023-08-29 12:00:00","Midlands",18.664
"2023-08-29 12:00:00","North East and Yorkshire",18.615
"2023-08-29 12:00:00","East of England",18.968
"2023-08-29 12:00:00","North West",16.318
"2023-08-30 12:00:00","London",20.778
"2023-08-30 12:00:00","South East",18.132
"2023-08-30 12:00:00","South West",16.255
"2023-08-30 12:00:00","Midlands",17.235
"2023-08-30 12:00:00","North East and Yorkshire",17.565
"2023-08-30 12:00:00","East of England",20.13
"2023-08-30 12:00:00","North West",15.614
"2023-08-31 12:00:00","London",18.477
"2023-08-31 12:00:00","South East",16.892
"2023-08-31 12:00:00","South West",16.485
"2023-08-31 12:00:00","Midlands",17.628
"2023-08-31 12:00:00","North East and Yorkshire",17.264
"2023-08-31 12:00:00","East of England",17.505
"2023-08-31 12:00:00","North West",15.379
"2023-09-01 12:00:00","London",18.545
"2023-09-01 12:00:00","South East",16.706
"2023-09-01 12:00:00","South West",15.678
"2023-09-01 12:00:00","Midlands",16.152
"2023-09-01 12:00:00","North East and Yorkshire",15.929
"2023-09-01 12:00:00","East of England",17.996
"2023-09-01 12:00:00","North West",13.373
"2023-09-02 12:00:00","London",18.363
"2023-09-02 12:00:00","South East",16.702
"2023-09-02 12:00:00","South West",16.347
"2023-09-02 12:00:00","Midlands",16.882
"2023-09-02 12:00:00","North East and Yorkshire",16.303
"2023-09-02 12:00:00","East of England",17.705
"2023-09-02 12:00:00","North West",15.37
"2023-09-03 12:00:00","London",20.68
"2023-09-03 12:00:00","South East",18.829
"2023-09-03 12:00:00","South West",18.243
"2023-09-03 12:00:00","Midlands",20.115
"2023-09-03 12:00:00","North East and Yorkshire",19.223
"2023-09-03 12:00:00","East of England",20.424
"2023-09-03 12:00:00","North West",17.629
"2023-09-04 12:00:00","London",22.499
"2023-09-04 12:00:00","South East",20.003
"2023-09-04 12:00:00","South West",19.004
"2023-09-04 12:00:00","Midlands",20.069
"2023-09-04 12:00:00","North East and Yorkshire",19.366
"2023-09-04 12:00:00","East of England",21.828
"2023-09-04 12:00:00","North West",17.37
"2023-09-05 12:00:00","London",21.58
"2023-09-05 12:00:00","South East",19.33
"2023-09-05 12:00:00","South West",18.943
"2023-09-05 12:00:00","Midlands",20.099
"2023-09-05 12:00:00","North East and Yorkshire",19.173
"2023-09-05 12:00:00","East of England",21.456
"2023-09-05 12:00:00","North West",17.692
"2023-09-06 12:00:00","London",22.111
"2023-09-06 12:00:00","South East",20.388
"2023-09-06 12:00:00","South West",19.252
"2023-09-06 12:00:00","Midlands",20.013
"2023-09-06 12:00:00","North East and Yorkshire",17.161
"2023-09-06 12:00:00","East of England",20.837
"2023-09-06 12:00:00","North West",16.8
"2023-09-07 12:00:00","London",18.187
"2023-09-07 12:00:00","South East",16.807
"2023-09-07 12:00:00","South West",16.167
"2023-09-07 12:00:00","Midlands",15.399
"2023-09-07 12:00:00","North East and Yorkshire",16.491
"2023-09-07 12:00:00","East of England",18.143
"2023-09-07 12:00:00","North West",14.137
"2023-09-08 12:00:00","London",19.532
"2023-09-08 12:00:00","South East",17.513
"2023-09-08 12:00:00","South West",16.941
"2023-09-08 12:00:00","Midlands",15.951
"2023-09-08 12:00:00","North East and Yorkshire",13.871
"2023-09-08 12:00:00","East of England",18.026
"2023-09-08 12:00:00","North West",13.401
"2023-09-09 12:00:00","London",15.512
"2023-09-09 12:00:00","South East",15.113
"2023-09-09 12:00:00","South West",16.367
"2023-09-09 12:00:00","Midlands",15.096
"2023-09-09 12:00:00","North East and Yorkshire",13.528
"2023-09-09 12:00:00","East of England",14.767
"2023-09-09 12:00:00","North West",13.56
"2023-09-10 12:00:00","London",17.238
"2023-09-10 12:00:00","South East",16.266
"2023-09-10 12:00:00","South West",16.786
"2023-09-10 12:00:00","Midlands",15.962
"2023-09-10 12:00:00","North East and Yorkshire",14.883
"2023-09-10 12:00:00","East of England",16.653
"2023-09-10 12:00:00","North West",14.06
"2023-09-11 12:00:00","London",17.936
"2023-09-11 12:00:00","South East",16.665
"2023-09-11 12:00:00","South West",17.367
"2023-09-11 12:00:00","Midlands",17.217
"2023-09-11 12:00:00","North East and Yorkshire",17.315
"2023-09-11 12:00:00","East of England",17.336
"2023-09-11 12:00:00","North West",15.9
"2023-09-12 12:00:00","London",18.78
"2023-09-12 12:00:00","South East",17.59
"2023-09-12 12:00:00","South West",17.545
"2023-09-12 12:00:00","Midlands",17.768
"2023-09-12 12:00:00","North East and Yorkshire",16.489
"2023-09-12 12:00:00","East of England",16.081
"2023-09-12 12:00:00","North West",14.85
"2023-09-13 12:00:00","London",17.597
"2023-09-13 12:00:00","South East",15.917
"2023-09-13 12:00:00","South West",14.188
"2023-09-13 12:00:00","Midlands",14.521
"2023-09-13 12:00:00","North East and Yorkshire",13.302
"2023-09-13 12:00:00","East of England",17.088
"2023-09-13 12:00:00","North West",12.147
"2023-09-14 12:00:00","London",16.17
"2023-09-14 12:00:00","South East",14.518
"2023-09-14 12:00:00","South West",13.768
"2023-09-14 12:00:00","Midlands",14.426
"2023-09-14 12:00:00","North East and Yorkshire",13.622
"2023-09-14 12:00:00","East of England",14.866
"2023-09-14 12:00:00","North West",12.481
"2023-09-15 12:00:00","London",14.426
"2023-09-15 12:00:00","South East",13.178
"2023-09-15 12:00:00","South West",12.783
"2023-09-15 12:00:00","Midlands",13.534
"2023-09-15 12:00:00","North East and Yorkshire",14.322
"2023-09-15 12:00:00","East of England",14.128
"2023-09-15 12:00:00","North West",13.263
"2023-09-16 12:00:00","London",15.379
"2023-09-16 12:00:00","South East",13.991
"2023-09-16 12:00:00","South West",11.915
"2023-09-16 12:00:00","Midlands",13.13
"2023-09-16 12:00:00","North East and Yorkshire",13.195
"2023-09-16 12:00:00","East of England",14.492
"2023-09-16 12:00:00","North West",11.167
"2023-09-17 12:00:00","London",11.577
"2023-09-17 12:00:00","South East",11.314
"2023-09-17 12:00:00","South West",11.749
"2023-09-17 12:00:00","Midlands",13.19
"2023-09-17 12:00:00","North East and Yorkshire",14.503
"2023-09-17 12:00:00","East of England",11.491
"2023-09-17 12:00:00","North West",13.963
"2023-09-18 12:00:00","London",17.834
"2023-09-18 12:00:00","South East",15.725
"2023-09-18 12:00:00","South West",13.994
"2023-09-18 12:00:00","Midlands",14.753
"2023-09-18 12:00:00","North East and Yorkshire",15.729
"2023-09-18 12:00:00","East of England",15.861
"2023-09-18 12:00:00","North West",14.035
"2023-09-19 12:00:00","London",18.78
"2023-09-19 12:00:00","South East",17.59
"2023-09-19 12:00:00","South West",17.545
"2023-09-19 12:00:00","Midlands",17.768
"2023-09-19 12:00:00","North East and Yorkshire",16.489
"2023-09-19 12:00:00","East of England",16.081
"2023-09-19 12:00:00","North West",14.85
"2023-09-20 12:00:00","London",17.597
"2023-09-20 12:00:00","South East",15.917
"2023-09-20 12:00:00","South West",14.188
"2023-09-20 12:00:00","Midlands",14.521
"2023-09-20 12:00:00","North East and Yorkshire",13.302
"2023-09-20 12:00:00","East of England",17.088
"2023-09-20 12:00:00","North West",12.147
"2023-09-21 12:00:00","London",16.17
"2023-09-21 12:00:00","South East",14.518
"2023-09-21 12:00:00","South West",13.768
"2023-09-21 12:00:00","Midlands",14.426
"2023-09-21 12:00:00","North East and Yorkshire",13.622
"2023-09-21 12:00:00","East of England",14.866
"2023-09-21 12:00:00","North West",12.481
"2023-09-22 12:00:00","London",14.426
"2023-09-22 12:00:00","South East",13.178
"2023-09-22 12:00:00","South West",12.783
"2023-09-22 12:00:00","Midlands",13.534
"2023-09-22 12:00:00","North East and Yorkshire",14.322
"2023-09-22 12:00:00","East of England",14.128
"2023-09-22 12:00:00","North West",13.263
"2023-09-23 12:00:00","London",15.379
"2023-09-23 12:00:00","South East",13.991
"2023-09-23 12:00:00","South West",11.915
"2023-09-23 12:00:00","Midlands",13.13
"2023-09-23 12:00:00","North East and Yorkshire",13.195
"2023-09-23 12:00:00","East of England",14.492
"2023-09-23 12:00:00","North West",11.167
"2023-09-24 12:00:00","London",11.577
"2023-09-24 12:00:00","South East",11.314
"2023-09-24 12:00:00","South West",11.749
"2023-09-24 12:00:00","Midlands",13.19
"2023-09-24 12:00:00","North East and Yorkshire",14.503
"2023-09-24 12:00:00","East of England",11.491
"2023-09-24 12:00:00","North West",13.963
"2023-09-25 12:00:00","London",17.834
"2023-09-25 12:00:00","South East",15.725
"2023-09-25 12:00:00","South West",13.994
"2023-09-25 12:00:00","Midlands",14.753
"2023-09-25 12:00:00","North East and Yorkshire",15.729
"2023-09-25 12:00:00","East of England",15.861
"2023-09-25 12:00:00","North West",14.035
"2023-09-26 12:00:00","London",17.391
"2023-09-26 12:00:00","South East",15.733
"2023-09-26 12:00:00","South West",15.328
"2023-09-26 12:00:00","Midlands",15.758
"2023-09-26 12:00:00","North East and Yorkshire",14.969
"2023-09-26 12:00:00","East of England",16.441
"2023-09-26 12:00:00","North West",14.012
"2023-09-27 12:00:00","London",15.819
"2023-09-27 12:00:00","South East",14.231
"2023-09-27 12:00:00","South West",13.983
"2023-09-27 12:00:00","Midlands",14.089
"2023-09-27 12:00:00","North East and Yorkshire",13.014
"2023-09-27 12:00:00","East of England",15.009
"2023-09-27 12:00:00","North West",12.077
"2023-09-28 12:00:00","London",17.004
"2023-09-28 12:00:00","South East",15.607
"2023-09-28 12:00:00","South West",15.001
"2023-09-28 12:00:00","Midlands",14.986
"2023-09-28 12:00:00","North East and Yorkshire",14.236
"2023-09-28 12:00:00","East of England",15.928
"2023-09-28 12:00:00","North West",13.273
"2023-09-29 12:00:00","London",16.89
"2023-09-29 12:00:00","South East",15.279
"2023-09-29 12:00:00","South West",15.137
"2023-09-29 12:00:00","Midlands",15.19
"2023-09-29 12:00:00","North East and Yorkshire",14.369
"2023-09-29 12:00:00","East of England",16.618
"2023-09-29 12:00:00","North West",13.306
"2023-09-30 12:00:00","London",15.801
"2023-09-30 12:00:00","South East",14.748
"2023-09-30 12:00:00","South West",13.422
"2023-09-30 12:00:00","Midlands",14.355
"2023-09-30 12:00:00","North East and Yorkshire",14.372
"2023-09-30 12:00:00","East of England",14.387
"2023-09-30 12:00:00","North West",13.419
"2023-10-01 12:00:00","London",17.298
"2023-10-01 12:00:00","South East",15.66
"2023-10-01 12:00:00","South West",14.255
"2023-10-01 12:00:00","Midlands",13.829
"2023-10-01 12:00:00","North East and Yorkshire",11.568
"2023-10-01 12:00:00","East of England",16.438
"2023-10-01 12:00:00","North West",11.329
"2023-10-02 12:00:00","London",15.791
"2023-10-02 12:00:00","South East",14.273
"2023-10-02 12:00:00","South West",12.228
"2023-10-02 12:00:00","Midlands",12.426
"2023-10-02 12:00:00","North East and Yorkshire",12.419
"2023-10-02 12:00:00","East of England",14.912
"2023-10-02 12:00:00","North West",12.079
"2023-10-03 12:00:00","London",16.54
"2023-10-03 12:00:00","South East",14.941
"2023-10-03 12:00:00","South West",14.496
"2023-10-03 12:00:00","Midlands",14.795
"2023-10-03 12:00:00","North East and Yorkshire",14.767
"2023-10-03 12:00:00","East of England",15.942
"2023-10-03 12:00:00","North West",12.835
"2023-10-04 12:00:00","London",16.644
"2023-10-04 12:00:00","South East",15.15
"2023-10-04 12:00:00","South West",15.12
"2023-10-04 12:00:00","Midlands",15.279
"2023-10-04 12:00:00","North East and Yorkshire",14.231
"2023-10-04 12:00:00","East of England",15.908
"2023-10-04 12:00:00","North West",13.325
"2023-10-05 12:00:00","London",18.239
"2023-10-05 12:00:00","South East",16.558
"2023-10-05 12:00:00","South West",15.316
"2023-10-05 12:00:00","Midlands",14.137
"2023-10-05 12:00:00","North East and Yorkshire",13.194
"2023-10-05 12:00:00","East of England",17.329
"2023-10-05 12:00:00","North West",12.016
"2023-10-06 12:00:00","London",14.742
"2023-10-06 12:00:00","South East",13.715
"2023-10-06 12:00:00","South West",13.508
"2023-10-06 12:00:00","Midlands",12.641
"2023-10-06 12:00:00","North East and Yorkshire",11.819
"2023-10-06 12:00:00","East of England",13.468
"2023-10-06 12:00:00","North West",11.007
"2023-10-07 12:00:00","London",13.879
"2023-10-07 12:00:00","South East",12.841
"2023-10-07 12:00:00","South West",13.294
"2023-10-07 12:00:00","Midlands",13.229
"2023-10-07 12:00:00","North East and Yorkshire",12.988
"2023-10-07 12:00:00","East of England",13.065
"2023-10-07 12:00:00","North West",11.986
"2023-10-08 12:00:00","London",14.144
"2023-10-08 12:00:00","South East",13.047
"2023-10-08 12:00:00","South West",13.785
"2023-10-08 12:00:00","Midlands",13.425
"2023-10-08 12:00:00","North East and Yorkshire",12.341
"2023-10-08 12:00:00","East of England",13.188
"2023-10-08 12:00:00","North West",12.203
"2023-10-09 12:00:00","London",13.346
"2023-10-09 12:00:00","South East",12.256
"2023-10-09 12:00:00","South West",12.075
"2023-10-09 12:00:00","Midlands",11.138
"2023-10-09 12:00:00","North East and Yorkshire",11.115
"2023-10-09 12:00:00","East of England",12.485
"2023-10-09 12:00:00","North West",10.834
"2023-10-10 12:00:00","London",15.502
"2023-10-10 12:00:00","South East",14.221
"2023-10-10 12:00:00","South West",14.197
"2023-10-10 12:00:00","Midlands",13.844
"2023-10-10 12:00:00","North East and Yorkshire",11.312
"2023-10-10 12:00:00","East of England",13.997
"2023-10-10 12:00:00","North West",11.117
"2023-10-11 12:00:00","London",14.82
"2023-10-11 12:00:00","South East",13.28
"2023-10-11 12:00:00","South West",12.854
"2023-10-11 12:00:00","Midlands",12.963
"2023-10-11 12:00:00","North East and Yorkshire",13.289
"2023-10-11 12:00:00","East of England",14.213
"2023-10-11 12:00:00","North West",11.612
"2023-10-12 12:00:00","London",12.689
"2023-10-12 12:00:00","South East",12.223
"2023-10-12 12:00:00","South West",13.979
"2023-10-12 12:00:00","Midlands",12.828
"2023-10-12 12:00:00","North East and Yorkshire",12.205
"2023-10-12 12:00:00","East of England",12.407
"2023-10-12 12:00:00","North West",12.562
"2023-10-13 12:00:00","London",16.677
"2023-10-13 12:00:00","South East",15.046
"2023-10-13 12:00:00","South West",14.962
"2023-10-13 12:00:00","Midlands",15.154
"2023-10-13 12:00:00","North East and Yorkshire",10.181
"2023-10-13 12:00:00","East of England",16.022
"2023-10-13 12:00:00","North West",9.857
"2023-10-14 12:00:00","London",16.782
"2023-10-14 12:00:00","South East",15.239
"2023-10-14 12:00:00","South West",14.002
"2023-10-14 12:00:00","Midlands",8.168
"2023-10-14 12:00:00","North East and Yorkshire",8.073
"2023-10-14 12:00:00","East of England",15.678
"2023-10-14 12:00:00","North West",7.48
"2023-10-15 12:00:00","London",12.2
"2023-10-15 12:00:00","South East",10.919
"2023-10-15 12:00:00","South West",11.061
"2023-10-15 12:00:00","Midlands",11.627
"2023-10-15 12:00:00","North East and Yorkshire",11.212
"2023-10-15 12:00:00","East of England",11.617
"2023-10-15 12:00:00","North West",10.585
"2023-10-16 12:00:00","London",10.892
"2023-10-16 12:00:00","South East",9.761
"2023-10-16 12:00:00","South West",9.01
"2023-10-16 12:00:00","Midlands",9.104
"2023-10-16 12:00:00","North East and Yorkshire",9.138
"2023-10-16 12:00:00","East of England",10.574
"2023-10-16 12:00:00","North West",8.632
"2023-10-17 12:00:00","London",20.404
"2023-10-17 12:00:00","South East",18.489
"2023-10-17 12:00:00","South West",18.217
"2023-10-17 12:00:00","Midlands",17.711
"2023-10-17 12:00:00","North East and Yorkshire",16.312
"2023-10-17 12:00:00","East of England",19.533
"2023-10-17 12:00:00","North West",15.191
"2023-10-18 12:00:00","London",20.741
"2023-10-18 12:00:00","South East",18.151
"2023-10-18 12:00:00","South West",17.351
"2023-10-18 12:00:00","Midlands",18.881
"2023-10-18 12:00:00","North East and Yorkshire",17.645
"2023-10-18 12:00:00","East of England",19.712
"2023-10-18 12:00:00","North West",16.385
"2023-10-19 12:00:00","London",20.353
"2023-10-19 12:00:00","South East",18.197
"2023-10-19 12:00:00","South West",17.654
"2023-10-19 12:00:00","Midlands",18.304
"2023-10-19 12:00:00","North East and Yorkshire",17.677
"2023-10-19 12:00:00","East of England",20.146
"2023-10-19 12:00:00","North West",15.502
"2023-10-20 12:00:00","London",18.358
"2023-10-20 12:00:00","South East",16.745
"2023-10-20 12:00:00","South West",16.271
"2023-10-20 12:00:00","Midlands",16.602
"2023-10-20 12:00:00","North East and Yorkshire",15.55
"2023-10-20 12:00:00","East of England",18.217
"2023-10-20 12:00:00","North West",13.726
"2023-10-21 12:00:00","London",19.338
"2023-10-21 12:00:00","South East",17.763
"2023-10-21 12:00:00","South West",16.64
"2023-10-21 12:00:00","Midlands",17.988
"2023-10-21 12:00:00","North East and Yorkshire",16.733
"2023-10-21 12:00:00","East of England",19.023
"2023-10-21 12:00:00","North West",14.977
"2023-10-22 12:00:00","London",19.423
"2023-10-22 12:00:00","South East",17.528
"2023-10-22 12:00:00","South West",16.911
"2023-10-22 12:00:00","Midlands",18.127
"2023-10-22 12:00:00","North East and Yorkshire",13.531
"2023-10-22 12:00:00","East of England",19.639
"2023-10-22 12:00:00","North West",13.814
"2023-10-23 12:00:00","London",17.756
"2023-10-23 12:00:00","South East",16.276
"2023-10-23 12:00:00","South West",15.883
"2023-10-23 12:00:00","Midlands",16.385
"2023-10-23 12:00:00","North East and Yorkshire",16.14
"2023-10-23 12:00:00","East of England",17.558
"2023-10-23 12:00:00","North West",14.284
"2023-10-24 12:00:00","London",15.315
"2023-10-24 12:00:00","South East",14.122
"2023-10-24 12:00:00","South West",13.758
"2023-10-24 12:00:00","Midlands",13.499
"2023-10-24 12:00:00","North East and Yorkshire",11.189
"2023-10-24 12:00:00","East of England",13.857
"2023-10-24 12:00:00","North West",11.5
"2023-10-25 12:00:00","London",14.085
"2023-10-25 12:00:00","South East",12.924
"2023-10-25 12:00:00","South West",13.044
"2023-10-25 12:00:00","Midlands",13.267
"2023-10-25 12:00:00","North East and Yorkshire",13.229
"2023-10-25 12:00:00","East of England",13.532
"2023-10-25 12:00:00","North West",11.941
"2023-10-26 12:00:00","London",11.403
"2023-10-26 12:00:00","South East",10.392
"2023-10-26 12:00:00","South West",9.996
"2023-10-26 12:00:00","Midlands",10.563
"2023-10-26 12:00:00","North East and Yorkshire",11.007
"2023-10-26 12:00:00","East of England",11.412
"2023-10-26 12:00:00","North West",9.755
"2023-10-27 12:00:00","London",14.073
"2023-10-27 12:00:00","South East",12.821
"2023-10-27 12:00:00","South West",12.397
"2023-10-27 12:00:00","Midlands",12.678
"2023-10-27 12:00:00","North East and Yorkshire",12.048
"2023-10-27 12:00:00","East of England",12.761
"2023-10-27 12:00:00","North West",11.16
"2023-10-28 12:00:00","London",13.405
"2023-10-28 12:00:00","South East",12.234
"2023-10-28 12:00:00","South West",12.58
"2023-10-28 12:00:00","Midlands",8.929
"2023-10-28 12:00:00","North East and Yorkshire",8.801
"2023-10-28 12:00:00","East of England",12.031
"2023-10-28 12:00:00","North West",8.011
"2023-10-29 12:00:00","London",13.61
"2023-10-29 12:00:00","South East",12.42
"2023-10-29 12:00:00","South West",12.421
"2023-10-29 12:00:00","Midlands",12.12
"2023-10-29 12:00:00","North East and Yorkshire",11.449
"2023-10-29 12:00:00","East of England",12.459
"2023-10-29 12:00:00","North West",10.67
"2023-10-30 12:00:00","London",13.553
"2023-10-30 12:00:00","South East",12.56
"2023-10-30 12:00:00","South West",12.48
"2023-10-30 12:00:00","Midlands",12.219
"2023-10-30 12:00:00","North East and Yorkshire",11.172
"2023-10-30 12:00:00","East of England",12.766
"2023-10-30 12:00:00","North West",10.173
"2023-10-31 12:00:00","London",6.664
"2023-10-31 12:00:00","South East",6.784
"2023-10-31 12:00:00","South West",8.672
"2023-10-31 12:00:00","Midlands",6.072
"2023-10-31 12:00:00","North East and Yorkshire",4.395
"2023-10-31 12:00:00","East of England",6.052
"2023-10-31 12:00:00","North West",5.916
"2023-11-01 12:00:00","London",7.645
"2023-11-01 12:00:00","South East",6.925
"2023-11-01 12:00:00","South West",7.731
"2023-11-01 12:00:00","Midlands",6.952
"2023-11-01 12:00:00","North East and Yorkshire",6.658
"2023-11-01 12:00:00","East of England",7.286
"2023-11-01 12:00:00","North West",6.774
"2023-11-02 12:00:00","London",7.985
"2023-11-02 12:00:00","South East",7.507
"2023-11-02 12:00:00","South West",7.715
"2023-11-02 12:00:00","Midlands",6.575
"2023-11-02 12:00:00","North East and Yorkshire",6.754
"2023-11-02 12:00:00","East of England",7.436
"2023-11-02 12:00:00","North West",5.783
"2023-11-03 12:00:00","London",9.571
"2023-11-03 12:00:00","South East",8.841
"2023-11-03 12:00:00","South West",8.889
"2023-11-03 12:00:00","Midlands",8.299
"2023-11-03 12:00:00","North East and Yorkshire",8.476
"2023-11-03 12:00:00","East of England",9.2
"2023-11-03 12:00:00","North West",8.127
"2023-11-04 12:00:00","London",11.069
"2023-11-04 12:00:00","South East",10.006
"2023-11-04 12:00:00","South West",9.86
"2023-11-04 12:00:00","Midlands",9.129
"2023-11-04 12:00:00","North East and Yorkshire",8.61
"2023-11-04 12:00:00","East of England",10.355
"2023-11-04 12:00:00","North West",8.497
"2023-11-05 12:00:00","London",11.369
"2023-11-05 12:00:00","South East",10.546
"2023-11-05 12:00:00","South West",10.703
"2023-11-05 12:00:00","Midlands",9.53
"2023-11-05 12:00:00","North East and Yorkshire",8.91
"2023-11-05 12:00:00","East of England",10.302
"2023-11-05 12:00:00","North West",8.967
"2023-11-06 12:00:00","London",11.457
"2023-11-06 12:00:00","South East",10.707
"2023-11-06 12:00:00","South West",12.068
"2023-11-06 12:00:00","Midlands",10.961
"2023-11-06 12:00:00","North East and Yorkshire",9.7
"2023-11-06 12:00:00","East of England",10.866
"2023-11-06 12:00:00","North West",9.904
"2023-11-07 12:00:00","London",8.51
"2023-11-07 12:00:00","South East",7.982
"2023-11-07 12:00:00","South West",8.353
"2023-11-07 12:00:00","Midlands",7.857
"2023-11-07 12:00:00","North East and Yorkshire",8.005
"2023-11-07 12:00:00","East of England",7.766
"2023-11-07 12:00:00","North West",7.91
"2023-11-08 12:00:00","London",9.829
"2023-11-08 12:00:00","South East",8.814
"2023-11-08 12:00:00","South West",8.251
"2023-11-08 12:00:00","Midlands",8.246
"2023-11-08 12:00:00","North East and Yorkshire",7.048
"2023-11-08 12:00:00","East of England",9.019
"2023-11-08 12:00:00","North West",6.794
"2023-11-09 12:00:00","London",8.981
"2023-11-09 12:00:00","South East",7.302
"2023-11-09 12:00:00","South West",5.399
"2023-11-09 12:00:00","Midlands",6.183
"2023-11-09 12:00:00","North East and Yorkshire",6.645
"2023-11-09 12:00:00","East of England",7.513
"2023-11-09 12:00:00","North West",5.894
"2023-11-10 12:00:00","London",8.812
"2023-11-10 12:00:00","South East",7.547
"2023-11-10 12:00:00","South West",7.481
"2023-11-10 12:00:00","Midlands",8.019
"2023-11-10 12:00:00","North East and Yorkshire",8.646
"2023-11-10 12:00:00","East of England",8.186
"2023-11-10 12:00:00","North West",8.18
"2023-11-11 12:00:00","London",8.221
"2023-11-11 12:00:00","South East",7.366
"2023-11-11 12:00:00","South West",8.476
"2023-11-11 12:00:00","Midlands",8.655
"2023-11-11 12:00:00","North East and Yorkshire",8.681
"2023-11-11 12:00:00","East of England",7.943
"2023-11-11 12:00:00","North West",8.141
"2023-11-12 12:00:00","London",9.11
"2023-11-12 12:00:00","South East",7.875
"2023-11-12 12:00:00","South West",8.292
"2023-11-12 12:00:00","Midlands",8.174
"2023-11-12 12:00:00","North East and Yorkshire",7.88
"2023-11-12 12:00:00","East of England",8.344
"2023-11-12 12:00:00","North West",7.302
"2023-11-13 12:00:00","London",8.775
"2023-11-13 12:00:00","South East",8.03
"2023-11-13 12:00:00","South West",8.515
"2023-11-13 12:00:00","Midlands",7.691
"2023-11-13 12:00:00","North East and Yorkshire",6.536
"2023-11-13 12:00:00","East of England",8.182
"2023-11-13 12:00:00","North West",6.724
"2023-11-14 12:00:00","London",7.698
"2023-11-14 12:00:00","South East",6.811
"2023-11-14 12:00:00","South West",7.574
"2023-11-14 12:00:00","Midlands",6.958
"2023-11-14 12:00:00","North East and Yorkshire",5.729
"2023-11-14 12:00:00","East of England",6.583
"2023-11-14 12:00:00","North West",6.668
"2023-11-15 12:00:00","London",6.38
"2023-11-15 12:00:00","South East",5.631
"2023-11-15 12:00:00","South West",6.271
"2023-11-15 12:00:00","Midlands",3.884
"2023-11-15 12:00:00","North East and Yorkshire",2.955
"2023-11-15 12:00:00","East of England",3.954
"2023-11-15 12:00:00","North West",3.081
"2023-11-16 12:00:00","London",4.456
"2023-11-16 12:00:00","South East",3.543
"2023-11-16 12:00:00","South West",2.944
"2023-11-16 12:00:00","Midlands",3.891
"2023-11-16 12:00:00","North East and Yorkshire",2.881
"2023-11-16 12:00:00","East of England",4.543
"2023-11-16 12:00:00","North West",3.4
"2023-11-17 12:00:00","London",3.805
"2023-11-17 12:00:00","South East",2.547
"2023-11-17 12:00:00","South West",2.182
"2023-11-17 12:00:00","Midlands",2.408
"2023-11-17 12:00:00","North East and Yorkshire",2.321
"2023-11-17 12:00:00","East of England",3.955
"2023-11-17 12:00:00","North West",3.085
"2023-11-18 12:00:00","London",5.125
"2023-11-18 12:00:00","South East",5.119
"2023-11-18 12:00:00","South West",5.368
"2023-11-18 12:00:00","Midlands",1.653
"2023-11-18 12:00:00","North East and Yorkshire",1.744
"2023-11-18 12:00:00","East of England",3.127
"2023-11-18 12:00:00","North West",2.318
"2023-11-19 12:00:00","London",8.228
"2023-11-19 12:00:00","South East",7.875
"2023-11-19 12:00:00","South West",8.62
"2023-11-19 12:00:00","Midlands",5.23
"2023-11-19 12:00:00","North East and Yorkshire",3.761
"2023-11-19 12:00:00","East of England",7.243
"2023-11-19 12:00:00","North West",3.22
"2023-11-20 12:00:00","London",7.55
"2023-11-20 12:00:00","South East",7.148
"2023-11-20 12:00:00","South West",7.987
"2023-11-20 12:00:00","Midlands",5.561
"2023-11-20 12:00:00","North East and Yorkshire",5.333
"2023-11-20 12:00:00","East of England",6.129
"2023-11-20 12:00:00","North West",4.496
"2023-11-21 12:00:00","London",17.915
"2023-11-21 12:00:00","South East",16.319
"2023-11-21 12:00:00","South West",15.718
"2023-11-21 12:00:00","Midlands",16.533
"2023-11-21 12:00:00","North East and Yorkshire",15.477
"2023-11-21 12:00:00","East of England",17.27
"2023-11-21 12:00:00","North West",14.63
"2023-11-22 12:00:00","London",19.628
"2023-11-22 12:00:00","South East",17.477
"2023-11-22 12:00:00","South West",16.841
"2023-11-22 12:00:00","Midlands",18.16
"2023-11-22 12:00:00","North East and Yorkshire",17.511
"2023-11-22 12:00:00","East of England",18.942
"2023-11-22 12:00:00","North West",15.813
"2023-11-23 12:00:00","London",20.645
"2023-11-23 12:00:00","South East",18.678
"2023-11-23 12:00:00","South West",17.864
"2023-11-23 12:00:00","Midlands",18.038
"2023-11-23 12:00:00","North East and Yorkshire",16.399
"2023-11-23 12:00:00","East of England",19.771
"2023-11-23 12:00:00","North West",16.055
"2023-11-24 12:00:00","London",18.91
"2023-11-24 12:00:00","South East",16.911
"2023-11-24 12:00:00","South West",16.328
"2023-11-24 12:00:00","Midlands",16.98
"2023-11-24 12:00:00","North East and Yorkshire",16.137
"2023-11-24 12:00:00","East of England",18.484
"2023-11-24 12:00:00","North West",14.676
"2023-11-25 12:00:00","London",22.075
"2023-11-25 12:00:00","South East",19.56
"2023-11-25 12:00:00","South West",18.393
"2023-11-25 12:00:00","Midlands",19.135
"2023-11-25 12:00:00","North East and Yorkshire",15.124
"2023-11-25 12:00:00","East of England",20.592
"2023-11-25 12:00:00","North West",15.689
"2023-11-26 12:00:00","London",16.534
"2023-11-26 12:00:00","South East",15.193
"2023-11-26 12:00:00","South West",15.513
"2023-11-26 12:00:00","Midlands",16.053
"2023-11-26 12:00:00","North East and Yorkshire",15.371
"2023-11-26 12:00:00","East of England",15.404
"2023-11-26 12:00:00","North West",14.288
"2023-11-27 12:00:00","London",17.404
"2023-11-27 12:00:00","South East",15.633
"2023-11-27 12:00:00","South West",15.678
"2023-11-27 12:00:00","Midlands",15.751
"2023-11-27 12:00:00","North East and Yorkshire",14.891
"2023-11-27 12:00:00","East of England",16.789
"2023-11-27 12:00:00","North West",13.527
"2023-11-28 12:00:00","London",7.618
"2023-11-28 12:00:00","South East",6.774
"2023-11-28 12:00:00","South West",7.034
"2023-11-28 12:00:00","Midlands",4.042
"2023-11-28 12:00:00","North East and Yorkshire",4.216
"2023-11-28 12:00:00","East of England",6.466
"2023-11-28 12:00:00","North West",4.023
"2023-11-29 12:00:00","London",11.759
"2023-11-29 12:00:00","South East",10.556
"2023-11-29 12:00:00","South West",11.051
"2023-11-29 12:00:00","Midlands",10.771
"2023-11-29 12:00:00","North East and Yorkshire",9.955
"2023-11-29 12:00:00","East of England",10.894
"2023-11-29 12:00:00","North West",9.933
"2023-11-30 12:00:00","London",13.331
"2023-11-30 12:00:00","South East",11.627
"2023-11-30 12:00:00","South West",10.953
"2023-11-30 12:00:00","Midlands",11.57
"2023-11-30 12:00:00","North East and Yorkshire",11.062
"2023-11-30 12:00:00","East of England",12.13
"2023-11-30 12:00:00","North West",10.77
"2023-12-01 12:00:00","London",10.242
"2023-12-01 12:00:00","South East",9.167
"2023-12-01 12:00:00","South West",8.27
"2023-12-01 12:00:00","Midlands",7.232
"2023-12-01 12:00:00","North East and Yorkshire",7.212
"2023-12-01 12:00:00","East of England",9.594
"2023-12-01 12:00:00","North West",6.81
"2023-12-02 12:00:00","London",10.385
"2023-12-02 12:00:00","South East",9.434
"2023-12-02 12:00:00","South West",9.293
"2023-12-02 12:00:00","Midlands",8.337
"2023-12-02 12:00:00","North East and Yorkshire",7.123
"2023-12-02 12:00:00","East of England",9.552
"2023-12-02 12:00:00","North West",7.433
"2023-12-03 12:00:00","London",9.158
"2023-12-03 12:00:00","South East",8.636
"2023-12-03 12:00:00","South West",9.005
"2023-12-03 12:00:00","Midlands",8.117
"2023-12-03 12:00:00","North East and Yorkshire",7.67
"2023-12-03 12:00:00","East of England",8.224
"2023-12-03 12:00:00","North West",7.274
"2023-12-04 12:00:00","London",10.552
"2023-12-04 12:00:00","South East",9.638
"2023-12-04 12:00:00","South West",9.672
"2023-12-04 12:00:00","Midlands",9.062
"2023-12-04 12:00:00","North East and Yorkshire",8.11
"2023-12-04 12:00:00","East of England",9.345
"2023-12-04 12:00:00","North West",8.056
"2023-12-05 12:00:00","London",11.798
"2023-12-05 12:00:00","South East",10.828
"2023-12-05 12:00:00","South West",11.911
"2023-12-05 12:00:00","Midlands",11.075
"2023-12-05 12:00:00","North East and Yorkshire",10.797
"2023-12-05 12:00:00","East of England",11.089
"2023-12-05 12:00:00","North West",10.061
"2023-12-06 12:00:00","London",12.375
"2023-12-06 12:00:00","South East",11.439
"2023-12-06 12:00:00","South West",11.793
"2023-12-06 12:00:00","Midlands",11.601
"2023-12-06 12:00:00","North East and Yorkshire",12.283
"2023-12-06 12:00:00","East of England",11.47
"2023-12-06 12:00:00","North West",11.017
"2023-12-07 12:00:00","London",13.797
"2023-12-07 12:00:00","South East",12.473
"2023-12-07 12:00:00","South West",12.811
"2023-12-07 12:00:00","Midlands",13.92
"2023-12-07 12:00:00","North East and Yorkshire",13.98
"2023-12-07 12:00:00","East of England",13.213
"2023-12-07 12:00:00","North West",12.302
"2023-12-08 12:00:00","London",12.137
"2023-12-08 12:00:00","South East",10.93
"2023-12-08 12:00:00","South West",11.52
"2023-12-08 12:00:00","Midlands",13.007
"2023-12-08 12:00:00","North East and Yorkshire",13.655
"2023-12-08 12:00:00","East of England",12.445
"2023-12-08 12:00:00","North West",12.599
"2023-12-09 12:00:00","London",10.745
"2023-12-09 12:00:00","South East",9.914
"2023-12-09 12:00:00","South West",10.23
"2023-12-09 12:00:00","Midlands",11.052
"2023-12-09 12:00:00","North East and Yorkshire",12.027
"2023-12-09 12:00:00","East of England",10.066
"2023-12-09 12:00:00","North West",11.04
"2023-12-10 12:00:00","London",8.465
"2023-12-10 12:00:00","South East",7.716
"2023-12-10 12:00:00","South West",8.204
"2023-12-10 12:00:00","Midlands",7.472
"2023-12-10 12:00:00","North East and Yorkshire",6.825
"2023-12-10 12:00:00","East of England",8.192
"2023-12-10 12:00:00","North West",6.5
"2023-12-11 12:00:00","London",9.876
"2023-12-11 12:00:00","South East",8.978
"2023-12-11 12:00:00","South West",7.944
"2023-12-11 12:00:00","Midlands",8.651
"2023-12-11 12:00:00","North East and Yorkshire",8.404
"2023-12-11 12:00:00","East of England",9.5
"2023-12-11 12:00:00","North West",8.135
"2023-12-12 12:00:00","London",11.112
"2023-12-12 12:00:00","South East",10.318
"2023-12-12 12:00:00","South West",10.154
"2023-12-12 12:00:00","Midlands",9.524
"2023-12-12 12:00:00","North East and Yorkshire",9.061
"2023-12-12 12:00:00","East of England",10.46
"2023-12-12 12:00:00","North West",8.483
"2023-12-13 12:00:00","London",11.375
"2023-12-13 12:00:00","South East",10.049
"2023-12-13 12:00:00","South West",10.643
"2023-12-13 12:00:00","Midlands",8.991
"2023-12-13 12:00:00","North East and Yorkshire",8.307
"2023-12-13 12:00:00","East of England",9.647
"2023-12-13 12:00:00","North West",8.124
"2023-12-14 12:00:00","London",11.462
"2023-12-14 12:00:00","South East",10.532
"2023-12-14 12:00:00","South West",11.051
"2023-12-14 12:00:00","Midlands",8.471
"2023-12-14 12:00:00","North East and Yorkshire",6.786
"2023-12-14 12:00:00","East of England",9.668
"2023-12-14 12:00:00","North West",6.689
"2023-12-15 12:00:00","London",13.099
"2023-12-15 12:00:00","South East",12.137
"2023-12-15 12:00:00","South West",11.647
"2023-12-15 12:00:00","Midlands",9.192
"2023-12-15 12:00:00","North East and Yorkshire",7.413
"2023-12-15 12:00:00","East of England",10.77
"2023-12-15 12:00:00","North West",7.691
"2023-12-16 12:00:00","London",10.858
"2023-12-16 12:00:00","South East",10.074
"2023-12-16 12:00:00","South West",10.626
"2023-12-16 12:00:00","Midlands",9.466
"2023-12-16 12:00:00","North East and Yorkshire",9.198
"2023-12-16 12:00:00","East of England",9.669
"2023-12-16 12:00:00","North West",8.799
"2023-12-17 12:00:00","London",11.724
"2023-12-17 12:00:00","South East",10.584
"2023-12-17 12:00:00","South West",10.516
"2023-12-17 12:00:00","Midlands",10.719
"2023-12-17 12:00:00","North East and Yorkshire",9.714
"2023-12-17 12:00:00","East of England",10.818
"2023-12-17 12:00:00","North West",9.075
"2023-12-18 12:00:00","London",8.081
"2023-12-18 12:00:00","South East",7.449
"2023-12-18 12:00:00","South West",7.867
"2023-12-18 12:00:00","Midlands",6.755
"2023-12-18 12:00:00","North East and Yorkshire",5.784
"2023-12-18 12:00:00","East of England",7.073
"2023-12-18 12:00:00","North West",6.158
"2023-12-19 12:00:00","London",11.626
"2023-12-19 12:00:00","South East",10.727
"2023-12-19 12:00:00","South West",11.812
"2023-12-19 12:00:00","Midlands",12.025
"2023-12-19 12:00:00","North East and Yorkshire",11.923
"2023-12-19 12:00:00","East of England",11.009
"2023-12-19 12:00:00","North West",11.117
"2023-12-20 12:00:00","London",8.613
"2023-12-20 12:00:00","South East",7.723
"2023-12-20 12:00:00","South West",8.093
"2023-12-20 12:00:00","Midlands",6.33
"2023-12-20 12:00:00","North East and Yorkshire",6.143
"2023-12-20 12:00:00","East of England",7.777
"2023-12-20 12:00:00","North West",5.266
"2023-12-21 12:00:00","London",8.988
"2023-12-21 12:00:00","South East",8.323
"2023-12-21 12:00:00","South West",9.163
"2023-12-21 12:00:00","Midlands",7.753
"2023-12-21 12:00:00","North East and Yorkshire",5.833
"2023-12-21 12:00:00","East of England",7.76
"2023-12-21 12:00:00","North West",6.262
"2023-12-22 12:00:00","London",8.618
"2023-12-22 12:00:00","South East",7.845
"2023-12-22 12:00:00","South West",8.756
"2023-12-22 12:00:00","Midlands",7.408
"2023-12-22 12:00:00","North East and Yorkshire",6.976
"2023-12-22 12:00:00","East of England",7.792
"2023-12-22 12:00:00","North West",6.503
"2023-12-23 12:00:00","London",9.101
"2023-12-23 12:00:00","South East",8.457
"2023-12-23 12:00:00","South West",8.214
"2023-12-23 12:00:00","Midlands",6.135
"2023-12-23 12:00:00","North East and Yorkshire",5.229
"2023-12-23 12:00:00","East of England",7.612
"2023-12-23 12:00:00","North West",5.445
"2023-12-24 12:00:00","London",9.99
"2023-12-24 12:00:00","South East",8.995
"2023-12-24 12:00:00","South West",8.567
"2023-12-24 12:00:00","Midlands",6.688
"2023-12-24 12:00:00","North East and Yorkshire",5.406
"2023-12-24 12:00:00","East of England",8.529
"2023-12-24 12:00:00","North West",5.363
"2023-12-25 12:00:00","London",8.798
"2023-12-25 12:00:00","South East",7.879
"2023-12-25 12:00:00","South West",8.093
"2023-12-25 12:00:00","Midlands",6.174
"2023-12-25 12:00:00","North East and Yorkshire",6.244
"2023-12-25 12:00:00","East of England",7.677
"2023-12-25 12:00:00","North West",5.88
"2023-12-26 12:00:00","London",11.112
"2023-12-26 12:00:00","South East",10.318
"2023-12-26 12:00:00","South West",10.154
"2023-12-26 12:00:00","Midlands",9.524
"2023-12-26 12:00:00","North East and Yorkshire",9.061
"2023-12-26 12:00:00","East of England",10.46
"2023-12-26 12:00:00","North West",8.483
"2023-12-27 12:00:00","London",11.375
"2023-12-27 12:00:00","South East",10.049
"2023-12-27 12:00:00","South West",10.643
"2023-12-27 12:00:00","Midlands",8.991
"2023-12-27 12:00:00","North East and Yorkshire",8.307
"2023-12-27 12:00:00","East of England",9.647
"2023-12-27 12:00:00","North West",8.124
"2023-12-28 12:00:00","London",11.462
"2023-12-28 12:00:00","South East",10.532
"2023-12-28 12:00:00","South West",11.051
"2023-12-28 12:00:00","Midlands",8.471
"2023-12-28 12:00:00","North East and Yorkshire",6.786
"2023-12-28 12:00:00","East of England",9.668
"2023-12-28 12:00:00","North West",6.689
"2023-12-29 12:00:00","London",13.099
"2023-12-29 12:00:00","South East",12.137
"2023-12-29 12:00:00","South West",11.647
"2023-12-29 12:00:00","Midlands",9.192
"2023-12-29 12:00:00","North East and Yorkshire",7.413
"2023-12-29 12:00:00","East of England",10.77
"2023-12-29 12:00:00","North West",7.691
"2023-12-30 12:00:00","London",10.858
"2023-12-30 12:00:00","South East",10.074
"2023-12-30 12:00:00","South West",10.626
"2023-12-30 12:00:00","Midlands",9.466
"2023-12-30 12:00:00","North East and Yorkshire",9.198
"2023-12-30 12:00:00","East of England",9.669
"2023-12-30 12:00:00","North West",8.799
"2023-12-31 12:00:00","London",11.724
"2023-12-31 12:00:00","South East",10.584
"2023-12-31 12:00:00","South West",10.516
"2023-12-31 12:00:00","Midlands",10.719
"2023-12-31 12:00:00","North East and Yorkshire",9.714
"2023-12-31 12:00:00","East of England",10.818
"2023-12-31 12:00:00","North West",9.075
"2024-01-01 12:00:00","London",8.081
"2024-01-01 12:00:00","South East",7.449
"2024-01-01 12:00:00","South West",7.867
"2024-01-01 12:00:00","Midlands",6.755
"2024-01-01 12:00:00","North East and Yorkshire",5.784
"2024-01-01 12:00:00","East of England",7.073
"2024-01-01 12:00:00","North West",6.158
"2024-01-02 12:00:00","London",11.959
"2024-01-02 12:00:00","South East",10.956
"2024-01-02 12:00:00","South West",11.372
"2024-01-02 12:00:00","Midlands",12.414
"2024-01-02 12:00:00","North East and Yorkshire",12.736
"2024-01-02 12:00:00","East of England",12.016
"2024-01-02 12:00:00","North West",11.39
"2024-01-03 12:00:00","London",9.532
"2024-01-03 12:00:00","South East",8.672
"2024-01-03 12:00:00","South West",9.782
"2024-01-03 12:00:00","Midlands",10.807
"2024-01-03 12:00:00","North East and Yorkshire",10.738
"2024-01-03 12:00:00","East of England",8.745
"2024-01-03 12:00:00","North West",9.388
"2024-01-04 12:00:00","London",6.766
"2024-01-04 12:00:00","South East",6.658
"2024-01-04 12:00:00","South West",6.989
"2024-01-04 12:00:00","Midlands",6.849
"2024-01-04 12:00:00","North East and Yorkshire",8.643
"2024-01-04 12:00:00","East of England",6.29
"2024-01-04 12:00:00","North West",7.139
"2024-01-05 12:00:00","London",6.213
"2024-01-05 12:00:00","South East",5.573
"2024-01-05 12:00:00","South West",6.453
"2024-01-05 12:00:00","Midlands",3.735
"2024-01-05 12:00:00","North East and Yorkshire",5.885
"2024-01-05 12:00:00","East of England",5.109
"2024-01-05 12:00:00","North West",4.787
"2024-01-06 12:00:00","London",5.731
"2024-01-06 12:00:00","South East",5.269
"2024-01-06 12:00:00","South West",6.826
"2024-01-06 12:00:00","Midlands",5.885
"2024-01-06 12:00:00","North East and Yorkshire",8.293
"2024-01-06 12:00:00","East of England",5.186
"2024-01-06 12:00:00","North West",7.348
"2024-01-07 12:00:00","London",8.25
"2024-01-07 12:00:00","South East",7.683
"2024-01-07 12:00:00","South West",9.085
"2024-01-07 12:00:00","Midlands",9.071
"2024-01-07 12:00:00","North East and Yorkshire",9.751
"2024-01-07 12:00:00","East of England",7.635
"2024-01-07 12:00:00","North West",8.812
"2024-01-08 12:00:00","London",9.146
"2024-01-08 12:00:00","South East",8.544
"2024-01-08 12:00:00","South West",9.234
"2024-01-08 12:00:00","Midlands",9.632
"2024-01-08 12:00:00","North East and Yorkshire",10.355
"2024-01-08 12:00:00","East of England",8.561
"2024-01-08 12:00:00","North West",9.693
"2024-01-09 12:00:00","London",11.327
"2024-01-09 12:00:00","South East",10.475
"2024-01-09 12:00:00","South West",11.647
"2024-01-09 12:00:00","Midlands",9.464
"2024-01-09 12:00:00","North East and Yorkshire",8.691
"2024-01-09 12:00:00","East of England",9.767
"2024-01-09 12:00:00","North West",8.29
"2024-01-10 12:00:00","London",15.184
"2024-01-10 12:00:00","South East",13.501
"2024-01-10 12:00:00","South West",13.499
"2024-01-10 12:00:00","Midlands",14.102
"2024-01-10 12:00:00","North East and Yorkshire",12.95
"2024-01-10 12:00:00","East of England",14.258
"2024-01-10 12:00:00","North West",11.966
"2024-01-11 12:00:00","London",14.812
"2024-01-11 12:00:00","South East",13.064
"2024-01-11 12:00:00","South West",13.212
"2024-01-11 12:00:00","Midlands",14.397
"2024-01-11 12:00:00","North East and Yorkshire",14.024
"2024-01-11 12:00:00","East of England",14.684
"2024-01-11 12:00:00","North West",12.584
"2024-01-12 12:00:00","London",15.017
"2024-01-12 12:00:00","South East",13.096
"2024-01-12 12:00:00","South West",13.423
"2024-01-12 12:00:00","Midlands",14.747
"2024-01-12 12:00:00","North East and Yorkshire",14.058
"2024-01-12 12:00:00","East of England",14.502
"2024-01-12 12:00:00","North West",13.069
"2024-01-13 12:00:00","London",15.57
"2024-01-13 12:00:00","South East",13.453
"2024-01-13 12:00:00","South West",13.184
"2024-01-13 12:00:00","Midlands",14.094
"2024-01-13 12:00:00","North East and Yorkshire",13.987
"2024-01-13 12:00:00","East of England",14.665
"2024-01-13 12:00:00","North West",13.111
"2024-01-14 12:00:00","London",12.445
"2024-01-14 12:00:00","South East",11.255
"2024-01-14 12:00:00","South West",10.99
"2024-01-14 12:00:00","Midlands",11.137
"2024-01-14 12:00:00","North East and Yorkshire",10.658
"2024-01-14 12:00:00","East of England",11.996
"2024-01-14 12:00:00","North West",9.509
"2024-01-15 12:00:00","London",10.759
"2024-01-15 12:00:00","South East",9.643
"2024-01-15 12:00:00","South West",9.955
"2024-01-15 12:00:00","Midlands",9.873
"2024-01-15 12:00:00","North East and Yorkshire",9.752
"2024-01-15 12:00:00","East of England",9.911
"2024-01-15 12:00:00","North West",9.339
"2024-01-16 12:00:00","London",12.244
"2024-01-16 12:00:00","South East",10.721
"2024-01-16 12:00:00","South West",10.382
"2024-01-16 12:00:00","Midlands",10.249
"2024-01-16 12:00:00","North East and Yorkshire",8.455
"2024-01-16 12:00:00","East of England",11.222
"2024-01-16 12:00:00","North West",8.086
"2024-01-17 12:00:00","London",10.614
"2024-01-17 12:00:00","South East",9.628
"2024-01-17 12:00:00","South West",9.713
"2024-01-17 12:00:00","Midlands",9.764
"2024-01-17 12:00:00","North East and Yorkshire",9.434
"2024-01-17 12:00:00","East of England",9.79
"2024-01-17 12:00:00","North West",8.486
"2024-01-18 12:00:00","London",11.691
"2024-01-18 12:00:00","South East",10.352
"2024-01-18 12:00:00","South West",10.289
"2024-01-18 12:00:00","Midlands",10.943
"2024-01-18 12:00:00","North East and Yorkshire",10.49
"2024-01-18 12:00:00","East of England",11.585
"2024-01-18 12:00:00","North West",9.704
"2024-01-19 12:00:00","London",13.29
"2024-01-19 12:00:00","South East",11.416
"2024-01-19 12:00:00","South West",10.759
"2024-01-19 12:00:00","Midlands",12.098
"2024-01-19 12:00:00","North East and Yorkshire",11.513
"2024-01-19 12:00:00","East of England",12.527
"2024-01-19 12:00:00","North West",9.927
"2024-01-20 12:00:00","London",9.936
"2024-01-20 12:00:00","South East",8.647
"2024-01-20 12:00:00","South West",8.677
"2024-01-20 12:00:00","Midlands",9.233
"2024-01-20 12:00:00","North East and Yorkshire",9.445
"2024-01-20 12:00:00","East of England",9.614
"2024-01-20 12:00:00","North West",8.59
"2024-01-21 12:00:00","London",8.771
"2024-01-21 12:00:00","South East",7.804
"2024-01-21 12:00:00","South West",7.807
"2024-01-21 12:00:00","Midlands",7.797
"2024-01-21 12:00:00","North East and Yorkshire",7.712
"2024-01-21 12:00:00","East of England",8.071
"2024-01-21 12:00:00","North West",6.918
"2024-01-22 12:00:00","London",11.36
"2024-01-22 12:00:00","South East",9.854
"2024-01-22 12:00:00","South West",9.106
"2024-01-22 12:00:00","Midlands",8.252
"2024-01-22 12:00:00","North East and Yorkshire",8.168
"2024-01-22 12:00:00","East of England",9.272
"2024-01-22 12:00:00","North West",7.633
"2024-01-23 12:00:00","London",12.464
"2024-01-23 12:00:00","South East",10.934
"2024-01-23 12:00:00","South West",11.651
"2024-01-23 12:00:00","Midlands",13.135
"2024-01-23 12:00:00","North East and Yorkshire",12.781
"2024-01-23 12:00:00","East of England",11.949
"2024-01-23 12:00:00","North West",11.339
"2024-01-24 12:00:00","London",12.006
"2024-01-24 12:00:00","South East",10.801
"2024-01-24 12:00:00","South West",11.589
"2024-01-24 12:00:00","Midlands",12.283
"2024-01-24 12:00:00","North East and Yorkshire",12.239
"2024-01-24 12:00:00","East of England",11.271
"2024-01-24 12:00:00","North West",11.559
"2024-01-25 12:00:00","London",12.151
"2024-01-25 12:00:00","South East",10.432
"2024-01-25 12:00:00","South West",7.91
"2024-01-25 12:00:00","Midlands",6.774
"2024-01-25 12:00:00","North East and Yorkshire",7.394
"2024-01-25 12:00:00","East of England",11.095
"2024-01-25 12:00:00","North West",6.378
"2024-01-26 12:00:00","London",9.981
"2024-01-26 12:00:00","South East",8.288
"2024-01-26 12:00:00","South West",7.383
"2024-01-26 12:00:00","Midlands",8.019
"2024-01-26 12:00:00","North East and Yorkshire",8.268
"2024-01-26 12:00:00","East of England",9.138
"2024-01-26 12:00:00","North West",7.466
"2024-01-27 12:00:00","London",9.342
"2024-01-27 12:00:00","South East",8
"2024-01-27 12:00:00","South West",8.517
"2024-01-27 12:00:00","Midlands",9.22
"2024-01-27 12:00:00","North East and Yorkshire",9.037
"2024-01-27 12:00:00","East of England",8.822
"2024-01-27 12:00:00","North West",8.129
"2024-01-28 12:00:00","London",9.248
"2024-01-28 12:00:00","South East",7.619
"2024-01-28 12:00:00","South West",7.724
"2024-01-28 12:00:00","Midlands",7.73
"2024-01-28 12:00:00","North East and Yorkshire",8.183
"2024-01-28 12:00:00","East of England",8.732
"2024-01-28 12:00:00","North West",7.45
"2024-01-29 12:00:00","London",9.062
"2024-01-29 12:00:00","South East",7.995
"2024-01-29 12:00:00","South West",8.425
"2024-01-29 12:00:00","Midlands",8.286
"2024-01-29 12:00:00","North East and Yorkshire",7.821
"2024-01-29 12:00:00","East of England",8.193
"2024-01-29 12:00:00","North West",7.631
"2024-01-30 12:00:00","London",4.764
"2024-01-30 12:00:00","South East",4.374
"2024-01-30 12:00:00","South West",5.388
"2024-01-30 12:00:00","Midlands",4.456
"2024-01-30 12:00:00","North East and Yorkshire",3.307
"2024-01-30 12:00:00","East of England",3.943
"2024-01-30 12:00:00","North West",3.71
"2024-01-31 12:00:00","London",2.827
"2024-01-31 12:00:00","South East",2.324
"2024-01-31 12:00:00","South West",2.75
"2024-01-31 12:00:00","Midlands",1.332
"2024-01-31 12:00:00","North East and Yorkshire",1.041
"2024-01-31 12:00:00","East of England",2.238
"2024-01-31 12:00:00","North West",1.61
"2024-02-01 12:00:00","London",3.012
"2024-02-01 12:00:00","South East",2.619
"2024-02-01 12:00:00","South West",3.95
"2024-02-01 12:00:00","Midlands",2.926
"2024-02-01 12:00:00","North East and Yorkshire",2.333
"2024-02-01 12:00:00","East of England",2.491
"2024-02-01 12:00:00","North West",3.097
"2024-02-02 12:00:00","London",5.997
"2024-02-02 12:00:00","South East",5.521
"2024-02-02 12:00:00","South West",6.126
"2024-02-02 12:00:00","Midlands",5.203
"2024-02-02 12:00:00","North East and Yorkshire",4.966
"2024-02-02 12:00:00","East of England",5.089
"2024-02-02 12:00:00","North West",5.251
"2024-02-03 12:00:00","London",8.959
"2024-02-03 12:00:00","South East",8.639
"2024-02-03 12:00:00","South West",9.596
"2024-02-03 12:00:00","Midlands",8.512
"2024-02-03 12:00:00","North East and Yorkshire",7.49
"2024-02-03 12:00:00","East of England",8.13
"2024-02-03 12:00:00","North West",7.783
"2024-02-04 12:00:00","London",13.044
"2024-02-04 12:00:00","South East",11.518
"2024-02-04 12:00:00","South West",11.747
"2024-02-04 12:00:00","Midlands",12.195
"2024-02-04 12:00:00","North East and Yorkshire",12.481
"2024-02-04 12:00:00","East of England",12.547
"2024-02-04 12:00:00","North West",11.711
"2024-02-05 12:00:00","London",11.122
"2024-02-05 12:00:00","South East",10.052
"2024-02-05 12:00:00","South West",10.03
"2024-02-05 12:00:00","Midlands",9.957
"2024-02-05 12:00:00","North East and Yorkshire",8.445
"2024-02-05 12:00:00","East of England",10.503
"2024-02-05 12:00:00","North West",8.161
"2024-02-06 12:00:00","London",7.667
"2024-02-06 12:00:00","South East",7.378
"2024-02-06 12:00:00","South West",8.432
"2024-02-06 12:00:00","Midlands",6.174
"2024-02-06 12:00:00","North East and Yorkshire",5.836
"2024-02-06 12:00:00","East of England",6.483
"2024-02-06 12:00:00","North West",6.67
"2024-02-07 12:00:00","London",11.356
"2024-02-07 12:00:00","South East",10.253
"2024-02-07 12:00:00","South West",10.627
"2024-02-07 12:00:00","Midlands",9.628
"2024-02-07 12:00:00","North East and Yorkshire",8.04
"2024-02-07 12:00:00","East of England",10.049
"2024-02-07 12:00:00","North West",8.105
"2024-02-08 12:00:00","London",13.259
"2024-02-08 12:00:00","South East",12
"2024-02-08 12:00:00","South West",11.652
"2024-02-08 12:00:00","Midlands",11.727
"2024-02-08 12:00:00","North East and Yorkshire",7.997
"2024-02-08 12:00:00","East of England",11.846
"2024-02-08 12:00:00","North West",9.348
"2024-02-09 12:00:00","London",11.305
"2024-02-09 12:00:00","South East",10.303
"2024-02-09 12:00:00","South West",10.161
"2024-02-09 12:00:00","Midlands",10.132
"2024-02-09 12:00:00","North East and Yorkshire",8.287
"2024-02-09 12:00:00","East of England",10.441
"2024-02-09 12:00:00","North West",8.305
"2024-02-10 12:00:00","London",4.968
"2024-02-10 12:00:00","South East",5.444
"2024-02-10 12:00:00","South West",7.254
"2024-02-10 12:00:00","Midlands",2.912
"2024-02-10 12:00:00","North East and Yorkshire",3.758
"2024-02-10 12:00:00","East of England",3.547
"2024-02-10 12:00:00","North West",3.463
"2024-02-11 12:00:00","London",4.256
"2024-02-11 12:00:00","South East",3.453
"2024-02-11 12:00:00","South West",3.398
"2024-02-11 12:00:00","Midlands",2.463
"2024-02-11 12:00:00","North East and Yorkshire",2.837
"2024-02-11 12:00:00","East of England",3.739
"2024-02-11 12:00:00","North West",2.645
"2024-02-12 12:00:00","London",9.723
"2024-02-12 12:00:00","South East",9.105
"2024-02-12 12:00:00","South West",9.754
"2024-02-12 12:00:00","Midlands",5.991
"2024-02-12 12:00:00","North East and Yorkshire",5.262
"2024-02-12 12:00:00","East of England",6.902
"2024-02-12 12:00:00","North West",5.446
"2024-02-13 12:00:00","London",9.177
"2024-02-13 12:00:00","South East",8.091
"2024-02-13 12:00:00","South West",7.642
"2024-02-13 12:00:00","Midlands",7.469
"2024-02-13 12:00:00","North East and Yorkshire",6.586
"2024-02-13 12:00:00","East of England",8.358
"2024-02-13 12:00:00","North West",6.352
"2024-02-14 12:00:00","London",8.914
"2024-02-14 12:00:00","South East",7.9
"2024-02-14 12:00:00","South West",7.91
"2024-02-14 12:00:00","Midlands",7.299
"2024-02-14 12:00:00","North East and Yorkshire",6.986
"2024-02-14 12:00:00","East of England",7.573
"2024-02-14 12:00:00","North West",6.206
"2024-02-15 12:00:00","London",8.125
"2024-02-15 12:00:00","South East",7.296
"2024-02-15 12:00:00","South West",8.185
"2024-02-15 12:00:00","Midlands",6.932
"2024-02-15 12:00:00","North East and Yorkshire",6.282
"2024-02-15 12:00:00","East of England",6.991
"2024-02-15 12:00:00","North West",5.863
"2024-02-16 12:00:00","London",11.647
"2024-02-16 12:00:00","South East",10.402
"2024-02-16 12:00:00","South West",10.839
"2024-02-16 12:00:00","Midlands",10.782
"2024-02-16 12:00:00","North East and Yorkshire",10.221
"2024-02-16 12:00:00","East of England",10.801
"2024-02-16 12:00:00","North West",9.739
"2024-02-17 12:00:00","London",9.067
"2024-02-17 12:00:00","South East",7.85
"2024-02-17 12:00:00","South West",6.975
"2024-02-17 12:00:00","Midlands",7.369
"2024-02-17 12:00:00","North East and Yorkshire",7.219
"2024-02-17 12:00:00","East of England",8.312
"2024-02-17 12:00:00","North West",6.542
"2024-02-18 12:00:00","London",10.611
"2024-02-18 12:00:00","South East",9.134
"2024-02-18 12:00:00","South West",8.45
"2024-02-18 12:00:00","Midlands",8.491
"2024-02-18 12:00:00","North East and Yorkshire",7.659
"2024-02-18 12:00:00","East of England",9.525
"2024-02-18 12:00:00","North West",7.138
"2024-02-19 12:00:00","London",9.982
"2024-02-19 12:00:00","South East",8.791
"2024-02-19 12:00:00","South West",8.628
"2024-02-19 12:00:00","Midlands",8.785
"2024-02-19 12:00:00","North East and Yorkshire",7.645
"2024-02-19 12:00:00","East of England",8.993
"2024-02-19 12:00:00","North West",7.097
"2024-02-20 12:00:00","London",9.177
"2024-02-20 12:00:00","South East",8.091
"2024-02-20 12:00:00","South West",7.642
"2024-02-20 12:00:00","Midlands",7.469
"2024-02-20 12:00:00","North East and Yorkshire",6.586
"2024-02-20 12:00:00","East of England",8.358
"2024-02-20 12:00:00","North West",6.352
"2024-02-21 12:00:00","London",8.914
"2024-02-21 12:00:00","South East",7.9
"2024-02-21 12:00:00","South West",7.91
"2024-02-21 12:00:00","Midlands",7.299
"2024-02-21 12:00:00","North East and Yorkshire",6.986
"2024-02-21 12:00:00","East of England",7.573
"2024-02-21 12:00:00","North West",6.206
"2024-02-22 12:00:00","London",8.125
"2024-02-22 12:00:00","South East",7.296
"2024-02-22 12:00:00","South West",8.185
"2024-02-22 12:00:00","Midlands",6.932
"2024-02-22 12:00:00","North East and Yorkshire",6.282
"2024-02-22 12:00:00","East of England",6.991
"2024-02-22 12:00:00","North West",5.863
"2024-02-23 12:00:00","London",11.647
"2024-02-23 12:00:00","South East",10.402
"2024-02-23 12:00:00","South West",10.839
"2024-02-23 12:00:00","Midlands",10.782
"2024-02-23 12:00:00","North East and Yorkshire",10.221
"2024-02-23 12:00:00","East of England",10.801
"2024-02-23 12:00:00","North West",9.739
"2024-02-24 12:00:00","London",9.067
"2024-02-24 12:00:00","South East",7.85
"2024-02-24 12:00:00","South West",6.975
"2024-02-24 12:00:00","Midlands",7.369
"2024-02-24 12:00:00","North East and Yorkshire",7.219
"2024-02-24 12:00:00","East of England",8.312
"2024-02-24 12:00:00","North West",6.542
"2024-02-25 12:00:00","London",10.611
"2024-02-25 12:00:00","South East",9.134
"2024-02-25 12:00:00","South West",8.45
"2024-02-25 12:00:00","Midlands",8.491
"2024-02-25 12:00:00","North East and Yorkshire",7.659
"2024-02-25 12:00:00","East of England",9.525
"2024-02-25 12:00:00","North West",7.138
"2024-02-26 12:00:00","London",9.982
"2024-02-26 12:00:00","South East",8.791
"2024-02-26 12:00:00","South West",8.628
"2024-02-26 12:00:00","Midlands",8.785
"2024-02-26 12:00:00","North East and Yorkshire",7.645
"2024-02-26 12:00:00","East of England",8.993
"2024-02-26 12:00:00","North West",7.097
"2024-02-27 12:00:00","London",13.376
"2024-02-27 12:00:00","South East",11.449
"2024-02-27 12:00:00","South West",11.579
"2024-02-27 12:00:00","Midlands",12.012
"2024-02-27 12:00:00","North East and Yorkshire",10.949
"2024-02-27 12:00:00","East of England",12.55
"2024-02-27 12:00:00","North West",9.624
"2024-02-28 12:00:00","London",13.446
"2024-02-28 12:00:00","South East",11.764
"2024-02-28 12:00:00","South West",12.561
"2024-02-28 12:00:00","Midlands",13.434
"2024-02-28 12:00:00","North East and Yorkshire",12.397
"2024-02-28 12:00:00","East of England",13.073
"2024-02-28 12:00:00","North West",11.458
"2024-02-29 12:00:00","London",12.953
"2024-02-29 12:00:00","South East",11.549
"2024-02-29 12:00:00","South West",12.626
"2024-02-29 12:00:00","Midlands",13.977
"2024-02-29 12:00:00","North East and Yorkshire",13.482
"2024-02-29 12:00:00","East of England",13.298
"2024-02-29 12:00:00","North West",12.301
"2024-03-01 12:00:00","London",12.581
"2024-03-01 12:00:00","South East",10.813
"2024-03-01 12:00:00","South West",10.027
"2024-03-01 12:00:00","Midlands",10.963
"2024-03-01 12:00:00","North East and Yorkshire",10.644
"2024-03-01 12:00:00","East of England",12.395
"2024-03-01 12:00:00","North West",9.305
"2024-03-02 12:00:00","London",11.699
"2024-03-02 12:00:00","South East",10.367
"2024-03-02 12:00:00","South West",10.84
"2024-03-02 12:00:00","Midlands",10.47
"2024-03-02 12:00:00","North East and Yorkshire",11.22
"2024-03-02 12:00:00","East of England",10.818
"2024-03-02 12:00:00","North West",9.596
"2024-03-03 12:00:00","London",12.537
"2024-03-03 12:00:00","South East",11.21
"2024-03-03 12:00:00","South West",11.478
"2024-03-03 12:00:00","Midlands",13.671
"2024-03-03 12:00:00","North East and Yorkshire",14.568
"2024-03-03 12:00:00","East of England",12.673
"2024-03-03 12:00:00","North West",12.665
"2024-03-04 12:00:00","London",19.528
"2024-03-04 12:00:00","South East",15.668
"2024-03-04 12:00:00","South West",14.899
"2024-03-04 12:00:00","Midlands",16.956
"2024-03-04 12:00:00","North East and Yorkshire",16.74
"2024-03-04 12:00:00","East of England",18.417
"2024-03-04 12:00:00","North West",14.709
"2024-03-05 12:00:00","London",14.264
"2024-03-05 12:00:00","South East",12.452
"2024-03-05 12:00:00","South West",12.354
"2024-03-05 12:00:00","Midlands",13.157
"2024-03-05 12:00:00","North East and Yorkshire",12.85
"2024-03-05 12:00:00","East of England",13.616
"2024-03-05 12:00:00","North West",11.435
"2024-03-06 12:00:00","London",16.216
"2024-03-06 12:00:00","South East",13.647
"2024-03-06 12:00:00","South West",13.307
"2024-03-06 12:00:00","Midlands",15.487
"2024-03-06 12:00:00","North East and Yorkshire",13.87
"2024-03-06 12:00:00","East of England",16.181
"2024-03-06 12:00:00","North West",11.542
"2024-03-07 12:00:00","London",12.037
"2024-03-07 12:00:00","South East",10.787
"2024-03-07 12:00:00","South West",11.211
"2024-03-07 12:00:00","Midlands",11.826
"2024-03-07 12:00:00","North East and Yorkshire",10.438
"2024-03-07 12:00:00","East of England",11.485
"2024-03-07 12:00:00","North West",9.352
"2024-03-08 12:00:00","London",12.554
"2024-03-08 12:00:00","South East",11.099
"2024-03-08 12:00:00","South West",10.973
"2024-03-08 12:00:00","Midlands",11.304
"2024-03-08 12:00:00","North East and Yorkshire",10.476
"2024-03-08 12:00:00","East of England",11.44
"2024-03-08 12:00:00","North West",9.811
"2024-03-09 12:00:00","London",12.886
"2024-03-09 12:00:00","South East",11.313
"2024-03-09 12:00:00","South West",11.077
"2024-03-09 12:00:00","Midlands",11.771
"2024-03-09 12:00:00","North East and Yorkshire",11.5
"2024-03-09 12:00:00","East of England",11.653
"2024-03-09 12:00:00","North West",10.112
"2024-03-10 12:00:00","London",9.884
"2024-03-10 12:00:00","South East",9.609
"2024-03-10 12:00:00","South West",11.528
"2024-03-10 12:00:00","Midlands",11.159
"2024-03-10 12:00:00","North East and Yorkshire",11.285
"2024-03-10 12:00:00","East of England",10.071
"2024-03-10 12:00:00","North West",10.746
"2024-03-11 12:00:00","London",9.947
"2024-03-11 12:00:00","South East",9.823
"2024-03-11 12:00:00","South West",9.51
"2024-03-11 12:00:00","Midlands",5.203
"2024-03-11 12:00:00","North East and Yorkshire",6.229
"2024-03-11 12:00:00","East of England",7.52
"2024-03-11 12:00:00","North West",7.933
"2024-03-12 12:00:00","London",10.004
"2024-03-12 12:00:00","South East",8.177
"2024-03-12 12:00:00","South West",8.551
"2024-03-12 12:00:00","Midlands",10.327
"2024-03-12 12:00:00","North East and Yorkshire",11.267
"2024-03-12 12:00:00","East of England",10.282
"2024-03-12 12:00:00","North West",10.165
"2024-03-13 12:00:00","London",9.6
"2024-03-13 12:00:00","South East",8.914
"2024-03-13 12:00:00","South West",9.154
"2024-03-13 12:00:00","Midlands",9.369
"2024-03-13 12:00:00","North East and Yorkshire",8.286
"2024-03-13 12:00:00","East of England",9.004
"2024-03-13 12:00:00","North West",7.949
"2024-03-14 12:00:00","London",8.925
"2024-03-14 12:00:00","South East",7.701
"2024-03-14 12:00:00","South West",7.357
"2024-03-14 12:00:00","Midlands",8.416
"2024-03-14 12:00:00","North East and Yorkshire",8.351
"2024-03-14 12:00:00","East of England",8.118
"2024-03-14 12:00:00","North West",7.701
"2024-03-15 12:00:00","London",10.466
"2024-03-15 12:00:00","South East",9.209
"2024-03-15 12:00:00","South West",9.83
"2024-03-15 12:00:00","Midlands",10.836
"2024-03-15 12:00:00","North East and Yorkshire",9.608
"2024-03-15 12:00:00","East of England",9.884
"2024-03-15 12:00:00","North West",10.01
"2024-03-16 12:00:00","London",8.406
"2024-03-16 12:00:00","South East",7.416
"2024-03-16 12:00:00","South West",6.959
"2024-03-16 12:00:00","Midlands",7.205
"2024-03-16 12:00:00","North East and Yorkshire",6.278
"2024-03-16 12:00:00","East of England",7.701
"2024-03-16 12:00:00","North West",6.224
"2024-03-17 12:00:00","London",7.75
"2024-03-17 12:00:00","South East",7.083
"2024-03-17 12:00:00","South West",8.049
"2024-03-17 12:00:00","Midlands",8.269
"2024-03-17 12:00:00","North East and Yorkshire",7.499
"2024-03-17 12:00:00","East of England",7.645
"2024-03-17 12:00:00","North West",7.513
"2024-03-18 12:00:00","London",8.593
"2024-03-18 12:00:00","South East",7.587
"2024-03-18 12:00:00","South West",7.602
"2024-03-18 12:00:00","Midlands",7.619
"2024-03-18 12:00:00","North East and Yorkshire",8.027
"2024-03-18 12:00:00","East of England",8.107
"2024-03-18 12:00:00","North West",7.804
"2024-03-19 12:00:00","London",13.507
"2024-03-19 12:00:00","South East",12.096
"2024-03-19 12:00:00","South West",12.275
"2024-03-19 12:00:00","Midlands",13.75
"2024-03-19 12:00:00","North East and Yorkshire",12.462
"2024-03-19 12:00:00","East of England",13.025
"2024-03-19 12:00:00","North West",12.033
"2024-03-20 12:00:00","London",13.385
"2024-03-20 12:00:00","South East",11.869
"2024-03-20 12:00:00","South West",12.28
"2024-03-20 12:00:00","Midlands",13.41
"2024-03-20 12:00:00","North East and Yorkshire",13.7
"2024-03-20 12:00:00","East of England",13.507
"2024-03-20 12:00:00","North West",11.845
"2024-03-21 12:00:00","London",17.318
"2024-03-21 12:00:00","South East",14.615
"2024-03-21 12:00:00","South West",12.571
"2024-03-21 12:00:00","Midlands",14.151
"2024-03-21 12:00:00","North East and Yorkshire",13.392
"2024-03-21 12:00:00","East of England",16.366
"2024-03-21 12:00:00","North West",11.97
"2024-03-22 12:00:00","London",15.814
"2024-03-22 12:00:00","South East",13.604
"2024-03-22 12:00:00","South West",13.075
"2024-03-22 12:00:00","Midlands",15.207
"2024-03-22 12:00:00","North East and Yorkshire",12.313
"2024-03-22 12:00:00","East of England",15.937
"2024-03-22 12:00:00","North West",11.094
"2024-03-23 12:00:00","London",13.311
"2024-03-23 12:00:00","South East",11.562
"2024-03-23 12:00:00","South West",11.217
"2024-03-23 12:00:00","Midlands",11.176
"2024-03-23 12:00:00","North East and Yorkshire",10.809
"2024-03-23 12:00:00","East of England",12.145
"2024-03-23 12:00:00","North West",10.277
"2024-03-24 12:00:00","London",15.88
"2024-03-24 12:00:00","South East",14.129
"2024-03-24 12:00:00","South West",14.475
"2024-03-24 12:00:00","Midlands",15.92
"2024-03-24 12:00:00","North East and Yorkshire",15.069
"2024-03-24 12:00:00","East of England",14.621
"2024-03-24 12:00:00","North West",14.052
"2024-03-25 12:00:00","London",14.803
"2024-03-25 12:00:00","South East",13.144
"2024-03-25 12:00:00","South West",13.965
"2024-03-25 12:00:00","Midlands",15.016
"2024-03-25 12:00:00","North East and Yorkshire",14.72
"2024-03-25 12:00:00","East of England",14.863
"2024-03-25 12:00:00","North West",13.272
"2024-03-26 12:00:00","London",16.311
"2024-03-26 12:00:00","South East",14.668
"2024-03-26 12:00:00","South West",13.527
"2024-03-26 12:00:00","Midlands",14.816
"2024-03-26 12:00:00","North East and Yorkshire",13.804
"2024-03-26 12:00:00","East of England",15.265
"2024-03-26 12:00:00","North West",12.862
"2024-03-27 12:00:00","London",18.149
"2024-03-27 12:00:00","South East",16.678
"2024-03-27 12:00:00","South West",16.796
"2024-03-27 12:00:00","Midlands",16.654
"2024-03-27 12:00:00","North East and Yorkshire",14.974
"2024-03-27 12:00:00","East of England",16.731
"2024-03-27 12:00:00","North West",15.252
"2024-03-28 12:00:00","London",18.42
"2024-03-28 12:00:00","South East",17.072
"2024-03-28 12:00:00","South West",17.212
"2024-03-28 12:00:00","Midlands",17.307
"2024-03-28 12:00:00","North East and Yorkshire",14.991
"2024-03-28 12:00:00","East of England",17.11
"2024-03-28 12:00:00","North West",15.945
"2024-03-29 12:00:00","London",16.166
"2024-03-29 12:00:00","South East",14.456
"2024-03-29 12:00:00","South West",14.383
"2024-03-29 12:00:00","Midlands",15.933
"2024-03-29 12:00:00","North East and Yorkshire",15.384
"2024-03-29 12:00:00","East of England",15.162
"2024-03-29 12:00:00","North West",15.596
"2024-03-30 12:00:00","London",16.96
"2024-03-30 12:00:00","South East",15.691
"2024-03-30 12:00:00","South West",16.076
"2024-03-30 12:00:00","Midlands",15.255
"2024-03-30 12:00:00","North East and Yorkshire",13.94
"2024-03-30 12:00:00","East of England",15.401
"2024-03-30 12:00:00","North West",14.304
"2024-03-31 12:00:00","London",18.311
"2024-03-31 12:00:00","South East",16.673
"2024-03-31 12:00:00","South West",16.737
"2024-03-31 12:00:00","Midlands",15.759
"2024-03-31 12:00:00","North East and Yorkshire",13.538
"2024-03-31 12:00:00","East of England",16.1
"2024-03-31 12:00:00","North West",14.385
"2024-04-01 12:00:00","London",14.534
"2024-04-01 12:00:00","South East",13.712
"2024-04-01 12:00:00","South West",14.223
"2024-04-01 12:00:00","Midlands",13.736
"2024-04-01 12:00:00","North East and Yorkshire",12.012
"2024-04-01 12:00:00","East of England",13.848
"2024-04-01 12:00:00","North West",12.217
"2024-04-02 12:00:00","London",19.684
"2024-04-02 12:00:00","South East",16.67
"2024-04-02 12:00:00","South West",15.405
"2024-04-02 12:00:00","Midlands",18.204
"2024-04-02 12:00:00","North East and Yorkshire",16.324
"2024-04-02 12:00:00","East of England",18.176
"2024-04-02 12:00:00","North West",16.704
"2024-04-03 12:00:00","London",19.906
"2024-04-03 12:00:00","South East",17.102
"2024-04-03 12:00:00","South West",16.729
"2024-04-03 12:00:00","Midlands",18.319
"2024-04-03 12:00:00","North East and Yorkshire",17.457
"2024-04-03 12:00:00","East of England",18.585
"2024-04-03 12:00:00","North West",16.65
"2024-04-04 12:00:00","London",18.761
"2024-04-04 12:00:00","South East",16.952
"2024-04-04 12:00:00","South West",16.938
"2024-04-04 12:00:00","Midlands",17.981
"2024-04-04 12:00:00","North East and Yorkshire",17.833
"2024-04-04 12:00:00","East of England",17.384
"2024-04-04 12:00:00","North West",16.578
"2024-04-05 12:00:00","London",17.557
"2024-04-05 12:00:00","South East",15.959
"2024-04-05 12:00:00","South West",16.19
"2024-04-05 12:00:00","Midlands",17.383
"2024-04-05 12:00:00","North East and Yorkshire",18.157
"2024-04-05 12:00:00","East of England",16.399
"2024-04-05 12:00:00","North West",16.906
"2024-04-06 12:00:00","London",17.907
"2024-04-06 12:00:00","South East",16.206
"2024-04-06 12:00:00","South West",16.234
"2024-04-06 12:00:00","Midlands",17.544
"2024-04-06 12:00:00","North East and Yorkshire",16.963
"2024-04-06 12:00:00","East of England",16.607
"2024-04-06 12:00:00","North West",16.879
"2024-04-07 12:00:00","London",13.019
"2024-04-07 12:00:00","South East",12.156
"2024-04-07 12:00:00","South West",14.823
"2024-04-07 12:00:00","Midlands",13.838
"2024-04-07 12:00:00","North East and Yorkshire",15.45
"2024-04-07 12:00:00","East of England",12.454
"2024-04-07 12:00:00","North West",14.886
"2024-04-08 12:00:00","London",15.721
"2024-04-08 12:00:00","South East",14.406
"2024-04-08 12:00:00","South West",14.422
"2024-04-08 12:00:00","Midlands",15.79
"2024-04-08 12:00:00","North East and Yorkshire",13.382
"2024-04-08 12:00:00","East of England",14.614
"2024-04-08 12:00:00","North West",13.798
"2024-04-09 12:00:00","London",10.063
"2024-04-09 12:00:00","South East",9.188
"2024-04-09 12:00:00","South West",9.768
"2024-04-09 12:00:00","Midlands",8.721
"2024-04-09 12:00:00","North East and Yorkshire",6.375
"2024-04-09 12:00:00","East of England",8.812
"2024-04-09 12:00:00","North West",6.238
"2024-04-10 12:00:00","London",10.012
"2024-04-10 12:00:00","South East",8.987
"2024-04-10 12:00:00","South West",9.531
"2024-04-10 12:00:00","Midlands",9.94
"2024-04-10 12:00:00","North East and Yorkshire",9.622
"2024-04-10 12:00:00","East of England",9.407
"2024-04-10 12:00:00","North West",9.044
"2024-04-11 12:00:00","London",14.498
"2024-04-11 12:00:00","South East",12.725
"2024-04-11 12:00:00","South West",10.904
"2024-04-11 12:00:00","Midlands",12.115
"2024-04-11 12:00:00","North East and Yorkshire",12.367
"2024-04-11 12:00:00","East of England",13.52
"2024-04-11 12:00:00","North West",10.852
"2024-04-12 12:00:00","London",14.761
"2024-04-12 12:00:00","South East",13.158
"2024-04-12 12:00:00","South West",13.43
"2024-04-12 12:00:00","Midlands",15.206
"2024-04-12 12:00:00","North East and Yorkshire",14.964
"2024-04-12 12:00:00","East of England",13.181
"2024-04-12 12:00:00","North West",13.684
"2024-04-13 12:00:00","London",14.23
"2024-04-13 12:00:00","South East",12.843
"2024-04-13 12:00:00","South West",13.475
"2024-04-13 12:00:00","Midlands",14.38
"2024-04-13 12:00:00","North East and Yorkshire",13.785
"2024-04-13 12:00:00","East of England",12.326
"2024-04-13 12:00:00","North West",12.84
"2024-04-14 12:00:00","London",11.044
"2024-04-14 12:00:00","South East",10.242
"2024-04-14 12:00:00","South West",11.239
"2024-04-14 12:00:00","Midlands",11.4
"2024-04-14 12:00:00","North East and Yorkshire",11.434
"2024-04-14 12:00:00","East of England",11.012
"2024-04-14 12:00:00","North West",9.603
"2024-04-15 12:00:00","London",12.503
"2024-04-15 12:00:00","South East",10.749
"2024-04-15 12:00:00","South West",11.346
"2024-04-15 12:00:00","Midlands",14.7
"2024-04-15 12:00:00","North East and Yorkshire",13.257
"2024-04-15 12:00:00","East of England",13.192
"2024-04-15 12:00:00","North West",12.934
"2024-04-16 12:00:00","London",18.102
"2024-04-16 12:00:00","South East",16.542
"2024-04-16 12:00:00","South West",17.535
"2024-04-16 12:00:00","Midlands",18.825
"2024-04-16 12:00:00","North East and Yorkshire",19.805
"2024-04-16 12:00:00","East of England",17.015
"2024-04-16 12:00:00","North West",18.767
"2024-04-17 12:00:00","London",19.607
"2024-04-17 12:00:00","South East",17.815
"2024-04-17 12:00:00","South West",17.792
"2024-04-17 12:00:00","Midlands",18.863
"2024-04-17 12:00:00","North East and Yorkshire",19.223
"2024-04-17 12:00:00","East of England",17.954
"2024-04-17 12:00:00","North West",18.798
"2024-04-18 12:00:00","London",18.274
"2024-04-18 12:00:00","South East",16.631
"2024-04-18 12:00:00","South West",16.601
"2024-04-18 12:00:00","Midlands",17.251
"2024-04-18 12:00:00","North East and Yorkshire",15.848
"2024-04-18 12:00:00","East of England",16.75
"2024-04-18 12:00:00","North West",16.176
"2024-04-19 12:00:00","London",14.753
"2024-04-19 12:00:00","South East",13.314
"2024-04-19 12:00:00","South West",13.38
"2024-04-19 12:00:00","Midlands",16.896
"2024-04-19 12:00:00","North East and Yorkshire",17.25
"2024-04-19 12:00:00","East of England",13.931
"2024-04-19 12:00:00","North West",17.419
"2024-04-20 12:00:00","London",18.309
"2024-04-20 12:00:00","South East",15.978
"2024-04-20 12:00:00","South West",15.593
"2024-04-20 12:00:00","Midlands",15.381
"2024-04-20 12:00:00","North East and Yorkshire",14.437
"2024-04-20 12:00:00","East of England",16.433
"2024-04-20 12:00:00","North West",13.51
"2024-04-21 12:00:00","London",18.046
"2024-04-21 12:00:00","South East",16.823
"2024-04-21 12:00:00","South West",16.835
"2024-04-21 12:00:00","Midlands",16.983
"2024-04-21 12:00:00","North East and Yorkshire",16.134
"2024-04-21 12:00:00","East of England",16.868
"2024-04-21 12:00:00","North West",14.251
"2024-04-22 12:00:00","London",20.067
"2024-04-22 12:00:00","South East",18.002
"2024-04-22 12:00:00","South West",17.767
"2024-04-22 12:00:00","Midlands",18.418
"2024-04-22 12:00:00","North East and Yorkshire",17.476
"2024-04-22 12:00:00","East of England",18.592
"2024-04-22 12:00:00","North West",15.392
"2024-04-23 12:00:00","London",11.188
"2024-04-23 12:00:00","South East",10.893
"2024-04-23 12:00:00","South West",11.008
"2024-04-23 12:00:00","Midlands",9.813
"2024-04-23 12:00:00","North East and Yorkshire",9.958
"2024-04-23 12:00:00","East of England",8.809
"2024-04-23 12:00:00","North West",12.1
"2024-04-24 12:00:00","London",11.206
"2024-04-24 12:00:00","South East",9.672
"2024-04-24 12:00:00","South West",10.701
"2024-04-24 12:00:00","Midlands",7.495
"2024-04-24 12:00:00","North East and Yorkshire",4.963
"2024-04-24 12:00:00","East of England",9.363
"2024-04-24 12:00:00","North West",5.56
"2024-04-25 12:00:00","London",8.123
"2024-04-25 12:00:00","South East",7.105
"2024-04-25 12:00:00","South West",7.494
"2024-04-25 12:00:00","Midlands",6.572
"2024-04-25 12:00:00","North East and Yorkshire",6.072
"2024-04-25 12:00:00","East of England",7.146
"2024-04-25 12:00:00","North West",6.561
"2024-04-26 12:00:00","London",8.786
"2024-04-26 12:00:00","South East",7.82
"2024-04-26 12:00:00","South West",8.675
"2024-04-26 12:00:00","Midlands",8.222
"2024-04-26 12:00:00","North East and Yorkshire",7.542
"2024-04-26 12:00:00","East of England",8.016
"2024-04-26 12:00:00","North West",7.582
"2024-04-27 12:00:00","London",9.505
"2024-04-27 12:00:00","South East",8.745
"2024-04-27 12:00:00","South West",8.795
"2024-04-27 12:00:00","Midlands",9.002
"2024-04-27 12:00:00","North East and Yorkshire",8.348
"2024-04-27 12:00:00","East of England",8.738
"2024-04-27 12:00:00","North West",8.629
"2024-04-28 12:00:00","London",10.09
"2024-04-28 12:00:00","South East",9.402
"2024-04-28 12:00:00","South West",10.178
"2024-04-28 12:00:00","Midlands",10.612
"2024-04-28 12:00:00","North East and Yorkshire",11.034
"2024-04-28 12:00:00","East of England",9.799
"2024-04-28 12:00:00","North West",9.496
"2024-04-29 12:00:00","London",14.572
"2024-04-29 12:00:00","South East",13.171
"2024-04-29 12:00:00","South West",12.886
"2024-04-29 12:00:00","Midlands",12.864
"2024-04-29 12:00:00","North East and Yorkshire",12.852
"2024-04-29 12:00:00","East of England",13.669
"2024-04-29 12:00:00","North West",10.543
"2024-04-30 12:00:00","London",15.187
"2024-04-30 12:00:00","South East",14.342
"2024-04-30 12:00:00","South West",15.892
"2024-04-30 12:00:00","Midlands",14.678
"2024-04-30 12:00:00","North East and Yorkshire",13.21
"2024-04-30 12:00:00","East of England",13.391
"2024-04-30 12:00:00","North West",14.531
"2024-05-01 12:00:00","London",15.579
"2024-05-01 12:00:00","South East",14.758
"2024-05-01 12:00:00","South West",15.563
"2024-05-01 12:00:00","Midlands",14.731
"2024-05-01 12:00:00","North East and Yorkshire",14.901
"2024-05-01 12:00:00","East of England",13.578
"2024-05-01 12:00:00","North West",14.705
"2024-05-02 12:00:00","London",19.354
"2024-05-02 12:00:00","South East",17.473
"2024-05-02 12:00:00","South West",15.735
"2024-05-02 12:00:00","Midlands",16.984
"2024-05-02 12:00:00","North East and Yorkshire",12.592
"2024-05-02 12:00:00","East of England",17.403
"2024-05-02 12:00:00","North West",14.431
"2024-05-03 12:00:00","London",19.417
"2024-05-03 12:00:00","South East",17.09
"2024-05-03 12:00:00","South West",15.988
"2024-05-03 12:00:00","Midlands",18.587
"2024-05-03 12:00:00","North East and Yorkshire",16.988
"2024-05-03 12:00:00","East of England",18.173
"2024-05-03 12:00:00","North West",16.689
"2024-05-04 12:00:00","London",14.975
"2024-05-04 12:00:00","South East",13.422
"2024-05-04 12:00:00","South West",15.036
"2024-05-04 12:00:00","Midlands",15.444
"2024-05-04 12:00:00","North East and Yorkshire",17.103
"2024-05-04 12:00:00","East of England",15.592
"2024-05-04 12:00:00","North West",15.685
"2024-05-05 12:00:00","London",20.58
"2024-05-05 12:00:00","South East",18.173
"2024-05-05 12:00:00","South West",17.064
"2024-05-05 12:00:00","Midlands",19.899
"2024-05-05 12:00:00","North East and Yorkshire",19.047
"2024-05-05 12:00:00","East of England",20.113
"2024-05-05 12:00:00","North West",17.357
"2024-05-06 12:00:00","London",15.77
"2024-05-06 12:00:00","South East",14.077
"2024-05-06 12:00:00","South West",14.05
"2024-05-06 12:00:00","Midlands",15.266
"2024-05-06 12:00:00","North East and Yorkshire",15.511
"2024-05-06 12:00:00","East of England",16.42
"2024-05-06 12:00:00","North West",14.404
"2024-05-07 12:00:00","London",19.256
"2024-05-07 12:00:00","South East",16.517
"2024-05-07 12:00:00","South West",13.718
"2024-05-07 12:00:00","Midlands",18.576
"2024-05-07 12:00:00","North East and Yorkshire",18.434
"2024-05-07 12:00:00","East of England",18.059
"2024-05-07 12:00:00","North West",16.902
"2024-05-08 12:00:00","London",19.769
"2024-05-08 12:00:00","South East",16.993
"2024-05-08 12:00:00","South West",14.344
"2024-05-08 12:00:00","Midlands",18.35
"2024-05-08 12:00:00","North East and Yorkshire",17.366
"2024-05-08 12:00:00","East of England",19.795
"2024-05-08 12:00:00","North West",17.334
"2024-05-09 12:00:00","London",16.366
"2024-05-09 12:00:00","South East",14.057
"2024-05-09 12:00:00","South West",11.862
"2024-05-09 12:00:00","Midlands",17.987
"2024-05-09 12:00:00","North East and Yorkshire",16.54
"2024-05-09 12:00:00","East of England",17.814
"2024-05-09 12:00:00","North West",18.691
"2024-05-10 12:00:00","London",13.706
"2024-05-10 12:00:00","South East",12.951
"2024-05-10 12:00:00","South West",13.229
"2024-05-10 12:00:00","Midlands",12.428
"2024-05-10 12:00:00","North East and Yorkshire",14.361
"2024-05-10 12:00:00","East of England",12.336
"2024-05-10 12:00:00","North West",12.377
"2024-05-11 12:00:00","London",17.669
"2024-05-11 12:00:00","South East",15.886
"2024-05-11 12:00:00","South West",15.8
"2024-05-11 12:00:00","Midlands",16.954
"2024-05-11 12:00:00","North East and Yorkshire",13.967
"2024-05-11 12:00:00","East of England",17.259
"2024-05-11 12:00:00","North West",12.745
"2024-05-12 12:00:00","London",18.68
"2024-05-12 12:00:00","South East",15.626
"2024-05-12 12:00:00","South West",14.606
"2024-05-12 12:00:00","Midlands",18.969
"2024-05-12 12:00:00","North East and Yorkshire",17.154
"2024-05-12 12:00:00","East of England",18.447
"2024-05-12 12:00:00","North West",16.993
"2024-05-13 12:00:00","London",15.887
"2024-05-13 12:00:00","South East",14.464
"2024-05-13 12:00:00","South West",16.384
"2024-05-13 12:00:00","Midlands",19.128
"2024-05-13 12:00:00","North East and Yorkshire",17.955
"2024-05-13 12:00:00","East of England",16.539
"2024-05-13 12:00:00","North West",15.998
"2024-05-14 12:00:00","London",20.694
"2024-05-14 12:00:00","South East",19.156
"2024-05-14 12:00:00","South West",19.232
"2024-05-14 12:00:00","Midlands",18.81
"2024-05-14 12:00:00","North East and Yorkshire",15.821
"2024-05-14 12:00:00","East of England",18.821
"2024-05-14 12:00:00","North West",17.725
"2024-05-15 12:00:00","London",18.575
"2024-05-15 12:00:00","South East",15.584
"2024-05-15 12:00:00","South West",13.179
"2024-05-15 12:00:00","Midlands",17.979
"2024-05-15 12:00:00","North East and Yorkshire",17.047
"2024-05-15 12:00:00","East of England",19.233
"2024-05-15 12:00:00","North West",16.81
"2024-05-16 12:00:00","London",16.616
"2024-05-16 12:00:00","South East",14.346
"2024-05-16 12:00:00","South West",13.342
"2024-05-16 12:00:00","Midlands",14.607
"2024-05-16 12:00:00","North East and Yorkshire",13.679
"2024-05-16 12:00:00","East of England",15.973
"2024-05-16 12:00:00","North West",13.616
"2024-05-17 12:00:00","London",16.896
"2024-05-17 12:00:00","South East",14.49
"2024-05-17 12:00:00","South West",12.571
"2024-05-17 12:00:00","Midlands",14.004
"2024-05-17 12:00:00","North East and Yorkshire",13.874
"2024-05-17 12:00:00","East of England",16.666
"2024-05-17 12:00:00","North West",11.127
"2024-05-18 12:00:00","London",12.613
"2024-05-18 12:00:00","South East",11.883
"2024-05-18 12:00:00","South West",11.503
"2024-05-18 12:00:00","Midlands",10.41
"2024-05-18 12:00:00","North East and Yorkshire",10.564
"2024-05-18 12:00:00","East of England",11.129
"2024-05-18 12:00:00","North West",9.309
"2024-05-19 12:00:00","London",14.087
"2024-05-19 12:00:00","South East",13.302
"2024-05-19 12:00:00","South West",13.23
"2024-05-19 12:00:00","Midlands",14.07
"2024-05-19 12:00:00","North East and Yorkshire",13.354
"2024-05-19 12:00:00","East of England",12.756
"2024-05-19 12:00:00","North West",12.902
"2024-05-20 12:00:00","London",15.169
"2024-05-20 12:00:00","South East",14.049
"2024-05-20 12:00:00","South West",14.277
"2024-05-20 12:00:00","Midlands",14.333
"2024-05-20 12:00:00","North East and Yorkshire",13.828
"2024-05-20 12:00:00","East of England",13.69
"2024-05-20 12:00:00","North West",13.904
"2024-05-21 12:00:00","London",17.538
"2024-05-21 12:00:00","South East",16.267
"2024-05-21 12:00:00","South West",16.416
"2024-05-21 12:00:00","Midlands",16.26
"2024-05-21 12:00:00","North East and Yorkshire",14.238
"2024-05-21 12:00:00","East of England",15.614
"2024-05-21 12:00:00","North West",14.131
"2024-05-22 12:00:00","London",19.104
"2024-05-22 12:00:00","South East",16.771
"2024-05-22 12:00:00","South West",16.19
"2024-05-22 12:00:00","Midlands",17.986
"2024-05-22 12:00:00","North East and Yorkshire",16.656
"2024-05-22 12:00:00","East of England",18.658
"2024-05-22 12:00:00","North West",14.472
"2024-05-23 12:00:00","London",23.597
"2024-05-23 12:00:00","South East",20.272
"2024-05-23 12:00:00","South West",19.628
"2024-05-23 12:00:00","Midlands",21.899
"2024-05-23 12:00:00","North East and Yorkshire",19.922
"2024-05-23 12:00:00","East of England",22.882
"2024-05-23 12:00:00","North West",18.413
"2024-05-24 12:00:00","London",20.264
"2024-05-24 12:00:00","South East",17.903
"2024-05-24 12:00:00","South West",18.399
"2024-05-24 12:00:00","Midlands",20.516
"2024-05-24 12:00:00","North East and Yorkshire",18.833
"2024-05-24 12:00:00","East of England",20.501
"2024-05-24 12:00:00","North West",17.14
"2024-05-25 12:00:00","London",26.431
"2024-05-25 12:00:00","South East",23.078
"2024-05-25 12:00:00","South West",22.065
"2024-05-25 12:00:00","Midlands",23.729
"2024-05-25 12:00:00","North East and Yorkshire",20.062
"2024-05-25 12:00:00","East of England",24.965
"2024-05-25 12:00:00","North West",18.898
"2024-05-26 12:00:00","London",26.646
"2024-05-26 12:00:00","South East",21.989
"2024-05-26 12:00:00","South West",17.795
"2024-05-26 12:00:00","Midlands",21.155
"2024-05-26 12:00:00","North East and Yorkshire",21.053
"2024-05-26 12:00:00","East of England",26.153
"2024-05-26 12:00:00","North West",17.328
"2024-05-27 12:00:00","London",20.934
"2024-05-27 12:00:00","South East",18.161
"2024-05-27 12:00:00","South West",17.376
"2024-05-27 12:00:00","Midlands",18.659
"2024-05-27 12:00:00","North East and Yorkshire",17.633
"2024-05-27 12:00:00","East of England",20.265
"2024-05-27 12:00:00","North West",15.852
"2024-05-28 12:00:00","London",25.111
"2024-05-28 12:00:00","South East",22.891
"2024-05-28 12:00:00","South West",22.632
"2024-05-28 12:00:00","Midlands",24.039
"2024-05-28 12:00:00","North East and Yorkshire",21.338
"2024-05-28 12:00:00","East of England",23.704
"2024-05-28 12:00:00","North West",21.837
"2024-05-29 12:00:00","London",27.469
"2024-05-29 12:00:00","South East",24.562
"2024-05-29 12:00:00","South West",21.628
"2024-05-29 12:00:00","Midlands",25.578
"2024-05-29 12:00:00","North East and Yorkshire",20.895
"2024-05-29 12:00:00","East of England",25.141
"2024-05-29 12:00:00","North West",22.822
"2024-05-30 12:00:00","London",23.665
"2024-05-30 12:00:00","South East",19.547
"2024-05-30 12:00:00","South West",17.257
"2024-05-30 12:00:00","Midlands",20.948
"2024-05-30 12:00:00","North East and Yorkshire",19.844
"2024-05-30 12:00:00","East of England",23.136
"2024-05-30 12:00:00","North West",17.502
"2024-05-31 12:00:00","London",17.473
"2024-05-31 12:00:00","South East",16.309
"2024-05-31 12:00:00","South West",18.467
"2024-05-31 12:00:00","Midlands",19.409
"2024-05-31 12:00:00","North East and Yorkshire",19.004
"2024-05-31 12:00:00","East of England",17.339
"2024-05-31 12:00:00","North West",17.843
"2024-06-01 12:00:00","London",23.32
"2024-06-01 12:00:00","South East",20.361
"2024-06-01 12:00:00","South West",18.683
"2024-06-01 12:00:00","Midlands",22.041
"2024-06-01 12:00:00","North East and Yorkshire",21.588
"2024-06-01 12:00:00","East of England",21.681
"2024-06-01 12:00:00","North West",19.951
"2024-06-02 12:00:00","London",22.843
"2024-06-02 12:00:00","South East",20.134
"2024-06-02 12:00:00","South West",19.399
"2024-06-02 12:00:00","Midlands",20.7
"2024-06-02 12:00:00","North East and Yorkshire",19.559
"2024-06-02 12:00:00","East of England",21.785
"2024-06-02 12:00:00","North West",18.236
"2024-06-03 12:00:00","London",23.413
"2024-06-03 12:00:00","South East",19.835
"2024-06-03 12:00:00","South West",18.353
"2024-06-03 12:00:00","Midlands",22.084
"2024-06-03 12:00:00","North East and Yorkshire",21.652
"2024-06-03 12:00:00","East of England",22.839
"2024-06-03 12:00:00","North West",19.052
"2024-06-04 12:00:00","London",24.26
"2024-06-04 12:00:00","South East",20.81
"2024-06-04 12:00:00","South West",19.636
"2024-06-04 12:00:00","Midlands",22.452
"2024-06-04 12:00:00","North East and Yorkshire",21.727
"2024-06-04 12:00:00","East of England",23.348
"2024-06-04 12:00:00","North West",19.936
"2024-06-05 12:00:00","London",25.656
"2024-06-05 12:00:00","South East",21.819
"2024-06-05 12:00:00","South West",20.104
"2024-06-05 12:00:00","Midlands",23.544
"2024-06-05 12:00:00","North East and Yorkshire",23.554
"2024-06-05 12:00:00","East of England",24.672
"2024-06-05 12:00:00","North West",20.711
"2024-06-06 12:00:00","London",23.905
"2024-06-06 12:00:00","South East",20.631
"2024-06-06 12:00:00","South West",20.156
"2024-06-06 12:00:00","Midlands",22.729
"2024-06-06 12:00:00","North East and Yorkshire",22.169
"2024-06-06 12:00:00","East of England",23.409
"2024-06-06 12:00:00","North West",20.178
"2024-06-07 12:00:00","London",24.383
"2024-06-07 12:00:00","South East",20.802
"2024-06-07 12:00:00","South West",19.6
"2024-06-07 12:00:00","Midlands",21.273
"2024-06-07 12:00:00","North East and Yorkshire",20.789
"2024-06-07 12:00:00","East of England",23.359
"2024-06-07 12:00:00","North West",18.002
"2024-06-08 12:00:00","London",23.999
"2024-06-08 12:00:00","South East",21.738
"2024-06-08 12:00:00","South West",21.214
"2024-06-08 12:00:00","Midlands",21.561
"2024-06-08 12:00:00","North East and Yorkshire",19.752
"2024-06-08 12:00:00","East of England",22.056
"2024-06-08 12:00:00","North West",17.329
"2024-06-09 12:00:00","London",27.227
"2024-06-09 12:00:00","South East",23.739
"2024-06-09 12:00:00","South West",23.701
"2024-06-09 12:00:00","Midlands",25.665
"2024-06-09 12:00:00","North East and Yorkshire",23.554
"2024-06-09 12:00:00","East of England",25.814
"2024-06-09 12:00:00","North West",21.8
"2024-06-10 12:00:00","London",28.178
"2024-06-10 12:00:00","South East",25.021
"2024-06-10 12:00:00","South West",23.05
"2024-06-10 12:00:00","Midlands",21.985
"2024-06-10 12:00:00","North East and Yorkshire",18.002
"2024-06-10 12:00:00","East of England",26.09
"2024-06-10 12:00:00","North West",16.201
"2024-06-11 12:00:00","London",17.969
"2024-06-11 12:00:00","South East",15.426
"2024-06-11 12:00:00","South West",11.591
"2024-06-11 12:00:00","Midlands",10.77
"2024-06-11 12:00:00","North East and Yorkshire",11.585
"2024-06-11 12:00:00","East of England",14.853
"2024-06-11 12:00:00","North West",10.316
"2024-06-12 12:00:00","London",15.778
"2024-06-12 12:00:00","South East",14.386
"2024-06-12 12:00:00","South West",14.212
"2024-06-12 12:00:00","Midlands",13.693
"2024-06-12 12:00:00","North East and Yorkshire",13.061
"2024-06-12 12:00:00","East of England",14.408
"2024-06-12 12:00:00","North West",12.303
"2024-06-13 12:00:00","London",15.95
"2024-06-13 12:00:00","South East",14.36
"2024-06-13 12:00:00","South West",14.085
"2024-06-13 12:00:00","Midlands",13.884
"2024-06-13 12:00:00","North East and Yorkshire",12.076
"2024-06-13 12:00:00","East of England",15.442
"2024-06-13 12:00:00","North West",11.147
"2024-06-14 12:00:00","London",19.141
"2024-06-14 12:00:00","South East",16.965
"2024-06-14 12:00:00","South West",15.777
"2024-06-14 12:00:00","Midlands",16.615
"2024-06-14 12:00:00","North East and Yorkshire",16.346
"2024-06-14 12:00:00","East of England",19.05
"2024-06-14 12:00:00","North West",14.792
"2024-06-15 12:00:00","London",19.401
"2024-06-15 12:00:00","South East",16.979
"2024-06-15 12:00:00","South West",16.282
"2024-06-15 12:00:00","Midlands",16.92
"2024-06-15 12:00:00","North East and Yorkshire",16.893
"2024-06-15 12:00:00","East of England",19.175
"2024-06-15 12:00:00","North West",15.108
"2024-06-16 12:00:00","London",20.327
"2024-06-16 12:00:00","South East",17.691
"2024-06-16 12:00:00","South West",17.036
"2024-06-16 12:00:00","Midlands",19.401
"2024-06-16 12:00:00","North East and Yorkshire",18.417
"2024-06-16 12:00:00","East of England",20.25
"2024-06-16 12:00:00","North West",16.384
"2024-06-17 12:00:00","London",21.804
"2024-06-17 12:00:00","South East",18.636
"2024-06-17 12:00:00","South West",17.276
"2024-06-17 12:00:00","Midlands",19.775
"2024-06-17 12:00:00","North East and Yorkshire",18.771
"2024-06-17 12:00:00","East of England",21.256
"2024-06-17 12:00:00","North West",16.491
"2024-06-18 12:00:00","London",16.654
"2024-06-18 12:00:00","South East",15.301
"2024-06-18 12:00:00","South West",15.666
"2024-06-18 12:00:00","Midlands",14.712
"2024-06-18 12:00:00","North East and Yorkshire",13.448
"2024-06-18 12:00:00","East of England",15.243
"2024-06-18 12:00:00","North West",13.102
"2024-06-19 12:00:00","London",17.082
"2024-06-19 12:00:00","South East",15.852
"2024-06-19 12:00:00","South West",16.114
"2024-06-19 12:00:00","Midlands",16.397
"2024-06-19 12:00:00","North East and Yorkshire",14.92
"2024-06-19 12:00:00","East of England",15.998
"2024-06-19 12:00:00","North West",13.712
"2024-06-20 12:00:00","London",16.994
"2024-06-20 12:00:00","South East",15.329
"2024-06-20 12:00:00","South West",14.318
"2024-06-20 12:00:00","Midlands",15.275
"2024-06-20 12:00:00","North East and Yorkshire",16.073
"2024-06-20 12:00:00","East of England",16.765
"2024-06-20 12:00:00","North West",13.698
"2024-06-21 12:00:00","London",19.42
"2024-06-21 12:00:00","South East",17.206
"2024-06-21 12:00:00","South West",16.618
"2024-06-21 12:00:00","Midlands",18.2
"2024-06-21 12:00:00","North East and Yorkshire",17.302
"2024-06-21 12:00:00","East of England",18.783
"2024-06-21 12:00:00","North West",16.042
"2024-06-22 12:00:00","London",18.141
"2024-06-22 12:00:00","South East",16.309
"2024-06-22 12:00:00","South West",16.032
"2024-06-22 12:00:00","Midlands",15.894
"2024-06-22 12:00:00","North East and Yorkshire",14.821
"2024-06-22 12:00:00","East of England",17.487
"2024-06-22 12:00:00","North West",13.238
"2024-06-23 12:00:00","London",21.112
"2024-06-23 12:00:00","South East",18.542
"2024-06-23 12:00:00","South West",17.84
"2024-06-23 12:00:00","Midlands",19.144
"2024-06-23 12:00:00","North East and Yorkshire",17.795
"2024-06-23 12:00:00","East of England",20.098
"2024-06-23 12:00:00","North West",16.205
"2024-06-24 12:00:00","London",22.486
"2024-06-24 12:00:00","South East",19.777
"2024-06-24 12:00:00","South West",19.213
"2024-06-24 12:00:00","Midlands",19.566
"2024-06-24 12:00:00","North East and Yorkshire",18.316
"2024-06-24 12:00:00","East of England",21.595
"2024-06-24 12:00:00","North West",16.635
"2024-06-25 12:00:00","London",19.084
"2024-06-25 12:00:00","South East",17.468
"2024-06-25 12:00:00","South West",18.358
"2024-06-25 12:00:00","Midlands",18.771
"2024-06-25 12:00:00","North East and Yorkshire",18.221
"2024-06-25 12:00:00","East of England",17.818
"2024-06-25 12:00:00","North West",15.988
"2024-06-26 12:00:00","London",19.279
"2024-06-26 12:00:00","South East",17.752
"2024-06-26 12:00:00","South West",17.992
"2024-06-26 12:00:00","Midlands",18.752
"2024-06-26 12:00:00","North East and Yorkshire",17.505
"2024-06-26 12:00:00","East of England",17.898
"2024-06-26 12:00:00","North West",15.952
"2024-06-27 12:00:00","London",21.093
"2024-06-27 12:00:00","South East",18.805
"2024-06-27 12:00:00","South West",18.117
"2024-06-27 12:00:00","Midlands",18.512
"2024-06-27 12:00:00","North East and Yorkshire",17
"2024-06-27 12:00:00","East of England",19.792
"2024-06-27 12:00:00","North West",15.586
"2024-06-28 12:00:00","London",21.411
"2024-06-28 12:00:00","South East",18.723
"2024-06-28 12:00:00","South West",17.727
"2024-06-28 12:00:00","Midlands",20.382
"2024-06-28 12:00:00","North East and Yorkshire",18.333
"2024-06-28 12:00:00","East of England",20.61
"2024-06-28 12:00:00","North West",15.959
"2024-06-29 12:00:00","London",17.508
"2024-06-29 12:00:00","South East",16.512
"2024-06-29 12:00:00","South West",16.396
"2024-06-29 12:00:00","Midlands",16.627
"2024-06-29 12:00:00","North East and Yorkshire",17.108
"2024-06-29 12:00:00","East of England",16.42
"2024-06-29 12:00:00","North West",14.947
"2024-06-30 12:00:00","London",18.359
"2024-06-30 12:00:00","South East",17.058
"2024-06-30 12:00:00","South West",17.253
"2024-06-30 12:00:00","Midlands",17.889
"2024-06-30 12:00:00","North East and Yorkshire",17.479
"2024-06-30 12:00:00","East of England",18.434
"2024-06-30 12:00:00","North West",15.276
"2024-07-01 12:00:00","London",19.682
"2024-07-01 12:00:00","South East",17.404
"2024-07-01 12:00:00","South West",16.606
"2024-07-01 12:00:00","Midlands",20.04
"2024-07-01 12:00:00","North East and Yorkshire",20.163
"2024-07-01 12:00:00","East of England",20.094
"2024-07-01 12:00:00","North West",18.817
"2024-07-02 12:00:00","London",21.256
"2024-07-02 12:00:00","South East",18.403
"2024-07-02 12:00:00","South West",18.81
"2024-07-02 12:00:00","Midlands",20.515
"2024-07-02 12:00:00","North East and Yorkshire",18.013
"2024-07-02 12:00:00","East of England",21.073
"2024-07-02 12:00:00","North West",18.472
"2024-07-03 12:00:00","London",22.212
"2024-07-03 12:00:00","South East",19.214
"2024-07-03 12:00:00","South West",18.265
"2024-07-03 12:00:00","Midlands",19.941
"2024-07-03 12:00:00","North East and Yorkshire",18.96
"2024-07-03 12:00:00","East of England",21.316
"2024-07-03 12:00:00","North West",16.958
"2024-07-04 12:00:00","London",20.325
"2024-07-04 12:00:00","South East",17.837
"2024-07-04 12:00:00","South West",17.247
"2024-07-04 12:00:00","Midlands",18.208
"2024-07-04 12:00:00","North East and Yorkshire",18.892
"2024-07-04 12:00:00","East of England",20.006
"2024-07-04 12:00:00","North West",16.088
"2024-07-05 12:00:00","London",23.071
"2024-07-05 12:00:00","South East",19.875
"2024-07-05 12:00:00","South West",19.556
"2024-07-05 12:00:00","Midlands",21.7
"2024-07-05 12:00:00","North East and Yorkshire",20.996
"2024-07-05 12:00:00","East of England",22.896
"2024-07-05 12:00:00","North West",18.755
"2024-07-06 12:00:00","London",22.766
"2024-07-06 12:00:00","South East",19.767
"2024-07-06 12:00:00","South West",19.097
"2024-07-06 12:00:00","Midlands",20.512
"2024-07-06 12:00:00","North East and Yorkshire",19.02
"2024-07-06 12:00:00","East of England",22.289
"2024-07-06 12:00:00","North West",17.433
"2024-07-07 12:00:00","London",22.11
"2024-07-07 12:00:00","South East",19.487
"2024-07-07 12:00:00","South West",18.614
"2024-07-07 12:00:00","Midlands",19.15
"2024-07-07 12:00:00","North East and Yorkshire",17.123
"2024-07-07 12:00:00","East of England",20.876
"2024-07-07 12:00:00","North West",15.605
"2024-07-08 12:00:00","London",20.931
"2024-07-08 12:00:00","South East",19.019
"2024-07-08 12:00:00","South West",18.556
"2024-07-08 12:00:00","Midlands",18.396
"2024-07-08 12:00:00","North East and Yorkshire",17.248
"2024-07-08 12:00:00","East of England",19.423
"2024-07-08 12:00:00","North West",15.314
"2024-07-09 12:00:00","London",23.284
"2024-07-09 12:00:00","South East",20.784
"2024-07-09 12:00:00","South West",19.553
"2024-07-09 12:00:00","Midlands",18.123
"2024-07-09 12:00:00","North East and Yorkshire",17.498
"2024-07-09 12:00:00","East of England",22.067
"2024-07-09 12:00:00","North West",15.265
"2024-07-10 12:00:00","London",23.862
"2024-07-10 12:00:00","South East",21.661
"2024-07-10 12:00:00","South West",21.126
"2024-07-10 12:00:00","Midlands",21.207
"2024-07-10 12:00:00","North East and Yorkshire",18.976
"2024-07-10 12:00:00","East of England",22.069
"2024-07-10 12:00:00","North West",17.972
"2024-07-11 12:00:00","London",23.47
"2024-07-11 12:00:00","South East",20.958
"2024-07-11 12:00:00","South West",19.789
"2024-07-11 12:00:00","Midlands",19.716
"2024-07-11 12:00:00","North East and Yorkshire",19.268
"2024-07-11 12:00:00","East of England",21.572
"2024-07-11 12:00:00","North West",17.185
"2024-07-12 12:00:00","London",21.421
"2024-07-12 12:00:00","South East",19.422
"2024-07-12 12:00:00","South West",18.74
"2024-07-12 12:00:00","Midlands",19.086
"2024-07-12 12:00:00","North East and Yorkshire",18.004
"2024-07-12 12:00:00","East of England",19.989
"2024-07-12 12:00:00","North West",16.472
"2024-07-13 12:00:00","London",19.149
"2024-07-13 12:00:00","South East",17.546
"2024-07-13 12:00:00","South West",17.067
"2024-07-13 12:00:00","Midlands",18.465
"2024-07-13 12:00:00","North East and Yorkshire",16.964
"2024-07-13 12:00:00","East of England",18.838
"2024-07-13 12:00:00","North West",16.107
"2024-07-14 12:00:00","London",23.928
"2024-07-14 12:00:00","South East",21.081
"2024-07-14 12:00:00","South West",20.224
"2024-07-14 12:00:00","Midlands",22.247
"2024-07-14 12:00:00","North East and Yorkshire",16.676
"2024-07-14 12:00:00","East of England",23.667
"2024-07-14 12:00:00","North West",16.267
"2024-07-15 12:00:00","London",18.172
"2024-07-15 12:00:00","South East",17.235
"2024-07-15 12:00:00","South West",16.964
"2024-07-15 12:00:00","Midlands",18.547
"2024-07-15 12:00:00","North East and Yorkshire",17.316
"2024-07-15 12:00:00","East of England",18.123
"2024-07-15 12:00:00","North West",16.478
"2024-07-16 12:00:00","London",22.164
"2024-07-16 12:00:00","South East",19.924
"2024-07-16 12:00:00","South West",19.02
"2024-07-16 12:00:00","Midlands",17.373
"2024-07-16 12:00:00","North East and Yorkshire",17.797
"2024-07-16 12:00:00","East of England",20.532
"2024-07-16 12:00:00","North West",15.337
"2024-07-17 12:00:00","London",21.045
"2024-07-17 12:00:00","South East",19.153
"2024-07-17 12:00:00","South West",19.57
"2024-07-17 12:00:00","Midlands",19.239
"2024-07-17 12:00:00","North East and Yorkshire",18.875
"2024-07-17 12:00:00","East of England",19.062
"2024-07-17 12:00:00","North West",17.789
"2024-07-18 12:00:00","London",22.915
"2024-07-18 12:00:00","South East",21.003
"2024-07-18 12:00:00","South West",21.176
"2024-07-18 12:00:00","Midlands",22.145
"2024-07-18 12:00:00","North East and Yorkshire",21.724
"2024-07-18 12:00:00","East of England",20.963
"2024-07-18 12:00:00","North West",20.014
"2024-07-19 12:00:00","London",24.79
"2024-07-19 12:00:00","South East",21.751
"2024-07-19 12:00:00","South West",19.538
"2024-07-19 12:00:00","Midlands",22.276
"2024-07-19 12:00:00","North East and Yorkshire",22.342
"2024-07-19 12:00:00","East of England",23.661
"2024-07-19 12:00:00","North West",18.811
"2024-07-20 12:00:00","London",22.881
"2024-07-20 12:00:00","South East",20.517
"2024-07-20 12:00:00","South West",19.009
"2024-07-20 12:00:00","Midlands",21.457
"2024-07-20 12:00:00","North East and Yorkshire",20.406
"2024-07-20 12:00:00","East of England",22.148
"2024-07-20 12:00:00","North West",17.688
"2024-07-21 12:00:00","London",24.316
"2024-07-21 12:00:00","South East",21.528
"2024-07-21 12:00:00","South West",20.002
"2024-07-21 12:00:00","Midlands",24.777
"2024-07-21 12:00:00","North East and Yorkshire",22.849
"2024-07-21 12:00:00","East of England",24.039
"2024-07-21 12:00:00","North West",20.16
"2024-07-22 12:00:00","London",27.264
"2024-07-22 12:00:00","South East",23.693
"2024-07-22 12:00:00","South West",20.885
"2024-07-22 12:00:00","Midlands",24.997
"2024-07-22 12:00:00","North East and Yorkshire",25.136
"2024-07-22 12:00:00","East of England",25.903
"2024-07-22 12:00:00","North West",22.088
"2024-07-23 12:00:00","London",22.087
"2024-07-23 12:00:00","South East",20.365
"2024-07-23 12:00:00","South West",19.858
"2024-07-23 12:00:00","Midlands",19.004
"2024-07-23 12:00:00","North East and Yorkshire",18.851
"2024-07-23 12:00:00","East of England",20.651
"2024-07-23 12:00:00","North West",16.722
"2024-07-24 12:00:00","London",22.96
"2024-07-24 12:00:00","South East",20.775
"2024-07-24 12:00:00","South West",20.754
"2024-07-24 12:00:00","Midlands",21.599
"2024-07-24 12:00:00","North East and Yorkshire",20.745
"2024-07-24 12:00:00","East of England",21.386
"2024-07-24 12:00:00","North West",18.827
"2024-07-25 12:00:00","London",26.004
"2024-07-25 12:00:00","South East",23.055
"2024-07-25 12:00:00","South West",22.815
"2024-07-25 12:00:00","Midlands",24.155
"2024-07-25 12:00:00","North East and Yorkshire",21.142
"2024-07-25 12:00:00","East of England",24.412
"2024-07-25 12:00:00","North West",18.966
"2024-07-26 12:00:00","London",26.35
"2024-07-26 12:00:00","South East",23.823
"2024-07-26 12:00:00","South West",23.034
"2024-07-26 12:00:00","Midlands",24.308
"2024-07-26 12:00:00","North East and Yorkshire",21.051
"2024-07-26 12:00:00","East of England",25.216
"2024-07-26 12:00:00","North West",19.1
"2024-07-27 12:00:00","London",23.371
"2024-07-27 12:00:00","South East",22.237
"2024-07-27 12:00:00","South West",21.981
"2024-07-27 12:00:00","Midlands",18.633
"2024-07-27 12:00:00","North East and Yorkshire",19.798
"2024-07-27 12:00:00","East of England",20.264
"2024-07-27 12:00:00","North West",17.033
"2024-07-28 12:00:00","London",21.425
"2024-07-28 12:00:00","South East",19.302
"2024-07-28 12:00:00","South West",21.121
"2024-07-28 12:00:00","Midlands",21.389
"2024-07-28 12:00:00","North East and Yorkshire",18.787
"2024-07-28 12:00:00","East of England",20.439
"2024-07-28 12:00:00","North West",18.081
"2024-07-29 12:00:00","London",22.847
"2024-07-29 12:00:00","South East",20.609
"2024-07-29 12:00:00","South West",21.137
"2024-07-29 12:00:00","Midlands",20.84
"2024-07-29 12:00:00","North East and Yorkshire",18.722
"2024-07-29 12:00:00","East of England",20.662
"2024-07-29 12:00:00","North West",18.605
"2024-07-30 12:00:00","London",23.561
"2024-07-30 12:00:00","South East",20.579
"2024-07-30 12:00:00","South West",19.064
"2024-07-30 12:00:00","Midlands",20.138
"2024-07-30 12:00:00","North East and Yorkshire",20.035
"2024-07-30 12:00:00","East of England",22.976
"2024-07-30 12:00:00","North West",17.636
"2024-07-31 12:00:00","London",22.535
"2024-07-31 12:00:00","South East",20.074
"2024-07-31 12:00:00","South West",19.523
"2024-07-31 12:00:00","Midlands",20.765
"2024-07-31 12:00:00","North East and Yorkshire",19.117
"2024-07-31 12:00:00","East of England",22.182
"2024-07-31 12:00:00","North West",16.923
"2024-08-01 12:00:00","London",22.628
"2024-08-01 12:00:00","South East",20.007
"2024-08-01 12:00:00","South West",19.414
"2024-08-01 12:00:00","Midlands",21.42
"2024-08-01 12:00:00","North East and Yorkshire",20.785
"2024-08-01 12:00:00","East of England",22.108
"2024-08-01 12:00:00","North West",18.175
"2024-08-02 12:00:00","London",19.71
"2024-08-02 12:00:00","South East",18.091
"2024-08-02 12:00:00","South West",17.693
"2024-08-02 12:00:00","Midlands",18.005
"2024-08-02 12:00:00","North East and Yorkshire",17.99
"2024-08-02 12:00:00","East of England",19.159
"2024-08-02 12:00:00","North West",16.193
"2024-08-03 12:00:00","London",21.404
"2024-08-03 12:00:00","South East",19.022
"2024-08-03 12:00:00","South West",17.998
"2024-08-03 12:00:00","Midlands",19.956
"2024-08-03 12:00:00","North East and Yorkshire",19.777
"2024-08-03 12:00:00","East of England",21.621
"2024-08-03 12:00:00","North West",17.444
"2024-08-04 12:00:00","London",21.883
"2024-08-04 12:00:00","South East",19.29
"2024-08-04 12:00:00","South West",17.969
"2024-08-04 12:00:00","Midlands",19.811
"2024-08-04 12:00:00","North East and Yorkshire",19.504
"2024-08-04 12:00:00","East of England",21.458
"2024-08-04 12:00:00","North West",17.238
"2024-08-05 12:00:00","London",23.152
"2024-08-05 12:00:00","South East",20.279
"2024-08-05 12:00:00","South West",19.467
"2024-08-05 12:00:00","Midlands",20.793
"2024-08-05 12:00:00","North East and Yorkshire",19.14
"2024-08-05 12:00:00","East of England",22.6
"2024-08-05 12:00:00","North West",16.859
"2024-08-06 12:00:00","London",20.892
"2024-08-06 12:00:00","South East",19.02
"2024-08-06 12:00:00","South West",18.952
"2024-08-06 12:00:00","Midlands",18.749
"2024-08-06 12:00:00","North East and Yorkshire",18.611
"2024-08-06 12:00:00","East of England",19.726
"2024-08-06 12:00:00","North West",16.728
"2024-08-07 12:00:00","London",22.741
"2024-08-07 12:00:00","South East",19.988
"2024-08-07 12:00:00","South West",18.284
"2024-08-07 12:00:00","Midlands",21.239
"2024-08-07 12:00:00","North East and Yorkshire",21.47
"2024-08-07 12:00:00","East of England",22.188
"2024-08-07 12:00:00","North West",18.834
"2024-08-08 12:00:00","London",22.324
"2024-08-08 12:00:00","South East",19.68
"2024-08-08 12:00:00","South West",20.287
"2024-08-08 12:00:00","Midlands",23.73
"2024-08-08 12:00:00","North East and Yorkshire",21.266
"2024-08-08 12:00:00","East of England",23.301
"2024-08-08 12:00:00","North West",18.469
"2024-08-09 12:00:00","London",23.477
"2024-08-09 12:00:00","South East",21.006
"2024-08-09 12:00:00","South West",20.311
"2024-08-09 12:00:00","Midlands",22.429
"2024-08-09 12:00:00","North East and Yorkshire",22.117
"2024-08-09 12:00:00","East of England",22.745
"2024-08-09 12:00:00","North West",19.616
"2024-08-10 12:00:00","London",23.725
"2024-08-10 12:00:00","South East",20.898
"2024-08-10 12:00:00","South West",19.895
"2024-08-10 12:00:00","Midlands",21.787
"2024-08-10 12:00:00","North East and Yorkshire",20.869
"2024-08-10 12:00:00","East of England",23.363
"2024-08-10 12:00:00","North West",18.634
"2024-08-11 12:00:00","London",20.849
"2024-08-11 12:00:00","South East",18.407
"2024-08-11 12:00:00","South West",17.625
"2024-08-11 12:00:00","Midlands",19.313
"2024-08-11 12:00:00","North East and Yorkshire",19.17
"2024-08-11 12:00:00","East of England",21.384
"2024-08-11 12:00:00","North West",16.819
"2024-08-12 12:00:00","London",20.29
"2024-08-12 12:00:00","South East",18.11
"2024-08-12 12:00:00","South West",17.484
"2024-08-12 12:00:00","Midlands",18.356
"2024-08-12 12:00:00","North East and Yorkshire",17.708
"2024-08-12 12:00:00","East of England",19.93
"2024-08-12 12:00:00","North West",15.491
"2024-08-13 12:00:00","London",22.623
"2024-08-13 12:00:00","South East",20.553
"2024-08-13 12:00:00","South West",19.719
"2024-08-13 12:00:00","Midlands",21.419
"2024-08-13 12:00:00","North East and Yorkshire",20.71
"2024-08-13 12:00:00","East of England",22.744
"2024-08-13 12:00:00","North West",19.221
"2024-08-14 12:00:00","London",21.699
"2024-08-14 12:00:00","South East",19.79
"2024-08-14 12:00:00","South West",19.272
"2024-08-14 12:00:00","Midlands",21.995
"2024-08-14 12:00:00","North East and Yorkshire",21.811
"2024-08-14 12:00:00","East of England",22.071
"2024-08-14 12:00:00","North West",19.846
"2024-08-15 12:00:00","London",19.862
"2024-08-15 12:00:00","South East",18.111
"2024-08-15 12:00:00","South West",17.82
"2024-08-15 12:00:00","Midlands",19.813
"2024-08-15 12:00:00","North East and Yorkshire",18.263
"2024-08-15 12:00:00","East of England",19.954
"2024-08-15 12:00:00","North West",17.956
"2024-08-16 12:00:00","London",20.779
"2024-08-16 12:00:00","South East",18.753
"2024-08-16 12:00:00","South West",18.437
"2024-08-16 12:00:00","Midlands",21.025
"2024-08-16 12:00:00","North East and Yorkshire",19.409
"2024-08-16 12:00:00","East of England",20.362
"2024-08-16 12:00:00","North West",18.561
"2024-08-17 12:00:00","London",21.661
"2024-08-17 12:00:00","South East",20.043
"2024-08-17 12:00:00","South West",20.012
"2024-08-17 12:00:00","Midlands",20.623
"2024-08-17 12:00:00","North East and Yorkshire",17.904
"2024-08-17 12:00:00","East of England",21.44
"2024-08-17 12:00:00","North West",17.805
"2024-08-18 12:00:00","London",23.396
"2024-08-18 12:00:00","South East",21.121
"2024-08-18 12:00:00","South West",20.316
"2024-08-18 12:00:00","Midlands",21.281
"2024-08-18 12:00:00","North East and Yorkshire",20.188
"2024-08-18 12:00:00","East of England",22.524
"2024-08-18 12:00:00","North West",18.835
"2024-08-19 12:00:00","London",26.33
"2024-08-19 12:00:00","South East",23.583
"2024-08-19 12:00:00","South West",22.671
"2024-08-19 12:00:00","Midlands",22.456
"2024-08-19 12:00:00","North East and Yorkshire",19.976
"2024-08-19 12:00:00","East of England",25.209
"2024-08-19 12:00:00","North West",17.715
"2024-08-20 12:00:00","London",21.851
"2024-08-20 12:00:00","South East",19.582
"2024-08-20 12:00:00","South West",19.375
"2024-08-20 12:00:00","Midlands",21.397
"2024-08-20 12:00:00","North East and Yorkshire",21.194
"2024-08-20 12:00:00","East of England",20.921
"2024-08-20 12:00:00","North West",19.125
"2024-08-21 12:00:00","London",22.698
"2024-08-21 12:00:00","South East",20.65
"2024-08-21 12:00:00","South West",20.972
"2024-08-21 12:00:00","Midlands",22.914
"2024-08-21 12:00:00","North East and Yorkshire",21.558
"2024-08-21 12:00:00","East of England",22.359
"2024-08-21 12:00:00","North West",20.294
"2024-08-22 12:00:00","London",21.26
"2024-08-22 12:00:00","South East",18.946
"2024-08-22 12:00:00","South West",17.549
"2024-08-22 12:00:00","Midlands",19.874
"2024-08-22 12:00:00","North East and Yorkshire",20.979
"2024-08-22 12:00:00","East of England",21.724
"2024-08-22 12:00:00","North West",17.516
"2024-08-23 12:00:00","London",22.412
"2024-08-23 12:00:00","South East",19.597
"2024-08-23 12:00:00","South West",18.728
"2024-08-23 12:00:00","Midlands",20.887
"2024-08-23 12:00:00","North East and Yorkshire",19.379
"2024-08-23 12:00:00","East of England",22.12
"2024-08-23 12:00:00","North West",17.382
"2024-08-24 12:00:00","London",20.443
"2024-08-24 12:00:00","South East",18.348
"2024-08-24 12:00:00","South West",17.553
"2024-08-24 12:00:00","Midlands",19.709
"2024-08-24 12:00:00","North East and Yorkshire",18.649
"2024-08-24 12:00:00","East of England",20.417
"2024-08-24 12:00:00","North West",16.291
"2024-08-25 12:00:00","London",20.014
"2024-08-25 12:00:00","South East",18.024
"2024-08-25 12:00:00","South West",17.925
"2024-08-25 12:00:00","Midlands",18.872
"2024-08-25 12:00:00","North East and Yorkshire",19.401
"2024-08-25 12:00:00","East of England",20.098
"2024-08-25 12:00:00","North West",16.216
"2024-08-26 12:00:00","London",21.787
"2024-08-26 12:00:00","South East",19.173
"2024-08-26 12:00:00","South West",18.837
"2024-08-26 12:00:00","Midlands",20.982
"2024-08-26 12:00:00","North East and Yorkshire",20.169
"2024-08-26 12:00:00","East of England",21.327
"2024-08-26 12:00:00","North West",18.316
"2024-08-27 12:00:00","London",17.118
"2024-08-27 12:00:00","South East",15.501
"2024-08-27 12:00:00","South West",14.727
"2024-08-27 12:00:00","Midlands",15.442
"2024-08-27 12:00:00","North East and Yorkshire",14.879
"2024-08-27 12:00:00","East of England",16.643
"2024-08-27 12:00:00","North West",13.275
"2024-08-28 12:00:00","London",17.798
"2024-08-28 12:00:00","South East",15.804
"2024-08-28 12:00:00","South West",15.219
"2024-08-28 12:00:00","Midlands",15.115
"2024-08-28 12:00:00","North East and Yorkshire",13.521
"2024-08-28 12:00:00","East of England",16.04
"2024-08-28 12:00:00","North West",12.675
"2024-08-29 12:00:00","London",18.495
"2024-08-29 12:00:00","South East",16.812
"2024-08-29 12:00:00","South West",16.136
"2024-08-29 12:00:00","Midlands",17.438
"2024-08-29 12:00:00","North East and Yorkshire",13.335
"2024-08-29 12:00:00","East of England",18.523
"2024-08-29 12:00:00","North West",13.071
"2024-08-30 12:00:00","London",13.621
"2024-08-30 12:00:00","South East",12.485
"2024-08-30 12:00:00","South West",13.603
"2024-08-30 12:00:00","Midlands",13.422
"2024-08-30 12:00:00","North East and Yorkshire",12.234
"2024-08-30 12:00:00","East of England",13.283
"2024-08-30 12:00:00","North West",11.533
"2024-08-31 12:00:00","London",15.474
"2024-08-31 12:00:00","South East",14.19
"2024-08-31 12:00:00","South West",14.801
"2024-08-31 12:00:00","Midlands",14.548
"2024-08-31 12:00:00","North East and Yorkshire",13.948
"2024-08-31 12:00:00","East of England",14.477
"2024-08-31 12:00:00","North West",12.575
"2024-09-01 12:00:00","London",15.453
"2024-09-01 12:00:00","South East",14.297
"2024-09-01 12:00:00","South West",14.121
"2024-09-01 12:00:00","Midlands",14.037
"2024-09-01 12:00:00","North East and Yorkshire",13.128
"2024-09-01 12:00:00","East of England",14.553
"2024-09-01 12:00:00","North West",12.629
"2024-09-02 12:00:00","London",17.43
"2024-09-02 12:00:00","South East",15.586
"2024-09-02 12:00:00","South West",14.03
"2024-09-02 12:00:00","Midlands",14.121
"2024-09-02 12:00:00","North East and Yorkshire",12.547
"2024-09-02 12:00:00","East of England",16.998
"2024-09-02 12:00:00","North West",11.521
"2024-09-03 12:00:00","London",22.863
"2024-09-03 12:00:00","South East",20.939
"2024-09-03 12:00:00","South West",20.84
"2024-09-03 12:00:00","Midlands",19.267
"2024-09-03 12:00:00","North East and Yorkshire",19.919
"2024-09-03 12:00:00","East of England",21.886
"2024-09-03 12:00:00","North West",18.406
"2024-09-04 12:00:00","London",22.045
"2024-09-04 12:00:00","South East",20.079
"2024-09-04 12:00:00","South West",19.67
"2024-09-04 12:00:00","Midlands",18.814
"2024-09-04 12:00:00","North East and Yorkshire",19.917
"2024-09-04 12:00:00","East of England",19.897
"2024-09-04 12:00:00","North West",19.315
"2024-09-05 12:00:00","London",18.453
"2024-09-05 12:00:00","South East",17.918
"2024-09-05 12:00:00","South West",20.762
"2024-09-05 12:00:00","Midlands",19.221
"2024-09-05 12:00:00","North East and Yorkshire",16.325
"2024-09-05 12:00:00","East of England",17.824
"2024-09-05 12:00:00","North West",17.897
"2024-09-06 12:00:00","London",19.529
"2024-09-06 12:00:00","South East",18.043
"2024-09-06 12:00:00","South West",17.136
"2024-09-06 12:00:00","Midlands",17.028
"2024-09-06 12:00:00","North East and Yorkshire",16.048
"2024-09-06 12:00:00","East of England",18.907
"2024-09-06 12:00:00","North West",16.256
"2024-09-07 12:00:00","London",20.631
"2024-09-07 12:00:00","South East",19.493
"2024-09-07 12:00:00","South West",19.591
"2024-09-07 12:00:00","Midlands",21.463
"2024-09-07 12:00:00","North East and Yorkshire",20.959
"2024-09-07 12:00:00","East of England",20.081
"2024-09-07 12:00:00","North West",19.038
"2024-09-08 12:00:00","London",19.148
"2024-09-08 12:00:00","South East",18.128
"2024-09-08 12:00:00","South West",19.243
"2024-09-08 12:00:00","Midlands",17.885
"2024-09-08 12:00:00","North East and Yorkshire",16.228
"2024-09-08 12:00:00","East of England",18.27
"2024-09-08 12:00:00","North West",16.688
"2024-09-09 12:00:00","London",17.015
"2024-09-09 12:00:00","South East",16.093
"2024-09-09 12:00:00","South West",17.031
"2024-09-09 12:00:00","Midlands",17.084
"2024-09-09 12:00:00","North East and Yorkshire",16.507
"2024-09-09 12:00:00","East of England",16.601
"2024-09-09 12:00:00","North West",16.042
"2024-09-10 12:00:00","London",25.096
"2024-09-10 12:00:00","South East",22.237
"2024-09-10 12:00:00","South West",20.605
"2024-09-10 12:00:00","Midlands",24.21
"2024-09-10 12:00:00","North East and Yorkshire",22.117
"2024-09-10 12:00:00","East of England",24.746
"2024-09-10 12:00:00","North West",20.288
"2024-09-11 12:00:00","London",22.334
"2024-09-11 12:00:00","South East",20.878
"2024-09-11 12:00:00","South West",19.707
"2024-09-11 12:00:00","Midlands",19.822
"2024-09-11 12:00:00","North East and Yorkshire",18.14
"2024-09-11 12:00:00","East of England",22.073
"2024-09-11 12:00:00","North West",16.135
"2024-09-12 12:00:00","London",19.783
"2024-09-12 12:00:00","South East",18.294
"2024-09-12 12:00:00","South West",17.588
"2024-09-12 12:00:00","Midlands",16.064
"2024-09-12 12:00:00","North East and Yorkshire",15.106
"2024-09-12 12:00:00","East of England",18.222
"2024-09-12 12:00:00","North West",13.634
"2024-09-13 12:00:00","London",19.625
"2024-09-13 12:00:00","South East",17.633
"2024-09-13 12:00:00","South West",16.037
"2024-09-13 12:00:00","Midlands",17.679
"2024-09-13 12:00:00","North East and Yorkshire",17.51
"2024-09-13 12:00:00","East of England",18.517
"2024-09-13 12:00:00","North West",15.671
"2024-09-14 12:00:00","London",21.789
"2024-09-14 12:00:00","South East",19.62
"2024-09-14 12:00:00","South West",19.038
"2024-09-14 12:00:00","Midlands",19.365
"2024-09-14 12:00:00","North East and Yorkshire",17.761
"2024-09-14 12:00:00","East of England",20.721
"2024-09-14 12:00:00","North West",16.29
"2024-09-15 12:00:00","London",25.006
"2024-09-15 12:00:00","South East",21.777
"2024-09-15 12:00:00","South West",20.767
"2024-09-15 12:00:00","Midlands",23.512
"2024-09-15 12:00:00","North East and Yorkshire",22.242
"2024-09-15 12:00:00","East of England",24.511
"2024-09-15 12:00:00","North West",19.9
"2024-09-16 12:00:00","London",28.514
"2024-09-16 12:00:00","South East",25.715
"2024-09-16 12:00:00","South West",24.907
"2024-09-16 12:00:00","Midlands",26.131
"2024-09-16 12:00:00","North East and Yorkshire",24.482
"2024-09-16 12:00:00","East of England",26.918
"2024-09-16 12:00:00","North West",22.723
"2024-09-17 12:00:00","London",19.574
"2024-09-17 12:00:00","South East",18.083
"2024-09-17 12:00:00","South West",17.833
"2024-09-17 12:00:00","Midlands",17.651
"2024-09-17 12:00:00","North East and Yorkshire",16.551
"2024-09-17 12:00:00","East of England",17.915
"2024-09-17 12:00:00","North West",15.489
"2024-09-18 12:00:00","London",19.528
"2024-09-18 12:00:00","South East",17.979
"2024-09-18 12:00:00","South West",18.376
"2024-09-18 12:00:00","Midlands",18.538
"2024-09-18 12:00:00","North East and Yorkshire",16.818
"2024-09-18 12:00:00","East of England",18.333
"2024-09-18 12:00:00","North West",15.41
"2024-09-19 12:00:00","London",21.531
"2024-09-19 12:00:00","South East",19.349
"2024-09-19 12:00:00","South West",19.619
"2024-09-19 12:00:00","Midlands",21.374
"2024-09-19 12:00:00","North East and Yorkshire",20.505
"2024-09-19 12:00:00","East of England",20.684
"2024-09-19 12:00:00","North West",18.126
"2024-09-20 12:00:00","London",21.41
"2024-09-20 12:00:00","South East",19.896
"2024-09-20 12:00:00","South West",19.708
"2024-09-20 12:00:00","Midlands",20.859
"2024-09-20 12:00:00","North East and Yorkshire",21.2
"2024-09-20 12:00:00","East of England",20.01
"2024-09-20 12:00:00","North West",19.584
"2024-09-21 12:00:00","London",24.712
"2024-09-21 12:00:00","South East",22.615
"2024-09-21 12:00:00","South West",22.258
"2024-09-21 12:00:00","Midlands",24.242
"2024-09-21 12:00:00","North East and Yorkshire",21.68
"2024-09-21 12:00:00","East of England",23.084
"2024-09-21 12:00:00","North West",20.843
"2024-09-22 12:00:00","London",22.943
"2024-09-22 12:00:00","South East",19.489
"2024-09-22 12:00:00","South West",18.059
"2024-09-22 12:00:00","Midlands",19.296
"2024-09-22 12:00:00","North East and Yorkshire",18.78
"2024-09-22 12:00:00","East of England",23.636
"2024-09-22 12:00:00","North West",16.553
"2024-09-23 12:00:00","London",20.536
"2024-09-23 12:00:00","South East",18.281
"2024-09-23 12:00:00","South West",17.092
"2024-09-23 12:00:00","Midlands",18.93
"2024-09-23 12:00:00","North East and Yorkshire",18.871
"2024-09-23 12:00:00","East of England",20.464
"2024-09-23 12:00:00","North West",16.533
"2024-09-24 12:00:00","London",23.135
"2024-09-24 12:00:00","South East",20.863
"2024-09-24 12:00:00","South West",19.799
"2024-09-24 12:00:00","Midlands",17.173
"2024-09-24 12:00:00","North East and Yorkshire",15.172
"2024-09-24 12:00:00","East of England",21.704
"2024-09-24 12:00:00","North West",14.644
"2024-09-25 12:00:00","London",20.633
"2024-09-25 12:00:00","South East",18.608
"2024-09-25 12:00:00","South West",18.84
"2024-09-25 12:00:00","Midlands",19.343
"2024-09-25 12:00:00","North East and Yorkshire",17.654
"2024-09-25 12:00:00","East of England",19.84
"2024-09-25 12:00:00","North West",16.787
"2024-09-26 12:00:00","London",24.087
"2024-09-26 12:00:00","South East",21.186
"2024-09-26 12:00:00","South West",19.48
"2024-09-26 12:00:00","Midlands",18.137
"2024-09-26 12:00:00","North East and Yorkshire",19.546
"2024-09-26 12:00:00","East of England",22.439
"2024-09-26 12:00:00","North West",17.5
"2024-09-27 12:00:00","London",26.102
"2024-09-27 12:00:00","South East",22.852
"2024-09-27 12:00:00","South West",21.434
"2024-09-27 12:00:00","Midlands",22.518
"2024-09-27 12:00:00","North East and Yorkshire",18.477
"2024-09-27 12:00:00","East of England",24.636
"2024-09-27 12:00:00","North West",18.487
"2024-09-28 12:00:00","London",27.131
"2024-09-28 12:00:00","South East",23.606
"2024-09-28 12:00:00","South West",18.235
"2024-09-28 12:00:00","Midlands",19.596
"2024-09-28 12:00:00","North East and Yorkshire",16.154
"2024-09-28 12:00:00","East of England",24.382
"2024-09-28 12:00:00","North West",15.859
"2024-09-29 12:00:00","London",21.508
"2024-09-29 12:00:00","South East",19.472
"2024-09-29 12:00:00","South West",17.863
"2024-09-29 12:00:00","Midlands",19.806
"2024-09-29 12:00:00","North East and Yorkshire",18.728
"2024-09-29 12:00:00","East of England",20.287
"2024-09-29 12:00:00","North West",17.53
"2024-09-30 12:00:00","London",20.124
"2024-09-30 12:00:00","South East",18.181
"2024-09-30 12:00:00","South West",17.215
"2024-09-30 12:00:00","Midlands",18.285
"2024-09-30 12:00:00","North East and Yorkshire",17.738
"2024-09-30 12:00:00","East of England",20.175
"2024-09-30 12:00:00","North West",15.116
"2024-10-01 12:00:00","London",23.302
"2024-10-01 12:00:00","South East",20.294
"2024-10-01 12:00:00","South West",18.888
"2024-10-01 12:00:00","Midlands",19.792
"2024-10-01 12:00:00","North East and Yorkshire",19.06
"2024-10-01 12:00:00","East of England",22.497
"2024-10-01 12:00:00","North West",17.418
"2024-10-02 12:00:00","London",21.534
"2024-10-02 12:00:00","South East",19.472
"2024-10-02 12:00:00","South West",17.873
"2024-10-02 12:00:00","Midlands",18.987
"2024-10-02 12:00:00","North East and Yorkshire",17.551
"2024-10-02 12:00:00","East of England",20.9
"2024-10-02 12:00:00","North West",16.76
"2024-10-03 12:00:00","London",19.5
"2024-10-03 12:00:00","South East",17.617
"2024-10-03 12:00:00","South West",16.665
"2024-10-03 12:00:00","Midlands",16.663
"2024-10-03 12:00:00","North East and Yorkshire",16.091
"2024-10-03 12:00:00","East of England",18.35
"2024-10-03 12:00:00","North West",14.353
"2024-10-04 12:00:00","London",20.136
"2024-10-04 12:00:00","South East",18.367
"2024-10-04 12:00:00","South West",17.815
"2024-10-04 12:00:00","Midlands",18.896
"2024-10-04 12:00:00","North East and Yorkshire",17.661
"2024-10-04 12:00:00","East of England",19.17
"2024-10-04 12:00:00","North West",15.974
"2024-10-05 12:00:00","London",19.924
"2024-10-05 12:00:00","South East",18.006
"2024-10-05 12:00:00","South West",17.273
"2024-10-05 12:00:00","Midlands",18.263
"2024-10-05 12:00:00","North East and Yorkshire",17.377
"2024-10-05 12:00:00","East of England",18.917
"2024-10-05 12:00:00","North West",15.773
"2024-10-06 12:00:00","London",22.409
"2024-10-06 12:00:00","South East",20.245
"2024-10-06 12:00:00","South West",19.166
"2024-10-06 12:00:00","Midlands",19.958
"2024-10-06 12:00:00","North East and Yorkshire",19.486
"2024-10-06 12:00:00","East of England",21.835
"2024-10-06 12:00:00","North West",17.146
"2024-10-07 12:00:00","London",19.896
"2024-10-07 12:00:00","South East",18.223
"2024-10-07 12:00:00","South West",16.721
"2024-10-07 12:00:00","Midlands",17.572
"2024-10-07 12:00:00","North East and Yorkshire",15.914
"2024-10-07 12:00:00","East of England",19.654
"2024-10-07 12:00:00","North West",13.986
"2024-10-08 12:00:00","London",17.582
"2024-10-08 12:00:00","South East",16.133
"2024-10-08 12:00:00","South West",16.008
"2024-10-08 12:00:00","Midlands",14.806
"2024-10-08 12:00:00","North East and Yorkshire",13.436
"2024-10-08 12:00:00","East of England",15.616
"2024-10-08 12:00:00","North West",13.988
"2024-10-09 12:00:00","London",21.799
"2024-10-09 12:00:00","South East",18.825
"2024-10-09 12:00:00","South West",16.425
"2024-10-09 12:00:00","Midlands",17.531
"2024-10-09 12:00:00","North East and Yorkshire",16.023
"2024-10-09 12:00:00","East of England",20.463
"2024-10-09 12:00:00","North West",14.822
"2024-10-10 12:00:00","London",18.557
"2024-10-10 12:00:00","South East",16.749
"2024-10-10 12:00:00","South West",16.674
"2024-10-10 12:00:00","Midlands",17.128
"2024-10-10 12:00:00","North East and Yorkshire",16.849
"2024-10-10 12:00:00","East of England",17.689
"2024-10-10 12:00:00","North West",15.383
"2024-10-11 12:00:00","London",17.2
"2024-10-11 12:00:00","South East",15.714
"2024-10-11 12:00:00","South West",15.146
"2024-10-11 12:00:00","Midlands",15.346
"2024-10-11 12:00:00","North East and Yorkshire",14.999
"2024-10-11 12:00:00","East of England",16.507
"2024-10-11 12:00:00","North West",13.767
"2024-10-12 12:00:00","London",17.836
"2024-10-12 12:00:00","South East",16.202
"2024-10-12 12:00:00","South West",15.984
"2024-10-12 12:00:00","Midlands",16.573
"2024-10-12 12:00:00","North East and Yorkshire",15.596
"2024-10-12 12:00:00","East of England",16.395
"2024-10-12 12:00:00","North West",14.555
"2024-10-13 12:00:00","London",17.713
"2024-10-13 12:00:00","South East",16.097
"2024-10-13 12:00:00","South West",16.067
"2024-10-13 12:00:00","Midlands",16.367
"2024-10-13 12:00:00","North East and Yorkshire",16.118
"2024-10-13 12:00:00","East of England",16.995
"2024-10-13 12:00:00","North West",15.335
"2024-10-14 12:00:00","London",14.404
"2024-10-14 12:00:00","South East",12.965
"2024-10-14 12:00:00","South West",13.678
"2024-10-14 12:00:00","Midlands",13.329
"2024-10-14 12:00:00","North East and Yorkshire",13.763
"2024-10-14 12:00:00","East of England",13.852
"2024-10-14 12:00:00","North West",12.937
"2024-10-15 12:00:00","London",18.333
"2024-10-15 12:00:00","South East",16.517
"2024-10-15 12:00:00","South West",15.314
"2024-10-15 12:00:00","Midlands",16.636
"2024-10-15 12:00:00","North East and Yorkshire",15.345
"2024-10-15 12:00:00","East of England",17.979
"2024-10-15 12:00:00","North West",12.981
"2024-10-16 12:00:00","London",16.031
"2024-10-16 12:00:00","South East",14.587
"2024-10-16 12:00:00","South West",14.519
"2024-10-16 12:00:00","Midlands",14.461
"2024-10-16 12:00:00","North East and Yorkshire",14.086
"2024-10-16 12:00:00","East of England",15
"2024-10-16 12:00:00","North West",12.619
"2024-10-17 12:00:00","London",16.426
"2024-10-17 12:00:00","South East",15.09
"2024-10-17 12:00:00","South West",15.265
"2024-10-17 12:00:00","Midlands",16.132
"2024-10-17 12:00:00","North East and Yorkshire",15.519
"2024-10-17 12:00:00","East of England",15.954
"2024-10-17 12:00:00","North West",14.616
"2024-10-18 12:00:00","London",17.884
"2024-10-18 12:00:00","South East",16.286
"2024-10-18 12:00:00","South West",15.472
"2024-10-18 12:00:00","Midlands",15.657
"2024-10-18 12:00:00","North East and Yorkshire",14.499
"2024-10-18 12:00:00","East of England",17.525
"2024-10-18 12:00:00","North West",13.296
"2024-10-19 12:00:00","London",16.417
"2024-10-19 12:00:00","South East",14.877
"2024-10-19 12:00:00","South West",13.525
"2024-10-19 12:00:00","Midlands",12.753
"2024-10-19 12:00:00","North East and Yorkshire",11.658
"2024-10-19 12:00:00","East of England",15.159
"2024-10-19 12:00:00","North West",11.002
"2024-10-20 12:00:00","London",17.461
"2024-10-20 12:00:00","South East",15.432
"2024-10-20 12:00:00","South West",14.57
"2024-10-20 12:00:00","Midlands",15.473
"2024-10-20 12:00:00","North East and Yorkshire",14.815
"2024-10-20 12:00:00","East of England",16.452
"2024-10-20 12:00:00","North West",13.712
"2024-10-21 12:00:00","London",17.279
"2024-10-21 12:00:00","South East",15.524
"2024-10-21 12:00:00","South West",14.844
"2024-10-21 12:00:00","Midlands",15.365
"2024-10-21 12:00:00","North East and Yorkshire",14.617
"2024-10-21 12:00:00","East of England",16.83
"2024-10-21 12:00:00","North West",13.204
"2024-10-22 12:00:00","London",15.502
"2024-10-22 12:00:00","South East",14.221
"2024-10-22 12:00:00","South West",14.197
"2024-10-22 12:00:00","Midlands",13.844
"2024-10-22 12:00:00","North East and Yorkshire",11.312
"2024-10-22 12:00:00","East of England",13.997
"2024-10-22 12:00:00","North West",11.117
"2024-10-23 12:00:00","London",14.82
"2024-10-23 12:00:00","South East",13.28
"2024-10-23 12:00:00","South West",12.854
"2024-10-23 12:00:00","Midlands",12.963
"2024-10-23 12:00:00","North East and Yorkshire",13.289
"2024-10-23 12:00:00","East of England",14.213
"2024-10-23 12:00:00","North West",11.612
"2024-10-24 12:00:00","London",12.689
"2024-10-24 12:00:00","South East",12.223
"2024-10-24 12:00:00","South West",13.979
"2024-10-24 12:00:00","Midlands",12.828
"2024-10-24 12:00:00","North East and Yorkshire",12.205
"2024-10-24 12:00:00","East of England",12.407
"2024-10-24 12:00:00","North West",12.562
"2024-10-25 12:00:00","London",16.677
"2024-10-25 12:00:00","South East",15.046
"2024-10-25 12:00:00","South West",14.962
"2024-10-25 12:00:00","Midlands",15.154
"2024-10-25 12:00:00","North East and Yorkshire",10.181
"2024-10-25 12:00:00","East of England",16.022
"2024-10-25 12:00:00","North West",9.857
"2024-10-26 12:00:00","London",16.782
"2024-10-26 12:00:00","South East",15.239
"2024-10-26 12:00:00","South West",14.002
"2024-10-26 12:00:00","Midlands",8.168
"2024-10-26 12:00:00","North East and Yorkshire",8.073
"2024-10-26 12:00:00","East of England",15.678
"2024-10-26 12:00:00","North West",7.48
"2024-10-27 12:00:00","London",12.2
"2024-10-27 12:00:00","South East",10.919
"2024-10-27 12:00:00","South West",11.061
"2024-10-27 12:00:00","Midlands",11.627
"2024-10-27 12:00:00","North East and Yorkshire",11.212
"2024-10-27 12:00:00","East of England",11.617
"2024-10-27 12:00:00","North West",10.585
"2024-10-28 12:00:00","London",10.892
"2024-10-28 12:00:00","South East",9.761
"2024-10-28 12:00:00","South West",9.01
"2024-10-28 12:00:00","Midlands",9.104
"2024-10-28 12:00:00","North East and Yorkshire",9.138
"2024-10-28 12:00:00","East of England",10.574
"2024-10-28 12:00:00","North West",8.632
"2024-10-29 12:00:00","London",17.915
"2024-10-29 12:00:00","South East",16.319
"2024-10-29 12:00:00","South West",15.718
"2024-10-29 12:00:00","Midlands",16.533
"2024-10-29 12:00:00","North East and Yorkshire",15.477
"2024-10-29 12:00:00","East of England",17.27
"2024-10-29 12:00:00","North West",14.63
"2024-10-30 12:00:00","London",19.628
"2024-10-30 12:00:00","South East",17.477
"2024-10-30 12:00:00","South West",16.841
"2024-10-30 12:00:00","Midlands",18.16
"2024-10-30 12:00:00","North East and Yorkshire",17.511
"2024-10-30 12:00:00","East of England",18.942
"2024-10-30 12:00:00","North West",15.813
"2024-10-31 12:00:00","London",20.645
"2024-10-31 12:00:00","South East",18.678
"2024-10-31 12:00:00","South West",17.864
"2024-10-31 12:00:00","Midlands",18.038
"2024-10-31 12:00:00","North East and Yorkshire",16.399
"2024-10-31 12:00:00","East of England",19.771
"2024-10-31 12:00:00","North West",16.055
"2024-11-01 12:00:00","London",18.91
"2024-11-01 12:00:00","South East",16.911
"2024-11-01 12:00:00","South West",16.328
"2024-11-01 12:00:00","Midlands",16.98
"2024-11-01 12:00:00","North East and Yorkshire",16.137
"2024-11-01 12:00:00","East of England",18.484
"2024-11-01 12:00:00","North West",14.676
"2024-11-02 12:00:00","London",22.075
"2024-11-02 12:00:00","South East",19.56
"2024-11-02 12:00:00","South West",18.393
"2024-11-02 12:00:00","Midlands",19.135
"2024-11-02 12:00:00","North East and Yorkshire",15.124
"2024-11-02 12:00:00","East of England",20.592
"2024-11-02 12:00:00","North West",15.689
"2024-11-03 12:00:00","London",16.534
"2024-11-03 12:00:00","South East",15.193
"2024-11-03 12:00:00","South West",15.513
"2024-11-03 12:00:00","Midlands",16.053
"2024-11-03 12:00:00","North East and Yorkshire",15.371
"2024-11-03 12:00:00","East of England",15.404
"2024-11-03 12:00:00","North West",14.288
"2024-11-04 12:00:00","London",17.404
"2024-11-04 12:00:00","South East",15.633
"2024-11-04 12:00:00","South West",15.678
"2024-11-04 12:00:00","Midlands",15.751
"2024-11-04 12:00:00","North East and Yorkshire",14.891
"2024-11-04 12:00:00","East of England",16.789
"2024-11-04 12:00:00","North West",13.527
"2024-11-05 12:00:00","London",18.348
"2024-11-05 12:00:00","South East",16.35
"2024-11-05 12:00:00","South West",15.919
"2024-11-05 12:00:00","Midlands",17.067
"2024-11-05 12:00:00","North East and Yorkshire",16.867
"2024-11-05 12:00:00","East of England",17.331
"2024-11-05 12:00:00","North West",15.748
"2024-11-06 12:00:00","London",15.858
"2024-11-06 12:00:00","South East",14.691
"2024-11-06 12:00:00","South West",14.351
"2024-11-06 12:00:00","Midlands",14.581
"2024-11-06 12:00:00","North East and Yorkshire",14.903
"2024-11-06 12:00:00","East of England",14.835
"2024-11-06 12:00:00","North West",13.743
"2024-11-07 12:00:00","London",16.527
"2024-11-07 12:00:00","South East",15.082
"2024-11-07 12:00:00","South West",13.471
"2024-11-07 12:00:00","Midlands",13.08
"2024-11-07 12:00:00","North East and Yorkshire",12.535
"2024-11-07 12:00:00","East of England",15.272
"2024-11-07 12:00:00","North West",10.965
"2024-11-08 12:00:00","London",16.171
"2024-11-08 12:00:00","South East",14.516
"2024-11-08 12:00:00","South West",13.195
"2024-11-08 12:00:00","Midlands",12.92
"2024-11-08 12:00:00","North East and Yorkshire",11.671
"2024-11-08 12:00:00","East of England",15.325
"2024-11-08 12:00:00","North West",11.018
"2024-11-09 12:00:00","London",16.151
"2024-11-09 12:00:00","South East",14.591
"2024-11-09 12:00:00","South West",13.783
"2024-11-09 12:00:00","Midlands",13.967
"2024-11-09 12:00:00","North East and Yorkshire",12.955
"2024-11-09 12:00:00","East of England",15.467
"2024-11-09 12:00:00","North West",11.573
"2024-11-10 12:00:00","London",12.921
"2024-11-10 12:00:00","South East",11.874
"2024-11-10 12:00:00","South West",12.555
"2024-11-10 12:00:00","Midlands",12.315
"2024-11-10 12:00:00","North East and Yorkshire",12.018
"2024-11-10 12:00:00","East of England",12.859
"2024-11-10 12:00:00","North West",10.723
"2024-11-11 12:00:00","London",13.774
"2024-11-11 12:00:00","South East",12.763
"2024-11-11 12:00:00","South West",12.925
"2024-11-11 12:00:00","Midlands",12.687
"2024-11-11 12:00:00","North East and Yorkshire",11.621
"2024-11-11 12:00:00","East of England",12.871
"2024-11-11 12:00:00","North West",11.241
"2024-11-12 12:00:00","London",8.51
"2024-11-12 12:00:00","South East",7.982
"2024-11-12 12:00:00","South West",8.353
"2024-11-12 12:00:00","Midlands",7.857
"2024-11-12 12:00:00","North East and Yorkshire",8.005
"2024-11-12 12:00:00","East of England",7.766
"2024-11-12 12:00:00","North West",7.91
"2024-11-13 12:00:00","London",9.829
"2024-11-13 12:00:00","South East",8.814
"2024-11-13 12:00:00","South West",8.251
"2024-11-13 12:00:00","Midlands",8.246
"2024-11-13 12:00:00","North East and Yorkshire",7.048
"2024-11-13 12:00:00","East of England",9.019
"2024-11-13 12:00:00","North West",6.794
"2024-11-14 12:00:00","London",8.981
"2024-11-14 12:00:00","South East",7.302
"2024-11-14 12:00:00","South West",5.399
"2024-11-14 12:00:00","Midlands",6.183
"2024-11-14 12:00:00","North East and Yorkshire",6.645
"2024-11-14 12:00:00","East of England",7.513
"2024-11-14 12:00:00","North West",5.894
"2024-11-15 12:00:00","London",8.812
"2024-11-15 12:00:00","South East",7.547
"2024-11-15 12:00:00","South West",7.481
"2024-11-15 12:00:00","Midlands",8.019
"2024-11-15 12:00:00","North East and Yorkshire",8.646
"2024-11-15 12:00:00","East of England",8.186
"2024-11-15 12:00:00","North West",8.18
"2024-11-16 12:00:00","London",8.221
"2024-11-16 12:00:00","South East",7.366
"2024-11-16 12:00:00","South West",8.476
"2024-11-16 12:00:00","Midlands",8.655
"2024-11-16 12:00:00","North East and Yorkshire",8.681
"2024-11-16 12:00:00","East of England",7.943
"2024-11-16 12:00:00","North West",8.141
"2024-11-17 12:00:00","London",9.11
"2024-11-17 12:00:00","South East",7.875
"2024-11-17 12:00:00","South West",8.292
"2024-11-17 12:00:00","Midlands",8.174
"2024-11-17 12:00:00","North East and Yorkshire",7.88
"2024-11-17 12:00:00","East of England",8.344
"2024-11-17 12:00:00","North West",7.302
"2024-11-18 12:00:00","London",8.775
"2024-11-18 12:00:00","South East",8.03
"2024-11-18 12:00:00","South West",8.515
"2024-11-18 12:00:00","Midlands",7.691
"2024-11-18 12:00:00","North East and Yorkshire",6.536
"2024-11-18 12:00:00","East of England",8.182
"2024-11-18 12:00:00","North West",6.724
"2024-11-19 12:00:00","London",13.851
"2024-11-19 12:00:00","South East",12.456
"2024-11-19 12:00:00","South West",12.957
"2024-11-19 12:00:00","Midlands",13.62
"2024-11-19 12:00:00","North East and Yorkshire",13.223
"2024-11-19 12:00:00","East of England",13.407
"2024-11-19 12:00:00","North West",12.47
"2024-11-20 12:00:00","London",14.273
"2024-11-20 12:00:00","South East",12.764
"2024-11-20 12:00:00","South West",12.577
"2024-11-20 12:00:00","Midlands",13.606
"2024-11-20 12:00:00","North East and Yorkshire",12.811
"2024-11-20 12:00:00","East of England",14.002
"2024-11-20 12:00:00","North West",11.177
"2024-11-21 12:00:00","London",7.278
"2024-11-21 12:00:00","South East",6.562
"2024-11-21 12:00:00","South West",6.887
"2024-11-21 12:00:00","Midlands",6.093
"2024-11-21 12:00:00","North East and Yorkshire",5.89
"2024-11-21 12:00:00","East of England",6.281
"2024-11-21 12:00:00","North West",6.144
"2024-11-22 12:00:00","London",9.269
"2024-11-22 12:00:00","South East",8.642
"2024-11-22 12:00:00","South West",9.144
"2024-11-22 12:00:00","Midlands",8.555
"2024-11-22 12:00:00","North East and Yorkshire",8.927
"2024-11-22 12:00:00","East of England",8.126
"2024-11-22 12:00:00","North West",8.91
"2024-11-23 12:00:00","London",12.514
"2024-11-23 12:00:00","South East",11.476
"2024-11-23 12:00:00","South West",11.841
"2024-11-23 12:00:00","Midlands",12.241
"2024-11-23 12:00:00","North East and Yorkshire",11.236
"2024-11-23 12:00:00","East of England",11.554
"2024-11-23 12:00:00","North West",10.268
"2024-11-24 12:00:00","London",7.53
"2024-11-24 12:00:00","South East",6.532
"2024-11-24 12:00:00","South West",7.018
"2024-11-24 12:00:00","Midlands",6.81
"2024-11-24 12:00:00","North East and Yorkshire",6.829
"2024-11-24 12:00:00","East of England",7.022
"2024-11-24 12:00:00","North West",6.62
"2024-11-25 12:00:00","London",8.658
"2024-11-25 12:00:00","South East",8.433
"2024-11-25 12:00:00","South West",10.381
"2024-11-25 12:00:00","Midlands",10.317
"2024-11-25 12:00:00","North East and Yorkshire",11.669
"2024-11-25 12:00:00","East of England",8.637
"2024-11-25 12:00:00","North West",10.484
"2024-11-26 12:00:00","London",14.559
"2024-11-26 12:00:00","South East",13.141
"2024-11-26 12:00:00","South West",12.97
"2024-11-26 12:00:00","Midlands",14.201
"2024-11-26 12:00:00","North East and Yorkshire",14.637
"2024-11-26 12:00:00","East of England",14.148
"2024-11-26 12:00:00","North West",13.673
"2024-11-27 12:00:00","London",15.77
"2024-11-27 12:00:00","South East",13.659
"2024-11-27 12:00:00","South West",13.382
"2024-11-27 12:00:00","Midlands",13.76
"2024-11-27 12:00:00","North East and Yorkshire",14.416
"2024-11-27 12:00:00","East of England",14.868
"2024-11-27 12:00:00","North West",12.72
"2024-11-28 12:00:00","London",10.207
"2024-11-28 12:00:00","South East",9.719
"2024-11-28 12:00:00","South West",9.851
"2024-11-28 12:00:00","Midlands",8.743
"2024-11-28 12:00:00","North East and Yorkshire",6.936
"2024-11-28 12:00:00","East of England",9.244
"2024-11-28 12:00:00","North West",7.403
"2024-11-29 12:00:00","London",10.937
"2024-11-29 12:00:00","South East",10.171
"2024-11-29 12:00:00","South West",10.408
"2024-11-29 12:00:00","Midlands",10.86
"2024-11-29 12:00:00","North East and Yorkshire",11.361
"2024-11-29 12:00:00","East of England",10.42
"2024-11-29 12:00:00","North West",10.363
"2024-11-30 12:00:00","London",12.375
"2024-11-30 12:00:00","South East",11.309
"2024-11-30 12:00:00","South West",11.073
"2024-11-30 12:00:00","Midlands",12.396
"2024-11-30 12:00:00","North East and Yorkshire",11.739
"2024-11-30 12:00:00","East of England",12.003
"2024-11-30 12:00:00","North West",10.84
"2024-12-01 12:00:00","London",11.543
"2024-12-01 12:00:00","South East",10.691
"2024-12-01 12:00:00","South West",10.456
"2024-12-01 12:00:00","Midlands",9.429
"2024-12-01 12:00:00","North East and Yorkshire",8.78
"2024-12-01 12:00:00","East of England",10.229
"2024-12-01 12:00:00","North West",8.618
"2024-12-02 12:00:00","London",11.063
"2024-12-02 12:00:00","South East",10.382
"2024-12-02 12:00:00","South West",11.057
"2024-12-02 12:00:00","Midlands",10.241
"2024-12-02 12:00:00","North East and Yorkshire",10.879
"2024-12-02 12:00:00","East of England",10.14
"2024-12-02 12:00:00","North West",10.245
"2024-12-03 12:00:00","London",9.365
"2024-12-03 12:00:00","South East",8.641
"2024-12-03 12:00:00","South West",9.044
"2024-12-03 12:00:00","Midlands",8.487
"2024-12-03 12:00:00","North East and Yorkshire",7.97
"2024-12-03 12:00:00","East of England",8.311
"2024-12-03 12:00:00","North West",7.622
"2024-12-04 12:00:00","London",9.014
"2024-12-04 12:00:00","South East",7.806
"2024-12-04 12:00:00","South West",7.749
"2024-12-04 12:00:00","Midlands",7.605
"2024-12-04 12:00:00","North East and Yorkshire",7.851
"2024-12-04 12:00:00","East of England",8.242
"2024-12-04 12:00:00","North West",7.223
"2024-12-05 12:00:00","London",11.884
"2024-12-05 12:00:00","South East",10.835
"2024-12-05 12:00:00","South West",10.997
"2024-12-05 12:00:00","Midlands",11.317
"2024-12-05 12:00:00","North East and Yorkshire",11.793
"2024-12-05 12:00:00","East of England",10.982
"2024-12-05 12:00:00","North West",10.703
"2024-12-06 12:00:00","London",13.142
"2024-12-06 12:00:00","South East",11.632
"2024-12-06 12:00:00","South West",11.488
"2024-12-06 12:00:00","Midlands",12.162
"2024-12-06 12:00:00","North East and Yorkshire",12.025
"2024-12-06 12:00:00","East of England",12.381
"2024-12-06 12:00:00","North West",10.828
"2024-12-07 12:00:00","London",11.793
"2024-12-07 12:00:00","South East",11.031
"2024-12-07 12:00:00","South West",11.349
"2024-12-07 12:00:00","Midlands",11.332
"2024-12-07 12:00:00","North East and Yorkshire",11.181
"2024-12-07 12:00:00","East of England",11.269
"2024-12-07 12:00:00","North West",10.485
"2024-12-08 12:00:00","London",10.946
"2024-12-08 12:00:00","South East",9.991
"2024-12-08 12:00:00","South West",9.472
"2024-12-08 12:00:00","Midlands",9.235
"2024-12-08 12:00:00","North East and Yorkshire",8.116
"2024-12-08 12:00:00","East of England",10.215
"2024-12-08 12:00:00","North West",7.759
"2024-12-09 12:00:00","London",9.418
"2024-12-09 12:00:00","South East",8.677
"2024-12-09 12:00:00","South West",9.28
"2024-12-09 12:00:00","Midlands",7.985
"2024-12-09 12:00:00","North East and Yorkshire",6.888
"2024-12-09 12:00:00","East of England",7.865
"2024-12-09 12:00:00","North West",7.413
"2024-12-10 12:00:00","London",11.199
"2024-12-10 12:00:00","South East",10.891
"2024-12-10 12:00:00","South West",10.461
"2024-12-10 12:00:00","Midlands",9.066
"2024-12-10 12:00:00","North East and Yorkshire",8.336
"2024-12-10 12:00:00","East of England",9.919
"2024-12-10 12:00:00","North West",8.241
"2024-12-11 12:00:00","London",7.311
"2024-12-11 12:00:00","South East",7.493
"2024-12-11 12:00:00","South West",6.287
"2024-12-11 12:00:00","Midlands",5.913
"2024-12-11 12:00:00","North East and Yorkshire",5.827
"2024-12-11 12:00:00","East of England",7.186
"2024-12-11 12:00:00","North West",6.332
"2024-12-12 12:00:00","London",7.676
"2024-12-12 12:00:00","South East",7.259
"2024-12-12 12:00:00","South West",8.735
"2024-12-12 12:00:00","Midlands",5.952
"2024-12-12 12:00:00","North East and Yorkshire",6.193
"2024-12-12 12:00:00","East of England",7.069
"2024-12-12 12:00:00","North West",6.569
"2024-12-13 12:00:00","London",11.413
"2024-12-13 12:00:00","South East",10.923
"2024-12-13 12:00:00","South West",12.374
"2024-12-13 12:00:00","Midlands",11.226
"2024-12-13 12:00:00","North East and Yorkshire",10.066
"2024-12-13 12:00:00","East of England",9.969
"2024-12-13 12:00:00","North West",10.268
"2024-12-14 12:00:00","London",14.231
"2024-12-14 12:00:00","South East",13.064
"2024-12-14 12:00:00","South West",13.796
"2024-12-14 12:00:00","Midlands",14.304
"2024-12-14 12:00:00","North East and Yorkshire",13.483
"2024-12-14 12:00:00","East of England",12.969
"2024-12-14 12:00:00","North West",12.849
"2024-12-15 12:00:00","London",13.437
"2024-12-15 12:00:00","South East",12.584
"2024-12-15 12:00:00","South West",13.499
"2024-12-15 12:00:00","Midlands",13.824
"2024-12-15 12:00:00","North East and Yorkshire",13.151
"2024-12-15 12:00:00","East of England",12.221
"2024-12-15 12:00:00","North West",12.601
"2024-12-16 12:00:00","London",10.688
"2024-12-16 12:00:00","South East",9.59
"2024-12-16 12:00:00","South West",9.266
"2024-12-16 12:00:00","Midlands",8.883
"2024-12-16 12:00:00","North East and Yorkshire",8.057
"2024-12-16 12:00:00","East of England",9.641
"2024-12-16 12:00:00","North West",7.721
"2024-12-17 12:00:00","London",11.52
"2024-12-17 12:00:00","South East",10.683
"2024-12-17 12:00:00","South West",10.91
"2024-12-17 12:00:00","Midlands",9.806
"2024-12-17 12:00:00","North East and Yorkshire",7.874
"2024-12-17 12:00:00","East of England",11.132
"2024-12-17 12:00:00","North West",8.417
"2024-12-18 12:00:00","London",8.137
"2024-12-18 12:00:00","South East",7.168
"2024-12-18 12:00:00","South West",8.071
"2024-12-18 12:00:00","Midlands",6.673
"2024-12-18 12:00:00","North East and Yorkshire",6.132
"2024-12-18 12:00:00","East of England",7.653
"2024-12-18 12:00:00","North West",6.665
"2024-12-19 12:00:00","London",8.021
"2024-12-19 12:00:00","South East",7.896
"2024-12-19 12:00:00","South West",10.333
"2024-12-19 12:00:00","Midlands",8.809
"2024-12-19 12:00:00","North East and Yorkshire",8.431
"2024-12-19 12:00:00","East of England",7.405
"2024-12-19 12:00:00","North West",8.346
"2024-12-20 12:00:00","London",10.17
"2024-12-20 12:00:00","South East",9.397
"2024-12-20 12:00:00","South West",9.939
"2024-12-20 12:00:00","Midlands",9.784
"2024-12-20 12:00:00","North East and Yorkshire",10.52
"2024-12-20 12:00:00","East of England",9.459
"2024-12-20 12:00:00","North West",9.349
"2024-12-21 12:00:00","London",11.216
"2024-12-21 12:00:00","South East",10.263
"2024-12-21 12:00:00","South West",10.609
"2024-12-21 12:00:00","Midlands",11.595
"2024-12-21 12:00:00","North East and Yorkshire",11.625
"2024-12-21 12:00:00","East of England",10.812
"2024-12-21 12:00:00","North West",10.957
"2024-12-22 12:00:00","London",11.317
"2024-12-22 12:00:00","South East",10.099
"2024-12-22 12:00:00","South West",10.378
"2024-12-22 12:00:00","Midlands",10.56
"2024-12-22 12:00:00","North East and Yorkshire",11.468
"2024-12-22 12:00:00","East of England",10.552
"2024-12-22 12:00:00","North West",10.694
"2024-12-23 12:00:00","London",12.591
"2024-12-23 12:00:00","South East",11.324
"2024-12-23 12:00:00","South West",11.745
"2024-12-23 12:00:00","Midlands",12.573
"2024-12-23 12:00:00","North East and Yorkshire",12.775
"2024-12-23 12:00:00","East of England",12.066
"2024-12-23 12:00:00","North West",11.578
"2024-12-24 12:00:00","London",12.942
"2024-12-24 12:00:00","South East",11.56
"2024-12-24 12:00:00","South West",12.228
"2024-12-24 12:00:00","Midlands",12.768
"2024-12-24 12:00:00","North East and Yorkshire",12.474
"2024-12-24 12:00:00","East of England",12.54
"2024-12-24 12:00:00","North West",11.639
"2024-12-25 12:00:00","London",12.135
"2024-12-25 12:00:00","South East",10.793
"2024-12-25 12:00:00","South West",10.715
"2024-12-25 12:00:00","Midlands",11.192
"2024-12-25 12:00:00","North East and Yorkshire",9.523
"2024-12-25 12:00:00","East of England",11.553
"2024-12-25 12:00:00","North West",10.012
"2024-12-26 12:00:00","London",12.564
"2024-12-26 12:00:00","South East",11.053
"2024-12-26 12:00:00","South West",11.071
"2024-12-26 12:00:00","Midlands",12.153
"2024-12-26 12:00:00","North East and Yorkshire",10.964
"2024-12-26 12:00:00","East of England",12.129
"2024-12-26 12:00:00","North West",10.473
"2024-12-27 12:00:00","London",11.121
"2024-12-27 12:00:00","South East",10.309
"2024-12-27 12:00:00","South West",11.224
"2024-12-27 12:00:00","Midlands",10.513
"2024-12-27 12:00:00","North East and Yorkshire",8.834
"2024-12-27 12:00:00","East of England",10.117
"2024-12-27 12:00:00","North West",8.271
"2024-12-28 12:00:00","London",12.441
"2024-12-28 12:00:00","South East",11.112
"2024-12-28 12:00:00","South West",10.935
"2024-12-28 12:00:00","Midlands",10.529
"2024-12-28 12:00:00","North East and Yorkshire",8.666
"2024-12-28 12:00:00","East of England",11.864
"2024-12-28 12:00:00","North West",7.687
"2024-12-29 12:00:00","London",8.524
"2024-12-29 12:00:00","South East",7.601
"2024-12-29 12:00:00","South West",7.158
"2024-12-29 12:00:00","Midlands",7.092
"2024-12-29 12:00:00","North East and Yorkshire",7.061
"2024-12-29 12:00:00","East of England",7.584
"2024-12-29 12:00:00","North West",6.812
"2024-12-30 12:00:00","London",5.314
"2024-12-30 12:00:00","South East",4.639
"2024-12-30 12:00:00","South West",5.455
"2024-12-30 12:00:00","Midlands",3.613
"2024-12-30 12:00:00","North East and Yorkshire",1.933
"2024-12-30 12:00:00","East of England",4.535
"2024-12-30 12:00:00","North West",2.694
"2024-12-31 12:00:00","London",5.069
"2024-12-31 12:00:00","South East",4.341
"2024-12-31 12:00:00","South West",5.394
"2024-12-31 12:00:00","Midlands",6.039
"2024-12-31 12:00:00","North East and Yorkshire",8.373
"2024-12-31 12:00:00","East of England",4.438
"2024-12-31 12:00:00","North West",6.486
