"time","nhs_region","tasmin"
"2019-01-01 12:00:00","London",-0.139
"2019-01-01 12:00:00","South East",-1.216
"2019-01-01 12:00:00","South West",-1.22
"2019-01-01 12:00:00","Midlands",-0.89
"2019-01-01 12:00:00","North East and Yorkshire",0.691
"2019-01-01 12:00:00","East of England",-1.963
"2019-01-01 12:00:00","North West",-0.105
"2019-01-02 12:00:00","London",-0.05
"2019-01-02 12:00:00","South East",-1.067
"2019-01-02 12:00:00","South West",0.543
"2019-01-02 12:00:00","Midlands",0.437
"2019-01-02 12:00:00","North East and Yorkshire",2.791
"2019-01-02 12:00:00","East of England",-1.505
"2019-01-02 12:00:00","North West",3.702
"2019-01-03 12:00:00","London",4.254
"2019-01-03 12:00:00","South East",3.026
"2019-01-03 12:00:00","South West",2.661
"2019-01-03 12:00:00","Midlands",3.388
"2019-01-03 12:00:00","North East and Yorkshire",2.894
"2019-01-03 12:00:00","East of England",3.331
"2019-01-03 12:00:00","North West",4.017
"2019-01-04 12:00:00","London",6.208
"2019-01-04 12:00:00","South East",5.643
"2019-01-04 12:00:00","South West",6.542
"2019-01-04 12:00:00","Midlands",5.102
"2019-01-04 12:00:00","North East and Yorkshire",3.811
"2019-01-04 12:00:00","East of England",4.644
"2019-01-04 12:00:00","North West",5.419
"2019-01-05 12:00:00","London",5.985
"2019-01-05 12:00:00","South East",4.827
"2019-01-05 12:00:00","South West",5.282
"2019-01-05 12:00:00","Midlands",5.511
"2019-01-05 12:00:00","North East and Yorkshire",5.902
"2019-01-05 12:00:00","East of England",5.374
"2019-01-05 12:00:00","North West",6.234
"2019-01-06 12:00:00","London",0.702
"2019-01-06 12:00:00","South East",0.205
"2019-01-06 12:00:00","South West",1.241
"2019-01-06 12:00:00","Midlands",0.603
"2019-01-06 12:00:00","North East and Yorkshire",1.876
"2019-01-06 12:00:00","East of England",0.524
"2019-01-06 12:00:00","North West",1.714
"2019-01-07 12:00:00","London",5.247
"2019-01-07 12:00:00","South East",5.418
"2019-01-07 12:00:00","South West",7.181
"2019-01-07 12:00:00","Midlands",4.189
"2019-01-07 12:00:00","North East and Yorkshire",3.383
"2019-01-07 12:00:00","East of England",3.57
"2019-01-07 12:00:00","North West",4.529
"2019-01-08 12:00:00","London",4.078
"2019-01-08 12:00:00","South East",2.764
"2019-01-08 12:00:00","South West",3.517
"2019-01-08 12:00:00","Midlands",2.884
"2019-01-08 12:00:00","North East and Yorkshire",0.083
"2019-01-08 12:00:00","East of England",2.559
"2019-01-08 12:00:00","North West",1.632
"2019-01-09 12:00:00","London",2.045
"2019-01-09 12:00:00","South East",2.578
"2019-01-09 12:00:00","South West",5.003
"2019-01-09 12:00:00","Midlands",2.954
"2019-01-09 12:00:00","North East and Yorkshire",0.194
"2019-01-09 12:00:00","East of England",2.01
"2019-01-09 12:00:00","North West",2.793
"2019-01-10 12:00:00","London",3.434
"2019-01-10 12:00:00","South East",3.769
"2019-01-10 12:00:00","South West",5.426
"2019-01-10 12:00:00","Midlands",3.488
"2019-01-10 12:00:00","North East and Yorkshire",2.631
"2019-01-10 12:00:00","East of England",3.059
"2019-01-10 12:00:00","North West",2.812
"2019-01-11 12:00:00","London",7.877
"2019-01-11 12:00:00","South East",6.888
"2019-01-11 12:00:00","South West",6.738
"2019-01-11 12:00:00","Midlands",5.378
"2019-01-11 12:00:00","North East and Yorkshire",4.37
"2019-01-11 12:00:00","East of England",6.806
"2019-01-11 12:00:00","North West",3.954
"2019-01-12 12:00:00","London",2.877
"2019-01-12 12:00:00","South East",1.967
"2019-01-12 12:00:00","South West",2.574
"2019-01-12 12:00:00","Midlands",3.68
"2019-01-12 12:00:00","North East and Yorkshire",4.266
"2019-01-12 12:00:00","East of England",2.61
"2019-01-12 12:00:00","North West",4.005
"2019-01-13 12:00:00","London",5.114
"2019-01-13 12:00:00","South East",4.148
"2019-01-13 12:00:00","South West",5.001
"2019-01-13 12:00:00","Midlands",4.367
"2019-01-13 12:00:00","North East and Yorkshire",5.925
"2019-01-13 12:00:00","East of England",4.379
"2019-01-13 12:00:00","North West",5.262
"2019-01-14 12:00:00","London",6.39
"2019-01-14 12:00:00","South East",5.674
"2019-01-14 12:00:00","South West",6.003
"2019-01-14 12:00:00","Midlands",6.146
"2019-01-14 12:00:00","North East and Yorkshire",6.737
"2019-01-14 12:00:00","East of England",5.857
"2019-01-14 12:00:00","North West",6.201
"2019-01-15 12:00:00","London",4.201
"2019-01-15 12:00:00","South East",3.901
"2019-01-15 12:00:00","South West",4.673
"2019-01-15 12:00:00","Midlands",3.705
"2019-01-15 12:00:00","North East and Yorkshire",4.522
"2019-01-15 12:00:00","East of England",3.435
"2019-01-15 12:00:00","North West",4.09
"2019-01-16 12:00:00","London",7.934
"2019-01-16 12:00:00","South East",7.454
"2019-01-16 12:00:00","South West",8.366
"2019-01-16 12:00:00","Midlands",7.377
"2019-01-16 12:00:00","North East and Yorkshire",6.775
"2019-01-16 12:00:00","East of England",6.376
"2019-01-16 12:00:00","North West",7.047
"2019-01-17 12:00:00","London",9.442
"2019-01-17 12:00:00","South East",8.178
"2019-01-17 12:00:00","South West",7.469
"2019-01-17 12:00:00","Midlands",5.854
"2019-01-17 12:00:00","North East and Yorkshire",3.871
"2019-01-17 12:00:00","East of England",7.426
"2019-01-17 12:00:00","North West",4.241
"2019-01-18 12:00:00","London",5.583
"2019-01-18 12:00:00","South East",4.219
"2019-01-18 12:00:00","South West",3.436
"2019-01-18 12:00:00","Midlands",2.534
"2019-01-18 12:00:00","North East and Yorkshire",1.142
"2019-01-18 12:00:00","East of England",4.484
"2019-01-18 12:00:00","North West",1.203
"2019-01-19 12:00:00","London",3.74
"2019-01-19 12:00:00","South East",2.665
"2019-01-19 12:00:00","South West",4.119
"2019-01-19 12:00:00","Midlands",2.756
"2019-01-19 12:00:00","North East and Yorkshire",1.644
"2019-01-19 12:00:00","East of England",2.427
"2019-01-19 12:00:00","North West",2.137
"2019-01-20 12:00:00","London",9.068
"2019-01-20 12:00:00","South East",7.913
"2019-01-20 12:00:00","South West",7.996
"2019-01-20 12:00:00","Midlands",7.56
"2019-01-20 12:00:00","North East and Yorkshire",5.136
"2019-01-20 12:00:00","East of England",8.169
"2019-01-20 12:00:00","North West",6.106
"2019-01-21 12:00:00","London",4.296
"2019-01-21 12:00:00","South East",3.892
"2019-01-21 12:00:00","South West",4.335
"2019-01-21 12:00:00","Midlands",3.258
"2019-01-21 12:00:00","North East and Yorkshire",2.536
"2019-01-21 12:00:00","East of England",3.608
"2019-01-21 12:00:00","North West",3.084
"2019-01-22 12:00:00","London",-2.487
"2019-01-22 12:00:00","South East",-2.776
"2019-01-22 12:00:00","South West",-2.683
"2019-01-22 12:00:00","Midlands",-3.116
"2019-01-22 12:00:00","North East and Yorkshire",0.144
"2019-01-22 12:00:00","East of England",-3.323
"2019-01-22 12:00:00","North West",-1.008
"2019-01-23 12:00:00","London",-4.85
"2019-01-23 12:00:00","South East",-4.643
"2019-01-23 12:00:00","South West",-3.599
"2019-01-23 12:00:00","Midlands",-3.049
"2019-01-23 12:00:00","North East and Yorkshire",1.625
"2019-01-23 12:00:00","East of England",-4.611
"2019-01-23 12:00:00","North West",0.15
"2019-01-24 12:00:00","London",-2.548
"2019-01-24 12:00:00","South East",-2.873
"2019-01-24 12:00:00","South West",-1.343
"2019-01-24 12:00:00","Midlands",-0.883
"2019-01-24 12:00:00","North East and Yorkshire",1.022
"2019-01-24 12:00:00","East of England",-2.026
"2019-01-24 12:00:00","North West",0.427
"2019-01-25 12:00:00","London",-2.476
"2019-01-25 12:00:00","South East",-2.606
"2019-01-25 12:00:00","South West",-2.466
"2019-01-25 12:00:00","Midlands",-1.213
"2019-01-25 12:00:00","North East and Yorkshire",2.743
"2019-01-25 12:00:00","East of England",-2.62
"2019-01-25 12:00:00","North West",1.578
"2019-01-26 12:00:00","London",0.651
"2019-01-26 12:00:00","South East",0.509
"2019-01-26 12:00:00","South West",0.875
"2019-01-26 12:00:00","Midlands",1.737
"2019-01-26 12:00:00","North East and Yorkshire",4.602
"2019-01-26 12:00:00","East of England",0.529
"2019-01-26 12:00:00","North West",3.48
"2019-01-27 12:00:00","London",6.953
"2019-01-27 12:00:00","South East",5.719
"2019-01-27 12:00:00","South West",4.555
"2019-01-27 12:00:00","Midlands",6.101
"2019-01-27 12:00:00","North East and Yorkshire",5.822
"2019-01-27 12:00:00","East of England",6.147
"2019-01-27 12:00:00","North West",5.845
"2019-01-28 12:00:00","London",3.375
"2019-01-28 12:00:00","South East",2.836
"2019-01-28 12:00:00","South West",5.608
"2019-01-28 12:00:00","Midlands",5.107
"2019-01-28 12:00:00","North East and Yorkshire",2.523
"2019-01-28 12:00:00","East of England",4.46
"2019-01-28 12:00:00","North West",1.933
"2019-01-29 12:00:00","London",3.849
"2019-01-29 12:00:00","South East",3.418
"2019-01-29 12:00:00","South West",5.275
"2019-01-29 12:00:00","Midlands",4.21
"2019-01-29 12:00:00","North East and Yorkshire",3.38
"2019-01-29 12:00:00","East of England",2.208
"2019-01-29 12:00:00","North West",4.716
"2019-01-30 12:00:00","London",7.894
"2019-01-30 12:00:00","South East",6.804
"2019-01-30 12:00:00","South West",7.215
"2019-01-30 12:00:00","Midlands",8.124
"2019-01-30 12:00:00","North East and Yorkshire",7.535
"2019-01-30 12:00:00","East of England",8.032
"2019-01-30 12:00:00","North West",7.539
"2019-01-31 12:00:00","London",6.959
"2019-01-31 12:00:00","South East",6.027
"2019-01-31 12:00:00","South West",5.705
"2019-01-31 12:00:00","Midlands",6.521
"2019-01-31 12:00:00","North East and Yorkshire",7.259
"2019-01-31 12:00:00","East of England",6.674
"2019-01-31 12:00:00","North West",6.703
"2019-02-01 12:00:00","London",5.192
"2019-02-01 12:00:00","South East",4.697
"2019-02-01 12:00:00","South West",3.652
"2019-02-01 12:00:00","Midlands",2.157
"2019-02-01 12:00:00","North East and Yorkshire",2.578
"2019-02-01 12:00:00","East of England",3.613
"2019-02-01 12:00:00","North West",2.63
"2019-02-02 12:00:00","London",1.599
"2019-02-02 12:00:00","South East",0.986
"2019-02-02 12:00:00","South West",1.111
"2019-02-02 12:00:00","Midlands",1.237
"2019-02-02 12:00:00","North East and Yorkshire",1.75
"2019-02-02 12:00:00","East of England",1.02
"2019-02-02 12:00:00","North West",2.33
"2019-02-03 12:00:00","London",3.135
"2019-02-03 12:00:00","South East",3.21
"2019-02-03 12:00:00","South West",4.353
"2019-02-03 12:00:00","Midlands",3.798
"2019-02-03 12:00:00","North East and Yorkshire",3.839
"2019-02-03 12:00:00","East of England",2.995
"2019-02-03 12:00:00","North West",4.492
"2019-02-04 12:00:00","London",0.931
"2019-02-04 12:00:00","South East",0.741
"2019-02-04 12:00:00","South West",2.034
"2019-02-04 12:00:00","Midlands",0.428
"2019-02-04 12:00:00","North East and Yorkshire",0.221
"2019-02-04 12:00:00","East of England",0.512
"2019-02-04 12:00:00","North West",0.733
"2019-02-05 12:00:00","London",3.854
"2019-02-05 12:00:00","South East",3.181
"2019-02-05 12:00:00","South West",3.375
"2019-02-05 12:00:00","Midlands",3.26
"2019-02-05 12:00:00","North East and Yorkshire",3.458
"2019-02-05 12:00:00","East of England",3.486
"2019-02-05 12:00:00","North West",3.679
"2019-02-06 12:00:00","London",7.129
"2019-02-06 12:00:00","South East",6.368
"2019-02-06 12:00:00","South West",6.846
"2019-02-06 12:00:00","Midlands",5.246
"2019-02-06 12:00:00","North East and Yorkshire",4.639
"2019-02-06 12:00:00","East of England",5.698
"2019-02-06 12:00:00","North West",5.175
"2019-02-07 12:00:00","London",11.96
"2019-02-07 12:00:00","South East",10.284
"2019-02-07 12:00:00","South West",10.624
"2019-02-07 12:00:00","Midlands",11.231
"2019-02-07 12:00:00","North East and Yorkshire",8.657
"2019-02-07 12:00:00","East of England",11.47
"2019-02-07 12:00:00","North West",9.764
"2019-02-08 12:00:00","London",9.479
"2019-02-08 12:00:00","South East",8.059
"2019-02-08 12:00:00","South West",7.357
"2019-02-08 12:00:00","Midlands",8.379
"2019-02-08 12:00:00","North East and Yorkshire",8.055
"2019-02-08 12:00:00","East of England",9.424
"2019-02-08 12:00:00","North West",7.288
"2019-02-09 12:00:00","London",8.569
"2019-02-09 12:00:00","South East",6.573
"2019-02-09 12:00:00","South West",7.134
"2019-02-09 12:00:00","Midlands",7.373
"2019-02-09 12:00:00","North East and Yorkshire",6.65
"2019-02-09 12:00:00","East of England",7.613
"2019-02-09 12:00:00","North West",6.878
"2019-02-10 12:00:00","London",9.799
"2019-02-10 12:00:00","South East",9.026
"2019-02-10 12:00:00","South West",9.931
"2019-02-10 12:00:00","Midlands",9.581
"2019-02-10 12:00:00","North East and Yorkshire",8.314
"2019-02-10 12:00:00","East of England",9.348
"2019-02-10 12:00:00","North West",8.644
"2019-02-11 12:00:00","London",6.498
"2019-02-11 12:00:00","South East",6.021
"2019-02-11 12:00:00","South West",7.059
"2019-02-11 12:00:00","Midlands",7.491
"2019-02-11 12:00:00","North East and Yorkshire",7.798
"2019-02-11 12:00:00","East of England",6.601
"2019-02-11 12:00:00","North West",7.262
"2019-02-12 12:00:00","London",4.003
"2019-02-12 12:00:00","South East",3.956
"2019-02-12 12:00:00","South West",4.724
"2019-02-12 12:00:00","Midlands",3.359
"2019-02-12 12:00:00","North East and Yorkshire",4.305
"2019-02-12 12:00:00","East of England",3.857
"2019-02-12 12:00:00","North West",4.054
"2019-02-13 12:00:00","London",7.549
"2019-02-13 12:00:00","South East",7.253
"2019-02-13 12:00:00","South West",7.891
"2019-02-13 12:00:00","Midlands",5.708
"2019-02-13 12:00:00","North East and Yorkshire",5.012
"2019-02-13 12:00:00","East of England",5.949
"2019-02-13 12:00:00","North West",5.412
"2019-02-14 12:00:00","London",3.539
"2019-02-14 12:00:00","South East",3.475
"2019-02-14 12:00:00","South West",5.411
"2019-02-14 12:00:00","Midlands",3.044
"2019-02-14 12:00:00","North East and Yorkshire",2.684
"2019-02-14 12:00:00","East of England",2.575
"2019-02-14 12:00:00","North West",3.251
"2019-02-15 12:00:00","London",7.337
"2019-02-15 12:00:00","South East",6.197
"2019-02-15 12:00:00","South West",4.958
"2019-02-15 12:00:00","Midlands",4.977
"2019-02-15 12:00:00","North East and Yorkshire",4.292
"2019-02-15 12:00:00","East of England",6.234
"2019-02-15 12:00:00","North West",4.783
"2019-02-16 12:00:00","London",-0.735
"2019-02-16 12:00:00","South East",-1.174
"2019-02-16 12:00:00","South West",-0.2
"2019-02-16 12:00:00","Midlands",2.243
"2019-02-16 12:00:00","North East and Yorkshire",3.455
"2019-02-16 12:00:00","East of England",-0.016
"2019-02-16 12:00:00","North West",3.403
"2019-02-17 12:00:00","London",0.9
"2019-02-17 12:00:00","South East",0.819
"2019-02-17 12:00:00","South West",3.125
"2019-02-17 12:00:00","Midlands",2.601
"2019-02-17 12:00:00","North East and Yorkshire",3.842
"2019-02-17 12:00:00","East of England",1.103
"2019-02-17 12:00:00","North West",4.616
"2019-02-18 12:00:00","London",3.834
"2019-02-18 12:00:00","South East",4.69
"2019-02-18 12:00:00","South West",7.088
"2019-02-18 12:00:00","Midlands",4.662
"2019-02-18 12:00:00","North East and Yorkshire",4.68
"2019-02-18 12:00:00","East of England",3.739
"2019-02-18 12:00:00","North West",5.904
"2019-02-19 12:00:00","London",3.048
"2019-02-19 12:00:00","South East",2.864
"2019-02-19 12:00:00","South West",2.555
"2019-02-19 12:00:00","Midlands",1.039
"2019-02-19 12:00:00","North East and Yorkshire",1.812
"2019-02-19 12:00:00","East of England",1.899
"2019-02-19 12:00:00","North West",2.273
"2019-02-20 12:00:00","London",1.897
"2019-02-20 12:00:00","South East",1.783
"2019-02-20 12:00:00","South West",2.114
"2019-02-20 12:00:00","Midlands",1.334
"2019-02-20 12:00:00","North East and Yorkshire",1.543
"2019-02-20 12:00:00","East of England",1.544
"2019-02-20 12:00:00","North West",2.387
"2019-02-21 12:00:00","London",3.637
"2019-02-21 12:00:00","South East",3.38
"2019-02-21 12:00:00","South West",3.693
"2019-02-21 12:00:00","Midlands",2.409
"2019-02-21 12:00:00","North East and Yorkshire",0.615
"2019-02-21 12:00:00","East of England",2.445
"2019-02-21 12:00:00","North West",1.79
"2019-02-22 12:00:00","London",0.99
"2019-02-22 12:00:00","South East",0.646
"2019-02-22 12:00:00","South West",2.721
"2019-02-22 12:00:00","Midlands",1.01
"2019-02-22 12:00:00","North East and Yorkshire",0.787
"2019-02-22 12:00:00","East of England",1.074
"2019-02-22 12:00:00","North West",0.191
"2019-02-23 12:00:00","London",3.845
"2019-02-23 12:00:00","South East",3.936
"2019-02-23 12:00:00","South West",6.422
"2019-02-23 12:00:00","Midlands",3.724
"2019-02-23 12:00:00","North East and Yorkshire",3.244
"2019-02-23 12:00:00","East of England",3.598
"2019-02-23 12:00:00","North West",3.652
"2019-02-24 12:00:00","London",10.242
"2019-02-24 12:00:00","South East",9.077
"2019-02-24 12:00:00","South West",8.131
"2019-02-24 12:00:00","Midlands",7.177
"2019-02-24 12:00:00","North East and Yorkshire",5.43
"2019-02-24 12:00:00","East of England",9.336
"2019-02-24 12:00:00","North West",5.758
"2019-02-25 12:00:00","London",5.378
"2019-02-25 12:00:00","South East",4.274
"2019-02-25 12:00:00","South West",3.798
"2019-02-25 12:00:00","Midlands",3.528
"2019-02-25 12:00:00","North East and Yorkshire",4.09
"2019-02-25 12:00:00","East of England",4.562
"2019-02-25 12:00:00","North West",4.245
"2019-02-26 12:00:00","London",2.71
"2019-02-26 12:00:00","South East",2.088
"2019-02-26 12:00:00","South West",2.721
"2019-02-26 12:00:00","Midlands",1.76
"2019-02-26 12:00:00","North East and Yorkshire",1.503
"2019-02-26 12:00:00","East of England",1.671
"2019-02-26 12:00:00","North West",1.907
"2019-02-27 12:00:00","London",6.58
"2019-02-27 12:00:00","South East",5.969
"2019-02-27 12:00:00","South West",6.449
"2019-02-27 12:00:00","Midlands",5.571
"2019-02-27 12:00:00","North East and Yorkshire",4.259
"2019-02-27 12:00:00","East of England",5.609
"2019-02-27 12:00:00","North West",5.24
"2019-02-28 12:00:00","London",5.617
"2019-02-28 12:00:00","South East",4.862
"2019-02-28 12:00:00","South West",4.959
"2019-02-28 12:00:00","Midlands",4.069
"2019-02-28 12:00:00","North East and Yorkshire",4.55
"2019-02-28 12:00:00","East of England",4.661
"2019-02-28 12:00:00","North West",4.821
"2019-03-01 12:00:00","London",3.068
"2019-03-01 12:00:00","South East",2.22
"2019-03-01 12:00:00","South West",1.957
"2019-03-01 12:00:00","Midlands",1.406
"2019-03-01 12:00:00","North East and Yorkshire",-0.416
"2019-03-01 12:00:00","East of England",2.006
"2019-03-01 12:00:00","North West",1.115
"2019-03-02 12:00:00","London",6.54
"2019-03-02 12:00:00","South East",5.675
"2019-03-02 12:00:00","South West",5.209
"2019-03-02 12:00:00","Midlands",4.688
"2019-03-02 12:00:00","North East and Yorkshire",2.936
"2019-03-02 12:00:00","East of England",5.834
"2019-03-02 12:00:00","North West",3.952
"2019-03-03 12:00:00","London",5.621
"2019-03-03 12:00:00","South East",5.182
"2019-03-03 12:00:00","South West",5.321
"2019-03-03 12:00:00","Midlands",1.466
"2019-03-03 12:00:00","North East and Yorkshire",1.736
"2019-03-03 12:00:00","East of England",4.071
"2019-03-03 12:00:00","North West",2.09
"2019-03-04 12:00:00","London",2.396
"2019-03-04 12:00:00","South East",2.098
"2019-03-04 12:00:00","South West",2.642
"2019-03-04 12:00:00","Midlands",1.347
"2019-03-04 12:00:00","North East and Yorkshire",1.3
"2019-03-04 12:00:00","East of England",1.712
"2019-03-04 12:00:00","North West",1.698
"2019-03-05 12:00:00","London",4.493
"2019-03-05 12:00:00","South East",3.987
"2019-03-05 12:00:00","South West",5.402
"2019-03-05 12:00:00","Midlands",4.46
"2019-03-05 12:00:00","North East and Yorkshire",3.639
"2019-03-05 12:00:00","East of England",3.49
"2019-03-05 12:00:00","North West",4.608
"2019-03-06 12:00:00","London",1.291
"2019-03-06 12:00:00","South East",0.75
"2019-03-06 12:00:00","South West",2.346
"2019-03-06 12:00:00","Midlands",3.171
"2019-03-06 12:00:00","North East and Yorkshire",4.27
"2019-03-06 12:00:00","East of England",1.442
"2019-03-06 12:00:00","North West",4.507
"2019-03-07 12:00:00","London",5.77
"2019-03-07 12:00:00","South East",4.473
"2019-03-07 12:00:00","South West",3.603
"2019-03-07 12:00:00","Midlands",2.797
"2019-03-07 12:00:00","North East and Yorkshire",2.005
"2019-03-07 12:00:00","East of England",4.045
"2019-03-07 12:00:00","North West",2.413
"2019-03-08 12:00:00","London",2.762
"2019-03-08 12:00:00","South East",2.063
"2019-03-08 12:00:00","South West",2.136
"2019-03-08 12:00:00","Midlands",2.183
"2019-03-08 12:00:00","North East and Yorkshire",1.575
"2019-03-08 12:00:00","East of England",2.225
"2019-03-08 12:00:00","North West",1.959
"2019-03-09 12:00:00","London",-0.895
"2019-03-09 12:00:00","South East",-1.263
"2019-03-09 12:00:00","South West",0.05
"2019-03-09 12:00:00","Midlands",0.099
"2019-03-09 12:00:00","North East and Yorkshire",1.572
"2019-03-09 12:00:00","East of England",-0.877
"2019-03-09 12:00:00","North West",1.479
"2019-03-10 12:00:00","London",2.103
"2019-03-10 12:00:00","South East",2.069
"2019-03-10 12:00:00","South West",2.997
"2019-03-10 12:00:00","Midlands",0.882
"2019-03-10 12:00:00","North East and Yorkshire",0.748
"2019-03-10 12:00:00","East of England",1.47
"2019-03-10 12:00:00","North West",1.401
"2019-03-11 12:00:00","London",3.625
"2019-03-11 12:00:00","South East",3.441
"2019-03-11 12:00:00","South West",5.19
"2019-03-11 12:00:00","Midlands",2.994
"2019-03-11 12:00:00","North East and Yorkshire",2.522
"2019-03-11 12:00:00","East of England",2.965
"2019-03-11 12:00:00","North West",3.502
"2019-03-12 12:00:00","London",2.433
"2019-03-12 12:00:00","South East",1.828
"2019-03-12 12:00:00","South West",2.495
"2019-03-12 12:00:00","Midlands",4.063
"2019-03-12 12:00:00","North East and Yorkshire",5.551
"2019-03-12 12:00:00","East of England",2.806
"2019-03-12 12:00:00","North West",5.38
"2019-03-13 12:00:00","London",5.068
"2019-03-13 12:00:00","South East",4.58
"2019-03-13 12:00:00","South West",5.296
"2019-03-13 12:00:00","Midlands",5.972
"2019-03-13 12:00:00","North East and Yorkshire",6.389
"2019-03-13 12:00:00","East of England",5.059
"2019-03-13 12:00:00","North West",5.984
"2019-03-14 12:00:00","London",5.802
"2019-03-14 12:00:00","South East",5.483
"2019-03-14 12:00:00","South West",7.902
"2019-03-14 12:00:00","Midlands",7.896
"2019-03-14 12:00:00","North East and Yorkshire",8.268
"2019-03-14 12:00:00","East of England",6.36
"2019-03-14 12:00:00","North West",7.942
"2019-03-15 12:00:00","London",5.368
"2019-03-15 12:00:00","South East",4.274
"2019-03-15 12:00:00","South West",4.505
"2019-03-15 12:00:00","Midlands",3
"2019-03-15 12:00:00","North East and Yorkshire",4.526
"2019-03-15 12:00:00","East of England",2.715
"2019-03-15 12:00:00","North West",4.527
"2019-03-16 12:00:00","London",5.647
"2019-03-16 12:00:00","South East",3.651
"2019-03-16 12:00:00","South West",3.967
"2019-03-16 12:00:00","Midlands",3.777
"2019-03-16 12:00:00","North East and Yorkshire",4.823
"2019-03-16 12:00:00","East of England",4.63
"2019-03-16 12:00:00","North West",4.772
"2019-03-17 12:00:00","London",1.811
"2019-03-17 12:00:00","South East",0.753
"2019-03-17 12:00:00","South West",1.992
"2019-03-17 12:00:00","Midlands",2.211
"2019-03-17 12:00:00","North East and Yorkshire",3.077
"2019-03-17 12:00:00","East of England",0.999
"2019-03-17 12:00:00","North West",3.135
"2019-03-18 12:00:00","London",1.17
"2019-03-18 12:00:00","South East",-0.199
"2019-03-18 12:00:00","South West",0.544
"2019-03-18 12:00:00","Midlands",-0.458
"2019-03-18 12:00:00","North East and Yorkshire",1.84
"2019-03-18 12:00:00","East of England",-0.64
"2019-03-18 12:00:00","North West",1.765
"2019-03-19 12:00:00","London",5.563
"2019-03-19 12:00:00","South East",4.259
"2019-03-19 12:00:00","South West",1.881
"2019-03-19 12:00:00","Midlands",2.632
"2019-03-19 12:00:00","North East and Yorkshire",2.131
"2019-03-19 12:00:00","East of England",4.554
"2019-03-19 12:00:00","North West",2.708
"2019-03-20 12:00:00","London",2.924
"2019-03-20 12:00:00","South East",1.104
"2019-03-20 12:00:00","South West",-0.78
"2019-03-20 12:00:00","Midlands",0.658
"2019-03-20 12:00:00","North East and Yorkshire",2.843
"2019-03-20 12:00:00","East of England",3.677
"2019-03-20 12:00:00","North West",0.705
"2019-03-21 12:00:00","London",3.809
"2019-03-21 12:00:00","South East",2.003
"2019-03-21 12:00:00","South West",2.98
"2019-03-21 12:00:00","Midlands",2.154
"2019-03-21 12:00:00","North East and Yorkshire",3.826
"2019-03-21 12:00:00","East of England",3.564
"2019-03-21 12:00:00","North West",2.654
"2019-03-22 12:00:00","London",4.747
"2019-03-22 12:00:00","South East",3.311
"2019-03-22 12:00:00","South West",3.992
"2019-03-22 12:00:00","Midlands",3.957
"2019-03-22 12:00:00","North East and Yorkshire",4.142
"2019-03-22 12:00:00","East of England",4.156
"2019-03-22 12:00:00","North West",3.757
"2019-03-23 12:00:00","London",6.453
"2019-03-23 12:00:00","South East",5.066
"2019-03-23 12:00:00","South West",5.046
"2019-03-23 12:00:00","Midlands",4.304
"2019-03-23 12:00:00","North East and Yorkshire",4.03
"2019-03-23 12:00:00","East of England",4.861
"2019-03-23 12:00:00","North West",4.171
"2019-03-24 12:00:00","London",7.864
"2019-03-24 12:00:00","South East",6.551
"2019-03-24 12:00:00","South West",5.878
"2019-03-24 12:00:00","Midlands",6.166
"2019-03-24 12:00:00","North East and Yorkshire",5.431
"2019-03-24 12:00:00","East of England",7.307
"2019-03-24 12:00:00","North West",5.498
"2019-03-25 12:00:00","London",7.262
"2019-03-25 12:00:00","South East",6.134
"2019-03-25 12:00:00","South West",4.983
"2019-03-25 12:00:00","Midlands",5.51
"2019-03-25 12:00:00","North East and Yorkshire",5.015
"2019-03-25 12:00:00","East of England",6.481
"2019-03-25 12:00:00","North West",5.14
"2019-03-26 12:00:00","London",7.924
"2019-03-26 12:00:00","South East",6.705
"2019-03-26 12:00:00","South West",5.988
"2019-03-26 12:00:00","Midlands",5.291
"2019-03-26 12:00:00","North East and Yorkshire",4.313
"2019-03-26 12:00:00","East of England",6.513
"2019-03-26 12:00:00","North West",4.906
"2019-03-27 12:00:00","London",4.316
"2019-03-27 12:00:00","South East",3.875
"2019-03-27 12:00:00","South West",3.581
"2019-03-27 12:00:00","Midlands",4.625
"2019-03-27 12:00:00","North East and Yorkshire",4.613
"2019-03-27 12:00:00","East of England",4.327
"2019-03-27 12:00:00","North West",4.198
"2019-03-28 12:00:00","London",4.557
"2019-03-28 12:00:00","South East",3.475
"2019-03-28 12:00:00","South West",1.588
"2019-03-28 12:00:00","Midlands",3.211
"2019-03-28 12:00:00","North East and Yorkshire",3.293
"2019-03-28 12:00:00","East of England",4.449
"2019-03-28 12:00:00","North West",3.258
"2019-03-29 12:00:00","London",6.822
"2019-03-29 12:00:00","South East",5.705
"2019-03-29 12:00:00","South West",4.593
"2019-03-29 12:00:00","Midlands",3.534
"2019-03-29 12:00:00","North East and Yorkshire",4.17
"2019-03-29 12:00:00","East of England",5.845
"2019-03-29 12:00:00","North West",3.526
"2019-03-30 12:00:00","London",3.657
"2019-03-30 12:00:00","South East",3.289
"2019-03-30 12:00:00","South West",3.154
"2019-03-30 12:00:00","Midlands",3.105
"2019-03-30 12:00:00","North East and Yorkshire",3.281
"2019-03-30 12:00:00","East of England",3.674
"2019-03-30 12:00:00","North West",3.543
"2019-03-31 12:00:00","London",5.018
"2019-03-31 12:00:00","South East",3.848
"2019-03-31 12:00:00","South West",4.79
"2019-03-31 12:00:00","Midlands",2.821
"2019-03-31 12:00:00","North East and Yorkshire",2.002
"2019-03-31 12:00:00","East of England",4.464
"2019-03-31 12:00:00","North West",3.061
"2019-04-01 12:00:00","London",6.862
"2019-04-01 12:00:00","South East",5.462
"2019-04-01 12:00:00","South West",4.439
"2019-04-01 12:00:00","Midlands",6.462
"2019-04-01 12:00:00","North East and Yorkshire",5.71
"2019-04-01 12:00:00","East of England",7.292
"2019-04-01 12:00:00","North West",6.003
"2019-04-02 12:00:00","London",6.336
"2019-04-02 12:00:00","South East",4.602
"2019-04-02 12:00:00","South West",5.628
"2019-04-02 12:00:00","Midlands",6.118
"2019-04-02 12:00:00","North East and Yorkshire",6.163
"2019-04-02 12:00:00","East of England",3.655
"2019-04-02 12:00:00","North West",6.674
"2019-04-03 12:00:00","London",4.408
"2019-04-03 12:00:00","South East",3.341
"2019-04-03 12:00:00","South West",2.137
"2019-04-03 12:00:00","Midlands",2.828
"2019-04-03 12:00:00","North East and Yorkshire",3.316
"2019-04-03 12:00:00","East of England",3.691
"2019-04-03 12:00:00","North West",2.763
"2019-04-04 12:00:00","London",3.871
"2019-04-04 12:00:00","South East",2.17
"2019-04-04 12:00:00","South West",0.995
"2019-04-04 12:00:00","Midlands",2.088
"2019-04-04 12:00:00","North East and Yorkshire",3.172
"2019-04-04 12:00:00","East of England",3.29
"2019-04-04 12:00:00","North West",1.905
"2019-04-05 12:00:00","London",5.76
"2019-04-05 12:00:00","South East",5.152
"2019-04-05 12:00:00","South West",5.92
"2019-04-05 12:00:00","Midlands",5.797
"2019-04-05 12:00:00","North East and Yorkshire",5.755
"2019-04-05 12:00:00","East of England",4.409
"2019-04-05 12:00:00","North West",5.261
"2019-04-06 12:00:00","London",2.722
"2019-04-06 12:00:00","South East",1.218
"2019-04-06 12:00:00","South West",4.59
"2019-04-06 12:00:00","Midlands",5.996
"2019-04-06 12:00:00","North East and Yorkshire",5.889
"2019-04-06 12:00:00","East of England",2.526
"2019-04-06 12:00:00","North West",6.39
"2019-04-07 12:00:00","London",6.514
"2019-04-07 12:00:00","South East",5.115
"2019-04-07 12:00:00","South West",5.589
"2019-04-07 12:00:00","Midlands",5.215
"2019-04-07 12:00:00","North East and Yorkshire",4.689
"2019-04-07 12:00:00","East of England",5.261
"2019-04-07 12:00:00","North West",5.018
"2019-04-08 12:00:00","London",3.581
"2019-04-08 12:00:00","South East",1.662
"2019-04-08 12:00:00","South West",1.718
"2019-04-08 12:00:00","Midlands",0.481
"2019-04-08 12:00:00","North East and Yorkshire",1.934
"2019-04-08 12:00:00","East of England",1.284
"2019-04-08 12:00:00","North West",3.574
"2019-04-09 12:00:00","London",0.831
"2019-04-09 12:00:00","South East",-0.56
"2019-04-09 12:00:00","South West",0.39
"2019-04-09 12:00:00","Midlands",0.92
"2019-04-09 12:00:00","North East and Yorkshire",2.41
"2019-04-09 12:00:00","East of England",-0.342
"2019-04-09 12:00:00","North West",1.948
"2019-04-10 12:00:00","London",4.409
"2019-04-10 12:00:00","South East",2.902
"2019-04-10 12:00:00","South West",1.8
"2019-04-10 12:00:00","Midlands",5.328
"2019-04-10 12:00:00","North East and Yorkshire",7.377
"2019-04-10 12:00:00","East of England",3.695
"2019-04-10 12:00:00","North West",6.252
"2019-04-11 12:00:00","London",6.871
"2019-04-11 12:00:00","South East",3.422
"2019-04-11 12:00:00","South West",1.869
"2019-04-11 12:00:00","Midlands",1.873
"2019-04-11 12:00:00","North East and Yorkshire",3.246
"2019-04-11 12:00:00","East of England",4.964
"2019-04-11 12:00:00","North West",1.952
"2019-04-12 12:00:00","London",2.081
"2019-04-12 12:00:00","South East",1.03
"2019-04-12 12:00:00","South West",1.934
"2019-04-12 12:00:00","Midlands",1.817
"2019-04-12 12:00:00","North East and Yorkshire",2.56
"2019-04-12 12:00:00","East of England",1.979
"2019-04-12 12:00:00","North West",0.758
"2019-04-13 12:00:00","London",4.486
"2019-04-13 12:00:00","South East",2.395
"2019-04-13 12:00:00","South West",1.981
"2019-04-13 12:00:00","Midlands",1.631
"2019-04-13 12:00:00","North East and Yorkshire",1.601
"2019-04-13 12:00:00","East of England",2.901
"2019-04-13 12:00:00","North West",1.628
"2019-04-14 12:00:00","London",8.163
"2019-04-14 12:00:00","South East",5.679
"2019-04-14 12:00:00","South West",4.469
"2019-04-14 12:00:00","Midlands",4.721
"2019-04-14 12:00:00","North East and Yorkshire",3.747
"2019-04-14 12:00:00","East of England",6.328
"2019-04-14 12:00:00","North West",5.098
"2019-04-15 12:00:00","London",3.745
"2019-04-15 12:00:00","South East",2.596
"2019-04-15 12:00:00","South West",2.741
"2019-04-15 12:00:00","Midlands",1.411
"2019-04-15 12:00:00","North East and Yorkshire",0.839
"2019-04-15 12:00:00","East of England",1.752
"2019-04-15 12:00:00","North West",3.233
"2019-04-16 12:00:00","London",8.348
"2019-04-16 12:00:00","South East",6.535
"2019-04-16 12:00:00","South West",6.118
"2019-04-16 12:00:00","Midlands",7.422
"2019-04-16 12:00:00","North East and Yorkshire",6.878
"2019-04-16 12:00:00","East of England",7.854
"2019-04-16 12:00:00","North West",7.374
"2019-04-17 12:00:00","London",4.171
"2019-04-17 12:00:00","South East",3.813
"2019-04-17 12:00:00","South West",6.603
"2019-04-17 12:00:00","Midlands",4.464
"2019-04-17 12:00:00","North East and Yorkshire",4.499
"2019-04-17 12:00:00","East of England",2.704
"2019-04-17 12:00:00","North West",6.341
"2019-04-18 12:00:00","London",7.549
"2019-04-18 12:00:00","South East",6.548
"2019-04-18 12:00:00","South West",7.472
"2019-04-18 12:00:00","Midlands",5.218
"2019-04-18 12:00:00","North East and Yorkshire",5.941
"2019-04-18 12:00:00","East of England",5.924
"2019-04-18 12:00:00","North West",5.95
"2019-04-19 12:00:00","London",10.722
"2019-04-19 12:00:00","South East",9.805
"2019-04-19 12:00:00","South West",10.462
"2019-04-19 12:00:00","Midlands",10.345
"2019-04-19 12:00:00","North East and Yorkshire",7.889
"2019-04-19 12:00:00","East of England",9.867
"2019-04-19 12:00:00","North West",8.908
"2019-04-20 12:00:00","London",9.155
"2019-04-20 12:00:00","South East",8.761
"2019-04-20 12:00:00","South West",10.285
"2019-04-20 12:00:00","Midlands",9.97
"2019-04-20 12:00:00","North East and Yorkshire",8.537
"2019-04-20 12:00:00","East of England",8.433
"2019-04-20 12:00:00","North West",8.857
"2019-04-21 12:00:00","London",12.013
"2019-04-21 12:00:00","South East",10.58
"2019-04-21 12:00:00","South West",9.256
"2019-04-21 12:00:00","Midlands",11.638
"2019-04-21 12:00:00","North East and Yorkshire",11.415
"2019-04-21 12:00:00","East of England",11.454
"2019-04-21 12:00:00","North West",10.263
"2019-04-22 12:00:00","London",8.781
"2019-04-22 12:00:00","South East",7.925
"2019-04-22 12:00:00","South West",9.34
"2019-04-22 12:00:00","Midlands",9.486
"2019-04-22 12:00:00","North East and Yorkshire",9.786
"2019-04-22 12:00:00","East of England",8.212
"2019-04-22 12:00:00","North West",9.803
"2019-04-23 12:00:00","London",1.964
"2019-04-23 12:00:00","South East",0.77
"2019-04-23 12:00:00","South West",1.789
"2019-04-23 12:00:00","Midlands",-0.845
"2019-04-23 12:00:00","North East and Yorkshire",-0.378
"2019-04-23 12:00:00","East of England",0.962
"2019-04-23 12:00:00","North West",-0.769
"2019-04-24 12:00:00","London",4.033
"2019-04-24 12:00:00","South East",2.944
"2019-04-24 12:00:00","South West",4.642
"2019-04-24 12:00:00","Midlands",3.025
"2019-04-24 12:00:00","North East and Yorkshire",1.313
"2019-04-24 12:00:00","East of England",1.895
"2019-04-24 12:00:00","North West",2.805
"2019-04-25 12:00:00","London",4.566
"2019-04-25 12:00:00","South East",4.078
"2019-04-25 12:00:00","South West",6.499
"2019-04-25 12:00:00","Midlands",3.389
"2019-04-25 12:00:00","North East and Yorkshire",1.829
"2019-04-25 12:00:00","East of England",3.772
"2019-04-25 12:00:00","North West",3.796
"2019-04-26 12:00:00","London",9.355
"2019-04-26 12:00:00","South East",8.793
"2019-04-26 12:00:00","South West",9.073
"2019-04-26 12:00:00","Midlands",7.12
"2019-04-26 12:00:00","North East and Yorkshire",6.443
"2019-04-26 12:00:00","East of England",7.901
"2019-04-26 12:00:00","North West",6.856
"2019-04-27 12:00:00","London",4.713
"2019-04-27 12:00:00","South East",5.003
"2019-04-27 12:00:00","South West",6.109
"2019-04-27 12:00:00","Midlands",6.503
"2019-04-27 12:00:00","North East and Yorkshire",6.423
"2019-04-27 12:00:00","East of England",3.443
"2019-04-27 12:00:00","North West",7.008
"2019-04-28 12:00:00","London",5.204
"2019-04-28 12:00:00","South East",4.564
"2019-04-28 12:00:00","South West",6.739
"2019-04-28 12:00:00","Midlands",8.619
"2019-04-28 12:00:00","North East and Yorkshire",7.936
"2019-04-28 12:00:00","East of England",5.091
"2019-04-28 12:00:00","North West",9.447
"2019-04-29 12:00:00","London",9.989
"2019-04-29 12:00:00","South East",7.795
"2019-04-29 12:00:00","South West",7.986
"2019-04-29 12:00:00","Midlands",8.751
"2019-04-29 12:00:00","North East and Yorkshire",8.874
"2019-04-29 12:00:00","East of England",8.798
"2019-04-29 12:00:00","North West",9.221
"2019-04-30 12:00:00","London",6.326
"2019-04-30 12:00:00","South East",4.027
"2019-04-30 12:00:00","South West",2.451
"2019-04-30 12:00:00","Midlands",4.783
"2019-04-30 12:00:00","North East and Yorkshire",4.157
"2019-04-30 12:00:00","East of England",4.496
"2019-04-30 12:00:00","North West",2.945
"2019-05-01 12:00:00","London",7.272
"2019-05-01 12:00:00","South East",5.763
"2019-05-01 12:00:00","South West",5.794
"2019-05-01 12:00:00","Midlands",5.298
"2019-05-01 12:00:00","North East and Yorkshire",4.109
"2019-05-01 12:00:00","East of England",5.781
"2019-05-01 12:00:00","North West",4.461
"2019-05-02 12:00:00","London",6.341
"2019-05-02 12:00:00","South East",4.728
"2019-05-02 12:00:00","South West",4.925
"2019-05-02 12:00:00","Midlands",4.774
"2019-05-02 12:00:00","North East and Yorkshire",3.661
"2019-05-02 12:00:00","East of England",4.674
"2019-05-02 12:00:00","North West",5.288
"2019-05-03 12:00:00","London",8.545
"2019-05-03 12:00:00","South East",6.838
"2019-05-03 12:00:00","South West",6.059
"2019-05-03 12:00:00","Midlands",5.821
"2019-05-03 12:00:00","North East and Yorkshire",5.964
"2019-05-03 12:00:00","East of England",7.32
"2019-05-03 12:00:00","North West",5.792
"2019-05-04 12:00:00","London",9.539
"2019-05-04 12:00:00","South East",8.125
"2019-05-04 12:00:00","South West",7.256
"2019-05-04 12:00:00","Midlands",6.95
"2019-05-04 12:00:00","North East and Yorkshire",6.495
"2019-05-04 12:00:00","East of England",7.908
"2019-05-04 12:00:00","North West",6.061
"2019-05-05 12:00:00","London",7.899
"2019-05-05 12:00:00","South East",7.027
"2019-05-05 12:00:00","South West",7.105
"2019-05-05 12:00:00","Midlands",6.13
"2019-05-05 12:00:00","North East and Yorkshire",5.677
"2019-05-05 12:00:00","East of England",7.239
"2019-05-05 12:00:00","North West",5.544
"2019-05-06 12:00:00","London",6.324
"2019-05-06 12:00:00","South East",4.72
"2019-05-06 12:00:00","South West",4.628
"2019-05-06 12:00:00","Midlands",3.568
"2019-05-06 12:00:00","North East and Yorkshire",3.4
"2019-05-06 12:00:00","East of England",4.999
"2019-05-06 12:00:00","North West",2.596
"2019-05-07 12:00:00","London",5.453
"2019-05-07 12:00:00","South East",4.703
"2019-05-07 12:00:00","South West",5.754
"2019-05-07 12:00:00","Midlands",5.715
"2019-05-07 12:00:00","North East and Yorkshire",5.376
"2019-05-07 12:00:00","East of England",4.661
"2019-05-07 12:00:00","North West",6.476
"2019-05-08 12:00:00","London",8.626
"2019-05-08 12:00:00","South East",7.432
"2019-05-08 12:00:00","South West",7.079
"2019-05-08 12:00:00","Midlands",6.202
"2019-05-08 12:00:00","North East and Yorkshire",5.084
"2019-05-08 12:00:00","East of England",7.481
"2019-05-08 12:00:00","North West",4.561
"2019-05-09 12:00:00","London",5.457
"2019-05-09 12:00:00","South East",4.469
"2019-05-09 12:00:00","South West",6.724
"2019-05-09 12:00:00","Midlands",4.563
"2019-05-09 12:00:00","North East and Yorkshire",4.269
"2019-05-09 12:00:00","East of England",4.685
"2019-05-09 12:00:00","North West",4.694
"2019-05-10 12:00:00","London",10.279
"2019-05-10 12:00:00","South East",9.039
"2019-05-10 12:00:00","South West",8.757
"2019-05-10 12:00:00","Midlands",9.179
"2019-05-10 12:00:00","North East and Yorkshire",8.601
"2019-05-10 12:00:00","East of England",9.822
"2019-05-10 12:00:00","North West",8.559
"2019-05-11 12:00:00","London",9.045
"2019-05-11 12:00:00","South East",8.273
"2019-05-11 12:00:00","South West",8.206
"2019-05-11 12:00:00","Midlands",6.965
"2019-05-11 12:00:00","North East and Yorkshire",6.229
"2019-05-11 12:00:00","East of England",8.109
"2019-05-11 12:00:00","North West",6.36
"2019-05-12 12:00:00","London",4.38
"2019-05-12 12:00:00","South East",3.538
"2019-05-12 12:00:00","South West",3.649
"2019-05-12 12:00:00","Midlands",3.305
"2019-05-12 12:00:00","North East and Yorkshire",3.786
"2019-05-12 12:00:00","East of England",4.047
"2019-05-12 12:00:00","North West",4.666
"2019-05-13 12:00:00","London",6.502
"2019-05-13 12:00:00","South East",5.719
"2019-05-13 12:00:00","South West",5.239
"2019-05-13 12:00:00","Midlands",5.316
"2019-05-13 12:00:00","North East and Yorkshire",5.363
"2019-05-13 12:00:00","East of England",6.285
"2019-05-13 12:00:00","North West",5.362
"2019-05-14 12:00:00","London",5.25
"2019-05-14 12:00:00","South East",3.549
"2019-05-14 12:00:00","South West",4.165
"2019-05-14 12:00:00","Midlands",4.425
"2019-05-14 12:00:00","North East and Yorkshire",3.632
"2019-05-14 12:00:00","East of England",4.163
"2019-05-14 12:00:00","North West",3.998
"2019-05-15 12:00:00","London",8.383
"2019-05-15 12:00:00","South East",7.345
"2019-05-15 12:00:00","South West",7.662
"2019-05-15 12:00:00","Midlands",6.713
"2019-05-15 12:00:00","North East and Yorkshire",5.824
"2019-05-15 12:00:00","East of England",7.27
"2019-05-15 12:00:00","North West",6.63
"2019-05-16 12:00:00","London",5.771
"2019-05-16 12:00:00","South East",5.873
"2019-05-16 12:00:00","South West",7.362
"2019-05-16 12:00:00","Midlands",6.858
"2019-05-16 12:00:00","North East and Yorkshire",5.8
"2019-05-16 12:00:00","East of England",6.882
"2019-05-16 12:00:00","North West",6.272
"2019-05-17 12:00:00","London",5.549
"2019-05-17 12:00:00","South East",3.914
"2019-05-17 12:00:00","South West",2.849
"2019-05-17 12:00:00","Midlands",5.245
"2019-05-17 12:00:00","North East and Yorkshire",2.126
"2019-05-17 12:00:00","East of England",5.972
"2019-05-17 12:00:00","North West",4.826
"2019-05-18 12:00:00","London",7.389
"2019-05-18 12:00:00","South East",5.001
"2019-05-18 12:00:00","South West",4.952
"2019-05-18 12:00:00","Midlands",4.915
"2019-05-18 12:00:00","North East and Yorkshire",4.15
"2019-05-18 12:00:00","East of England",6.174
"2019-05-18 12:00:00","North West",3.635
"2019-05-19 12:00:00","London",3.729
"2019-05-19 12:00:00","South East",2.413
"2019-05-19 12:00:00","South West",3.147
"2019-05-19 12:00:00","Midlands",2.135
"2019-05-19 12:00:00","North East and Yorkshire",1.983
"2019-05-19 12:00:00","East of England",2.47
"2019-05-19 12:00:00","North West",2.178
"2019-05-20 12:00:00","London",3.523
"2019-05-20 12:00:00","South East",2.09
"2019-05-20 12:00:00","South West",4.54
"2019-05-20 12:00:00","Midlands",4.518
"2019-05-20 12:00:00","North East and Yorkshire",4.068
"2019-05-20 12:00:00","East of England",2.128
"2019-05-20 12:00:00","North West",4.151
"2019-05-21 12:00:00","London",6.349
"2019-05-21 12:00:00","South East",5.238
"2019-05-21 12:00:00","South West",5.737
"2019-05-21 12:00:00","Midlands",6.825
"2019-05-21 12:00:00","North East and Yorkshire",6.768
"2019-05-21 12:00:00","East of England",5.832
"2019-05-21 12:00:00","North West",7.09
"2019-05-22 12:00:00","London",6.953
"2019-05-22 12:00:00","South East",6.282
"2019-05-22 12:00:00","South West",5.836
"2019-05-22 12:00:00","Midlands",7.766
"2019-05-22 12:00:00","North East and Yorkshire",8.159
"2019-05-22 12:00:00","East of England",6.63
"2019-05-22 12:00:00","North West",7.771
"2019-05-23 12:00:00","London",6.302
"2019-05-23 12:00:00","South East",5.023
"2019-05-23 12:00:00","South West",5.724
"2019-05-23 12:00:00","Midlands",4.98
"2019-05-23 12:00:00","North East and Yorkshire",4.453
"2019-05-23 12:00:00","East of England",5.916
"2019-05-23 12:00:00","North West",5.057
"2019-05-24 12:00:00","London",11.227
"2019-05-24 12:00:00","South East",10.014
"2019-05-24 12:00:00","South West",10.401
"2019-05-24 12:00:00","Midlands",10.484
"2019-05-24 12:00:00","North East and Yorkshire",10.237
"2019-05-24 12:00:00","East of England",10.751
"2019-05-24 12:00:00","North West",10.308
"2019-05-25 12:00:00","London",9.728
"2019-05-25 12:00:00","South East",8.229
"2019-05-25 12:00:00","South West",8.046
"2019-05-25 12:00:00","Midlands",8.719
"2019-05-25 12:00:00","North East and Yorkshire",8.523
"2019-05-25 12:00:00","East of England",9.411
"2019-05-25 12:00:00","North West",8.788
"2019-05-26 12:00:00","London",10.942
"2019-05-26 12:00:00","South East",10.041
"2019-05-26 12:00:00","South West",9.935
"2019-05-26 12:00:00","Midlands",8.887
"2019-05-26 12:00:00","North East and Yorkshire",7.256
"2019-05-26 12:00:00","East of England",10.469
"2019-05-26 12:00:00","North West",6.839
"2019-05-27 12:00:00","London",9.471
"2019-05-27 12:00:00","South East",7.89
"2019-05-27 12:00:00","South West",7.219
"2019-05-27 12:00:00","Midlands",9.093
"2019-05-27 12:00:00","North East and Yorkshire",10.849
"2019-05-27 12:00:00","East of England",8.752
"2019-05-27 12:00:00","North West",10.531
"2019-05-28 12:00:00","London",5.453
"2019-05-28 12:00:00","South East",4.703
"2019-05-28 12:00:00","South West",5.754
"2019-05-28 12:00:00","Midlands",5.715
"2019-05-28 12:00:00","North East and Yorkshire",5.376
"2019-05-28 12:00:00","East of England",4.661
"2019-05-28 12:00:00","North West",6.476
"2019-05-29 12:00:00","London",8.626
"2019-05-29 12:00:00","South East",7.432
"2019-05-29 12:00:00","South West",7.079
"2019-05-29 12:00:00","Midlands",6.202
"2019-05-29 12:00:00","North East and Yorkshire",5.084
"2019-05-29 12:00:00","East of England",7.481
"2019-05-29 12:00:00","North West",4.561
"2019-05-30 12:00:00","London",5.457
"2019-05-30 12:00:00","South East",4.469
"2019-05-30 12:00:00","South West",6.724
"2019-05-30 12:00:00","Midlands",4.563
"2019-05-30 12:00:00","North East and Yorkshire",4.269
"2019-05-30 12:00:00","East of England",4.685
"2019-05-30 12:00:00","North West",4.694
"2019-05-31 12:00:00","London",10.279
"2019-05-31 12:00:00","South East",9.039
"2019-05-31 12:00:00","South West",8.757
"2019-05-31 12:00:00","Midlands",9.179
"2019-05-31 12:00:00","North East and Yorkshire",8.601
"2019-05-31 12:00:00","East of England",9.822
"2019-05-31 12:00:00","North West",8.559
"2019-06-01 12:00:00","London",9.045
"2019-06-01 12:00:00","South East",8.273
"2019-06-01 12:00:00","South West",8.206
"2019-06-01 12:00:00","Midlands",6.965
"2019-06-01 12:00:00","North East and Yorkshire",6.229
"2019-06-01 12:00:00","East of England",8.109
"2019-06-01 12:00:00","North West",6.36
"2019-06-02 12:00:00","London",4.38
"2019-06-02 12:00:00","South East",3.538
"2019-06-02 12:00:00","South West",3.649
"2019-06-02 12:00:00","Midlands",3.305
"2019-06-02 12:00:00","North East and Yorkshire",3.786
"2019-06-02 12:00:00","East of England",4.047
"2019-06-02 12:00:00","North West",4.666
"2019-06-03 12:00:00","London",6.502
"2019-06-03 12:00:00","South East",5.719
"2019-06-03 12:00:00","South West",5.239
"2019-06-03 12:00:00","Midlands",5.316
"2019-06-03 12:00:00","North East and Yorkshire",5.363
"2019-06-03 12:00:00","East of England",6.285
"2019-06-03 12:00:00","North West",5.362
"2019-06-04 12:00:00","London",13.892
"2019-06-04 12:00:00","South East",11.853
"2019-06-04 12:00:00","South West",11.453
"2019-06-04 12:00:00","Midlands",12.156
"2019-06-04 12:00:00","North East and Yorkshire",11.12
"2019-06-04 12:00:00","East of England",13.324
"2019-06-04 12:00:00","North West",10.675
"2019-06-05 12:00:00","London",11.458
"2019-06-05 12:00:00","South East",10.177
"2019-06-05 12:00:00","South West",10.522
"2019-06-05 12:00:00","Midlands",10.582
"2019-06-05 12:00:00","North East and Yorkshire",10.169
"2019-06-05 12:00:00","East of England",11.25
"2019-06-05 12:00:00","North West",9.687
"2019-06-06 12:00:00","London",6.821
"2019-06-06 12:00:00","South East",5.411
"2019-06-06 12:00:00","South West",6.686
"2019-06-06 12:00:00","Midlands",6.19
"2019-06-06 12:00:00","North East and Yorkshire",6.939
"2019-06-06 12:00:00","East of England",5.539
"2019-06-06 12:00:00","North West",7.217
"2019-06-07 12:00:00","London",9.846
"2019-06-07 12:00:00","South East",8.303
"2019-06-07 12:00:00","South West",8.91
"2019-06-07 12:00:00","Midlands",9.292
"2019-06-07 12:00:00","North East and Yorkshire",9.881
"2019-06-07 12:00:00","East of England",9.248
"2019-06-07 12:00:00","North West",9.823
"2019-06-08 12:00:00","London",6.89
"2019-06-08 12:00:00","South East",5.598
"2019-06-08 12:00:00","South West",6.618
"2019-06-08 12:00:00","Midlands",7.067
"2019-06-08 12:00:00","North East and Yorkshire",7.481
"2019-06-08 12:00:00","East of England",6.271
"2019-06-08 12:00:00","North West",8.44
"2019-06-09 12:00:00","London",12.569
"2019-06-09 12:00:00","South East",10.193
"2019-06-09 12:00:00","South West",9.764
"2019-06-09 12:00:00","Midlands",11.131
"2019-06-09 12:00:00","North East and Yorkshire",8.784
"2019-06-09 12:00:00","East of England",10.481
"2019-06-09 12:00:00","North West",10.125
"2019-06-10 12:00:00","London",11.725
"2019-06-10 12:00:00","South East",11.196
"2019-06-10 12:00:00","South West",12.208
"2019-06-10 12:00:00","Midlands",11.897
"2019-06-10 12:00:00","North East and Yorkshire",9.97
"2019-06-10 12:00:00","East of England",10.982
"2019-06-10 12:00:00","North West",10.885
"2019-06-11 12:00:00","London",9.279
"2019-06-11 12:00:00","South East",7.021
"2019-06-11 12:00:00","South West",7.389
"2019-06-11 12:00:00","Midlands",8.582
"2019-06-11 12:00:00","North East and Yorkshire",7.884
"2019-06-11 12:00:00","East of England",7.746
"2019-06-11 12:00:00","North West",9.128
"2019-06-12 12:00:00","London",7.497
"2019-06-12 12:00:00","South East",5.894
"2019-06-12 12:00:00","South West",6.81
"2019-06-12 12:00:00","Midlands",7.964
"2019-06-12 12:00:00","North East and Yorkshire",8.114
"2019-06-12 12:00:00","East of England",6.713
"2019-06-12 12:00:00","North West",8.036
"2019-06-13 12:00:00","London",9.814
"2019-06-13 12:00:00","South East",7.593
"2019-06-13 12:00:00","South West",8.355
"2019-06-13 12:00:00","Midlands",9.737
"2019-06-13 12:00:00","North East and Yorkshire",9.148
"2019-06-13 12:00:00","East of England",8.353
"2019-06-13 12:00:00","North West",9.927
"2019-06-14 12:00:00","London",8.921
"2019-06-14 12:00:00","South East",6.746
"2019-06-14 12:00:00","South West",7.683
"2019-06-14 12:00:00","Midlands",7.652
"2019-06-14 12:00:00","North East and Yorkshire",8.967
"2019-06-14 12:00:00","East of England",5.932
"2019-06-14 12:00:00","North West",7.239
"2019-06-15 12:00:00","London",7.584
"2019-06-15 12:00:00","South East",6.21
"2019-06-15 12:00:00","South West",5.923
"2019-06-15 12:00:00","Midlands",5.185
"2019-06-15 12:00:00","North East and Yorkshire",8.241
"2019-06-15 12:00:00","East of England",5.328
"2019-06-15 12:00:00","North West",7.562
"2019-06-16 12:00:00","London",6.982
"2019-06-16 12:00:00","South East",5.405
"2019-06-16 12:00:00","South West",7.839
"2019-06-16 12:00:00","Midlands",9.618
"2019-06-16 12:00:00","North East and Yorkshire",10.09
"2019-06-16 12:00:00","East of England",5.487
"2019-06-16 12:00:00","North West",9.375
"2019-06-17 12:00:00","London",8.36
"2019-06-17 12:00:00","South East",7.207
"2019-06-17 12:00:00","South West",7.683
"2019-06-17 12:00:00","Midlands",5.831
"2019-06-17 12:00:00","North East and Yorkshire",5.043
"2019-06-17 12:00:00","East of England",6.439
"2019-06-17 12:00:00","North West",5.097
"2019-06-18 12:00:00","London",13.291
"2019-06-18 12:00:00","South East",11.807
"2019-06-18 12:00:00","South West",10.446
"2019-06-18 12:00:00","Midlands",11.796
"2019-06-18 12:00:00","North East and Yorkshire",11.69
"2019-06-18 12:00:00","East of England",12.868
"2019-06-18 12:00:00","North West",11.01
"2019-06-19 12:00:00","London",12.838
"2019-06-19 12:00:00","South East",11.819
"2019-06-19 12:00:00","South West",12.751
"2019-06-19 12:00:00","Midlands",13.148
"2019-06-19 12:00:00","North East and Yorkshire",11.961
"2019-06-19 12:00:00","East of England",12.224
"2019-06-19 12:00:00","North West",12.23
"2019-06-20 12:00:00","London",13.785
"2019-06-20 12:00:00","South East",12.257
"2019-06-20 12:00:00","South West",12.51
"2019-06-20 12:00:00","Midlands",12.987
"2019-06-20 12:00:00","North East and Yorkshire",11.844
"2019-06-20 12:00:00","East of England",12.324
"2019-06-20 12:00:00","North West",10.957
"2019-06-21 12:00:00","London",14.707
"2019-06-21 12:00:00","South East",12.586
"2019-06-21 12:00:00","South West",11.333
"2019-06-21 12:00:00","Midlands",12.118
"2019-06-21 12:00:00","North East and Yorkshire",12.046
"2019-06-21 12:00:00","East of England",13.428
"2019-06-21 12:00:00","North West",10.696
"2019-06-22 12:00:00","London",13.547
"2019-06-22 12:00:00","South East",11.731
"2019-06-22 12:00:00","South West",12.057
"2019-06-22 12:00:00","Midlands",13.47
"2019-06-22 12:00:00","North East and Yorkshire",13.802
"2019-06-22 12:00:00","East of England",12.905
"2019-06-22 12:00:00","North West",13.174
"2019-06-23 12:00:00","London",11.588
"2019-06-23 12:00:00","South East",10.182
"2019-06-23 12:00:00","South West",11.021
"2019-06-23 12:00:00","Midlands",11.843
"2019-06-23 12:00:00","North East and Yorkshire",12.254
"2019-06-23 12:00:00","East of England",11.814
"2019-06-23 12:00:00","North West",12.242
"2019-06-24 12:00:00","London",13.975
"2019-06-24 12:00:00","South East",12.48
"2019-06-24 12:00:00","South West",12.485
"2019-06-24 12:00:00","Midlands",13.236
"2019-06-24 12:00:00","North East and Yorkshire",13.905
"2019-06-24 12:00:00","East of England",13.668
"2019-06-24 12:00:00","North West",12.922
"2019-06-25 12:00:00","London",6.349
"2019-06-25 12:00:00","South East",5.238
"2019-06-25 12:00:00","South West",5.737
"2019-06-25 12:00:00","Midlands",6.825
"2019-06-25 12:00:00","North East and Yorkshire",6.768
"2019-06-25 12:00:00","East of England",5.832
"2019-06-25 12:00:00","North West",7.09
"2019-06-26 12:00:00","London",6.953
"2019-06-26 12:00:00","South East",6.282
"2019-06-26 12:00:00","South West",5.836
"2019-06-26 12:00:00","Midlands",7.766
"2019-06-26 12:00:00","North East and Yorkshire",8.159
"2019-06-26 12:00:00","East of England",6.63
"2019-06-26 12:00:00","North West",7.771
"2019-06-27 12:00:00","London",6.302
"2019-06-27 12:00:00","South East",5.023
"2019-06-27 12:00:00","South West",5.724
"2019-06-27 12:00:00","Midlands",4.98
"2019-06-27 12:00:00","North East and Yorkshire",4.453
"2019-06-27 12:00:00","East of England",5.916
"2019-06-27 12:00:00","North West",5.057
"2019-06-28 12:00:00","London",11.227
"2019-06-28 12:00:00","South East",10.014
"2019-06-28 12:00:00","South West",10.401
"2019-06-28 12:00:00","Midlands",10.484
"2019-06-28 12:00:00","North East and Yorkshire",10.237
"2019-06-28 12:00:00","East of England",10.751
"2019-06-28 12:00:00","North West",10.308
"2019-06-29 12:00:00","London",9.728
"2019-06-29 12:00:00","South East",8.229
"2019-06-29 12:00:00","South West",8.046
"2019-06-29 12:00:00","Midlands",8.719
"2019-06-29 12:00:00","North East and Yorkshire",8.523
"2019-06-29 12:00:00","East of England",9.411
"2019-06-29 12:00:00","North West",8.788
"2019-06-30 12:00:00","London",10.942
"2019-06-30 12:00:00","South East",10.041
"2019-06-30 12:00:00","South West",9.935
"2019-06-30 12:00:00","Midlands",8.887
"2019-06-30 12:00:00","North East and Yorkshire",7.256
"2019-06-30 12:00:00","East of England",10.469
"2019-06-30 12:00:00","North West",6.839
"2019-07-01 12:00:00","London",9.471
"2019-07-01 12:00:00","South East",7.89
"2019-07-01 12:00:00","South West",7.219
"2019-07-01 12:00:00","Midlands",9.093
"2019-07-01 12:00:00","North East and Yorkshire",10.849
"2019-07-01 12:00:00","East of England",8.752
"2019-07-01 12:00:00","North West",10.531
"2019-07-02 12:00:00","London",13.352
"2019-07-02 12:00:00","South East",11.418
"2019-07-02 12:00:00","South West",11.458
"2019-07-02 12:00:00","Midlands",10.387
"2019-07-02 12:00:00","North East and Yorkshire",9.513
"2019-07-02 12:00:00","East of England",11.721
"2019-07-02 12:00:00","North West",9.529
"2019-07-03 12:00:00","London",10.203
"2019-07-03 12:00:00","South East",8.886
"2019-07-03 12:00:00","South West",9.077
"2019-07-03 12:00:00","Midlands",8.56
"2019-07-03 12:00:00","North East and Yorkshire",9.559
"2019-07-03 12:00:00","East of England",10.001
"2019-07-03 12:00:00","North West",8.829
"2019-07-04 12:00:00","London",10.292
"2019-07-04 12:00:00","South East",9.166
"2019-07-04 12:00:00","South West",11.04
"2019-07-04 12:00:00","Midlands",9.904
"2019-07-04 12:00:00","North East and Yorkshire",11.61
"2019-07-04 12:00:00","East of England",9.298
"2019-07-04 12:00:00","North West",11.49
"2019-07-05 12:00:00","London",10.049
"2019-07-05 12:00:00","South East",8.708
"2019-07-05 12:00:00","South West",11.264
"2019-07-05 12:00:00","Midlands",11.662
"2019-07-05 12:00:00","North East and Yorkshire",12.815
"2019-07-05 12:00:00","East of England",9.712
"2019-07-05 12:00:00","North West",12.912
"2019-07-06 12:00:00","London",18.261
"2019-07-06 12:00:00","South East",16.243
"2019-07-06 12:00:00","South West",16.272
"2019-07-06 12:00:00","Midlands",16.709
"2019-07-06 12:00:00","North East and Yorkshire",13.976
"2019-07-06 12:00:00","East of England",16.408
"2019-07-06 12:00:00","North West",15.367
"2019-07-07 12:00:00","London",15.948
"2019-07-07 12:00:00","South East",13.375
"2019-07-07 12:00:00","South West",12.291
"2019-07-07 12:00:00","Midlands",13.994
"2019-07-07 12:00:00","North East and Yorkshire",14.552
"2019-07-07 12:00:00","East of England",14.969
"2019-07-07 12:00:00","North West",13.026
"2019-07-08 12:00:00","London",13.285
"2019-07-08 12:00:00","South East",11.096
"2019-07-08 12:00:00","South West",11.542
"2019-07-08 12:00:00","Midlands",10.943
"2019-07-08 12:00:00","North East and Yorkshire",11.143
"2019-07-08 12:00:00","East of England",12.384
"2019-07-08 12:00:00","North West",10.316
"2019-07-09 12:00:00","London",15.213
"2019-07-09 12:00:00","South East",12.855
"2019-07-09 12:00:00","South West",9.834
"2019-07-09 12:00:00","Midlands",7.781
"2019-07-09 12:00:00","North East and Yorkshire",7.855
"2019-07-09 12:00:00","East of England",12.356
"2019-07-09 12:00:00","North West",8.113
"2019-07-10 12:00:00","London",13.277
"2019-07-10 12:00:00","South East",11.031
"2019-07-10 12:00:00","South West",10.008
"2019-07-10 12:00:00","Midlands",12.702
"2019-07-10 12:00:00","North East and Yorkshire",12.349
"2019-07-10 12:00:00","East of England",11.987
"2019-07-10 12:00:00","North West",11.106
"2019-07-11 12:00:00","London",17.966
"2019-07-11 12:00:00","South East",15.27
"2019-07-11 12:00:00","South West",12.955
"2019-07-11 12:00:00","Midlands",13.674
"2019-07-11 12:00:00","North East and Yorkshire",12.506
"2019-07-11 12:00:00","East of England",16.42
"2019-07-11 12:00:00","North West",11.92
"2019-07-12 12:00:00","London",14.672
"2019-07-12 12:00:00","South East",12.962
"2019-07-12 12:00:00","South West",12.267
"2019-07-12 12:00:00","Midlands",12.372
"2019-07-12 12:00:00","North East and Yorkshire",11.291
"2019-07-12 12:00:00","East of England",13.364
"2019-07-12 12:00:00","North West",8.884
"2019-07-13 12:00:00","London",11.826
"2019-07-13 12:00:00","South East",10.686
"2019-07-13 12:00:00","South West",10.803
"2019-07-13 12:00:00","Midlands",10.029
"2019-07-13 12:00:00","North East and Yorkshire",9.152
"2019-07-13 12:00:00","East of England",11.115
"2019-07-13 12:00:00","North West",8.24
"2019-07-14 12:00:00","London",12.812
"2019-07-14 12:00:00","South East",11.586
"2019-07-14 12:00:00","South West",11.838
"2019-07-14 12:00:00","Midlands",10.432
"2019-07-14 12:00:00","North East and Yorkshire",9.416
"2019-07-14 12:00:00","East of England",11.769
"2019-07-14 12:00:00","North West",9.557
"2019-07-15 12:00:00","London",11.737
"2019-07-15 12:00:00","South East",10.334
"2019-07-15 12:00:00","South West",10.214
"2019-07-15 12:00:00","Midlands",7.946
"2019-07-15 12:00:00","North East and Yorkshire",7.863
"2019-07-15 12:00:00","East of England",9.617
"2019-07-15 12:00:00","North West",7.427
"2019-07-16 12:00:00","London",12.578
"2019-07-16 12:00:00","South East",11.253
"2019-07-16 12:00:00","South West",11.376
"2019-07-16 12:00:00","Midlands",12.087
"2019-07-16 12:00:00","North East and Yorkshire",11.719
"2019-07-16 12:00:00","East of England",12.394
"2019-07-16 12:00:00","North West",10.908
"2019-07-17 12:00:00","London",13.907
"2019-07-17 12:00:00","South East",12.429
"2019-07-17 12:00:00","South West",12.368
"2019-07-17 12:00:00","Midlands",12.968
"2019-07-17 12:00:00","North East and Yorkshire",11.976
"2019-07-17 12:00:00","East of England",13.79
"2019-07-17 12:00:00","North West",11.354
"2019-07-18 12:00:00","London",11.787
"2019-07-18 12:00:00","South East",10.163
"2019-07-18 12:00:00","South West",10.783
"2019-07-18 12:00:00","Midlands",11.013
"2019-07-18 12:00:00","North East and Yorkshire",10.062
"2019-07-18 12:00:00","East of England",11.076
"2019-07-18 12:00:00","North West",10.982
"2019-07-19 12:00:00","London",11.712
"2019-07-19 12:00:00","South East",10.079
"2019-07-19 12:00:00","South West",9.841
"2019-07-19 12:00:00","Midlands",10.585
"2019-07-19 12:00:00","North East and Yorkshire",10.708
"2019-07-19 12:00:00","East of England",10.627
"2019-07-19 12:00:00","North West",10.541
"2019-07-20 12:00:00","London",14.352
"2019-07-20 12:00:00","South East",13.155
"2019-07-20 12:00:00","South West",13.113
"2019-07-20 12:00:00","Midlands",13.826
"2019-07-20 12:00:00","North East and Yorkshire",12.656
"2019-07-20 12:00:00","East of England",14.08
"2019-07-20 12:00:00","North West",12.047
"2019-07-21 12:00:00","London",16.595
"2019-07-21 12:00:00","South East",14.541
"2019-07-21 12:00:00","South West",13.852
"2019-07-21 12:00:00","Midlands",14.932
"2019-07-21 12:00:00","North East and Yorkshire",13.576
"2019-07-21 12:00:00","East of England",16.344
"2019-07-21 12:00:00","North West",12.125
"2019-07-22 12:00:00","London",11.23
"2019-07-22 12:00:00","South East",10.031
"2019-07-22 12:00:00","South West",10.71
"2019-07-22 12:00:00","Midlands",10.392
"2019-07-22 12:00:00","North East and Yorkshire",10.038
"2019-07-22 12:00:00","East of England",10.944
"2019-07-22 12:00:00","North West",10.154
"2019-07-23 12:00:00","London",10.941
"2019-07-23 12:00:00","South East",9.265
"2019-07-23 12:00:00","South West",10.333
"2019-07-23 12:00:00","Midlands",10.427
"2019-07-23 12:00:00","North East and Yorkshire",10.073
"2019-07-23 12:00:00","East of England",10.178
"2019-07-23 12:00:00","North West",10.236
"2019-07-24 12:00:00","London",15.217
"2019-07-24 12:00:00","South East",13.463
"2019-07-24 12:00:00","South West",13.397
"2019-07-24 12:00:00","Midlands",13.462
"2019-07-24 12:00:00","North East and Yorkshire",11.888
"2019-07-24 12:00:00","East of England",13.787
"2019-07-24 12:00:00","North West",12.083
"2019-07-25 12:00:00","London",12.917
"2019-07-25 12:00:00","South East",10.259
"2019-07-25 12:00:00","South West",8.749
"2019-07-25 12:00:00","Midlands",9.168
"2019-07-25 12:00:00","North East and Yorkshire",10.034
"2019-07-25 12:00:00","East of England",10.474
"2019-07-25 12:00:00","North West",10.44
"2019-07-26 12:00:00","London",10.927
"2019-07-26 12:00:00","South East",9.133
"2019-07-26 12:00:00","South West",8.291
"2019-07-26 12:00:00","Midlands",8.706
"2019-07-26 12:00:00","North East and Yorkshire",10.412
"2019-07-26 12:00:00","East of England",9.395
"2019-07-26 12:00:00","North West",10.039
"2019-07-27 12:00:00","London",12.992
"2019-07-27 12:00:00","South East",10.655
"2019-07-27 12:00:00","South West",11.512
"2019-07-27 12:00:00","Midlands",12.364
"2019-07-27 12:00:00","North East and Yorkshire",11.779
"2019-07-27 12:00:00","East of England",12.138
"2019-07-27 12:00:00","North West",11.639
"2019-07-28 12:00:00","London",14.798
"2019-07-28 12:00:00","South East",13.528
"2019-07-28 12:00:00","South West",13.475
"2019-07-28 12:00:00","Midlands",13.499
"2019-07-28 12:00:00","North East and Yorkshire",13.321
"2019-07-28 12:00:00","East of England",14.201
"2019-07-28 12:00:00","North West",12.599
"2019-07-29 12:00:00","London",14.529
"2019-07-29 12:00:00","South East",12.907
"2019-07-29 12:00:00","South West",13.092
"2019-07-29 12:00:00","Midlands",11.476
"2019-07-29 12:00:00","North East and Yorkshire",10.395
"2019-07-29 12:00:00","East of England",13.336
"2019-07-29 12:00:00","North West",9.897
"2019-07-30 12:00:00","London",14.915
"2019-07-30 12:00:00","South East",12.604
"2019-07-30 12:00:00","South West",11.695
"2019-07-30 12:00:00","Midlands",12.439
"2019-07-30 12:00:00","North East and Yorkshire",11.388
"2019-07-30 12:00:00","East of England",13.431
"2019-07-30 12:00:00","North West",11.401
"2019-07-31 12:00:00","London",13.388
"2019-07-31 12:00:00","South East",10.878
"2019-07-31 12:00:00","South West",8.305
"2019-07-31 12:00:00","Midlands",8.352
"2019-07-31 12:00:00","North East and Yorkshire",9.622
"2019-07-31 12:00:00","East of England",10.657
"2019-07-31 12:00:00","North West",8.254
"2019-08-01 12:00:00","London",15.068
"2019-08-01 12:00:00","South East",12.559
"2019-08-01 12:00:00","South West",11.527
"2019-08-01 12:00:00","Midlands",13.493
"2019-08-01 12:00:00","North East and Yorkshire",12.649
"2019-08-01 12:00:00","East of England",13.551
"2019-08-01 12:00:00","North West",12.546
"2019-08-02 12:00:00","London",12.989
"2019-08-02 12:00:00","South East",10.974
"2019-08-02 12:00:00","South West",11.115
"2019-08-02 12:00:00","Midlands",13.796
"2019-08-02 12:00:00","North East and Yorkshire",13.096
"2019-08-02 12:00:00","East of England",11.473
"2019-08-02 12:00:00","North West",12.682
"2019-08-03 12:00:00","London",15.119
"2019-08-03 12:00:00","South East",12.282
"2019-08-03 12:00:00","South West",12.548
"2019-08-03 12:00:00","Midlands",15.381
"2019-08-03 12:00:00","North East and Yorkshire",14.258
"2019-08-03 12:00:00","East of England",14.876
"2019-08-03 12:00:00","North West",14.068
"2019-08-04 12:00:00","London",19.334
"2019-08-04 12:00:00","South East",16.92
"2019-08-04 12:00:00","South West",16.29
"2019-08-04 12:00:00","Midlands",17.127
"2019-08-04 12:00:00","North East and Yorkshire",15.702
"2019-08-04 12:00:00","East of England",17.755
"2019-08-04 12:00:00","North West",15.437
"2019-08-05 12:00:00","London",17.203
"2019-08-05 12:00:00","South East",14.692
"2019-08-05 12:00:00","South West",13.033
"2019-08-05 12:00:00","Midlands",11.46
"2019-08-05 12:00:00","North East and Yorkshire",11.521
"2019-08-05 12:00:00","East of England",14.505
"2019-08-05 12:00:00","North West",9.106
"2019-08-06 12:00:00","London",17.927
"2019-08-06 12:00:00","South East",15.981
"2019-08-06 12:00:00","South West",14.844
"2019-08-06 12:00:00","Midlands",16.716
"2019-08-06 12:00:00","North East and Yorkshire",14.592
"2019-08-06 12:00:00","East of England",16.842
"2019-08-06 12:00:00","North West",13.92
"2019-08-07 12:00:00","London",19.465
"2019-08-07 12:00:00","South East",17.276
"2019-08-07 12:00:00","South West",16.819
"2019-08-07 12:00:00","Midlands",17.974
"2019-08-07 12:00:00","North East and Yorkshire",16.609
"2019-08-07 12:00:00","East of England",17.772
"2019-08-07 12:00:00","North West",15.687
"2019-08-08 12:00:00","London",17.743
"2019-08-08 12:00:00","South East",15.611
"2019-08-08 12:00:00","South West",14.221
"2019-08-08 12:00:00","Midlands",15.228
"2019-08-08 12:00:00","North East and Yorkshire",13.763
"2019-08-08 12:00:00","East of England",16.758
"2019-08-08 12:00:00","North West",13.082
"2019-08-09 12:00:00","London",11.838
"2019-08-09 12:00:00","South East",10.148
"2019-08-09 12:00:00","South West",8.922
"2019-08-09 12:00:00","Midlands",9.869
"2019-08-09 12:00:00","North East and Yorkshire",9.401
"2019-08-09 12:00:00","East of England",10.608
"2019-08-09 12:00:00","North West",9.361
"2019-08-10 12:00:00","London",13.665
"2019-08-10 12:00:00","South East",11.03
"2019-08-10 12:00:00","South West",10.605
"2019-08-10 12:00:00","Midlands",12.169
"2019-08-10 12:00:00","North East and Yorkshire",11.473
"2019-08-10 12:00:00","East of England",11.889
"2019-08-10 12:00:00","North West",11.562
"2019-08-11 12:00:00","London",12.761
"2019-08-11 12:00:00","South East",10.805
"2019-08-11 12:00:00","South West",11.935
"2019-08-11 12:00:00","Midlands",10.792
"2019-08-11 12:00:00","North East and Yorkshire",10.284
"2019-08-11 12:00:00","East of England",10.851
"2019-08-11 12:00:00","North West",9.997
"2019-08-12 12:00:00","London",15.078
"2019-08-12 12:00:00","South East",12.469
"2019-08-12 12:00:00","South West",12.253
"2019-08-12 12:00:00","Midlands",14.108
"2019-08-12 12:00:00","North East and Yorkshire",13.553
"2019-08-12 12:00:00","East of England",13.457
"2019-08-12 12:00:00","North West",13.884
"2019-08-13 12:00:00","London",15.021
"2019-08-13 12:00:00","South East",12.817
"2019-08-13 12:00:00","South West",12.814
"2019-08-13 12:00:00","Midlands",13.992
"2019-08-13 12:00:00","North East and Yorkshire",12.429
"2019-08-13 12:00:00","East of England",13.191
"2019-08-13 12:00:00","North West",10.607
"2019-08-14 12:00:00","London",18.297
"2019-08-14 12:00:00","South East",15.909
"2019-08-14 12:00:00","South West",14.862
"2019-08-14 12:00:00","Midlands",13.406
"2019-08-14 12:00:00","North East and Yorkshire",12.514
"2019-08-14 12:00:00","East of England",15.253
"2019-08-14 12:00:00","North West",11.057
"2019-08-15 12:00:00","London",17.717
"2019-08-15 12:00:00","South East",15.945
"2019-08-15 12:00:00","South West",16.254
"2019-08-15 12:00:00","Midlands",15.633
"2019-08-15 12:00:00","North East and Yorkshire",15.018
"2019-08-15 12:00:00","East of England",15.181
"2019-08-15 12:00:00","North West",14.968
"2019-08-16 12:00:00","London",17.587
"2019-08-16 12:00:00","South East",14.84
"2019-08-16 12:00:00","South West",13.338
"2019-08-16 12:00:00","Midlands",13.923
"2019-08-16 12:00:00","North East and Yorkshire",12.504
"2019-08-16 12:00:00","East of England",15.206
"2019-08-16 12:00:00","North West",11.63
"2019-08-17 12:00:00","London",17.568
"2019-08-17 12:00:00","South East",15.636
"2019-08-17 12:00:00","South West",15.033
"2019-08-17 12:00:00","Midlands",15.343
"2019-08-17 12:00:00","North East and Yorkshire",14.392
"2019-08-17 12:00:00","East of England",16.382
"2019-08-17 12:00:00","North West",13.137
"2019-08-18 12:00:00","London",12.007
"2019-08-18 12:00:00","South East",10.236
"2019-08-18 12:00:00","South West",9.639
"2019-08-18 12:00:00","Midlands",11.406
"2019-08-18 12:00:00","North East and Yorkshire",11.864
"2019-08-18 12:00:00","East of England",10.529
"2019-08-18 12:00:00","North West",11.853
"2019-08-19 12:00:00","London",13.47
"2019-08-19 12:00:00","South East",12
"2019-08-19 12:00:00","South West",13.576
"2019-08-19 12:00:00","Midlands",14.542
"2019-08-19 12:00:00","North East and Yorkshire",14.8
"2019-08-19 12:00:00","East of England",12.559
"2019-08-19 12:00:00","North West",14.238
"2019-08-20 12:00:00","London",14.915
"2019-08-20 12:00:00","South East",12.604
"2019-08-20 12:00:00","South West",11.695
"2019-08-20 12:00:00","Midlands",12.439
"2019-08-20 12:00:00","North East and Yorkshire",11.388
"2019-08-20 12:00:00","East of England",13.431
"2019-08-20 12:00:00","North West",11.401
"2019-08-21 12:00:00","London",13.388
"2019-08-21 12:00:00","South East",10.878
"2019-08-21 12:00:00","South West",8.305
"2019-08-21 12:00:00","Midlands",8.352
"2019-08-21 12:00:00","North East and Yorkshire",9.622
"2019-08-21 12:00:00","East of England",10.657
"2019-08-21 12:00:00","North West",8.254
"2019-08-22 12:00:00","London",15.068
"2019-08-22 12:00:00","South East",12.559
"2019-08-22 12:00:00","South West",11.527
"2019-08-22 12:00:00","Midlands",13.493
"2019-08-22 12:00:00","North East and Yorkshire",12.649
"2019-08-22 12:00:00","East of England",13.551
"2019-08-22 12:00:00","North West",12.546
"2019-08-23 12:00:00","London",12.989
"2019-08-23 12:00:00","South East",10.974
"2019-08-23 12:00:00","South West",11.115
"2019-08-23 12:00:00","Midlands",13.796
"2019-08-23 12:00:00","North East and Yorkshire",13.096
"2019-08-23 12:00:00","East of England",11.473
"2019-08-23 12:00:00","North West",12.682
"2019-08-24 12:00:00","London",15.119
"2019-08-24 12:00:00","South East",12.282
"2019-08-24 12:00:00","South West",12.548
"2019-08-24 12:00:00","Midlands",15.381
"2019-08-24 12:00:00","North East and Yorkshire",14.258
"2019-08-24 12:00:00","East of England",14.876
"2019-08-24 12:00:00","North West",14.068
"2019-08-25 12:00:00","London",19.334
"2019-08-25 12:00:00","South East",16.92
"2019-08-25 12:00:00","South West",16.29
"2019-08-25 12:00:00","Midlands",17.127
"2019-08-25 12:00:00","North East and Yorkshire",15.702
"2019-08-25 12:00:00","East of England",17.755
"2019-08-25 12:00:00","North West",15.437
"2019-08-26 12:00:00","London",17.203
"2019-08-26 12:00:00","South East",14.692
"2019-08-26 12:00:00","South West",13.033
"2019-08-26 12:00:00","Midlands",11.46
"2019-08-26 12:00:00","North East and Yorkshire",11.521
"2019-08-26 12:00:00","East of England",14.505
"2019-08-26 12:00:00","North West",9.106
"2019-08-27 12:00:00","London",14.874
"2019-08-27 12:00:00","South East",13.419
"2019-08-27 12:00:00","South West",14.051
"2019-08-27 12:00:00","Midlands",13.235
"2019-08-27 12:00:00","North East and Yorkshire",12.737
"2019-08-27 12:00:00","East of England",13.732
"2019-08-27 12:00:00","North West",12.837
"2019-08-28 12:00:00","London",14.07
"2019-08-28 12:00:00","South East",12.872
"2019-08-28 12:00:00","South West",13.305
"2019-08-28 12:00:00","Midlands",13.478
"2019-08-28 12:00:00","North East and Yorkshire",13.174
"2019-08-28 12:00:00","East of England",13.536
"2019-08-28 12:00:00","North West",13.1
"2019-08-29 12:00:00","London",12.947
"2019-08-29 12:00:00","South East",11.009
"2019-08-29 12:00:00","South West",10.987
"2019-08-29 12:00:00","Midlands",11.912
"2019-08-29 12:00:00","North East and Yorkshire",12.116
"2019-08-29 12:00:00","East of England",11.776
"2019-08-29 12:00:00","North West",11.78
"2019-08-30 12:00:00","London",17.576
"2019-08-30 12:00:00","South East",15.945
"2019-08-30 12:00:00","South West",15.68
"2019-08-30 12:00:00","Midlands",16.137
"2019-08-30 12:00:00","North East and Yorkshire",14.118
"2019-08-30 12:00:00","East of England",16.595
"2019-08-30 12:00:00","North West",14.391
"2019-08-31 12:00:00","London",16.474
"2019-08-31 12:00:00","South East",14.809
"2019-08-31 12:00:00","South West",14.508
"2019-08-31 12:00:00","Midlands",15.289
"2019-08-31 12:00:00","North East and Yorkshire",15.198
"2019-08-31 12:00:00","East of England",16.079
"2019-08-31 12:00:00","North West",14.635
"2019-09-01 12:00:00","London",14.622
"2019-09-01 12:00:00","South East",13.388
"2019-09-01 12:00:00","South West",13.083
"2019-09-01 12:00:00","Midlands",13.429
"2019-09-01 12:00:00","North East and Yorkshire",13.847
"2019-09-01 12:00:00","East of England",13.762
"2019-09-01 12:00:00","North West",12.9
"2019-09-02 12:00:00","London",12.644
"2019-09-02 12:00:00","South East",10.962
"2019-09-02 12:00:00","South West",10.923
"2019-09-02 12:00:00","Midlands",10.287
"2019-09-02 12:00:00","North East and Yorkshire",9.746
"2019-09-02 12:00:00","East of England",11.394
"2019-09-02 12:00:00","North West",9.101
"2019-09-03 12:00:00","London",15.45
"2019-09-03 12:00:00","South East",13.438
"2019-09-03 12:00:00","South West",13.092
"2019-09-03 12:00:00","Midlands",12.403
"2019-09-03 12:00:00","North East and Yorkshire",11.444
"2019-09-03 12:00:00","East of England",13.018
"2019-09-03 12:00:00","North West",12.021
"2019-09-04 12:00:00","London",14.993
"2019-09-04 12:00:00","South East",13.294
"2019-09-04 12:00:00","South West",11.073
"2019-09-04 12:00:00","Midlands",12.063
"2019-09-04 12:00:00","North East and Yorkshire",11.83
"2019-09-04 12:00:00","East of England",14.02
"2019-09-04 12:00:00","North West",8.824
"2019-09-05 12:00:00","London",10.072
"2019-09-05 12:00:00","South East",8.783
"2019-09-05 12:00:00","South West",10.651
"2019-09-05 12:00:00","Midlands",10.792
"2019-09-05 12:00:00","North East and Yorkshire",11.71
"2019-09-05 12:00:00","East of England",9.279
"2019-09-05 12:00:00","North West",11.443
"2019-09-06 12:00:00","London",12.006
"2019-09-06 12:00:00","South East",10.106
"2019-09-06 12:00:00","South West",10.572
"2019-09-06 12:00:00","Midlands",9.687
"2019-09-06 12:00:00","North East and Yorkshire",9.931
"2019-09-06 12:00:00","East of England",11.335
"2019-09-06 12:00:00","North West",9.604
"2019-09-07 12:00:00","London",11.97
"2019-09-07 12:00:00","South East",10.66
"2019-09-07 12:00:00","South West",11.655
"2019-09-07 12:00:00","Midlands",10.358
"2019-09-07 12:00:00","North East and Yorkshire",11.326
"2019-09-07 12:00:00","East of England",10.852
"2019-09-07 12:00:00","North West",12.013
"2019-09-08 12:00:00","London",13.754
"2019-09-08 12:00:00","South East",11.09
"2019-09-08 12:00:00","South West",11.388
"2019-09-08 12:00:00","Midlands",12.646
"2019-09-08 12:00:00","North East and Yorkshire",13.501
"2019-09-08 12:00:00","East of England",13.111
"2019-09-08 12:00:00","North West",11.767
"2019-09-09 12:00:00","London",12.37
"2019-09-09 12:00:00","South East",10.109
"2019-09-09 12:00:00","South West",7.686
"2019-09-09 12:00:00","Midlands",8.712
"2019-09-09 12:00:00","North East and Yorkshire",8.348
"2019-09-09 12:00:00","East of England",12.317
"2019-09-09 12:00:00","North West",6.382
"2019-09-10 12:00:00","London",13.579
"2019-09-10 12:00:00","South East",12.331
"2019-09-10 12:00:00","South West",12.699
"2019-09-10 12:00:00","Midlands",11.783
"2019-09-10 12:00:00","North East and Yorkshire",9.521
"2019-09-10 12:00:00","East of England",12.38
"2019-09-10 12:00:00","North West",10.281
"2019-09-11 12:00:00","London",6.627
"2019-09-11 12:00:00","South East",5.13
"2019-09-11 12:00:00","South West",5.866
"2019-09-11 12:00:00","Midlands",3.356
"2019-09-11 12:00:00","North East and Yorkshire",3.202
"2019-09-11 12:00:00","East of England",5.73
"2019-09-11 12:00:00","North West",2.633
"2019-09-12 12:00:00","London",2.837
"2019-09-12 12:00:00","South East",1.834
"2019-09-12 12:00:00","South West",3.865
"2019-09-12 12:00:00","Midlands",1.812
"2019-09-12 12:00:00","North East and Yorkshire",1.845
"2019-09-12 12:00:00","East of England",2.151
"2019-09-12 12:00:00","North West",1.804
"2019-09-13 12:00:00","London",7.972
"2019-09-13 12:00:00","South East",7.21
"2019-09-13 12:00:00","South West",8.995
"2019-09-13 12:00:00","Midlands",6.548
"2019-09-13 12:00:00","North East and Yorkshire",6.294
"2019-09-13 12:00:00","East of England",7.315
"2019-09-13 12:00:00","North West",5.738
"2019-09-14 12:00:00","London",9.992
"2019-09-14 12:00:00","South East",7.974
"2019-09-14 12:00:00","South West",9.416
"2019-09-14 12:00:00","Midlands",9.114
"2019-09-14 12:00:00","North East and Yorkshire",6.663
"2019-09-14 12:00:00","East of England",9.868
"2019-09-14 12:00:00","North West",7.83
"2019-09-15 12:00:00","London",11.697
"2019-09-15 12:00:00","South East",10.583
"2019-09-15 12:00:00","South West",10.452
"2019-09-15 12:00:00","Midlands",10.478
"2019-09-15 12:00:00","North East and Yorkshire",9.385
"2019-09-15 12:00:00","East of England",10.561
"2019-09-15 12:00:00","North West",9.965
"2019-09-16 12:00:00","London",9.399
"2019-09-16 12:00:00","South East",8.216
"2019-09-16 12:00:00","South West",8.004
"2019-09-16 12:00:00","Midlands",8.727
"2019-09-16 12:00:00","North East and Yorkshire",9.177
"2019-09-16 12:00:00","East of England",7.895
"2019-09-16 12:00:00","North West",8.986
"2019-09-17 12:00:00","London",16.648
"2019-09-17 12:00:00","South East",14.803
"2019-09-17 12:00:00","South West",15.157
"2019-09-17 12:00:00","Midlands",14.935
"2019-09-17 12:00:00","North East and Yorkshire",12.594
"2019-09-17 12:00:00","East of England",15.875
"2019-09-17 12:00:00","North West",12.248
"2019-09-18 12:00:00","London",14.01
"2019-09-18 12:00:00","South East",11.825
"2019-09-18 12:00:00","South West",10.705
"2019-09-18 12:00:00","Midlands",8.318
"2019-09-18 12:00:00","North East and Yorkshire",7.58
"2019-09-18 12:00:00","East of England",12.179
"2019-09-18 12:00:00","North West",6.688
"2019-09-19 12:00:00","London",11.675
"2019-09-19 12:00:00","South East",9.442
"2019-09-19 12:00:00","South West",9.131
"2019-09-19 12:00:00","Midlands",11.506
"2019-09-19 12:00:00","North East and Yorkshire",12.21
"2019-09-19 12:00:00","East of England",10.97
"2019-09-19 12:00:00","North West",11.792
"2019-09-20 12:00:00","London",10.543
"2019-09-20 12:00:00","South East",8.629
"2019-09-20 12:00:00","South West",9.48
"2019-09-20 12:00:00","Midlands",11.87
"2019-09-20 12:00:00","North East and Yorkshire",12.198
"2019-09-20 12:00:00","East of England",10.308
"2019-09-20 12:00:00","North West",11.973
"2019-09-21 12:00:00","London",12.614
"2019-09-21 12:00:00","South East",10.499
"2019-09-21 12:00:00","South West",10.78
"2019-09-21 12:00:00","Midlands",11.544
"2019-09-21 12:00:00","North East and Yorkshire",12.111
"2019-09-21 12:00:00","East of England",11.515
"2019-09-21 12:00:00","North West",11.228
"2019-09-22 12:00:00","London",15.963
"2019-09-22 12:00:00","South East",14.349
"2019-09-22 12:00:00","South West",13.787
"2019-09-22 12:00:00","Midlands",13.859
"2019-09-22 12:00:00","North East and Yorkshire",12.663
"2019-09-22 12:00:00","East of England",14.324
"2019-09-22 12:00:00","North West",12.793
"2019-09-23 12:00:00","London",15.801
"2019-09-23 12:00:00","South East",14.055
"2019-09-23 12:00:00","South West",12.822
"2019-09-23 12:00:00","Midlands",14.373
"2019-09-23 12:00:00","North East and Yorkshire",14.424
"2019-09-23 12:00:00","East of England",15.014
"2019-09-23 12:00:00","North West",13.276
"2019-09-24 12:00:00","London",6.205
"2019-09-24 12:00:00","South East",5.744
"2019-09-24 12:00:00","South West",7.057
"2019-09-24 12:00:00","Midlands",6.625
"2019-09-24 12:00:00","North East and Yorkshire",5.484
"2019-09-24 12:00:00","East of England",5.902
"2019-09-24 12:00:00","North West",6.442
"2019-09-25 12:00:00","London",8.447
"2019-09-25 12:00:00","South East",6.704
"2019-09-25 12:00:00","South West",7.566
"2019-09-25 12:00:00","Midlands",8.53
"2019-09-25 12:00:00","North East and Yorkshire",8.64
"2019-09-25 12:00:00","East of England",7.261
"2019-09-25 12:00:00","North West",9.331
"2019-09-26 12:00:00","London",15.069
"2019-09-26 12:00:00","South East",13.845
"2019-09-26 12:00:00","South West",14.052
"2019-09-26 12:00:00","Midlands",13.612
"2019-09-26 12:00:00","North East and Yorkshire",13.066
"2019-09-26 12:00:00","East of England",13.909
"2019-09-26 12:00:00","North West",12.273
"2019-09-27 12:00:00","London",12.202
"2019-09-27 12:00:00","South East",10.558
"2019-09-27 12:00:00","South West",10.593
"2019-09-27 12:00:00","Midlands",10.695
"2019-09-27 12:00:00","North East and Yorkshire",10.651
"2019-09-27 12:00:00","East of England",11.224
"2019-09-27 12:00:00","North West",10.677
"2019-09-28 12:00:00","London",9.336
"2019-09-28 12:00:00","South East",8.335
"2019-09-28 12:00:00","South West",8.284
"2019-09-28 12:00:00","Midlands",8.41
"2019-09-28 12:00:00","North East and Yorkshire",9.735
"2019-09-28 12:00:00","East of England",8.972
"2019-09-28 12:00:00","North West",9.873
"2019-09-29 12:00:00","London",8.726
"2019-09-29 12:00:00","South East",7.781
"2019-09-29 12:00:00","South West",9.337
"2019-09-29 12:00:00","Midlands",9.19
"2019-09-29 12:00:00","North East and Yorkshire",11.028
"2019-09-29 12:00:00","East of England",7.735
"2019-09-29 12:00:00","North West",9.969
"2019-09-30 12:00:00","London",9.177
"2019-09-30 12:00:00","South East",7.474
"2019-09-30 12:00:00","South West",8.322
"2019-09-30 12:00:00","Midlands",9.263
"2019-09-30 12:00:00","North East and Yorkshire",9.907
"2019-09-30 12:00:00","East of England",8.412
"2019-09-30 12:00:00","North West",10.017
"2019-10-01 12:00:00","London",7.804
"2019-10-01 12:00:00","South East",7.239
"2019-10-01 12:00:00","South West",7.499
"2019-10-01 12:00:00","Midlands",8.166
"2019-10-01 12:00:00","North East and Yorkshire",9.462
"2019-10-01 12:00:00","East of England",6.144
"2019-10-01 12:00:00","North West",9.817
"2019-10-02 12:00:00","London",12.58
"2019-10-02 12:00:00","South East",8.982
"2019-10-02 12:00:00","South West",7.945
"2019-10-02 12:00:00","Midlands",10.352
"2019-10-02 12:00:00","North East and Yorkshire",9.254
"2019-10-02 12:00:00","East of England",10.644
"2019-10-02 12:00:00","North West",9.311
"2019-10-03 12:00:00","London",8.936
"2019-10-03 12:00:00","South East",6.889
"2019-10-03 12:00:00","South West",7.426
"2019-10-03 12:00:00","Midlands",8.611
"2019-10-03 12:00:00","North East and Yorkshire",11.336
"2019-10-03 12:00:00","East of England",9.204
"2019-10-03 12:00:00","North West",10.614
"2019-10-04 12:00:00","London",14.079
"2019-10-04 12:00:00","South East",11.995
"2019-10-04 12:00:00","South West",11.928
"2019-10-04 12:00:00","Midlands",11.371
"2019-10-04 12:00:00","North East and Yorkshire",8.701
"2019-10-04 12:00:00","East of England",13.042
"2019-10-04 12:00:00","North West",7.575
"2019-10-05 12:00:00","London",8.99
"2019-10-05 12:00:00","South East",7.636
"2019-10-05 12:00:00","South West",7.783
"2019-10-05 12:00:00","Midlands",7.167
"2019-10-05 12:00:00","North East and Yorkshire",7.223
"2019-10-05 12:00:00","East of England",8.1
"2019-10-05 12:00:00","North West",5.682
"2019-10-06 12:00:00","London",8.175
"2019-10-06 12:00:00","South East",6.33
"2019-10-06 12:00:00","South West",5.484
"2019-10-06 12:00:00","Midlands",4.42
"2019-10-06 12:00:00","North East and Yorkshire",5.808
"2019-10-06 12:00:00","East of England",7.041
"2019-10-06 12:00:00","North West",3.955
"2019-10-07 12:00:00","London",10.717
"2019-10-07 12:00:00","South East",9.323
"2019-10-07 12:00:00","South West",9.99
"2019-10-07 12:00:00","Midlands",9.544
"2019-10-07 12:00:00","North East and Yorkshire",9.083
"2019-10-07 12:00:00","East of England",9.712
"2019-10-07 12:00:00","North West",8.787
"2019-10-08 12:00:00","London",9.047
"2019-10-08 12:00:00","South East",8.27
"2019-10-08 12:00:00","South West",9.093
"2019-10-08 12:00:00","Midlands",8.63
"2019-10-08 12:00:00","North East and Yorkshire",7.948
"2019-10-08 12:00:00","East of England",8.217
"2019-10-08 12:00:00","North West",8.149
"2019-10-09 12:00:00","London",8.305
"2019-10-09 12:00:00","South East",7.057
"2019-10-09 12:00:00","South West",6.573
"2019-10-09 12:00:00","Midlands",6.405
"2019-10-09 12:00:00","North East and Yorkshire",7.301
"2019-10-09 12:00:00","East of England",7.936
"2019-10-09 12:00:00","North West",7
"2019-10-10 12:00:00","London",6.091
"2019-10-10 12:00:00","South East",4.927
"2019-10-10 12:00:00","South West",6.449
"2019-10-10 12:00:00","Midlands",6.554
"2019-10-10 12:00:00","North East and Yorkshire",5.927
"2019-10-10 12:00:00","East of England",5.578
"2019-10-10 12:00:00","North West",6.394
"2019-10-11 12:00:00","London",11.944
"2019-10-11 12:00:00","South East",11.486
"2019-10-11 12:00:00","South West",12
"2019-10-11 12:00:00","Midlands",10.934
"2019-10-11 12:00:00","North East and Yorkshire",10.443
"2019-10-11 12:00:00","East of England",10.942
"2019-10-11 12:00:00","North West",10.365
"2019-10-12 12:00:00","London",6.438
"2019-10-12 12:00:00","South East",5.336
"2019-10-12 12:00:00","South West",6.716
"2019-10-12 12:00:00","Midlands",6.752
"2019-10-12 12:00:00","North East and Yorkshire",6.806
"2019-10-12 12:00:00","East of England",5.633
"2019-10-12 12:00:00","North West",7.049
"2019-10-13 12:00:00","London",9.988
"2019-10-13 12:00:00","South East",8.525
"2019-10-13 12:00:00","South West",7.394
"2019-10-13 12:00:00","Midlands",6.501
"2019-10-13 12:00:00","North East and Yorkshire",5.976
"2019-10-13 12:00:00","East of England",9.028
"2019-10-13 12:00:00","North West",6.064
"2019-10-14 12:00:00","London",9.63
"2019-10-14 12:00:00","South East",8.471
"2019-10-14 12:00:00","South West",8.105
"2019-10-14 12:00:00","Midlands",8.222
"2019-10-14 12:00:00","North East and Yorkshire",7.643
"2019-10-14 12:00:00","East of England",8.853
"2019-10-14 12:00:00","North West",7.672
"2019-10-15 12:00:00","London",10.874
"2019-10-15 12:00:00","South East",9.203
"2019-10-15 12:00:00","South West",8.946
"2019-10-15 12:00:00","Midlands",8.132
"2019-10-15 12:00:00","North East and Yorkshire",6.715
"2019-10-15 12:00:00","East of England",9.323
"2019-10-15 12:00:00","North West",5.684
"2019-10-16 12:00:00","London",9.33
"2019-10-16 12:00:00","South East",7.706
"2019-10-16 12:00:00","South West",7.361
"2019-10-16 12:00:00","Midlands",7.354
"2019-10-16 12:00:00","North East and Yorkshire",7.033
"2019-10-16 12:00:00","East of England",8.658
"2019-10-16 12:00:00","North West",6.883
"2019-10-17 12:00:00","London",10.826
"2019-10-17 12:00:00","South East",9.082
"2019-10-17 12:00:00","South West",6.942
"2019-10-17 12:00:00","Midlands",7.578
"2019-10-17 12:00:00","North East and Yorkshire",6.598
"2019-10-17 12:00:00","East of England",10.378
"2019-10-17 12:00:00","North West",7.15
"2019-10-18 12:00:00","London",9.458
"2019-10-18 12:00:00","South East",8.614
"2019-10-18 12:00:00","South West",8.053
"2019-10-18 12:00:00","Midlands",6.698
"2019-10-18 12:00:00","North East and Yorkshire",3.057
"2019-10-18 12:00:00","East of England",7.765
"2019-10-18 12:00:00","North West",4.307
"2019-10-19 12:00:00","London",12.153
"2019-10-19 12:00:00","South East",10.623
"2019-10-19 12:00:00","South West",10.184
"2019-10-19 12:00:00","Midlands",10.648
"2019-10-19 12:00:00","North East and Yorkshire",8.895
"2019-10-19 12:00:00","East of England",11.982
"2019-10-19 12:00:00","North West",9.107
"2019-10-20 12:00:00","London",8.78
"2019-10-20 12:00:00","South East",7.925
"2019-10-20 12:00:00","South West",8.157
"2019-10-20 12:00:00","Midlands",8.314
"2019-10-20 12:00:00","North East and Yorkshire",9.041
"2019-10-20 12:00:00","East of England",8.393
"2019-10-20 12:00:00","North West",8.476
"2019-10-21 12:00:00","London",8.672
"2019-10-21 12:00:00","South East",7.556
"2019-10-21 12:00:00","South West",7.564
"2019-10-21 12:00:00","Midlands",8.549
"2019-10-21 12:00:00","North East and Yorkshire",9.401
"2019-10-21 12:00:00","East of England",8.583
"2019-10-21 12:00:00","North West",8.37
"2019-10-22 12:00:00","London",15.192
"2019-10-22 12:00:00","South East",13.574
"2019-10-22 12:00:00","South West",13.498
"2019-10-22 12:00:00","Midlands",13.728
"2019-10-22 12:00:00","North East and Yorkshire",13.516
"2019-10-22 12:00:00","East of England",14.428
"2019-10-22 12:00:00","North West",12.947
"2019-10-23 12:00:00","London",14.561
"2019-10-23 12:00:00","South East",13.266
"2019-10-23 12:00:00","South West",13.414
"2019-10-23 12:00:00","Midlands",13.383
"2019-10-23 12:00:00","North East and Yorkshire",12.935
"2019-10-23 12:00:00","East of England",13.806
"2019-10-23 12:00:00","North West",12.122
"2019-10-24 12:00:00","London",15.233
"2019-10-24 12:00:00","South East",13.666
"2019-10-24 12:00:00","South West",13.714
"2019-10-24 12:00:00","Midlands",13.59
"2019-10-24 12:00:00","North East and Yorkshire",12.835
"2019-10-24 12:00:00","East of England",13.855
"2019-10-24 12:00:00","North West",12.332
"2019-10-25 12:00:00","London",12.775
"2019-10-25 12:00:00","South East",11.673
"2019-10-25 12:00:00","South West",12.006
"2019-10-25 12:00:00","Midlands",11.886
"2019-10-25 12:00:00","North East and Yorkshire",10.94
"2019-10-25 12:00:00","East of England",12.087
"2019-10-25 12:00:00","North West",10.943
"2019-10-26 12:00:00","London",11.706
"2019-10-26 12:00:00","South East",10.697
"2019-10-26 12:00:00","South West",11.313
"2019-10-26 12:00:00","Midlands",10.17
"2019-10-26 12:00:00","North East and Yorkshire",10.281
"2019-10-26 12:00:00","East of England",10.734
"2019-10-26 12:00:00","North West",10.278
"2019-10-27 12:00:00","London",13.84
"2019-10-27 12:00:00","South East",12.605
"2019-10-27 12:00:00","South West",12.6
"2019-10-27 12:00:00","Midlands",11.589
"2019-10-27 12:00:00","North East and Yorkshire",10.414
"2019-10-27 12:00:00","East of England",12.633
"2019-10-27 12:00:00","North West",10.416
"2019-10-28 12:00:00","London",9.535
"2019-10-28 12:00:00","South East",8.181
"2019-10-28 12:00:00","South West",9.184
"2019-10-28 12:00:00","Midlands",8.257
"2019-10-28 12:00:00","North East and Yorkshire",7.822
"2019-10-28 12:00:00","East of England",8.83
"2019-10-28 12:00:00","North West",7.991
"2019-10-29 12:00:00","London",10.759
"2019-10-29 12:00:00","South East",9.422
"2019-10-29 12:00:00","South West",8.768
"2019-10-29 12:00:00","Midlands",8.724
"2019-10-29 12:00:00","North East and Yorkshire",7.865
"2019-10-29 12:00:00","East of England",10.232
"2019-10-29 12:00:00","North West",8.346
"2019-10-30 12:00:00","London",9.323
"2019-10-30 12:00:00","South East",8.231
"2019-10-30 12:00:00","South West",8.705
"2019-10-30 12:00:00","Midlands",8.686
"2019-10-30 12:00:00","North East and Yorkshire",7.676
"2019-10-30 12:00:00","East of England",9.086
"2019-10-30 12:00:00","North West",7.393
"2019-10-31 12:00:00","London",9.806
"2019-10-31 12:00:00","South East",8.814
"2019-10-31 12:00:00","South West",11.404
"2019-10-31 12:00:00","Midlands",11.224
"2019-10-31 12:00:00","North East and Yorkshire",9.645
"2019-10-31 12:00:00","East of England",8.399
"2019-10-31 12:00:00","North West",10.368
"2019-11-01 12:00:00","London",14.011
"2019-11-01 12:00:00","South East",12.614
"2019-11-01 12:00:00","South West",12.406
"2019-11-01 12:00:00","Midlands",12.356
"2019-11-01 12:00:00","North East and Yorkshire",12.554
"2019-11-01 12:00:00","East of England",13.269
"2019-11-01 12:00:00","North West",11.63
"2019-11-02 12:00:00","London",7.584
"2019-11-02 12:00:00","South East",6.408
"2019-11-02 12:00:00","South West",9.335
"2019-11-02 12:00:00","Midlands",11.607
"2019-11-02 12:00:00","North East and Yorkshire",11.899
"2019-11-02 12:00:00","East of England",6.763
"2019-11-02 12:00:00","North West",11.265
"2019-11-03 12:00:00","London",7.915
"2019-11-03 12:00:00","South East",6.979
"2019-11-03 12:00:00","South West",10.125
"2019-11-03 12:00:00","Midlands",11.004
"2019-11-03 12:00:00","North East and Yorkshire",9.203
"2019-11-03 12:00:00","East of England",7.394
"2019-11-03 12:00:00","North West",9.133
"2019-11-04 12:00:00","London",6.677
"2019-11-04 12:00:00","South East",5.345
"2019-11-04 12:00:00","South West",5.099
"2019-11-04 12:00:00","Midlands",6.333
"2019-11-04 12:00:00","North East and Yorkshire",7.016
"2019-11-04 12:00:00","East of England",6.111
"2019-11-04 12:00:00","North West",7.129
"2019-11-05 12:00:00","London",3.032
"2019-11-05 12:00:00","South East",2.406
"2019-11-05 12:00:00","South West",3.209
"2019-11-05 12:00:00","Midlands",2.92
"2019-11-05 12:00:00","North East and Yorkshire",3.706
"2019-11-05 12:00:00","East of England",2.592
"2019-11-05 12:00:00","North West",4.497
"2019-11-06 12:00:00","London",2.784
"2019-11-06 12:00:00","South East",2.102
"2019-11-06 12:00:00","South West",3.119
"2019-11-06 12:00:00","Midlands",2.08
"2019-11-06 12:00:00","North East and Yorkshire",-0.028
"2019-11-06 12:00:00","East of England",2.192
"2019-11-06 12:00:00","North West",1.284
"2019-11-07 12:00:00","London",3.686
"2019-11-07 12:00:00","South East",1.964
"2019-11-07 12:00:00","South West",0.568
"2019-11-07 12:00:00","Midlands",2.856
"2019-11-07 12:00:00","North East and Yorkshire",1.072
"2019-11-07 12:00:00","East of England",2.884
"2019-11-07 12:00:00","North West",2.761
"2019-11-08 12:00:00","London",3.497
"2019-11-08 12:00:00","South East",2.147
"2019-11-08 12:00:00","South West",1.985
"2019-11-08 12:00:00","Midlands",2.977
"2019-11-08 12:00:00","North East and Yorkshire",3.852
"2019-11-08 12:00:00","East of England",2.675
"2019-11-08 12:00:00","North West",3.984
"2019-11-09 12:00:00","London",4.524
"2019-11-09 12:00:00","South East",3.633
"2019-11-09 12:00:00","South West",4.427
"2019-11-09 12:00:00","Midlands",4.728
"2019-11-09 12:00:00","North East and Yorkshire",5.69
"2019-11-09 12:00:00","East of England",3.425
"2019-11-09 12:00:00","North West",5.289
"2019-11-10 12:00:00","London",1.456
"2019-11-10 12:00:00","South East",1.407
"2019-11-10 12:00:00","South West",1.759
"2019-11-10 12:00:00","Midlands",4.707
"2019-11-10 12:00:00","North East and Yorkshire",5.776
"2019-11-10 12:00:00","East of England",2.223
"2019-11-10 12:00:00","North West",4.516
"2019-11-11 12:00:00","London",2.686
"2019-11-11 12:00:00","South East",1.695
"2019-11-11 12:00:00","South West",2.225
"2019-11-11 12:00:00","Midlands",1.956
"2019-11-11 12:00:00","North East and Yorkshire",1.835
"2019-11-11 12:00:00","East of England",2.905
"2019-11-11 12:00:00","North West",0.144
"2019-11-12 12:00:00","London",10.826
"2019-11-12 12:00:00","South East",9.59
"2019-11-12 12:00:00","South West",8.6
"2019-11-12 12:00:00","Midlands",9.004
"2019-11-12 12:00:00","North East and Yorkshire",7.975
"2019-11-12 12:00:00","East of England",10.263
"2019-11-12 12:00:00","North West",7.911
"2019-11-13 12:00:00","London",9.466
"2019-11-13 12:00:00","South East",8.574
"2019-11-13 12:00:00","South West",9.057
"2019-11-13 12:00:00","Midlands",8.487
"2019-11-13 12:00:00","North East and Yorkshire",8.304
"2019-11-13 12:00:00","East of England",8.295
"2019-11-13 12:00:00","North West",8.614
"2019-11-14 12:00:00","London",7.403
"2019-11-14 12:00:00","South East",5.944
"2019-11-14 12:00:00","South West",5.266
"2019-11-14 12:00:00","Midlands",3.594
"2019-11-14 12:00:00","North East and Yorkshire",4.173
"2019-11-14 12:00:00","East of England",4.944
"2019-11-14 12:00:00","North West",4.688
"2019-11-15 12:00:00","London",9.38
"2019-11-15 12:00:00","South East",7.859
"2019-11-15 12:00:00","South West",7.007
"2019-11-15 12:00:00","Midlands",7.081
"2019-11-15 12:00:00","North East and Yorkshire",7.198
"2019-11-15 12:00:00","East of England",8.594
"2019-11-15 12:00:00","North West",6.449
"2019-11-16 12:00:00","London",8.916
"2019-11-16 12:00:00","South East",7.692
"2019-11-16 12:00:00","South West",7.144
"2019-11-16 12:00:00","Midlands",7.081
"2019-11-16 12:00:00","North East and Yorkshire",6.397
"2019-11-16 12:00:00","East of England",8.118
"2019-11-16 12:00:00","North West",6.891
"2019-11-17 12:00:00","London",3.953
"2019-11-17 12:00:00","South East",3.061
"2019-11-17 12:00:00","South West",4.149
"2019-11-17 12:00:00","Midlands",5.641
"2019-11-17 12:00:00","North East and Yorkshire",6.478
"2019-11-17 12:00:00","East of England",3.916
"2019-11-17 12:00:00","North West",5.114
"2019-11-18 12:00:00","London",7.845
"2019-11-18 12:00:00","South East",7.036
"2019-11-18 12:00:00","South West",7.429
"2019-11-18 12:00:00","Midlands",7.971
"2019-11-18 12:00:00","North East and Yorkshire",7.563
"2019-11-18 12:00:00","East of England",7.42
"2019-11-18 12:00:00","North West",6.714
"2019-11-19 12:00:00","London",4.758
"2019-11-19 12:00:00","South East",4.296
"2019-11-19 12:00:00","South West",7.26
"2019-11-19 12:00:00","Midlands",6.734
"2019-11-19 12:00:00","North East and Yorkshire",6.638
"2019-11-19 12:00:00","East of England",4.077
"2019-11-19 12:00:00","North West",6.982
"2019-11-20 12:00:00","London",9.491
"2019-11-20 12:00:00","South East",9.046
"2019-11-20 12:00:00","South West",9.587
"2019-11-20 12:00:00","Midlands",8.342
"2019-11-20 12:00:00","North East and Yorkshire",6.866
"2019-11-20 12:00:00","East of England",7.883
"2019-11-20 12:00:00","North West",7.532
"2019-11-21 12:00:00","London",8.674
"2019-11-21 12:00:00","South East",7.688
"2019-11-21 12:00:00","South West",7.55
"2019-11-21 12:00:00","Midlands",6.375
"2019-11-21 12:00:00","North East and Yorkshire",5.493
"2019-11-21 12:00:00","East of England",8.087
"2019-11-21 12:00:00","North West",5.949
"2019-11-22 12:00:00","London",7.602
"2019-11-22 12:00:00","South East",6.674
"2019-11-22 12:00:00","South West",6.381
"2019-11-22 12:00:00","Midlands",6.768
"2019-11-22 12:00:00","North East and Yorkshire",7.951
"2019-11-22 12:00:00","East of England",7.245
"2019-11-22 12:00:00","North West",6.814
"2019-11-23 12:00:00","London",4.341
"2019-11-23 12:00:00","South East",3.881
"2019-11-23 12:00:00","South West",5.34
"2019-11-23 12:00:00","Midlands",4.237
"2019-11-23 12:00:00","North East and Yorkshire",4.012
"2019-11-23 12:00:00","East of England",4.051
"2019-11-23 12:00:00","North West",4.83
"2019-11-24 12:00:00","London",7.443
"2019-11-24 12:00:00","South East",6.06
"2019-11-24 12:00:00","South West",6.181
"2019-11-24 12:00:00","Midlands",5.718
"2019-11-24 12:00:00","North East and Yorkshire",5.435
"2019-11-24 12:00:00","East of England",5.917
"2019-11-24 12:00:00","North West",5.303
"2019-11-25 12:00:00","London",6.926
"2019-11-25 12:00:00","South East",5.801
"2019-11-25 12:00:00","South West",5.541
"2019-11-25 12:00:00","Midlands",5.513
"2019-11-25 12:00:00","North East and Yorkshire",5.168
"2019-11-25 12:00:00","East of England",6.042
"2019-11-25 12:00:00","North West",5.818
"2019-11-26 12:00:00","London",6.946
"2019-11-26 12:00:00","South East",6.205
"2019-11-26 12:00:00","South West",6.366
"2019-11-26 12:00:00","Midlands",4.614
"2019-11-26 12:00:00","North East and Yorkshire",4.073
"2019-11-26 12:00:00","East of England",5.438
"2019-11-26 12:00:00","North West",4.153
"2019-11-27 12:00:00","London",2.578
"2019-11-27 12:00:00","South East",2.001
"2019-11-27 12:00:00","South West",1.141
"2019-11-27 12:00:00","Midlands",1.929
"2019-11-27 12:00:00","North East and Yorkshire",2.868
"2019-11-27 12:00:00","East of England",2.628
"2019-11-27 12:00:00","North West",3.409
"2019-11-28 12:00:00","London",0.413
"2019-11-28 12:00:00","South East",0.096
"2019-11-28 12:00:00","South West",1.501
"2019-11-28 12:00:00","Midlands",0.9
"2019-11-28 12:00:00","North East and Yorkshire",2.803
"2019-11-28 12:00:00","East of England",-0.445
"2019-11-28 12:00:00","North West",2.852
"2019-11-29 12:00:00","London",6.244
"2019-11-29 12:00:00","South East",5.402
"2019-11-29 12:00:00","South West",6.593
"2019-11-29 12:00:00","Midlands",3.132
"2019-11-29 12:00:00","North East and Yorkshire",4.007
"2019-11-29 12:00:00","East of England",5.101
"2019-11-29 12:00:00","North West",2.645
"2019-11-30 12:00:00","London",4.754
"2019-11-30 12:00:00","South East",4.573
"2019-11-30 12:00:00","South West",6.36
"2019-11-30 12:00:00","Midlands",4.923
"2019-11-30 12:00:00","North East and Yorkshire",5.912
"2019-11-30 12:00:00","East of England",4.625
"2019-11-30 12:00:00","North West",4.694
"2019-12-01 12:00:00","London",6.884
"2019-12-01 12:00:00","South East",5.678
"2019-12-01 12:00:00","South West",6.792
"2019-12-01 12:00:00","Midlands",6.504
"2019-12-01 12:00:00","North East and Yorkshire",6.812
"2019-12-01 12:00:00","East of England",5.642
"2019-12-01 12:00:00","North West",6.376
"2019-12-02 12:00:00","London",1.579
"2019-12-02 12:00:00","South East",1.731
"2019-12-02 12:00:00","South West",3.272
"2019-12-02 12:00:00","Midlands",3.357
"2019-12-02 12:00:00","North East and Yorkshire",4.028
"2019-12-02 12:00:00","East of England",2.189
"2019-12-02 12:00:00","North West",2.002
"2019-12-03 12:00:00","London",3.906
"2019-12-03 12:00:00","South East",3.248
"2019-12-03 12:00:00","South West",4.193
"2019-12-03 12:00:00","Midlands",3.339
"2019-12-03 12:00:00","North East and Yorkshire",3.116
"2019-12-03 12:00:00","East of England",3.061
"2019-12-03 12:00:00","North West",3.628
"2019-12-04 12:00:00","London",8.321
"2019-12-04 12:00:00","South East",7.258
"2019-12-04 12:00:00","South West",7.14
"2019-12-04 12:00:00","Midlands",6.532
"2019-12-04 12:00:00","North East and Yorkshire",8.231
"2019-12-04 12:00:00","East of England",7.491
"2019-12-04 12:00:00","North West",6.96
"2019-12-05 12:00:00","London",6.063
"2019-12-05 12:00:00","South East",5.565
"2019-12-05 12:00:00","South West",5.072
"2019-12-05 12:00:00","Midlands",5.434
"2019-12-05 12:00:00","North East and Yorkshire",4.914
"2019-12-05 12:00:00","East of England",5.669
"2019-12-05 12:00:00","North West",3.77
"2019-12-06 12:00:00","London",5.516
"2019-12-06 12:00:00","South East",4.628
"2019-12-06 12:00:00","South West",3.972
"2019-12-06 12:00:00","Midlands",1.796
"2019-12-06 12:00:00","North East and Yorkshire",2.199
"2019-12-06 12:00:00","East of England",4.197
"2019-12-06 12:00:00","North West",2.608
"2019-12-07 12:00:00","London",3.338
"2019-12-07 12:00:00","South East",3.049
"2019-12-07 12:00:00","South West",4.33
"2019-12-07 12:00:00","Midlands",1.034
"2019-12-07 12:00:00","North East and Yorkshire",1.701
"2019-12-07 12:00:00","East of England",2.608
"2019-12-07 12:00:00","North West",2.58
"2019-12-08 12:00:00","London",2.889
"2019-12-08 12:00:00","South East",1.933
"2019-12-08 12:00:00","South West",4.165
"2019-12-08 12:00:00","Midlands",1.854
"2019-12-08 12:00:00","North East and Yorkshire",3.094
"2019-12-08 12:00:00","East of England",2.38
"2019-12-08 12:00:00","North West",3.735
"2019-12-09 12:00:00","London",3.151
"2019-12-09 12:00:00","South East",2.947
"2019-12-09 12:00:00","South West",5.117
"2019-12-09 12:00:00","Midlands",5.216
"2019-12-09 12:00:00","North East and Yorkshire",6.75
"2019-12-09 12:00:00","East of England",3.895
"2019-12-09 12:00:00","North West",6.013
"2019-12-10 12:00:00","London",9.902
"2019-12-10 12:00:00","South East",8.781
"2019-12-10 12:00:00","South West",8.182
"2019-12-10 12:00:00","Midlands",3.488
"2019-12-10 12:00:00","North East and Yorkshire",1.723
"2019-12-10 12:00:00","East of England",7.579
"2019-12-10 12:00:00","North West",1.708
"2019-12-11 12:00:00","London",9.649
"2019-12-11 12:00:00","South East",8.784
"2019-12-11 12:00:00","South West",8.146
"2019-12-11 12:00:00","Midlands",3.178
"2019-12-11 12:00:00","North East and Yorkshire",1.32
"2019-12-11 12:00:00","East of England",6.645
"2019-12-11 12:00:00","North West",2.241
"2019-12-12 12:00:00","London",3.883
"2019-12-12 12:00:00","South East",3.06
"2019-12-12 12:00:00","South West",2.621
"2019-12-12 12:00:00","Midlands",0.841
"2019-12-12 12:00:00","North East and Yorkshire",0.575
"2019-12-12 12:00:00","East of England",2.939
"2019-12-12 12:00:00","North West",0.554
"2019-12-13 12:00:00","London",0.23
"2019-12-13 12:00:00","South East",-0.851
"2019-12-13 12:00:00","South West",-1.005
"2019-12-13 12:00:00","Midlands",-1.761
"2019-12-13 12:00:00","North East and Yorkshire",-1.276
"2019-12-13 12:00:00","East of England",0.188
"2019-12-13 12:00:00","North West",-2.418
"2019-12-14 12:00:00","London",-0.25
"2019-12-14 12:00:00","South East",-1.11
"2019-12-14 12:00:00","South West",0.05
"2019-12-14 12:00:00","Midlands",-1.039
"2019-12-14 12:00:00","North East and Yorkshire",-0.742
"2019-12-14 12:00:00","East of England",-0.32
"2019-12-14 12:00:00","North West",-1.916
"2019-12-15 12:00:00","London",5.184
"2019-12-15 12:00:00","South East",4.82
"2019-12-15 12:00:00","South West",4.187
"2019-12-15 12:00:00","Midlands",2.761
"2019-12-15 12:00:00","North East and Yorkshire",2.049
"2019-12-15 12:00:00","East of England",3.62
"2019-12-15 12:00:00","North West",2.658
"2019-12-16 12:00:00","London",-1.186
"2019-12-16 12:00:00","South East",-1.179
"2019-12-16 12:00:00","South West",0.37
"2019-12-16 12:00:00","Midlands",-0.511
"2019-12-16 12:00:00","North East and Yorkshire",-0.843
"2019-12-16 12:00:00","East of England",-1.177
"2019-12-16 12:00:00","North West",0.402
"2019-12-17 12:00:00","London",-0.182
"2019-12-17 12:00:00","South East",-1.083
"2019-12-17 12:00:00","South West",-0.586
"2019-12-17 12:00:00","Midlands",0.138
"2019-12-17 12:00:00","North East and Yorkshire",2.336
"2019-12-17 12:00:00","East of England",-0.374
"2019-12-17 12:00:00","North West",0.236
"2019-12-18 12:00:00","London",-0.371
"2019-12-18 12:00:00","South East",-1.188
"2019-12-18 12:00:00","South West",-0.459
"2019-12-18 12:00:00","Midlands",-0.314
"2019-12-18 12:00:00","North East and Yorkshire",1.876
"2019-12-18 12:00:00","East of England",-0.497
"2019-12-18 12:00:00","North West",0.784
"2019-12-19 12:00:00","London",-1.58
"2019-12-19 12:00:00","South East",-2.537
"2019-12-19 12:00:00","South West",-1.06
"2019-12-19 12:00:00","Midlands",0.399
"2019-12-19 12:00:00","North East and Yorkshire",3.001
"2019-12-19 12:00:00","East of England",-1.473
"2019-12-19 12:00:00","North West",2.098
"2019-12-20 12:00:00","London",1.675
"2019-12-20 12:00:00","South East",0.573
"2019-12-20 12:00:00","South West",2.542
"2019-12-20 12:00:00","Midlands",2.646
"2019-12-20 12:00:00","North East and Yorkshire",5.338
"2019-12-20 12:00:00","East of England",1.686
"2019-12-20 12:00:00","North West",4.558
"2019-12-21 12:00:00","London",6.503
"2019-12-21 12:00:00","South East",5.948
"2019-12-21 12:00:00","South West",6.375
"2019-12-21 12:00:00","Midlands",7.117
"2019-12-21 12:00:00","North East and Yorkshire",7.203
"2019-12-21 12:00:00","East of England",6.281
"2019-12-21 12:00:00","North West",7.292
"2019-12-22 12:00:00","London",7.966
"2019-12-22 12:00:00","South East",7.294
"2019-12-22 12:00:00","South West",7.318
"2019-12-22 12:00:00","Midlands",6.89
"2019-12-22 12:00:00","North East and Yorkshire",6.495
"2019-12-22 12:00:00","East of England",7.352
"2019-12-22 12:00:00","North West",6.267
"2019-12-23 12:00:00","London",6.33
"2019-12-23 12:00:00","South East",5.465
"2019-12-23 12:00:00","South West",5.041
"2019-12-23 12:00:00","Midlands",4.828
"2019-12-23 12:00:00","North East and Yorkshire",4.465
"2019-12-23 12:00:00","East of England",4.756
"2019-12-23 12:00:00","North West",5.137
"2019-12-24 12:00:00","London",1.956
"2019-12-24 12:00:00","South East",1.131
"2019-12-24 12:00:00","South West",0.682
"2019-12-24 12:00:00","Midlands",0.576
"2019-12-24 12:00:00","North East and Yorkshire",0.887
"2019-12-24 12:00:00","East of England",0.961
"2019-12-24 12:00:00","North West",1.037
"2019-12-25 12:00:00","London",2.647
"2019-12-25 12:00:00","South East",1.427
"2019-12-25 12:00:00","South West",0.476
"2019-12-25 12:00:00","Midlands",-0.052
"2019-12-25 12:00:00","North East and Yorkshire",0.093
"2019-12-25 12:00:00","East of England",1.898
"2019-12-25 12:00:00","North West",-0.447
"2019-12-26 12:00:00","London",0.003
"2019-12-26 12:00:00","South East",-1.358
"2019-12-26 12:00:00","South West",-3.472
"2019-12-26 12:00:00","Midlands",-4.141
"2019-12-26 12:00:00","North East and Yorkshire",-3.2
"2019-12-26 12:00:00","East of England",-0.67
"2019-12-26 12:00:00","North West",-3.731
"2019-12-27 12:00:00","London",-1.873
"2019-12-27 12:00:00","South East",-2.793
"2019-12-27 12:00:00","South West",-2.683
"2019-12-27 12:00:00","Midlands",-3.45
"2019-12-27 12:00:00","North East and Yorkshire",-1.573
"2019-12-27 12:00:00","East of England",-2.517
"2019-12-27 12:00:00","North West",-1.651
"2019-12-28 12:00:00","London",-0.806
"2019-12-28 12:00:00","South East",-1.516
"2019-12-28 12:00:00","South West",-0.922
"2019-12-28 12:00:00","Midlands",-0.7
"2019-12-28 12:00:00","North East and Yorkshire",-3.914
"2019-12-28 12:00:00","East of England",-2.291
"2019-12-28 12:00:00","North West",-1.981
"2019-12-29 12:00:00","London",-2.404
"2019-12-29 12:00:00","South East",-2.833
"2019-12-29 12:00:00","South West",-2.499
"2019-12-29 12:00:00","Midlands",-1.933
"2019-12-29 12:00:00","North East and Yorkshire",-3.112
"2019-12-29 12:00:00","East of England",-2.883
"2019-12-29 12:00:00","North West",-1.872
"2019-12-30 12:00:00","London",-0.88
"2019-12-30 12:00:00","South East",-1.443
"2019-12-30 12:00:00","South West",-1.528
"2019-12-30 12:00:00","Midlands",0.228
"2019-12-30 12:00:00","North East and Yorkshire",2.94
"2019-12-30 12:00:00","East of England",-0.836
"2019-12-30 12:00:00","North West",2.935
"2019-12-31 12:00:00","London",4.003
"2019-12-31 12:00:00","South East",3.956
"2019-12-31 12:00:00","South West",4.724
"2019-12-31 12:00:00","Midlands",3.359
"2019-12-31 12:00:00","North East and Yorkshire",4.305
"2019-12-31 12:00:00","East of England",3.857
"2019-12-31 12:00:00","North West",4.054
"2020-01-01 12:00:00","London",7.549
"2020-01-01 12:00:00","South East",7.253
"2020-01-01 12:00:00","South West",7.891
"2020-01-01 12:00:00","Midlands",5.708
"2020-01-01 12:00:00","North East and Yorkshire",5.012
"2020-01-01 12:00:00","East of England",5.949
"2020-01-01 12:00:00","North West",5.412
"2020-01-02 12:00:00","London",3.539
"2020-01-02 12:00:00","South East",3.475
"2020-01-02 12:00:00","South West",5.411
"2020-01-02 12:00:00","Midlands",3.044
"2020-01-02 12:00:00","North East and Yorkshire",2.684
"2020-01-02 12:00:00","East of England",2.575
"2020-01-02 12:00:00","North West",3.251
"2020-01-03 12:00:00","London",7.337
"2020-01-03 12:00:00","South East",6.197
"2020-01-03 12:00:00","South West",4.958
"2020-01-03 12:00:00","Midlands",4.977
"2020-01-03 12:00:00","North East and Yorkshire",4.292
"2020-01-03 12:00:00","East of England",6.234
"2020-01-03 12:00:00","North West",4.783
"2020-01-04 12:00:00","London",-0.735
"2020-01-04 12:00:00","South East",-1.174
"2020-01-04 12:00:00","South West",-0.2
"2020-01-04 12:00:00","Midlands",2.243
"2020-01-04 12:00:00","North East and Yorkshire",3.455
"2020-01-04 12:00:00","East of England",-0.016
"2020-01-04 12:00:00","North West",3.403
"2020-01-05 12:00:00","London",0.9
"2020-01-05 12:00:00","South East",0.819
"2020-01-05 12:00:00","South West",3.125
"2020-01-05 12:00:00","Midlands",2.601
"2020-01-05 12:00:00","North East and Yorkshire",3.842
"2020-01-05 12:00:00","East of England",1.103
"2020-01-05 12:00:00","North West",4.616
"2020-01-06 12:00:00","London",3.834
"2020-01-06 12:00:00","South East",4.69
"2020-01-06 12:00:00","South West",7.088
"2020-01-06 12:00:00","Midlands",4.662
"2020-01-06 12:00:00","North East and Yorkshire",4.68
"2020-01-06 12:00:00","East of England",3.739
"2020-01-06 12:00:00","North West",5.904
"2020-01-07 12:00:00","London",6.232
"2020-01-07 12:00:00","South East",4.865
"2020-01-07 12:00:00","South West",5.163
"2020-01-07 12:00:00","Midlands",5.208
"2020-01-07 12:00:00","North East and Yorkshire",4.443
"2020-01-07 12:00:00","East of England",5.647
"2020-01-07 12:00:00","North West",4.768
"2020-01-08 12:00:00","London",2.486
"2020-01-08 12:00:00","South East",0.803
"2020-01-08 12:00:00","South West",0.758
"2020-01-08 12:00:00","Midlands",0.374
"2020-01-08 12:00:00","North East and Yorkshire",1.532
"2020-01-08 12:00:00","East of England",2.116
"2020-01-08 12:00:00","North West",-0.279
"2020-01-09 12:00:00","London",0.278
"2020-01-09 12:00:00","South East",-0.9
"2020-01-09 12:00:00","South West",-1.84
"2020-01-09 12:00:00","Midlands",-0.984
"2020-01-09 12:00:00","North East and Yorkshire",0.047
"2020-01-09 12:00:00","East of England",0.13
"2020-01-09 12:00:00","North West",-0.906
"2020-01-10 12:00:00","London",1.631
"2020-01-10 12:00:00","South East",0.456
"2020-01-10 12:00:00","South West",-0.256
"2020-01-10 12:00:00","Midlands",1.304
"2020-01-10 12:00:00","North East and Yorkshire",3.231
"2020-01-10 12:00:00","East of England",1.301
"2020-01-10 12:00:00","North West",2.636
"2020-01-11 12:00:00","London",4.916
"2020-01-11 12:00:00","South East",4.076
"2020-01-11 12:00:00","South West",5.491
"2020-01-11 12:00:00","Midlands",4.733
"2020-01-11 12:00:00","North East and Yorkshire",4.806
"2020-01-11 12:00:00","East of England",5.038
"2020-01-11 12:00:00","North West",4.528
"2020-01-12 12:00:00","London",8.691
"2020-01-12 12:00:00","South East",7.407
"2020-01-12 12:00:00","South West",7.892
"2020-01-12 12:00:00","Midlands",7.847
"2020-01-12 12:00:00","North East and Yorkshire",7.69
"2020-01-12 12:00:00","East of England",7.609
"2020-01-12 12:00:00","North West",7.608
"2020-01-13 12:00:00","London",6.778
"2020-01-13 12:00:00","South East",4.966
"2020-01-13 12:00:00","South West",5.643
"2020-01-13 12:00:00","Midlands",5.74
"2020-01-13 12:00:00","North East and Yorkshire",4.497
"2020-01-13 12:00:00","East of England",5.038
"2020-01-13 12:00:00","North West",5.97
"2020-01-14 12:00:00","London",9.181
"2020-01-14 12:00:00","South East",8.214
"2020-01-14 12:00:00","South West",8.436
"2020-01-14 12:00:00","Midlands",8.753
"2020-01-14 12:00:00","North East and Yorkshire",8.484
"2020-01-14 12:00:00","East of England",8.531
"2020-01-14 12:00:00","North West",8.273
"2020-01-15 12:00:00","London",4.283
"2020-01-15 12:00:00","South East",3.901
"2020-01-15 12:00:00","South West",5.001
"2020-01-15 12:00:00","Midlands",1.022
"2020-01-15 12:00:00","North East and Yorkshire",-0.156
"2020-01-15 12:00:00","East of England",3.127
"2020-01-15 12:00:00","North West",0.058
"2020-01-16 12:00:00","London",4.553
"2020-01-16 12:00:00","South East",3.942
"2020-01-16 12:00:00","South West",4.787
"2020-01-16 12:00:00","Midlands",1.073
"2020-01-16 12:00:00","North East and Yorkshire",-0.512
"2020-01-16 12:00:00","East of England",2.18
"2020-01-16 12:00:00","North West",0.81
"2020-01-17 12:00:00","London",5.09
"2020-01-17 12:00:00","South East",5.623
"2020-01-17 12:00:00","South West",7.295
"2020-01-17 12:00:00","Midlands",2.102
"2020-01-17 12:00:00","North East and Yorkshire",0.395
"2020-01-17 12:00:00","East of England",3.59
"2020-01-17 12:00:00","North West",1.23
"2020-01-18 12:00:00","London",6.723
"2020-01-18 12:00:00","South East",5.553
"2020-01-18 12:00:00","South West",4.671
"2020-01-18 12:00:00","Midlands",4.36
"2020-01-18 12:00:00","North East and Yorkshire",2.497
"2020-01-18 12:00:00","East of England",6.452
"2020-01-18 12:00:00","North West",2.158
"2020-01-19 12:00:00","London",6.681
"2020-01-19 12:00:00","South East",5.89
"2020-01-19 12:00:00","South West",6.096
"2020-01-19 12:00:00","Midlands",4.076
"2020-01-19 12:00:00","North East and Yorkshire",3.531
"2020-01-19 12:00:00","East of England",5.309
"2020-01-19 12:00:00","North West",2.106
"2020-01-20 12:00:00","London",2.277
"2020-01-20 12:00:00","South East",1.448
"2020-01-20 12:00:00","South West",1.433
"2020-01-20 12:00:00","Midlands",1.587
"2020-01-20 12:00:00","North East and Yorkshire",2.245
"2020-01-20 12:00:00","East of England",1.947
"2020-01-20 12:00:00","North West",2.368
"2020-01-21 12:00:00","London",-2.531
"2020-01-21 12:00:00","South East",-2.838
"2020-01-21 12:00:00","South West",-0.133
"2020-01-21 12:00:00","Midlands",-1.183
"2020-01-21 12:00:00","North East and Yorkshire",-1.188
"2020-01-21 12:00:00","East of England",-2.894
"2020-01-21 12:00:00","North West",-0.324
"2020-01-22 12:00:00","London",-1.671
"2020-01-22 12:00:00","South East",-2.388
"2020-01-22 12:00:00","South West",-1.526
"2020-01-22 12:00:00","Midlands",-2.744
"2020-01-22 12:00:00","North East and Yorkshire",-2.715
"2020-01-22 12:00:00","East of England",-1.833
"2020-01-22 12:00:00","North West",-1.216
"2020-01-23 12:00:00","London",-4.745
"2020-01-23 12:00:00","South East",-5.745
"2020-01-23 12:00:00","South West",-4.348
"2020-01-23 12:00:00","Midlands",-6.085
"2020-01-23 12:00:00","North East and Yorkshire",-5.761
"2020-01-23 12:00:00","East of England",-5.84
"2020-01-23 12:00:00","North West",-3.915
"2020-01-24 12:00:00","London",-3.033
"2020-01-24 12:00:00","South East",-3.29
"2020-01-24 12:00:00","South West",-1.599
"2020-01-24 12:00:00","Midlands",-4.363
"2020-01-24 12:00:00","North East and Yorkshire",-5.003
"2020-01-24 12:00:00","East of England",-4.307
"2020-01-24 12:00:00","North West",-3.461
"2020-01-25 12:00:00","London",0.992
"2020-01-25 12:00:00","South East",-0.461
"2020-01-25 12:00:00","South West",-1.515
"2020-01-25 12:00:00","Midlands",-1.995
"2020-01-25 12:00:00","North East and Yorkshire",-1.8
"2020-01-25 12:00:00","East of England",0.066
"2020-01-25 12:00:00","North West",-2.382
"2020-01-26 12:00:00","London",-3.396
"2020-01-26 12:00:00","South East",-4.278
"2020-01-26 12:00:00","South West",-4.711
"2020-01-26 12:00:00","Midlands",-5.272
"2020-01-26 12:00:00","North East and Yorkshire",-5.43
"2020-01-26 12:00:00","East of England",-3.721
"2020-01-26 12:00:00","North West",-4.55
"2020-01-27 12:00:00","London",-1.954
"2020-01-27 12:00:00","South East",-2.423
"2020-01-27 12:00:00","South West",-2.454
"2020-01-27 12:00:00","Midlands",-2.81
"2020-01-27 12:00:00","North East and Yorkshire",-1.705
"2020-01-27 12:00:00","East of England",-2.237
"2020-01-27 12:00:00","North West",-1.336
"2020-01-28 12:00:00","London",9.181
"2020-01-28 12:00:00","South East",8.214
"2020-01-28 12:00:00","South West",8.436
"2020-01-28 12:00:00","Midlands",8.753
"2020-01-28 12:00:00","North East and Yorkshire",8.484
"2020-01-28 12:00:00","East of England",8.531
"2020-01-28 12:00:00","North West",8.273
"2020-01-29 12:00:00","London",4.283
"2020-01-29 12:00:00","South East",3.901
"2020-01-29 12:00:00","South West",5.001
"2020-01-29 12:00:00","Midlands",1.022
"2020-01-29 12:00:00","North East and Yorkshire",-0.156
"2020-01-29 12:00:00","East of England",3.127
"2020-01-29 12:00:00","North West",0.058
"2020-01-30 12:00:00","London",4.553
"2020-01-30 12:00:00","South East",3.942
"2020-01-30 12:00:00","South West",4.787
"2020-01-30 12:00:00","Midlands",1.073
"2020-01-30 12:00:00","North East and Yorkshire",-0.512
"2020-01-30 12:00:00","East of England",2.18
"2020-01-30 12:00:00","North West",0.81
"2020-01-31 12:00:00","London",5.09
"2020-01-31 12:00:00","South East",5.623
"2020-01-31 12:00:00","South West",7.295
"2020-01-31 12:00:00","Midlands",2.102
"2020-01-31 12:00:00","North East and Yorkshire",0.395
"2020-01-31 12:00:00","East of England",3.59
"2020-01-31 12:00:00","North West",1.23
"2020-02-01 12:00:00","London",6.723
"2020-02-01 12:00:00","South East",5.553
"2020-02-01 12:00:00","South West",4.671
"2020-02-01 12:00:00","Midlands",4.36
"2020-02-01 12:00:00","North East and Yorkshire",2.497
"2020-02-01 12:00:00","East of England",6.452
"2020-02-01 12:00:00","North West",2.158
"2020-02-02 12:00:00","London",6.681
"2020-02-02 12:00:00","South East",5.89
"2020-02-02 12:00:00","South West",6.096
"2020-02-02 12:00:00","Midlands",4.076
"2020-02-02 12:00:00","North East and Yorkshire",3.531
"2020-02-02 12:00:00","East of England",5.309
"2020-02-02 12:00:00","North West",2.106
"2020-02-03 12:00:00","London",2.277
"2020-02-03 12:00:00","South East",1.448
"2020-02-03 12:00:00","South West",1.433
"2020-02-03 12:00:00","Midlands",1.587
"2020-02-03 12:00:00","North East and Yorkshire",2.245
"2020-02-03 12:00:00","East of England",1.947
"2020-02-03 12:00:00","North West",2.368
"2020-02-04 12:00:00","London",3.849
"2020-02-04 12:00:00","South East",3.418
"2020-02-04 12:00:00","South West",5.275
"2020-02-04 12:00:00","Midlands",4.21
"2020-02-04 12:00:00","North East and Yorkshire",3.38
"2020-02-04 12:00:00","East of England",2.208
"2020-02-04 12:00:00","North West",4.716
"2020-02-05 12:00:00","London",7.894
"2020-02-05 12:00:00","South East",6.804
"2020-02-05 12:00:00","South West",7.215
"2020-02-05 12:00:00","Midlands",8.124
"2020-02-05 12:00:00","North East and Yorkshire",7.535
"2020-02-05 12:00:00","East of England",8.032
"2020-02-05 12:00:00","North West",7.539
"2020-02-06 12:00:00","London",6.959
"2020-02-06 12:00:00","South East",6.027
"2020-02-06 12:00:00","South West",5.705
"2020-02-06 12:00:00","Midlands",6.521
"2020-02-06 12:00:00","North East and Yorkshire",7.259
"2020-02-06 12:00:00","East of England",6.674
"2020-02-06 12:00:00","North West",6.703
"2020-02-07 12:00:00","London",5.192
"2020-02-07 12:00:00","South East",4.697
"2020-02-07 12:00:00","South West",3.652
"2020-02-07 12:00:00","Midlands",2.157
"2020-02-07 12:00:00","North East and Yorkshire",2.578
"2020-02-07 12:00:00","East of England",3.613
"2020-02-07 12:00:00","North West",2.63
"2020-02-08 12:00:00","London",1.599
"2020-02-08 12:00:00","South East",0.986
"2020-02-08 12:00:00","South West",1.111
"2020-02-08 12:00:00","Midlands",1.237
"2020-02-08 12:00:00","North East and Yorkshire",1.75
"2020-02-08 12:00:00","East of England",1.02
"2020-02-08 12:00:00","North West",2.33
"2020-02-09 12:00:00","London",3.135
"2020-02-09 12:00:00","South East",3.21
"2020-02-09 12:00:00","South West",4.353
"2020-02-09 12:00:00","Midlands",3.798
"2020-02-09 12:00:00","North East and Yorkshire",3.839
"2020-02-09 12:00:00","East of England",2.995
"2020-02-09 12:00:00","North West",4.492
"2020-02-10 12:00:00","London",0.931
"2020-02-10 12:00:00","South East",0.741
"2020-02-10 12:00:00","South West",2.034
"2020-02-10 12:00:00","Midlands",0.428
"2020-02-10 12:00:00","North East and Yorkshire",0.221
"2020-02-10 12:00:00","East of England",0.512
"2020-02-10 12:00:00","North West",0.733
"2020-02-11 12:00:00","London",-4.815
"2020-02-11 12:00:00","South East",-5.397
"2020-02-11 12:00:00","South West",-4.199
"2020-02-11 12:00:00","Midlands",-3.393
"2020-02-11 12:00:00","North East and Yorkshire",-2.972
"2020-02-11 12:00:00","East of England",-3.818
"2020-02-11 12:00:00","North West",-2.727
"2020-02-12 12:00:00","London",-3.642
"2020-02-12 12:00:00","South East",-4.005
"2020-02-12 12:00:00","South West",-2.717
"2020-02-12 12:00:00","Midlands",-2.065
"2020-02-12 12:00:00","North East and Yorkshire",-3.925
"2020-02-12 12:00:00","East of England",-2.891
"2020-02-12 12:00:00","North West",-2.375
"2020-02-13 12:00:00","London",-5.803
"2020-02-13 12:00:00","South East",-5.641
"2020-02-13 12:00:00","South West",-5.71
"2020-02-13 12:00:00","Midlands",-6.515
"2020-02-13 12:00:00","North East and Yorkshire",-5.263
"2020-02-13 12:00:00","East of England",-5.728
"2020-02-13 12:00:00","North West",-6.165
"2020-02-14 12:00:00","London",-5.136
"2020-02-14 12:00:00","South East",-5.41
"2020-02-14 12:00:00","South West",-5.216
"2020-02-14 12:00:00","Midlands",-4.661
"2020-02-14 12:00:00","North East and Yorkshire",-3.497
"2020-02-14 12:00:00","East of England",-4.683
"2020-02-14 12:00:00","North West",-4.858
"2020-02-15 12:00:00","London",-3.528
"2020-02-15 12:00:00","South East",-3.508
"2020-02-15 12:00:00","South West",-3.179
"2020-02-15 12:00:00","Midlands",-1.905
"2020-02-15 12:00:00","North East and Yorkshire",0.747
"2020-02-15 12:00:00","East of England",-2.865
"2020-02-15 12:00:00","North West",0.357
"2020-02-16 12:00:00","London",3.094
"2020-02-16 12:00:00","South East",2.907
"2020-02-16 12:00:00","South West",4.737
"2020-02-16 12:00:00","Midlands",3.144
"2020-02-16 12:00:00","North East and Yorkshire",3.446
"2020-02-16 12:00:00","East of England",2.466
"2020-02-16 12:00:00","North West",4.023
"2020-02-17 12:00:00","London",8.512
"2020-02-17 12:00:00","South East",7.562
"2020-02-17 12:00:00","South West",7.092
"2020-02-17 12:00:00","Midlands",7.218
"2020-02-17 12:00:00","North East and Yorkshire",6.43
"2020-02-17 12:00:00","East of England",7.47
"2020-02-17 12:00:00","North West",6.634
"2020-02-18 12:00:00","London",7.635
"2020-02-18 12:00:00","South East",6.749
"2020-02-18 12:00:00","South West",7.711
"2020-02-18 12:00:00","Midlands",5.8
"2020-02-18 12:00:00","North East and Yorkshire",4.514
"2020-02-18 12:00:00","East of England",5.513
"2020-02-18 12:00:00","North West",5.979
"2020-02-19 12:00:00","London",7.005
"2020-02-19 12:00:00","South East",6.372
"2020-02-19 12:00:00","South West",6.448
"2020-02-19 12:00:00","Midlands",5.178
"2020-02-19 12:00:00","North East and Yorkshire",4.155
"2020-02-19 12:00:00","East of England",5.625
"2020-02-19 12:00:00","North West",4.397
"2020-02-20 12:00:00","London",8.325
"2020-02-20 12:00:00","South East",7.085
"2020-02-20 12:00:00","South West",5.998
"2020-02-20 12:00:00","Midlands",7.051
"2020-02-20 12:00:00","North East and Yorkshire",6.96
"2020-02-20 12:00:00","East of England",7.107
"2020-02-20 12:00:00","North West",5.836
"2020-02-21 12:00:00","London",4.026
"2020-02-21 12:00:00","South East",3.635
"2020-02-21 12:00:00","South West",3.963
"2020-02-21 12:00:00","Midlands",3.219
"2020-02-21 12:00:00","North East and Yorkshire",3.625
"2020-02-21 12:00:00","East of England",2.86
"2020-02-21 12:00:00","North West",3.695
"2020-02-22 12:00:00","London",7.955
"2020-02-22 12:00:00","South East",6.968
"2020-02-22 12:00:00","South West",8.295
"2020-02-22 12:00:00","Midlands",7.084
"2020-02-22 12:00:00","North East and Yorkshire",5.768
"2020-02-22 12:00:00","East of England",6.722
"2020-02-22 12:00:00","North West",7.157
"2020-02-23 12:00:00","London",10.115
"2020-02-23 12:00:00","South East",8.5
"2020-02-23 12:00:00","South West",8.205
"2020-02-23 12:00:00","Midlands",8.445
"2020-02-23 12:00:00","North East and Yorkshire",7.687
"2020-02-23 12:00:00","East of England",9.324
"2020-02-23 12:00:00","North West",7.021
"2020-02-24 12:00:00","London",6.61
"2020-02-24 12:00:00","South East",5.693
"2020-02-24 12:00:00","South West",5.709
"2020-02-24 12:00:00","Midlands",6.125
"2020-02-24 12:00:00","North East and Yorkshire",6.068
"2020-02-24 12:00:00","East of England",5.727
"2020-02-24 12:00:00","North West",5.651
"2020-02-25 12:00:00","London",4.039
"2020-02-25 12:00:00","South East",2.922
"2020-02-25 12:00:00","South West",4.161
"2020-02-25 12:00:00","Midlands",5.582
"2020-02-25 12:00:00","North East and Yorkshire",6.15
"2020-02-25 12:00:00","East of England",3.457
"2020-02-25 12:00:00","North West",5.91
"2020-02-26 12:00:00","London",9.291
"2020-02-26 12:00:00","South East",7.908
"2020-02-26 12:00:00","South West",8.698
"2020-02-26 12:00:00","Midlands",7.608
"2020-02-26 12:00:00","North East and Yorkshire",6.089
"2020-02-26 12:00:00","East of England",8.336
"2020-02-26 12:00:00","North West",5.476
"2020-02-27 12:00:00","London",6.415
"2020-02-27 12:00:00","South East",6.044
"2020-02-27 12:00:00","South West",5.633
"2020-02-27 12:00:00","Midlands",4.243
"2020-02-27 12:00:00","North East and Yorkshire",1.962
"2020-02-27 12:00:00","East of England",5.406
"2020-02-27 12:00:00","North West",2.659
"2020-02-28 12:00:00","London",6.31
"2020-02-28 12:00:00","South East",5.1
"2020-02-28 12:00:00","South West",4.152
"2020-02-28 12:00:00","Midlands",3.748
"2020-02-28 12:00:00","North East and Yorkshire",1.098
"2020-02-28 12:00:00","East of England",5.064
"2020-02-28 12:00:00","North West",1.848
"2020-02-29 12:00:00","London",4.276
"2020-02-29 12:00:00","South East",3.543
"2020-02-29 12:00:00","South West",3.439
"2020-02-29 12:00:00","Midlands",2.426
"2020-02-29 12:00:00","North East and Yorkshire",1.712
"2020-02-29 12:00:00","East of England",2.876
"2020-02-29 12:00:00","North West",2.238
"2020-03-01 12:00:00","London",3.479
"2020-03-01 12:00:00","South East",2.268
"2020-03-01 12:00:00","South West",1.96
"2020-03-01 12:00:00","Midlands",0.721
"2020-03-01 12:00:00","North East and Yorkshire",2.842
"2020-03-01 12:00:00","East of England",1.291
"2020-03-01 12:00:00","North West",1.242
"2020-03-02 12:00:00","London",2.069
"2020-03-02 12:00:00","South East",0.82
"2020-03-02 12:00:00","South West",1.469
"2020-03-02 12:00:00","Midlands",-1.846
"2020-03-02 12:00:00","North East and Yorkshire",-1.217
"2020-03-02 12:00:00","East of England",0.817
"2020-03-02 12:00:00","North West",-1.345
"2020-03-03 12:00:00","London",4.948
"2020-03-03 12:00:00","South East",3.786
"2020-03-03 12:00:00","South West",5.199
"2020-03-03 12:00:00","Midlands",5.4
"2020-03-03 12:00:00","North East and Yorkshire",4.845
"2020-03-03 12:00:00","East of England",3.23
"2020-03-03 12:00:00","North West",5.406
"2020-03-04 12:00:00","London",8.306
"2020-03-04 12:00:00","South East",6.922
"2020-03-04 12:00:00","South West",7.237
"2020-03-04 12:00:00","Midlands",7.019
"2020-03-04 12:00:00","North East and Yorkshire",8.074
"2020-03-04 12:00:00","East of England",6.498
"2020-03-04 12:00:00","North West",7.162
"2020-03-05 12:00:00","London",9.132
"2020-03-05 12:00:00","South East",7.758
"2020-03-05 12:00:00","South West",7.632
"2020-03-05 12:00:00","Midlands",6.806
"2020-03-05 12:00:00","North East and Yorkshire",8.631
"2020-03-05 12:00:00","East of England",6.699
"2020-03-05 12:00:00","North West",7.943
"2020-03-06 12:00:00","London",8.837
"2020-03-06 12:00:00","South East",7.618
"2020-03-06 12:00:00","South West",8.127
"2020-03-06 12:00:00","Midlands",9.098
"2020-03-06 12:00:00","North East and Yorkshire",8.472
"2020-03-06 12:00:00","East of England",8.165
"2020-03-06 12:00:00","North West",8.828
"2020-03-07 12:00:00","London",7.498
"2020-03-07 12:00:00","South East",6.007
"2020-03-07 12:00:00","South West",6.519
"2020-03-07 12:00:00","Midlands",5.934
"2020-03-07 12:00:00","North East and Yorkshire",4.404
"2020-03-07 12:00:00","East of England",6.092
"2020-03-07 12:00:00","North West",4.536
"2020-03-08 12:00:00","London",2.673
"2020-03-08 12:00:00","South East",1.56
"2020-03-08 12:00:00","South West",3.74
"2020-03-08 12:00:00","Midlands",1.544
"2020-03-08 12:00:00","North East and Yorkshire",1.649
"2020-03-08 12:00:00","East of England",1.971
"2020-03-08 12:00:00","North West",1.071
"2020-03-09 12:00:00","London",5.378
"2020-03-09 12:00:00","South East",4.018
"2020-03-09 12:00:00","South West",4.063
"2020-03-09 12:00:00","Midlands",3.807
"2020-03-09 12:00:00","North East and Yorkshire",3.182
"2020-03-09 12:00:00","East of England",4.043
"2020-03-09 12:00:00","North West",3.765
"2020-03-10 12:00:00","London",2.433
"2020-03-10 12:00:00","South East",1.828
"2020-03-10 12:00:00","South West",2.495
"2020-03-10 12:00:00","Midlands",4.063
"2020-03-10 12:00:00","North East and Yorkshire",5.551
"2020-03-10 12:00:00","East of England",2.806
"2020-03-10 12:00:00","North West",5.38
"2020-03-11 12:00:00","London",5.068
"2020-03-11 12:00:00","South East",4.58
"2020-03-11 12:00:00","South West",5.296
"2020-03-11 12:00:00","Midlands",5.972
"2020-03-11 12:00:00","North East and Yorkshire",6.389
"2020-03-11 12:00:00","East of England",5.059
"2020-03-11 12:00:00","North West",5.984
"2020-03-12 12:00:00","London",5.802
"2020-03-12 12:00:00","South East",5.483
"2020-03-12 12:00:00","South West",7.902
"2020-03-12 12:00:00","Midlands",7.896
"2020-03-12 12:00:00","North East and Yorkshire",8.268
"2020-03-12 12:00:00","East of England",6.36
"2020-03-12 12:00:00","North West",7.942
"2020-03-13 12:00:00","London",5.368
"2020-03-13 12:00:00","South East",4.274
"2020-03-13 12:00:00","South West",4.505
"2020-03-13 12:00:00","Midlands",3
"2020-03-13 12:00:00","North East and Yorkshire",4.526
"2020-03-13 12:00:00","East of England",2.715
"2020-03-13 12:00:00","North West",4.527
"2020-03-14 12:00:00","London",5.647
"2020-03-14 12:00:00","South East",3.651
"2020-03-14 12:00:00","South West",3.967
"2020-03-14 12:00:00","Midlands",3.777
"2020-03-14 12:00:00","North East and Yorkshire",4.823
"2020-03-14 12:00:00","East of England",4.63
"2020-03-14 12:00:00","North West",4.772
"2020-03-15 12:00:00","London",1.811
"2020-03-15 12:00:00","South East",0.753
"2020-03-15 12:00:00","South West",1.992
"2020-03-15 12:00:00","Midlands",2.211
"2020-03-15 12:00:00","North East and Yorkshire",3.077
"2020-03-15 12:00:00","East of England",0.999
"2020-03-15 12:00:00","North West",3.135
"2020-03-16 12:00:00","London",1.17
"2020-03-16 12:00:00","South East",-0.199
"2020-03-16 12:00:00","South West",0.544
"2020-03-16 12:00:00","Midlands",-0.458
"2020-03-16 12:00:00","North East and Yorkshire",1.84
"2020-03-16 12:00:00","East of England",-0.64
"2020-03-16 12:00:00","North West",1.765
"2020-03-17 12:00:00","London",1.105
"2020-03-17 12:00:00","South East",0.278
"2020-03-17 12:00:00","South West",-0.686
"2020-03-17 12:00:00","Midlands",-0.641
"2020-03-17 12:00:00","North East and Yorkshire",-0.125
"2020-03-17 12:00:00","East of England",0.426
"2020-03-17 12:00:00","North West",-0.847
"2020-03-18 12:00:00","London",3.617
"2020-03-18 12:00:00","South East",2.559
"2020-03-18 12:00:00","South West",2.329
"2020-03-18 12:00:00","Midlands",1.467
"2020-03-18 12:00:00","North East and Yorkshire",2.518
"2020-03-18 12:00:00","East of England",2.629
"2020-03-18 12:00:00","North West",2.196
"2020-03-19 12:00:00","London",8.018
"2020-03-19 12:00:00","South East",7.442
"2020-03-19 12:00:00","South West",6.768
"2020-03-19 12:00:00","Midlands",5.105
"2020-03-19 12:00:00","North East and Yorkshire",4.922
"2020-03-19 12:00:00","East of England",5.614
"2020-03-19 12:00:00","North West",4.762
"2020-03-20 12:00:00","London",2.643
"2020-03-20 12:00:00","South East",2.118
"2020-03-20 12:00:00","South West",2.119
"2020-03-20 12:00:00","Midlands",1.18
"2020-03-20 12:00:00","North East and Yorkshire",-0.053
"2020-03-20 12:00:00","East of England",2.277
"2020-03-20 12:00:00","North West",0.917
"2020-03-21 12:00:00","London",3.095
"2020-03-21 12:00:00","South East",2.324
"2020-03-21 12:00:00","South West",0.717
"2020-03-21 12:00:00","Midlands",1.489
"2020-03-21 12:00:00","North East and Yorkshire",0.136
"2020-03-21 12:00:00","East of England",1.95
"2020-03-21 12:00:00","North West",0.124
"2020-03-22 12:00:00","London",-0.235
"2020-03-22 12:00:00","South East",-1.245
"2020-03-22 12:00:00","South West",-1.365
"2020-03-22 12:00:00","Midlands",-1.556
"2020-03-22 12:00:00","North East and Yorkshire",1.112
"2020-03-22 12:00:00","East of England",-0.206
"2020-03-22 12:00:00","North West",0.874
"2020-03-23 12:00:00","London",-0.139
"2020-03-23 12:00:00","South East",-0.89
"2020-03-23 12:00:00","South West",-0.567
"2020-03-23 12:00:00","Midlands",-2.111
"2020-03-23 12:00:00","North East and Yorkshire",-1.569
"2020-03-23 12:00:00","East of England",-1.172
"2020-03-23 12:00:00","North West",-0.982
"2020-03-24 12:00:00","London",3.498
"2020-03-24 12:00:00","South East",1.942
"2020-03-24 12:00:00","South West",1.455
"2020-03-24 12:00:00","Midlands",1.08
"2020-03-24 12:00:00","North East and Yorkshire",2.024
"2020-03-24 12:00:00","East of England",2.675
"2020-03-24 12:00:00","North West",1.788
"2020-03-25 12:00:00","London",8.71
"2020-03-25 12:00:00","South East",6.75
"2020-03-25 12:00:00","South West",7.646
"2020-03-25 12:00:00","Midlands",6.849
"2020-03-25 12:00:00","North East and Yorkshire",5.003
"2020-03-25 12:00:00","East of England",5.655
"2020-03-25 12:00:00","North West",5.466
"2020-03-26 12:00:00","London",7.821
"2020-03-26 12:00:00","South East",5.683
"2020-03-26 12:00:00","South West",6.808
"2020-03-26 12:00:00","Midlands",7.631
"2020-03-26 12:00:00","North East and Yorkshire",6.088
"2020-03-26 12:00:00","East of England",6.46
"2020-03-26 12:00:00","North West",5.654
"2020-03-27 12:00:00","London",7.759
"2020-03-27 12:00:00","South East",7.022
"2020-03-27 12:00:00","South West",8.282
"2020-03-27 12:00:00","Midlands",6.415
"2020-03-27 12:00:00","North East and Yorkshire",6.512
"2020-03-27 12:00:00","East of England",6.209
"2020-03-27 12:00:00","North West",6.707
"2020-03-28 12:00:00","London",7.554
"2020-03-28 12:00:00","South East",7.48
"2020-03-28 12:00:00","South West",7.395
"2020-03-28 12:00:00","Midlands",8.568
"2020-03-28 12:00:00","North East and Yorkshire",8.927
"2020-03-28 12:00:00","East of England",6.272
"2020-03-28 12:00:00","North West",8.622
"2020-03-29 12:00:00","London",8.241
"2020-03-29 12:00:00","South East",6.198
"2020-03-29 12:00:00","South West",6.231
"2020-03-29 12:00:00","Midlands",7.424
"2020-03-29 12:00:00","North East and Yorkshire",6.526
"2020-03-29 12:00:00","East of England",7.106
"2020-03-29 12:00:00","North West",6.012
"2020-03-30 12:00:00","London",7.42
"2020-03-30 12:00:00","South East",6.672
"2020-03-30 12:00:00","South West",6.802
"2020-03-30 12:00:00","Midlands",4.876
"2020-03-30 12:00:00","North East and Yorkshire",4.47
"2020-03-30 12:00:00","East of England",6.175
"2020-03-30 12:00:00","North West",4.108
"2020-03-31 12:00:00","London",4.324
"2020-03-31 12:00:00","South East",2.425
"2020-03-31 12:00:00","South West",2.128
"2020-03-31 12:00:00","Midlands",-0.097
"2020-03-31 12:00:00","North East and Yorkshire",1.249
"2020-03-31 12:00:00","East of England",2.699
"2020-03-31 12:00:00","North West",0.343
"2020-04-01 12:00:00","London",7.748
"2020-04-01 12:00:00","South East",6.143
"2020-04-01 12:00:00","South West",5.878
"2020-04-01 12:00:00","Midlands",5.432
"2020-04-01 12:00:00","North East and Yorkshire",6.036
"2020-04-01 12:00:00","East of England",6.287
"2020-04-01 12:00:00","North West",5.657
"2020-04-02 12:00:00","London",1.901
"2020-04-02 12:00:00","South East",0.914
"2020-04-02 12:00:00","South West",0.797
"2020-04-02 12:00:00","Midlands",0.9
"2020-04-02 12:00:00","North East and Yorkshire",1.896
"2020-04-02 12:00:00","East of England",1.835
"2020-04-02 12:00:00","North West",1.398
"2020-04-03 12:00:00","London",2.477
"2020-04-03 12:00:00","South East",1.432
"2020-04-03 12:00:00","South West",2.346
"2020-04-03 12:00:00","Midlands",1.561
"2020-04-03 12:00:00","North East and Yorkshire",0.901
"2020-04-03 12:00:00","East of England",1.7
"2020-04-03 12:00:00","North West",1.26
"2020-04-04 12:00:00","London",7.312
"2020-04-04 12:00:00","South East",5.509
"2020-04-04 12:00:00","South West",5.293
"2020-04-04 12:00:00","Midlands",3.793
"2020-04-04 12:00:00","North East and Yorkshire",2.062
"2020-04-04 12:00:00","East of England",5.102
"2020-04-04 12:00:00","North West",4.187
"2020-04-05 12:00:00","London",4.154
"2020-04-05 12:00:00","South East",2.193
"2020-04-05 12:00:00","South West",3.349
"2020-04-05 12:00:00","Midlands",1.661
"2020-04-05 12:00:00","North East and Yorkshire",2.454
"2020-04-05 12:00:00","East of England",2.206
"2020-04-05 12:00:00","North West",2.7
"2020-04-06 12:00:00","London",-0.497
"2020-04-06 12:00:00","South East",-1.12
"2020-04-06 12:00:00","South West",2.168
"2020-04-06 12:00:00","Midlands",-1.703
"2020-04-06 12:00:00","North East and Yorkshire",-1.564
"2020-04-06 12:00:00","East of England",-1.546
"2020-04-06 12:00:00","North West",-0.919
"2020-04-07 12:00:00","London",5.614
"2020-04-07 12:00:00","South East",4.777
"2020-04-07 12:00:00","South West",5.054
"2020-04-07 12:00:00","Midlands",4.178
"2020-04-07 12:00:00","North East and Yorkshire",5.095
"2020-04-07 12:00:00","East of England",4.881
"2020-04-07 12:00:00","North West",5.057
"2020-04-08 12:00:00","London",4.385
"2020-04-08 12:00:00","South East",3.835
"2020-04-08 12:00:00","South West",3.168
"2020-04-08 12:00:00","Midlands",2.219
"2020-04-08 12:00:00","North East and Yorkshire",2.788
"2020-04-08 12:00:00","East of England",3.899
"2020-04-08 12:00:00","North West",2.782
"2020-04-09 12:00:00","London",5.82
"2020-04-09 12:00:00","South East",4.726
"2020-04-09 12:00:00","South West",4.097
"2020-04-09 12:00:00","Midlands",4.358
"2020-04-09 12:00:00","North East and Yorkshire",3.644
"2020-04-09 12:00:00","East of England",4.201
"2020-04-09 12:00:00","North West",4.509
"2020-04-10 12:00:00","London",3.514
"2020-04-10 12:00:00","South East",2.928
"2020-04-10 12:00:00","South West",4.362
"2020-04-10 12:00:00","Midlands",1.629
"2020-04-10 12:00:00","North East and Yorkshire",1.388
"2020-04-10 12:00:00","East of England",1.849
"2020-04-10 12:00:00","North West",2.074
"2020-04-11 12:00:00","London",6.913
"2020-04-11 12:00:00","South East",5.296
"2020-04-11 12:00:00","South West",2.854
"2020-04-11 12:00:00","Midlands",3.611
"2020-04-11 12:00:00","North East and Yorkshire",3.987
"2020-04-11 12:00:00","East of England",6.23
"2020-04-11 12:00:00","North West",1.258
"2020-04-12 12:00:00","London",6.41
"2020-04-12 12:00:00","South East",4.976
"2020-04-12 12:00:00","South West",6.774
"2020-04-12 12:00:00","Midlands",5.938
"2020-04-12 12:00:00","North East and Yorkshire",5.928
"2020-04-12 12:00:00","East of England",4.2
"2020-04-12 12:00:00","North West",6.807
"2020-04-13 12:00:00","London",9.314
"2020-04-13 12:00:00","South East",7.572
"2020-04-13 12:00:00","South West",8.628
"2020-04-13 12:00:00","Midlands",8.527
"2020-04-13 12:00:00","North East and Yorkshire",8.659
"2020-04-13 12:00:00","East of England",7.365
"2020-04-13 12:00:00","North West",7.998
"2020-04-14 12:00:00","London",6.617
"2020-04-14 12:00:00","South East",5.61
"2020-04-14 12:00:00","South West",6.115
"2020-04-14 12:00:00","Midlands",4.615
"2020-04-14 12:00:00","North East and Yorkshire",4.544
"2020-04-14 12:00:00","East of England",5.003
"2020-04-14 12:00:00","North West",4.471
"2020-04-15 12:00:00","London",3.785
"2020-04-15 12:00:00","South East",2.733
"2020-04-15 12:00:00","South West",3.548
"2020-04-15 12:00:00","Midlands",3.143
"2020-04-15 12:00:00","North East and Yorkshire",2.096
"2020-04-15 12:00:00","East of England",2.499
"2020-04-15 12:00:00","North West",3.54
"2020-04-16 12:00:00","London",4.162
"2020-04-16 12:00:00","South East",2.981
"2020-04-16 12:00:00","South West",1.712
"2020-04-16 12:00:00","Midlands",0.676
"2020-04-16 12:00:00","North East and Yorkshire",0.263
"2020-04-16 12:00:00","East of England",2.72
"2020-04-16 12:00:00","North West",-0.145
"2020-04-17 12:00:00","London",7.748
"2020-04-17 12:00:00","South East",6.889
"2020-04-17 12:00:00","South West",7.421
"2020-04-17 12:00:00","Midlands",7.36
"2020-04-17 12:00:00","North East and Yorkshire",6.633
"2020-04-17 12:00:00","East of England",7.031
"2020-04-17 12:00:00","North West",6.914
"2020-04-18 12:00:00","London",3.485
"2020-04-18 12:00:00","South East",1.853
"2020-04-18 12:00:00","South West",1.741
"2020-04-18 12:00:00","Midlands",0.59
"2020-04-18 12:00:00","North East and Yorkshire",0.985
"2020-04-18 12:00:00","East of England",2.86
"2020-04-18 12:00:00","North West",0.12
"2020-04-19 12:00:00","London",4.629
"2020-04-19 12:00:00","South East",2.657
"2020-04-19 12:00:00","South West",2.761
"2020-04-19 12:00:00","Midlands",4.213
"2020-04-19 12:00:00","North East and Yorkshire",4.564
"2020-04-19 12:00:00","East of England",3.139
"2020-04-19 12:00:00","North West",5.277
"2020-04-20 12:00:00","London",2.773
"2020-04-20 12:00:00","South East",1.937
"2020-04-20 12:00:00","South West",2.711
"2020-04-20 12:00:00","Midlands",4.294
"2020-04-20 12:00:00","North East and Yorkshire",4.894
"2020-04-20 12:00:00","East of England",1.856
"2020-04-20 12:00:00","North West",6.034
"2020-04-21 12:00:00","London",-1.679
"2020-04-21 12:00:00","South East",-2.348
"2020-04-21 12:00:00","South West",-1.02
"2020-04-21 12:00:00","Midlands",-1.839
"2020-04-21 12:00:00","North East and Yorkshire",-2.276
"2020-04-21 12:00:00","East of England",-2.15
"2020-04-21 12:00:00","North West",-1.818
"2020-04-22 12:00:00","London",2.117
"2020-04-22 12:00:00","South East",-0.049
"2020-04-22 12:00:00","South West",0.717
"2020-04-22 12:00:00","Midlands",1.253
"2020-04-22 12:00:00","North East and Yorkshire",-0.323
"2020-04-22 12:00:00","East of England",0.548
"2020-04-22 12:00:00","North West",1.004
"2020-04-23 12:00:00","London",0.879
"2020-04-23 12:00:00","South East",-1.02
"2020-04-23 12:00:00","South West",-0.194
"2020-04-23 12:00:00","Midlands",-1.83
"2020-04-23 12:00:00","North East and Yorkshire",-2.109
"2020-04-23 12:00:00","East of England",-1.185
"2020-04-23 12:00:00","North West",-0.877
"2020-04-24 12:00:00","London",0.186
"2020-04-24 12:00:00","South East",-1.137
"2020-04-24 12:00:00","South West",-1.035
"2020-04-24 12:00:00","Midlands",-1.498
"2020-04-24 12:00:00","North East and Yorkshire",-1.271
"2020-04-24 12:00:00","East of England",-1.317
"2020-04-24 12:00:00","North West",-0.435
"2020-04-25 12:00:00","London",-0.48
"2020-04-25 12:00:00","South East",-1.448
"2020-04-25 12:00:00","South West",-1.179
"2020-04-25 12:00:00","Midlands",-1.675
"2020-04-25 12:00:00","North East and Yorkshire",-0.58
"2020-04-25 12:00:00","East of England",-1.929
"2020-04-25 12:00:00","North West",-0.094
"2020-04-26 12:00:00","London",-0.286
"2020-04-26 12:00:00","South East",-0.901
"2020-04-26 12:00:00","South West",-0.199
"2020-04-26 12:00:00","Midlands",-0.424
"2020-04-26 12:00:00","North East and Yorkshire",0.674
"2020-04-26 12:00:00","East of England",-1.062
"2020-04-26 12:00:00","North West",2.073
"2020-04-27 12:00:00","London",1.773
"2020-04-27 12:00:00","South East",-0.122
"2020-04-27 12:00:00","South West",0.656
"2020-04-27 12:00:00","Midlands",0.336
"2020-04-27 12:00:00","North East and Yorkshire",0.669
"2020-04-27 12:00:00","East of England",0.682
"2020-04-27 12:00:00","North West",1.686
"2020-04-28 12:00:00","London",13.892
"2020-04-28 12:00:00","South East",11.853
"2020-04-28 12:00:00","South West",11.453
"2020-04-28 12:00:00","Midlands",12.156
"2020-04-28 12:00:00","North East and Yorkshire",11.12
"2020-04-28 12:00:00","East of England",13.324
"2020-04-28 12:00:00","North West",10.675
"2020-04-29 12:00:00","London",11.458
"2020-04-29 12:00:00","South East",10.177
"2020-04-29 12:00:00","South West",10.522
"2020-04-29 12:00:00","Midlands",10.582
"2020-04-29 12:00:00","North East and Yorkshire",10.169
"2020-04-29 12:00:00","East of England",11.25
"2020-04-29 12:00:00","North West",9.687
"2020-04-30 12:00:00","London",6.821
"2020-04-30 12:00:00","South East",5.411
"2020-04-30 12:00:00","South West",6.686
"2020-04-30 12:00:00","Midlands",6.19
"2020-04-30 12:00:00","North East and Yorkshire",6.939
"2020-04-30 12:00:00","East of England",5.539
"2020-04-30 12:00:00","North West",7.217
"2020-05-01 12:00:00","London",9.846
"2020-05-01 12:00:00","South East",8.303
"2020-05-01 12:00:00","South West",8.91
"2020-05-01 12:00:00","Midlands",9.292
"2020-05-01 12:00:00","North East and Yorkshire",9.881
"2020-05-01 12:00:00","East of England",9.248
"2020-05-01 12:00:00","North West",9.823
"2020-05-02 12:00:00","London",6.89
"2020-05-02 12:00:00","South East",5.598
"2020-05-02 12:00:00","South West",6.618
"2020-05-02 12:00:00","Midlands",7.067
"2020-05-02 12:00:00","North East and Yorkshire",7.481
"2020-05-02 12:00:00","East of England",6.271
"2020-05-02 12:00:00","North West",8.44
"2020-05-03 12:00:00","London",12.569
"2020-05-03 12:00:00","South East",10.193
"2020-05-03 12:00:00","South West",9.764
"2020-05-03 12:00:00","Midlands",11.131
"2020-05-03 12:00:00","North East and Yorkshire",8.784
"2020-05-03 12:00:00","East of England",10.481
"2020-05-03 12:00:00","North West",10.125
"2020-05-04 12:00:00","London",11.725
"2020-05-04 12:00:00","South East",11.196
"2020-05-04 12:00:00","South West",12.208
"2020-05-04 12:00:00","Midlands",11.897
"2020-05-04 12:00:00","North East and Yorkshire",9.97
"2020-05-04 12:00:00","East of England",10.982
"2020-05-04 12:00:00","North West",10.885
"2020-05-05 12:00:00","London",3.616
"2020-05-05 12:00:00","South East",1.254
"2020-05-05 12:00:00","South West",0.279
"2020-05-05 12:00:00","Midlands",-0.018
"2020-05-05 12:00:00","North East and Yorkshire",-1.003
"2020-05-05 12:00:00","East of England",3.155
"2020-05-05 12:00:00","North West",-0.703
"2020-05-06 12:00:00","London",1.312
"2020-05-06 12:00:00","South East",-0.008
"2020-05-06 12:00:00","South West",0.71
"2020-05-06 12:00:00","Midlands",1.541
"2020-05-06 12:00:00","North East and Yorkshire",2.515
"2020-05-06 12:00:00","East of England",0.49
"2020-05-06 12:00:00","North West",1.169
"2020-05-07 12:00:00","London",3.419
"2020-05-07 12:00:00","South East",2.118
"2020-05-07 12:00:00","South West",3.502
"2020-05-07 12:00:00","Midlands",2.606
"2020-05-07 12:00:00","North East and Yorkshire",4.312
"2020-05-07 12:00:00","East of England",1.533
"2020-05-07 12:00:00","North West",2.756
"2020-05-08 12:00:00","London",9.054
"2020-05-08 12:00:00","South East",7.662
"2020-05-08 12:00:00","South West",8.196
"2020-05-08 12:00:00","Midlands",6.9
"2020-05-08 12:00:00","North East and Yorkshire",5.77
"2020-05-08 12:00:00","East of England",7.553
"2020-05-08 12:00:00","North West",6.455
"2020-05-09 12:00:00","London",6.748
"2020-05-09 12:00:00","South East",6.148
"2020-05-09 12:00:00","South West",6.21
"2020-05-09 12:00:00","Midlands",4.918
"2020-05-09 12:00:00","North East and Yorkshire",4.781
"2020-05-09 12:00:00","East of England",5.94
"2020-05-09 12:00:00","North West",4.692
"2020-05-10 12:00:00","London",5.586
"2020-05-10 12:00:00","South East",4.456
"2020-05-10 12:00:00","South West",6.552
"2020-05-10 12:00:00","Midlands",4.311
"2020-05-10 12:00:00","North East and Yorkshire",2.349
"2020-05-10 12:00:00","East of England",4.807
"2020-05-10 12:00:00","North West",4.294
"2020-05-11 12:00:00","London",6.147
"2020-05-11 12:00:00","South East",4.95
"2020-05-11 12:00:00","South West",4.943
"2020-05-11 12:00:00","Midlands",3.943
"2020-05-11 12:00:00","North East and Yorkshire",3.519
"2020-05-11 12:00:00","East of England",4.936
"2020-05-11 12:00:00","North West",3.521
"2020-05-12 12:00:00","London",9.669
"2020-05-12 12:00:00","South East",8.345
"2020-05-12 12:00:00","South West",9.668
"2020-05-12 12:00:00","Midlands",8.975
"2020-05-12 12:00:00","North East and Yorkshire",8.621
"2020-05-12 12:00:00","East of England",8.05
"2020-05-12 12:00:00","North West",8.902
"2020-05-13 12:00:00","London",11.517
"2020-05-13 12:00:00","South East",9.814
"2020-05-13 12:00:00","South West",8.968
"2020-05-13 12:00:00","Midlands",8.966
"2020-05-13 12:00:00","North East and Yorkshire",9.035
"2020-05-13 12:00:00","East of England",10.157
"2020-05-13 12:00:00","North West",9.022
"2020-05-14 12:00:00","London",8.345
"2020-05-14 12:00:00","South East",7.084
"2020-05-14 12:00:00","South West",5.683
"2020-05-14 12:00:00","Midlands",7.605
"2020-05-14 12:00:00","North East and Yorkshire",7.597
"2020-05-14 12:00:00","East of England",8.352
"2020-05-14 12:00:00","North West",6.108
"2020-05-15 12:00:00","London",10.587
"2020-05-15 12:00:00","South East",8.689
"2020-05-15 12:00:00","South West",8.921
"2020-05-15 12:00:00","Midlands",7.23
"2020-05-15 12:00:00","North East and Yorkshire",5.867
"2020-05-15 12:00:00","East of England",8.32
"2020-05-15 12:00:00","North West",6.512
"2020-05-16 12:00:00","London",10.866
"2020-05-16 12:00:00","South East",9.658
"2020-05-16 12:00:00","South West",9.53
"2020-05-16 12:00:00","Midlands",9.29
"2020-05-16 12:00:00","North East and Yorkshire",9.912
"2020-05-16 12:00:00","East of England",10.441
"2020-05-16 12:00:00","North West",9.446
"2020-05-17 12:00:00","London",7.546
"2020-05-17 12:00:00","South East",6.197
"2020-05-17 12:00:00","South West",6.345
"2020-05-17 12:00:00","Midlands",6.935
"2020-05-17 12:00:00","North East and Yorkshire",7.943
"2020-05-17 12:00:00","East of England",6.788
"2020-05-17 12:00:00","North West",7.415
"2020-05-18 12:00:00","London",11.115
"2020-05-18 12:00:00","South East",8.466
"2020-05-18 12:00:00","South West",6.45
"2020-05-18 12:00:00","Midlands",6.908
"2020-05-18 12:00:00","North East and Yorkshire",6.066
"2020-05-18 12:00:00","East of England",10.264
"2020-05-18 12:00:00","North West",5.23
"2020-05-19 12:00:00","London",11.502
"2020-05-19 12:00:00","South East",9.372
"2020-05-19 12:00:00","South West",8.309
"2020-05-19 12:00:00","Midlands",8.841
"2020-05-19 12:00:00","North East and Yorkshire",7.448
"2020-05-19 12:00:00","East of England",10.677
"2020-05-19 12:00:00","North West",8.389
"2020-05-20 12:00:00","London",12.47
"2020-05-20 12:00:00","South East",11.21
"2020-05-20 12:00:00","South West",11.36
"2020-05-20 12:00:00","Midlands",11.61
"2020-05-20 12:00:00","North East and Yorkshire",11.343
"2020-05-20 12:00:00","East of England",12.081
"2020-05-20 12:00:00","North West",11.417
"2020-05-21 12:00:00","London",11.827
"2020-05-21 12:00:00","South East",10.686
"2020-05-21 12:00:00","South West",10.434
"2020-05-21 12:00:00","Midlands",10.465
"2020-05-21 12:00:00","North East and Yorkshire",10.999
"2020-05-21 12:00:00","East of England",11.489
"2020-05-21 12:00:00","North West",9.531
"2020-05-22 12:00:00","London",8.111
"2020-05-22 12:00:00","South East",6.655
"2020-05-22 12:00:00","South West",8.3
"2020-05-22 12:00:00","Midlands",9.394
"2020-05-22 12:00:00","North East and Yorkshire",10.594
"2020-05-22 12:00:00","East of England",7.742
"2020-05-22 12:00:00","North West",9.307
"2020-05-23 12:00:00","London",7.861
"2020-05-23 12:00:00","South East",6.498
"2020-05-23 12:00:00","South West",6.26
"2020-05-23 12:00:00","Midlands",6.665
"2020-05-23 12:00:00","North East and Yorkshire",7.971
"2020-05-23 12:00:00","East of England",7.522
"2020-05-23 12:00:00","North West",7.39
"2020-05-24 12:00:00","London",12.078
"2020-05-24 12:00:00","South East",10.832
"2020-05-24 12:00:00","South West",10.529
"2020-05-24 12:00:00","Midlands",10.824
"2020-05-24 12:00:00","North East and Yorkshire",11.471
"2020-05-24 12:00:00","East of England",10.493
"2020-05-24 12:00:00","North West",10.506
"2020-05-25 12:00:00","London",10.541
"2020-05-25 12:00:00","South East",9.152
"2020-05-25 12:00:00","South West",8.336
"2020-05-25 12:00:00","Midlands",8.902
"2020-05-25 12:00:00","North East and Yorkshire",9.485
"2020-05-25 12:00:00","East of England",9.847
"2020-05-25 12:00:00","North West",9.523
"2020-05-26 12:00:00","London",9.468
"2020-05-26 12:00:00","South East",8.16
"2020-05-26 12:00:00","South West",7.805
"2020-05-26 12:00:00","Midlands",8.841
"2020-05-26 12:00:00","North East and Yorkshire",8.647
"2020-05-26 12:00:00","East of England",9.195
"2020-05-26 12:00:00","North West",8.705
"2020-05-27 12:00:00","London",8.304
"2020-05-27 12:00:00","South East",6.76
"2020-05-27 12:00:00","South West",8.028
"2020-05-27 12:00:00","Midlands",8.214
"2020-05-27 12:00:00","North East and Yorkshire",8.496
"2020-05-27 12:00:00","East of England",7.386
"2020-05-27 12:00:00","North West",9.363
"2020-05-28 12:00:00","London",10.37
"2020-05-28 12:00:00","South East",9.178
"2020-05-28 12:00:00","South West",10.37
"2020-05-28 12:00:00","Midlands",9.449
"2020-05-28 12:00:00","North East and Yorkshire",10.031
"2020-05-28 12:00:00","East of England",9.382
"2020-05-28 12:00:00","North West",9.966
"2020-05-29 12:00:00","London",12.68
"2020-05-29 12:00:00","South East",11.267
"2020-05-29 12:00:00","South West",10.2
"2020-05-29 12:00:00","Midlands",8.614
"2020-05-29 12:00:00","North East and Yorkshire",8.108
"2020-05-29 12:00:00","East of England",10.818
"2020-05-29 12:00:00","North West",8.621
"2020-05-30 12:00:00","London",8.052
"2020-05-30 12:00:00","South East",6.32
"2020-05-30 12:00:00","South West",5.846
"2020-05-30 12:00:00","Midlands",6.887
"2020-05-30 12:00:00","North East and Yorkshire",6.459
"2020-05-30 12:00:00","East of England",6.873
"2020-05-30 12:00:00","North West",6.46
"2020-05-31 12:00:00","London",7.082
"2020-05-31 12:00:00","South East",5.941
"2020-05-31 12:00:00","South West",6.972
"2020-05-31 12:00:00","Midlands",7.167
"2020-05-31 12:00:00","North East and Yorkshire",6.461
"2020-05-31 12:00:00","East of England",5.497
"2020-05-31 12:00:00","North West",7.296
"2020-06-01 12:00:00","London",4.749
"2020-06-01 12:00:00","South East",4.383
"2020-06-01 12:00:00","South West",5.786
"2020-06-01 12:00:00","Midlands",5.942
"2020-06-01 12:00:00","North East and Yorkshire",7.119
"2020-06-01 12:00:00","East of England",3.058
"2020-06-01 12:00:00","North West",6.967
"2020-06-02 12:00:00","London",14.546
"2020-06-02 12:00:00","South East",12.051
"2020-06-02 12:00:00","South West",10.953
"2020-06-02 12:00:00","Midlands",11.949
"2020-06-02 12:00:00","North East and Yorkshire",11.429
"2020-06-02 12:00:00","East of England",13.035
"2020-06-02 12:00:00","North West",11.637
"2020-06-03 12:00:00","London",7.037
"2020-06-03 12:00:00","South East",6.201
"2020-06-03 12:00:00","South West",5.398
"2020-06-03 12:00:00","Midlands",4.867
"2020-06-03 12:00:00","North East and Yorkshire",5.226
"2020-06-03 12:00:00","East of England",5.416
"2020-06-03 12:00:00","North West",5.614
"2020-06-04 12:00:00","London",8.81
"2020-06-04 12:00:00","South East",6.735
"2020-06-04 12:00:00","South West",7.402
"2020-06-04 12:00:00","Midlands",8.582
"2020-06-04 12:00:00","North East and Yorkshire",6.612
"2020-06-04 12:00:00","East of England",7.601
"2020-06-04 12:00:00","North West",7.665
"2020-06-05 12:00:00","London",7.125
"2020-06-05 12:00:00","South East",5.713
"2020-06-05 12:00:00","South West",5.846
"2020-06-05 12:00:00","Midlands",7.111
"2020-06-05 12:00:00","North East and Yorkshire",7.761
"2020-06-05 12:00:00","East of England",6.364
"2020-06-05 12:00:00","North West",8.399
"2020-06-06 12:00:00","London",9.513
"2020-06-06 12:00:00","South East",8.103
"2020-06-06 12:00:00","South West",10.01
"2020-06-06 12:00:00","Midlands",9.396
"2020-06-06 12:00:00","North East and Yorkshire",9.285
"2020-06-06 12:00:00","East of England",8.363
"2020-06-06 12:00:00","North West",9.157
"2020-06-07 12:00:00","London",5.448
"2020-06-07 12:00:00","South East",4.36
"2020-06-07 12:00:00","South West",4.997
"2020-06-07 12:00:00","Midlands",6.375
"2020-06-07 12:00:00","North East and Yorkshire",8.169
"2020-06-07 12:00:00","East of England",4.829
"2020-06-07 12:00:00","North West",7.898
"2020-06-08 12:00:00","London",10.133
"2020-06-08 12:00:00","South East",9.223
"2020-06-08 12:00:00","South West",9.56
"2020-06-08 12:00:00","Midlands",7.602
"2020-06-08 12:00:00","North East and Yorkshire",7.284
"2020-06-08 12:00:00","East of England",8.519
"2020-06-08 12:00:00","North West",7.055
"2020-06-09 12:00:00","London",11.405
"2020-06-09 12:00:00","South East",8.58
"2020-06-09 12:00:00","South West",6.938
"2020-06-09 12:00:00","Midlands",8.562
"2020-06-09 12:00:00","North East and Yorkshire",8.96
"2020-06-09 12:00:00","East of England",10.468
"2020-06-09 12:00:00","North West",7.896
"2020-06-10 12:00:00","London",10.771
"2020-06-10 12:00:00","South East",8.296
"2020-06-10 12:00:00","South West",8.605
"2020-06-10 12:00:00","Midlands",10.554
"2020-06-10 12:00:00","North East and Yorkshire",10.614
"2020-06-10 12:00:00","East of England",10.511
"2020-06-10 12:00:00","North West",10.301
"2020-06-11 12:00:00","London",15.115
"2020-06-11 12:00:00","South East",13.125
"2020-06-11 12:00:00","South West",13.924
"2020-06-11 12:00:00","Midlands",15.006
"2020-06-11 12:00:00","North East and Yorkshire",14.81
"2020-06-11 12:00:00","East of England",13.987
"2020-06-11 12:00:00","North West",14.399
"2020-06-12 12:00:00","London",16.279
"2020-06-12 12:00:00","South East",13.889
"2020-06-12 12:00:00","South West",14.146
"2020-06-12 12:00:00","Midlands",15.812
"2020-06-12 12:00:00","North East and Yorkshire",15.543
"2020-06-12 12:00:00","East of England",15.112
"2020-06-12 12:00:00","North West",14.189
"2020-06-13 12:00:00","London",14.273
"2020-06-13 12:00:00","South East",12.343
"2020-06-13 12:00:00","South West",10.676
"2020-06-13 12:00:00","Midlands",10.831
"2020-06-13 12:00:00","North East and Yorkshire",10.256
"2020-06-13 12:00:00","East of England",13.118
"2020-06-13 12:00:00","North West",9.946
"2020-06-14 12:00:00","London",12.664
"2020-06-14 12:00:00","South East",10.853
"2020-06-14 12:00:00","South West",10.383
"2020-06-14 12:00:00","Midlands",10.05
"2020-06-14 12:00:00","North East and Yorkshire",10.977
"2020-06-14 12:00:00","East of England",9.813
"2020-06-14 12:00:00","North West",10.934
"2020-06-15 12:00:00","London",13.87
"2020-06-15 12:00:00","South East",11.172
"2020-06-15 12:00:00","South West",11.484
"2020-06-15 12:00:00","Midlands",15.516
"2020-06-15 12:00:00","North East and Yorkshire",14.651
"2020-06-15 12:00:00","East of England",13.554
"2020-06-15 12:00:00","North West",13.082
"2020-06-16 12:00:00","London",9.468
"2020-06-16 12:00:00","South East",8.16
"2020-06-16 12:00:00","South West",7.805
"2020-06-16 12:00:00","Midlands",8.841
"2020-06-16 12:00:00","North East and Yorkshire",8.647
"2020-06-16 12:00:00","East of England",9.195
"2020-06-16 12:00:00","North West",8.705
"2020-06-17 12:00:00","London",8.304
"2020-06-17 12:00:00","South East",6.76
"2020-06-17 12:00:00","South West",8.028
"2020-06-17 12:00:00","Midlands",8.214
"2020-06-17 12:00:00","North East and Yorkshire",8.496
"2020-06-17 12:00:00","East of England",7.386
"2020-06-17 12:00:00","North West",9.363
"2020-06-18 12:00:00","London",10.37
"2020-06-18 12:00:00","South East",9.178
"2020-06-18 12:00:00","South West",10.37
"2020-06-18 12:00:00","Midlands",9.449
"2020-06-18 12:00:00","North East and Yorkshire",10.031
"2020-06-18 12:00:00","East of England",9.382
"2020-06-18 12:00:00","North West",9.966
"2020-06-19 12:00:00","London",12.68
"2020-06-19 12:00:00","South East",11.267
"2020-06-19 12:00:00","South West",10.2
"2020-06-19 12:00:00","Midlands",8.614
"2020-06-19 12:00:00","North East and Yorkshire",8.108
"2020-06-19 12:00:00","East of England",10.818
"2020-06-19 12:00:00","North West",8.621
"2020-06-20 12:00:00","London",8.052
"2020-06-20 12:00:00","South East",6.32
"2020-06-20 12:00:00","South West",5.846
"2020-06-20 12:00:00","Midlands",6.887
"2020-06-20 12:00:00","North East and Yorkshire",6.459
"2020-06-20 12:00:00","East of England",6.873
"2020-06-20 12:00:00","North West",6.46
"2020-06-21 12:00:00","London",7.082
"2020-06-21 12:00:00","South East",5.941
"2020-06-21 12:00:00","South West",6.972
"2020-06-21 12:00:00","Midlands",7.167
"2020-06-21 12:00:00","North East and Yorkshire",6.461
"2020-06-21 12:00:00","East of England",5.497
"2020-06-21 12:00:00","North West",7.296
"2020-06-22 12:00:00","London",4.749
"2020-06-22 12:00:00","South East",4.383
"2020-06-22 12:00:00","South West",5.786
"2020-06-22 12:00:00","Midlands",5.942
"2020-06-22 12:00:00","North East and Yorkshire",7.119
"2020-06-22 12:00:00","East of England",3.058
"2020-06-22 12:00:00","North West",6.967
"2020-06-23 12:00:00","London",16.193
"2020-06-23 12:00:00","South East",13.763
"2020-06-23 12:00:00","South West",13.491
"2020-06-23 12:00:00","Midlands",13.484
"2020-06-23 12:00:00","North East and Yorkshire",12.727
"2020-06-23 12:00:00","East of England",14.528
"2020-06-23 12:00:00","North West",12.344
"2020-06-24 12:00:00","London",14.4
"2020-06-24 12:00:00","South East",12.564
"2020-06-24 12:00:00","South West",11.848
"2020-06-24 12:00:00","Midlands",12.511
"2020-06-24 12:00:00","North East and Yorkshire",12.983
"2020-06-24 12:00:00","East of England",13.126
"2020-06-24 12:00:00","North West",12.361
"2020-06-25 12:00:00","London",13.567
"2020-06-25 12:00:00","South East",11.692
"2020-06-25 12:00:00","South West",11.944
"2020-06-25 12:00:00","Midlands",13.991
"2020-06-25 12:00:00","North East and Yorkshire",12.419
"2020-06-25 12:00:00","East of England",12.766
"2020-06-25 12:00:00","North West",11.433
"2020-06-26 12:00:00","London",14.745
"2020-06-26 12:00:00","South East",12.297
"2020-06-26 12:00:00","South West",12.203
"2020-06-26 12:00:00","Midlands",13.314
"2020-06-26 12:00:00","North East and Yorkshire",11.683
"2020-06-26 12:00:00","East of England",12.448
"2020-06-26 12:00:00","North West",11.652
"2020-06-27 12:00:00","London",15.09
"2020-06-27 12:00:00","South East",13.467
"2020-06-27 12:00:00","South West",15.628
"2020-06-27 12:00:00","Midlands",16.361
"2020-06-27 12:00:00","North East and Yorkshire",16.396
"2020-06-27 12:00:00","East of England",14.264
"2020-06-27 12:00:00","North West",15.906
"2020-06-28 12:00:00","London",15.151
"2020-06-28 12:00:00","South East",12.603
"2020-06-28 12:00:00","South West",13.226
"2020-06-28 12:00:00","Midlands",15.355
"2020-06-28 12:00:00","North East and Yorkshire",16.037
"2020-06-28 12:00:00","East of England",14.413
"2020-06-28 12:00:00","North West",15.429
"2020-06-29 12:00:00","London",13.954
"2020-06-29 12:00:00","South East",11.769
"2020-06-29 12:00:00","South West",11.551
"2020-06-29 12:00:00","Midlands",11.833
"2020-06-29 12:00:00","North East and Yorkshire",12.383
"2020-06-29 12:00:00","East of England",12.67
"2020-06-29 12:00:00","North West",11.57
"2020-06-30 12:00:00","London",6.349
"2020-06-30 12:00:00","South East",5.238
"2020-06-30 12:00:00","South West",5.737
"2020-06-30 12:00:00","Midlands",6.825
"2020-06-30 12:00:00","North East and Yorkshire",6.768
"2020-06-30 12:00:00","East of England",5.832
"2020-06-30 12:00:00","North West",7.09
"2020-07-01 12:00:00","London",6.953
"2020-07-01 12:00:00","South East",6.282
"2020-07-01 12:00:00","South West",5.836
"2020-07-01 12:00:00","Midlands",7.766
"2020-07-01 12:00:00","North East and Yorkshire",8.159
"2020-07-01 12:00:00","East of England",6.63
"2020-07-01 12:00:00","North West",7.771
"2020-07-02 12:00:00","London",6.302
"2020-07-02 12:00:00","South East",5.023
"2020-07-02 12:00:00","South West",5.724
"2020-07-02 12:00:00","Midlands",4.98
"2020-07-02 12:00:00","North East and Yorkshire",4.453
"2020-07-02 12:00:00","East of England",5.916
"2020-07-02 12:00:00","North West",5.057
"2020-07-03 12:00:00","London",11.227
"2020-07-03 12:00:00","South East",10.014
"2020-07-03 12:00:00","South West",10.401
"2020-07-03 12:00:00","Midlands",10.484
"2020-07-03 12:00:00","North East and Yorkshire",10.237
"2020-07-03 12:00:00","East of England",10.751
"2020-07-03 12:00:00","North West",10.308
"2020-07-04 12:00:00","London",9.728
"2020-07-04 12:00:00","South East",8.229
"2020-07-04 12:00:00","South West",8.046
"2020-07-04 12:00:00","Midlands",8.719
"2020-07-04 12:00:00","North East and Yorkshire",8.523
"2020-07-04 12:00:00","East of England",9.411
"2020-07-04 12:00:00","North West",8.788
"2020-07-05 12:00:00","London",10.942
"2020-07-05 12:00:00","South East",10.041
"2020-07-05 12:00:00","South West",9.935
"2020-07-05 12:00:00","Midlands",8.887
"2020-07-05 12:00:00","North East and Yorkshire",7.256
"2020-07-05 12:00:00","East of England",10.469
"2020-07-05 12:00:00","North West",6.839
"2020-07-06 12:00:00","London",9.471
"2020-07-06 12:00:00","South East",7.89
"2020-07-06 12:00:00","South West",7.219
"2020-07-06 12:00:00","Midlands",9.093
"2020-07-06 12:00:00","North East and Yorkshire",10.849
"2020-07-06 12:00:00","East of England",8.752
"2020-07-06 12:00:00","North West",10.531
"2020-07-07 12:00:00","London",9.639
"2020-07-07 12:00:00","South East",8.182
"2020-07-07 12:00:00","South West",8.275
"2020-07-07 12:00:00","Midlands",8.949
"2020-07-07 12:00:00","North East and Yorkshire",9.281
"2020-07-07 12:00:00","East of England",9.668
"2020-07-07 12:00:00","North West",8.846
"2020-07-08 12:00:00","London",11.089
"2020-07-08 12:00:00","South East",9.548
"2020-07-08 12:00:00","South West",8.613
"2020-07-08 12:00:00","Midlands",8.349
"2020-07-08 12:00:00","North East and Yorkshire",8.714
"2020-07-08 12:00:00","East of England",10.199
"2020-07-08 12:00:00","North West",8.028
"2020-07-09 12:00:00","London",11.151
"2020-07-09 12:00:00","South East",9.746
"2020-07-09 12:00:00","South West",9.637
"2020-07-09 12:00:00","Midlands",9.69
"2020-07-09 12:00:00","North East and Yorkshire",9.254
"2020-07-09 12:00:00","East of England",10.443
"2020-07-09 12:00:00","North West",9.2
"2020-07-10 12:00:00","London",11.961
"2020-07-10 12:00:00","South East",10.757
"2020-07-10 12:00:00","South West",10.293
"2020-07-10 12:00:00","Midlands",9.302
"2020-07-10 12:00:00","North East and Yorkshire",8.014
"2020-07-10 12:00:00","East of England",11.011
"2020-07-10 12:00:00","North West",7.992
"2020-07-11 12:00:00","London",10.824
"2020-07-11 12:00:00","South East",9.502
"2020-07-11 12:00:00","South West",9.827
"2020-07-11 12:00:00","Midlands",8.761
"2020-07-11 12:00:00","North East and Yorkshire",9.185
"2020-07-11 12:00:00","East of England",9.75
"2020-07-11 12:00:00","North West",9.296
"2020-07-12 12:00:00","London",8.909
"2020-07-12 12:00:00","South East",8.143
"2020-07-12 12:00:00","South West",8.853
"2020-07-12 12:00:00","Midlands",7.658
"2020-07-12 12:00:00","North East and Yorkshire",6.617
"2020-07-12 12:00:00","East of England",8.419
"2020-07-12 12:00:00","North West",7.106
"2020-07-13 12:00:00","London",11.441
"2020-07-13 12:00:00","South East",10.453
"2020-07-13 12:00:00","South West",12.064
"2020-07-13 12:00:00","Midlands",12.141
"2020-07-13 12:00:00","North East and Yorkshire",11.693
"2020-07-13 12:00:00","East of England",10.916
"2020-07-13 12:00:00","North West",10.719
"2020-07-14 12:00:00","London",10.002
"2020-07-14 12:00:00","South East",7.942
"2020-07-14 12:00:00","South West",7.385
"2020-07-14 12:00:00","Midlands",7.295
"2020-07-14 12:00:00","North East and Yorkshire",7.915
"2020-07-14 12:00:00","East of England",7.867
"2020-07-14 12:00:00","North West",7.885
"2020-07-15 12:00:00","London",15.194
"2020-07-15 12:00:00","South East",13.77
"2020-07-15 12:00:00","South West",14.526
"2020-07-15 12:00:00","Midlands",13.926
"2020-07-15 12:00:00","North East and Yorkshire",12.464
"2020-07-15 12:00:00","East of England",14.966
"2020-07-15 12:00:00","North West",11.769
"2020-07-16 12:00:00","London",18.317
"2020-07-16 12:00:00","South East",16.025
"2020-07-16 12:00:00","South West",15.303
"2020-07-16 12:00:00","Midlands",16.063
"2020-07-16 12:00:00","North East and Yorkshire",15.361
"2020-07-16 12:00:00","East of England",16.622
"2020-07-16 12:00:00","North West",14.476
"2020-07-17 12:00:00","London",13.847
"2020-07-17 12:00:00","South East",12.281
"2020-07-17 12:00:00","South West",12.209
"2020-07-17 12:00:00","Midlands",15.062
"2020-07-17 12:00:00","North East and Yorkshire",15.078
"2020-07-17 12:00:00","East of England",13.563
"2020-07-17 12:00:00","North West",15.1
"2020-07-18 12:00:00","London",19.262
"2020-07-18 12:00:00","South East",16.867
"2020-07-18 12:00:00","South West",14.886
"2020-07-18 12:00:00","Midlands",16.516
"2020-07-18 12:00:00","North East and Yorkshire",13.906
"2020-07-18 12:00:00","East of England",18.068
"2020-07-18 12:00:00","North West",14.017
"2020-07-19 12:00:00","London",17.404
"2020-07-19 12:00:00","South East",15.576
"2020-07-19 12:00:00","South West",14.374
"2020-07-19 12:00:00","Midlands",14.34
"2020-07-19 12:00:00","North East and Yorkshire",12.845
"2020-07-19 12:00:00","East of England",16.204
"2020-07-19 12:00:00","North West",12.136
"2020-07-20 12:00:00","London",18.873
"2020-07-20 12:00:00","South East",16.853
"2020-07-20 12:00:00","South West",15.54
"2020-07-20 12:00:00","Midlands",15.156
"2020-07-20 12:00:00","North East and Yorkshire",13.794
"2020-07-20 12:00:00","East of England",16.49
"2020-07-20 12:00:00","North West",13.504
"2020-07-21 12:00:00","London",13.442
"2020-07-21 12:00:00","South East",11.691
"2020-07-21 12:00:00","South West",12.656
"2020-07-21 12:00:00","Midlands",12.092
"2020-07-21 12:00:00","North East and Yorkshire",12.067
"2020-07-21 12:00:00","East of England",11.097
"2020-07-21 12:00:00","North West",12.31
"2020-07-22 12:00:00","London",17.938
"2020-07-22 12:00:00","South East",15.723
"2020-07-22 12:00:00","South West",15.666
"2020-07-22 12:00:00","Midlands",15.671
"2020-07-22 12:00:00","North East and Yorkshire",14.578
"2020-07-22 12:00:00","East of England",17.036
"2020-07-22 12:00:00","North West",13.958
"2020-07-23 12:00:00","London",15.375
"2020-07-23 12:00:00","South East",13.606
"2020-07-23 12:00:00","South West",12.183
"2020-07-23 12:00:00","Midlands",12.258
"2020-07-23 12:00:00","North East and Yorkshire",10.792
"2020-07-23 12:00:00","East of England",14.524
"2020-07-23 12:00:00","North West",9.991
"2020-07-24 12:00:00","London",11.488
"2020-07-24 12:00:00","South East",9.273
"2020-07-24 12:00:00","South West",9.371
"2020-07-24 12:00:00","Midlands",9.248
"2020-07-24 12:00:00","North East and Yorkshire",10.616
"2020-07-24 12:00:00","East of England",9.534
"2020-07-24 12:00:00","North West",10.906
"2020-07-25 12:00:00","London",16.379
"2020-07-25 12:00:00","South East",14.347
"2020-07-25 12:00:00","South West",14.06
"2020-07-25 12:00:00","Midlands",14.365
"2020-07-25 12:00:00","North East and Yorkshire",13.752
"2020-07-25 12:00:00","East of England",15.513
"2020-07-25 12:00:00","North West",12.634
"2020-07-26 12:00:00","London",11.687
"2020-07-26 12:00:00","South East",9.925
"2020-07-26 12:00:00","South West",10.196
"2020-07-26 12:00:00","Midlands",9.989
"2020-07-26 12:00:00","North East and Yorkshire",11.136
"2020-07-26 12:00:00","East of England",10.124
"2020-07-26 12:00:00","North West",11.048
"2020-07-27 12:00:00","London",11.71
"2020-07-27 12:00:00","South East",10.273
"2020-07-27 12:00:00","South West",10.565
"2020-07-27 12:00:00","Midlands",10.241
"2020-07-27 12:00:00","North East and Yorkshire",9.606
"2020-07-27 12:00:00","East of England",10.465
"2020-07-27 12:00:00","North West",9.868
"2020-07-28 12:00:00","London",14.915
"2020-07-28 12:00:00","South East",12.604
"2020-07-28 12:00:00","South West",11.695
"2020-07-28 12:00:00","Midlands",12.439
"2020-07-28 12:00:00","North East and Yorkshire",11.388
"2020-07-28 12:00:00","East of England",13.431
"2020-07-28 12:00:00","North West",11.401
"2020-07-29 12:00:00","London",13.388
"2020-07-29 12:00:00","South East",10.878
"2020-07-29 12:00:00","South West",8.305
"2020-07-29 12:00:00","Midlands",8.352
"2020-07-29 12:00:00","North East and Yorkshire",9.622
"2020-07-29 12:00:00","East of England",10.657
"2020-07-29 12:00:00","North West",8.254
"2020-07-30 12:00:00","London",15.068
"2020-07-30 12:00:00","South East",12.559
"2020-07-30 12:00:00","South West",11.527
"2020-07-30 12:00:00","Midlands",13.493
"2020-07-30 12:00:00","North East and Yorkshire",12.649
"2020-07-30 12:00:00","East of England",13.551
"2020-07-30 12:00:00","North West",12.546
"2020-07-31 12:00:00","London",12.989
"2020-07-31 12:00:00","South East",10.974
"2020-07-31 12:00:00","South West",11.115
"2020-07-31 12:00:00","Midlands",13.796
"2020-07-31 12:00:00","North East and Yorkshire",13.096
"2020-07-31 12:00:00","East of England",11.473
"2020-07-31 12:00:00","North West",12.682
"2020-08-01 12:00:00","London",15.119
"2020-08-01 12:00:00","South East",12.282
"2020-08-01 12:00:00","South West",12.548
"2020-08-01 12:00:00","Midlands",15.381
"2020-08-01 12:00:00","North East and Yorkshire",14.258
"2020-08-01 12:00:00","East of England",14.876
"2020-08-01 12:00:00","North West",14.068
"2020-08-02 12:00:00","London",19.334
"2020-08-02 12:00:00","South East",16.92
"2020-08-02 12:00:00","South West",16.29
"2020-08-02 12:00:00","Midlands",17.127
"2020-08-02 12:00:00","North East and Yorkshire",15.702
"2020-08-02 12:00:00","East of England",17.755
"2020-08-02 12:00:00","North West",15.437
"2020-08-03 12:00:00","London",17.203
"2020-08-03 12:00:00","South East",14.692
"2020-08-03 12:00:00","South West",13.033
"2020-08-03 12:00:00","Midlands",11.46
"2020-08-03 12:00:00","North East and Yorkshire",11.521
"2020-08-03 12:00:00","East of England",14.505
"2020-08-03 12:00:00","North West",9.106
"2020-08-04 12:00:00","London",16.622
"2020-08-04 12:00:00","South East",14.763
"2020-08-04 12:00:00","South West",13.847
"2020-08-04 12:00:00","Midlands",13.651
"2020-08-04 12:00:00","North East and Yorkshire",13.059
"2020-08-04 12:00:00","East of England",15.665
"2020-08-04 12:00:00","North West",11.693
"2020-08-05 12:00:00","London",14.692
"2020-08-05 12:00:00","South East",11.922
"2020-08-05 12:00:00","South West",12.201
"2020-08-05 12:00:00","Midlands",12.577
"2020-08-05 12:00:00","North East and Yorkshire",11.557
"2020-08-05 12:00:00","East of England",11.595
"2020-08-05 12:00:00","North West",11.026
"2020-08-06 12:00:00","London",15.461
"2020-08-06 12:00:00","South East",13.921
"2020-08-06 12:00:00","South West",14.314
"2020-08-06 12:00:00","Midlands",15.226
"2020-08-06 12:00:00","North East and Yorkshire",15.33
"2020-08-06 12:00:00","East of England",14.802
"2020-08-06 12:00:00","North West",14.543
"2020-08-07 12:00:00","London",12.789
"2020-08-07 12:00:00","South East",11.368
"2020-08-07 12:00:00","South West",11.661
"2020-08-07 12:00:00","Midlands",12.083
"2020-08-07 12:00:00","North East and Yorkshire",12.343
"2020-08-07 12:00:00","East of England",12.272
"2020-08-07 12:00:00","North West",12.185
"2020-08-08 12:00:00","London",11.465
"2020-08-08 12:00:00","South East",9.786
"2020-08-08 12:00:00","South West",8.843
"2020-08-08 12:00:00","Midlands",9.447
"2020-08-08 12:00:00","North East and Yorkshire",9.947
"2020-08-08 12:00:00","East of England",10.787
"2020-08-08 12:00:00","North West",10.016
"2020-08-09 12:00:00","London",10.988
"2020-08-09 12:00:00","South East",9.192
"2020-08-09 12:00:00","South West",8.697
"2020-08-09 12:00:00","Midlands",9.312
"2020-08-09 12:00:00","North East and Yorkshire",9.714
"2020-08-09 12:00:00","East of England",9.819
"2020-08-09 12:00:00","North West",8.479
"2020-08-10 12:00:00","London",12.604
"2020-08-10 12:00:00","South East",10.334
"2020-08-10 12:00:00","South West",9.812
"2020-08-10 12:00:00","Midlands",10.561
"2020-08-10 12:00:00","North East and Yorkshire",12.481
"2020-08-10 12:00:00","East of England",11.022
"2020-08-10 12:00:00","North West",9.789
"2020-08-11 12:00:00","London",15.535
"2020-08-11 12:00:00","South East",13.201
"2020-08-11 12:00:00","South West",12.711
"2020-08-11 12:00:00","Midlands",13.74
"2020-08-11 12:00:00","North East and Yorkshire",13.066
"2020-08-11 12:00:00","East of England",14.264
"2020-08-11 12:00:00","North West",12.022
"2020-08-12 12:00:00","London",17.756
"2020-08-12 12:00:00","South East",15.226
"2020-08-12 12:00:00","South West",13.229
"2020-08-12 12:00:00","Midlands",14.49
"2020-08-12 12:00:00","North East and Yorkshire",15.021
"2020-08-12 12:00:00","East of England",16.371
"2020-08-12 12:00:00","North West",13.574
"2020-08-13 12:00:00","London",12.13
"2020-08-13 12:00:00","South East",9.82
"2020-08-13 12:00:00","South West",7.847
"2020-08-13 12:00:00","Midlands",8.725
"2020-08-13 12:00:00","North East and Yorkshire",9.325
"2020-08-13 12:00:00","East of England",11.446
"2020-08-13 12:00:00","North West",8.895
"2020-08-14 12:00:00","London",12.761
"2020-08-14 12:00:00","South East",11.093
"2020-08-14 12:00:00","South West",12.536
"2020-08-14 12:00:00","Midlands",13.896
"2020-08-14 12:00:00","North East and Yorkshire",14.356
"2020-08-14 12:00:00","East of England",12.049
"2020-08-14 12:00:00","North West",13.664
"2020-08-15 12:00:00","London",11.444
"2020-08-15 12:00:00","South East",10.346
"2020-08-15 12:00:00","South West",12.44
"2020-08-15 12:00:00","Midlands",13.385
"2020-08-15 12:00:00","North East and Yorkshire",14.43
"2020-08-15 12:00:00","East of England",11.424
"2020-08-15 12:00:00","North West",13.761
"2020-08-16 12:00:00","London",10.8
"2020-08-16 12:00:00","South East",8.911
"2020-08-16 12:00:00","South West",9.081
"2020-08-16 12:00:00","Midlands",8.4
"2020-08-16 12:00:00","North East and Yorkshire",8.806
"2020-08-16 12:00:00","East of England",9.197
"2020-08-16 12:00:00","North West",9.223
"2020-08-17 12:00:00","London",7.17
"2020-08-17 12:00:00","South East",5.82
"2020-08-17 12:00:00","South West",7.822
"2020-08-17 12:00:00","Midlands",8.345
"2020-08-17 12:00:00","North East and Yorkshire",9.264
"2020-08-17 12:00:00","East of England",6.498
"2020-08-17 12:00:00","North West",9.391
"2020-08-18 12:00:00","London",9.399
"2020-08-18 12:00:00","South East",8.187
"2020-08-18 12:00:00","South West",9.781
"2020-08-18 12:00:00","Midlands",9.149
"2020-08-18 12:00:00","North East and Yorkshire",8.851
"2020-08-18 12:00:00","East of England",8.221
"2020-08-18 12:00:00","North West",9.19
"2020-08-19 12:00:00","London",12.755
"2020-08-19 12:00:00","South East",11.454
"2020-08-19 12:00:00","South West",12.193
"2020-08-19 12:00:00","Midlands",11.567
"2020-08-19 12:00:00","North East and Yorkshire",9.169
"2020-08-19 12:00:00","East of England",10.128
"2020-08-19 12:00:00","North West",10.163
"2020-08-20 12:00:00","London",14.053
"2020-08-20 12:00:00","South East",12.783
"2020-08-20 12:00:00","South West",13.543
"2020-08-20 12:00:00","Midlands",13.454
"2020-08-20 12:00:00","North East and Yorkshire",12.971
"2020-08-20 12:00:00","East of England",13.613
"2020-08-20 12:00:00","North West",12.877
"2020-08-21 12:00:00","London",11.333
"2020-08-21 12:00:00","South East",9.849
"2020-08-21 12:00:00","South West",12.484
"2020-08-21 12:00:00","Midlands",10.951
"2020-08-21 12:00:00","North East and Yorkshire",10.666
"2020-08-21 12:00:00","East of England",9.853
"2020-08-21 12:00:00","North West",10.955
"2020-08-22 12:00:00","London",15.093
"2020-08-22 12:00:00","South East",13.33
"2020-08-22 12:00:00","South West",12.69
"2020-08-22 12:00:00","Midlands",12.567
"2020-08-22 12:00:00","North East and Yorkshire",13.002
"2020-08-22 12:00:00","East of England",13.772
"2020-08-22 12:00:00","North West",12.798
"2020-08-23 12:00:00","London",14.659
"2020-08-23 12:00:00","South East",12.506
"2020-08-23 12:00:00","South West",12.096
"2020-08-23 12:00:00","Midlands",11.671
"2020-08-23 12:00:00","North East and Yorkshire",11.236
"2020-08-23 12:00:00","East of England",13.304
"2020-08-23 12:00:00","North West",11.01
"2020-08-24 12:00:00","London",12.066
"2020-08-24 12:00:00","South East",11.16
"2020-08-24 12:00:00","South West",11.65
"2020-08-24 12:00:00","Midlands",11.719
"2020-08-24 12:00:00","North East and Yorkshire",11.96
"2020-08-24 12:00:00","East of England",11.499
"2020-08-24 12:00:00","North West",11.785
"2020-08-25 12:00:00","London",16.648
"2020-08-25 12:00:00","South East",14.803
"2020-08-25 12:00:00","South West",15.157
"2020-08-25 12:00:00","Midlands",14.935
"2020-08-25 12:00:00","North East and Yorkshire",12.594
"2020-08-25 12:00:00","East of England",15.875
"2020-08-25 12:00:00","North West",12.248
"2020-08-26 12:00:00","London",14.01
"2020-08-26 12:00:00","South East",11.825
"2020-08-26 12:00:00","South West",10.705
"2020-08-26 12:00:00","Midlands",8.318
"2020-08-26 12:00:00","North East and Yorkshire",7.58
"2020-08-26 12:00:00","East of England",12.179
"2020-08-26 12:00:00","North West",6.688
"2020-08-27 12:00:00","London",11.675
"2020-08-27 12:00:00","South East",9.442
"2020-08-27 12:00:00","South West",9.131
"2020-08-27 12:00:00","Midlands",11.506
"2020-08-27 12:00:00","North East and Yorkshire",12.21
"2020-08-27 12:00:00","East of England",10.97
"2020-08-27 12:00:00","North West",11.792
"2020-08-28 12:00:00","London",10.543
"2020-08-28 12:00:00","South East",8.629
"2020-08-28 12:00:00","South West",9.48
"2020-08-28 12:00:00","Midlands",11.87
"2020-08-28 12:00:00","North East and Yorkshire",12.198
"2020-08-28 12:00:00","East of England",10.308
"2020-08-28 12:00:00","North West",11.973
"2020-08-29 12:00:00","London",12.614
"2020-08-29 12:00:00","South East",10.499
"2020-08-29 12:00:00","South West",10.78
"2020-08-29 12:00:00","Midlands",11.544
"2020-08-29 12:00:00","North East and Yorkshire",12.111
"2020-08-29 12:00:00","East of England",11.515
"2020-08-29 12:00:00","North West",11.228
"2020-08-30 12:00:00","London",15.963
"2020-08-30 12:00:00","South East",14.349
"2020-08-30 12:00:00","South West",13.787
"2020-08-30 12:00:00","Midlands",13.859
"2020-08-30 12:00:00","North East and Yorkshire",12.663
"2020-08-30 12:00:00","East of England",14.324
"2020-08-30 12:00:00","North West",12.793
"2020-08-31 12:00:00","London",15.801
"2020-08-31 12:00:00","South East",14.055
"2020-08-31 12:00:00","South West",12.822
"2020-08-31 12:00:00","Midlands",14.373
"2020-08-31 12:00:00","North East and Yorkshire",14.424
"2020-08-31 12:00:00","East of England",15.014
"2020-08-31 12:00:00","North West",13.276
"2020-09-01 12:00:00","London",17.218
"2020-09-01 12:00:00","South East",15.034
"2020-09-01 12:00:00","South West",14.548
"2020-09-01 12:00:00","Midlands",14.508
"2020-09-01 12:00:00","North East and Yorkshire",14.685
"2020-09-01 12:00:00","East of England",15.533
"2020-09-01 12:00:00","North West",14.337
"2020-09-02 12:00:00","London",16.026
"2020-09-02 12:00:00","South East",13.619
"2020-09-02 12:00:00","South West",14.665
"2020-09-02 12:00:00","Midlands",14.574
"2020-09-02 12:00:00","North East and Yorkshire",12.599
"2020-09-02 12:00:00","East of England",16.2
"2020-09-02 12:00:00","North West",12.685
"2020-09-03 12:00:00","London",17.54
"2020-09-03 12:00:00","South East",14.995
"2020-09-03 12:00:00","South West",14.138
"2020-09-03 12:00:00","Midlands",14.438
"2020-09-03 12:00:00","North East and Yorkshire",11.189
"2020-09-03 12:00:00","East of England",16.326
"2020-09-03 12:00:00","North West",12.913
"2020-09-04 12:00:00","London",18.726
"2020-09-04 12:00:00","South East",16.073
"2020-09-04 12:00:00","South West",14.009
"2020-09-04 12:00:00","Midlands",13.737
"2020-09-04 12:00:00","North East and Yorkshire",12.022
"2020-09-04 12:00:00","East of England",17.189
"2020-09-04 12:00:00","North West",11.204
"2020-09-05 12:00:00","London",11.876
"2020-09-05 12:00:00","South East",10.164
"2020-09-05 12:00:00","South West",11.873
"2020-09-05 12:00:00","Midlands",11.225
"2020-09-05 12:00:00","North East and Yorkshire",12.054
"2020-09-05 12:00:00","East of England",10.52
"2020-09-05 12:00:00","North West",12.165
"2020-09-06 12:00:00","London",13.971
"2020-09-06 12:00:00","South East",11.935
"2020-09-06 12:00:00","South West",12.462
"2020-09-06 12:00:00","Midlands",13.015
"2020-09-06 12:00:00","North East and Yorkshire",11.845
"2020-09-06 12:00:00","East of England",12.926
"2020-09-06 12:00:00","North West",12.266
"2020-09-07 12:00:00","London",12.48
"2020-09-07 12:00:00","South East",10.21
"2020-09-07 12:00:00","South West",12.532
"2020-09-07 12:00:00","Midlands",12.451
"2020-09-07 12:00:00","North East and Yorkshire",11.521
"2020-09-07 12:00:00","East of England",11.445
"2020-09-07 12:00:00","North West",12.408
"2020-09-08 12:00:00","London",10.292
"2020-09-08 12:00:00","South East",8.855
"2020-09-08 12:00:00","South West",9.845
"2020-09-08 12:00:00","Midlands",10.549
"2020-09-08 12:00:00","North East and Yorkshire",11.236
"2020-09-08 12:00:00","East of England",9.441
"2020-09-08 12:00:00","North West",10.79
"2020-09-09 12:00:00","London",7.511
"2020-09-09 12:00:00","South East",6.589
"2020-09-09 12:00:00","South West",7.543
"2020-09-09 12:00:00","Midlands",6.612
"2020-09-09 12:00:00","North East and Yorkshire",6.486
"2020-09-09 12:00:00","East of England",7.159
"2020-09-09 12:00:00","North West",6.972
"2020-09-10 12:00:00","London",5.92
"2020-09-10 12:00:00","South East",4.877
"2020-09-10 12:00:00","South West",4.935
"2020-09-10 12:00:00","Midlands",5.592
"2020-09-10 12:00:00","North East and Yorkshire",4.466
"2020-09-10 12:00:00","East of England",5.308
"2020-09-10 12:00:00","North West",5.44
"2020-09-11 12:00:00","London",4.045
"2020-09-11 12:00:00","South East",3.114
"2020-09-11 12:00:00","South West",2.641
"2020-09-11 12:00:00","Midlands",2.276
"2020-09-11 12:00:00","North East and Yorkshire",2.108
"2020-09-11 12:00:00","East of England",4.068
"2020-09-11 12:00:00","North West",3.354
"2020-09-12 12:00:00","London",4.363
"2020-09-12 12:00:00","South East",3.343
"2020-09-12 12:00:00","South West",4.858
"2020-09-12 12:00:00","Midlands",6.463
"2020-09-12 12:00:00","North East and Yorkshire",7.238
"2020-09-12 12:00:00","East of England",3.799
"2020-09-12 12:00:00","North West",8.169
"2020-09-13 12:00:00","London",7.283
"2020-09-13 12:00:00","South East",5.982
"2020-09-13 12:00:00","South West",7.255
"2020-09-13 12:00:00","Midlands",8.952
"2020-09-13 12:00:00","North East and Yorkshire",11.381
"2020-09-13 12:00:00","East of England",7.233
"2020-09-13 12:00:00","North West",10.641
"2020-09-14 12:00:00","London",12.155
"2020-09-14 12:00:00","South East",11.228
"2020-09-14 12:00:00","South West",11.327
"2020-09-14 12:00:00","Midlands",7.293
"2020-09-14 12:00:00","North East and Yorkshire",6.617
"2020-09-14 12:00:00","East of England",9.943
"2020-09-14 12:00:00","North West",7.389
"2020-09-15 12:00:00","London",11.446
"2020-09-15 12:00:00","South East",9.276
"2020-09-15 12:00:00","South West",8.469
"2020-09-15 12:00:00","Midlands",10.37
"2020-09-15 12:00:00","North East and Yorkshire",10.735
"2020-09-15 12:00:00","East of England",11.317
"2020-09-15 12:00:00","North West",9.512
"2020-09-16 12:00:00","London",11.833
"2020-09-16 12:00:00","South East",10.58
"2020-09-16 12:00:00","South West",10.388
"2020-09-16 12:00:00","Midlands",10.768
"2020-09-16 12:00:00","North East and Yorkshire",10.578
"2020-09-16 12:00:00","East of England",11.499
"2020-09-16 12:00:00","North West",10.363
"2020-09-17 12:00:00","London",9.284
"2020-09-17 12:00:00","South East",7.182
"2020-09-17 12:00:00","South West",5.984
"2020-09-17 12:00:00","Midlands",4.992
"2020-09-17 12:00:00","North East and Yorkshire",6.178
"2020-09-17 12:00:00","East of England",6.991
"2020-09-17 12:00:00","North West",5.247
"2020-09-18 12:00:00","London",4.279
"2020-09-18 12:00:00","South East",3.551
"2020-09-18 12:00:00","South West",5.396
"2020-09-18 12:00:00","Midlands",3.492
"2020-09-18 12:00:00","North East and Yorkshire",4.923
"2020-09-18 12:00:00","East of England",4.128
"2020-09-18 12:00:00","North West",5.481
"2020-09-19 12:00:00","London",6.604
"2020-09-19 12:00:00","South East",5.092
"2020-09-19 12:00:00","South West",6.215
"2020-09-19 12:00:00","Midlands",4.752
"2020-09-19 12:00:00","North East and Yorkshire",6.852
"2020-09-19 12:00:00","East of England",4.601
"2020-09-19 12:00:00","North West",7.192
"2020-09-20 12:00:00","London",10.331
"2020-09-20 12:00:00","South East",9.781
"2020-09-20 12:00:00","South West",10.573
"2020-09-20 12:00:00","Midlands",9.367
"2020-09-20 12:00:00","North East and Yorkshire",8.831
"2020-09-20 12:00:00","East of England",9.08
"2020-09-20 12:00:00","North West",9.416
"2020-09-21 12:00:00","London",10.279
"2020-09-21 12:00:00","South East",9.533
"2020-09-21 12:00:00","South West",9.817
"2020-09-21 12:00:00","Midlands",9.091
"2020-09-21 12:00:00","North East and Yorkshire",8.857
"2020-09-21 12:00:00","East of England",10.015
"2020-09-21 12:00:00","North West",8.039
"2020-09-22 12:00:00","London",6.354
"2020-09-22 12:00:00","South East",5.709
"2020-09-22 12:00:00","South West",6.894
"2020-09-22 12:00:00","Midlands",4.657
"2020-09-22 12:00:00","North East and Yorkshire",1.495
"2020-09-22 12:00:00","East of England",5.846
"2020-09-22 12:00:00","North West",3.186
"2020-09-23 12:00:00","London",11.172
"2020-09-23 12:00:00","South East",9.444
"2020-09-23 12:00:00","South West",10.053
"2020-09-23 12:00:00","Midlands",8.726
"2020-09-23 12:00:00","North East and Yorkshire",6.557
"2020-09-23 12:00:00","East of England",9.718
"2020-09-23 12:00:00","North West",8.11
"2020-09-24 12:00:00","London",12.478
"2020-09-24 12:00:00","South East",11.029
"2020-09-24 12:00:00","South West",11.387
"2020-09-24 12:00:00","Midlands",10.932
"2020-09-24 12:00:00","North East and Yorkshire",10.66
"2020-09-24 12:00:00","East of England",12.262
"2020-09-24 12:00:00","North West",10.327
"2020-09-25 12:00:00","London",13.928
"2020-09-25 12:00:00","South East",12.113
"2020-09-25 12:00:00","South West",10.649
"2020-09-25 12:00:00","Midlands",12.54
"2020-09-25 12:00:00","North East and Yorkshire",10.522
"2020-09-25 12:00:00","East of England",13.379
"2020-09-25 12:00:00","North West",11.104
"2020-09-26 12:00:00","London",11.997
"2020-09-26 12:00:00","South East",10.543
"2020-09-26 12:00:00","South West",10.045
"2020-09-26 12:00:00","Midlands",8.759
"2020-09-26 12:00:00","North East and Yorkshire",7.752
"2020-09-26 12:00:00","East of England",10.924
"2020-09-26 12:00:00","North West",7.212
"2020-09-27 12:00:00","London",5.898
"2020-09-27 12:00:00","South East",4.728
"2020-09-27 12:00:00","South West",4.889
"2020-09-27 12:00:00","Midlands",4.288
"2020-09-27 12:00:00","North East and Yorkshire",4.089
"2020-09-27 12:00:00","East of England",5.524
"2020-09-27 12:00:00","North West",4.913
"2020-09-28 12:00:00","London",6.367
"2020-09-28 12:00:00","South East",5.154
"2020-09-28 12:00:00","South West",6.777
"2020-09-28 12:00:00","Midlands",4.304
"2020-09-28 12:00:00","North East and Yorkshire",3.305
"2020-09-28 12:00:00","East of England",4.819
"2020-09-28 12:00:00","North West",4.258
"2020-09-29 12:00:00","London",12.251
"2020-09-29 12:00:00","South East",10.491
"2020-09-29 12:00:00","South West",9.959
"2020-09-29 12:00:00","Midlands",9.546
"2020-09-29 12:00:00","North East and Yorkshire",8.9
"2020-09-29 12:00:00","East of England",11.362
"2020-09-29 12:00:00","North West",8.677
"2020-09-30 12:00:00","London",10.474
"2020-09-30 12:00:00","South East",9.009
"2020-09-30 12:00:00","South West",9.816
"2020-09-30 12:00:00","Midlands",9.859
"2020-09-30 12:00:00","North East and Yorkshire",10.139
"2020-09-30 12:00:00","East of England",9.891
"2020-09-30 12:00:00","North West",10.32
"2020-10-01 12:00:00","London",12.758
"2020-10-01 12:00:00","South East",11.041
"2020-10-01 12:00:00","South West",11.165
"2020-10-01 12:00:00","Midlands",11.475
"2020-10-01 12:00:00","North East and Yorkshire",11.807
"2020-10-01 12:00:00","East of England",11.669
"2020-10-01 12:00:00","North West",11.827
"2020-10-02 12:00:00","London",13.366
"2020-10-02 12:00:00","South East",11.797
"2020-10-02 12:00:00","South West",11.998
"2020-10-02 12:00:00","Midlands",13.375
"2020-10-02 12:00:00","North East and Yorkshire",13.429
"2020-10-02 12:00:00","East of England",12.983
"2020-10-02 12:00:00","North West",12.639
"2020-10-03 12:00:00","London",14.139
"2020-10-03 12:00:00","South East",12.802
"2020-10-03 12:00:00","South West",12.174
"2020-10-03 12:00:00","Midlands",13.706
"2020-10-03 12:00:00","North East and Yorkshire",14.074
"2020-10-03 12:00:00","East of England",13.889
"2020-10-03 12:00:00","North West",12.927
"2020-10-04 12:00:00","London",11.854
"2020-10-04 12:00:00","South East",9.961
"2020-10-04 12:00:00","South West",9.171
"2020-10-04 12:00:00","Midlands",10.946
"2020-10-04 12:00:00","North East and Yorkshire",11.852
"2020-10-04 12:00:00","East of England",11.32
"2020-10-04 12:00:00","North West",11.132
"2020-10-05 12:00:00","London",12.179
"2020-10-05 12:00:00","South East",10.086
"2020-10-05 12:00:00","South West",9.517
"2020-10-05 12:00:00","Midlands",12.812
"2020-10-05 12:00:00","North East and Yorkshire",13.159
"2020-10-05 12:00:00","East of England",12.517
"2020-10-05 12:00:00","North West",11.644
"2020-10-06 12:00:00","London",9.139
"2020-10-06 12:00:00","South East",7.118
"2020-10-06 12:00:00","South West",9.952
"2020-10-06 12:00:00","Midlands",9.131
"2020-10-06 12:00:00","North East and Yorkshire",7.603
"2020-10-06 12:00:00","East of England",8.141
"2020-10-06 12:00:00","North West",8.764
"2020-10-07 12:00:00","London",12.852
"2020-10-07 12:00:00","South East",11.484
"2020-10-07 12:00:00","South West",11.63
"2020-10-07 12:00:00","Midlands",11.966
"2020-10-07 12:00:00","North East and Yorkshire",11.174
"2020-10-07 12:00:00","East of England",11.364
"2020-10-07 12:00:00","North West",11.431
"2020-10-08 12:00:00","London",12.457
"2020-10-08 12:00:00","South East",11.195
"2020-10-08 12:00:00","South West",12.916
"2020-10-08 12:00:00","Midlands",10.341
"2020-10-08 12:00:00","North East and Yorkshire",12.437
"2020-10-08 12:00:00","East of England",11.106
"2020-10-08 12:00:00","North West",11.371
"2020-10-09 12:00:00","London",13.466
"2020-10-09 12:00:00","South East",11.884
"2020-10-09 12:00:00","South West",10.839
"2020-10-09 12:00:00","Midlands",7.589
"2020-10-09 12:00:00","North East and Yorkshire",7.467
"2020-10-09 12:00:00","East of England",11.558
"2020-10-09 12:00:00","North West",7.262
"2020-10-10 12:00:00","London",7.648
"2020-10-10 12:00:00","South East",5.953
"2020-10-10 12:00:00","South West",6.44
"2020-10-10 12:00:00","Midlands",5.105
"2020-10-10 12:00:00","North East and Yorkshire",5.685
"2020-10-10 12:00:00","East of England",5.318
"2020-10-10 12:00:00","North West",4.899
"2020-10-11 12:00:00","London",8.798
"2020-10-11 12:00:00","South East",6.805
"2020-10-11 12:00:00","South West",8.073
"2020-10-11 12:00:00","Midlands",10.76
"2020-10-11 12:00:00","North East and Yorkshire",12.561
"2020-10-11 12:00:00","East of England",8.806
"2020-10-11 12:00:00","North West",11.152
"2020-10-12 12:00:00","London",14.909
"2020-10-12 12:00:00","South East",12.895
"2020-10-12 12:00:00","South West",13.016
"2020-10-12 12:00:00","Midlands",12.605
"2020-10-12 12:00:00","North East and Yorkshire",7.93
"2020-10-12 12:00:00","East of England",14.016
"2020-10-12 12:00:00","North West",9.827
"2020-10-13 12:00:00","London",10.826
"2020-10-13 12:00:00","South East",9.59
"2020-10-13 12:00:00","South West",8.6
"2020-10-13 12:00:00","Midlands",9.004
"2020-10-13 12:00:00","North East and Yorkshire",7.975
"2020-10-13 12:00:00","East of England",10.263
"2020-10-13 12:00:00","North West",7.911
"2020-10-14 12:00:00","London",9.466
"2020-10-14 12:00:00","South East",8.574
"2020-10-14 12:00:00","South West",9.057
"2020-10-14 12:00:00","Midlands",8.487
"2020-10-14 12:00:00","North East and Yorkshire",8.304
"2020-10-14 12:00:00","East of England",8.295
"2020-10-14 12:00:00","North West",8.614
"2020-10-15 12:00:00","London",7.403
"2020-10-15 12:00:00","South East",5.944
"2020-10-15 12:00:00","South West",5.266
"2020-10-15 12:00:00","Midlands",3.594
"2020-10-15 12:00:00","North East and Yorkshire",4.173
"2020-10-15 12:00:00","East of England",4.944
"2020-10-15 12:00:00","North West",4.688
"2020-10-16 12:00:00","London",9.38
"2020-10-16 12:00:00","South East",7.859
"2020-10-16 12:00:00","South West",7.007
"2020-10-16 12:00:00","Midlands",7.081
"2020-10-16 12:00:00","North East and Yorkshire",7.198
"2020-10-16 12:00:00","East of England",8.594
"2020-10-16 12:00:00","North West",6.449
"2020-10-17 12:00:00","London",8.916
"2020-10-17 12:00:00","South East",7.692
"2020-10-17 12:00:00","South West",7.144
"2020-10-17 12:00:00","Midlands",7.081
"2020-10-17 12:00:00","North East and Yorkshire",6.397
"2020-10-17 12:00:00","East of England",8.118
"2020-10-17 12:00:00","North West",6.891
"2020-10-18 12:00:00","London",3.953
"2020-10-18 12:00:00","South East",3.061
"2020-10-18 12:00:00","South West",4.149
"2020-10-18 12:00:00","Midlands",5.641
"2020-10-18 12:00:00","North East and Yorkshire",6.478
"2020-10-18 12:00:00","East of England",3.916
"2020-10-18 12:00:00","North West",5.114
"2020-10-19 12:00:00","London",7.845
"2020-10-19 12:00:00","South East",7.036
"2020-10-19 12:00:00","South West",7.429
"2020-10-19 12:00:00","Midlands",7.971
"2020-10-19 12:00:00","North East and Yorkshire",7.563
"2020-10-19 12:00:00","East of England",7.42
"2020-10-19 12:00:00","North West",6.714
"2020-10-20 12:00:00","London",6.632
"2020-10-20 12:00:00","South East",5.273
"2020-10-20 12:00:00","South West",5.042
"2020-10-20 12:00:00","Midlands",7.631
"2020-10-20 12:00:00","North East and Yorkshire",10.066
"2020-10-20 12:00:00","East of England",7.343
"2020-10-20 12:00:00","North West",9.438
"2020-10-21 12:00:00","London",5.818
"2020-10-21 12:00:00","South East",5.414
"2020-10-21 12:00:00","South West",7.749
"2020-10-21 12:00:00","Midlands",8.818
"2020-10-21 12:00:00","North East and Yorkshire",7.714
"2020-10-21 12:00:00","East of England",4.358
"2020-10-21 12:00:00","North West",9.716
"2020-10-22 12:00:00","London",9.135
"2020-10-22 12:00:00","South East",8.31
"2020-10-22 12:00:00","South West",7.79
"2020-10-22 12:00:00","Midlands",9.089
"2020-10-22 12:00:00","North East and Yorkshire",10.047
"2020-10-22 12:00:00","East of England",8.678
"2020-10-22 12:00:00","North West",10.016
"2020-10-23 12:00:00","London",11.871
"2020-10-23 12:00:00","South East",10.078
"2020-10-23 12:00:00","South West",9.327
"2020-10-23 12:00:00","Midlands",8.185
"2020-10-23 12:00:00","North East and Yorkshire",4.388
"2020-10-23 12:00:00","East of England",10.149
"2020-10-23 12:00:00","North West",4.51
"2020-10-24 12:00:00","London",7.085
"2020-10-24 12:00:00","South East",6.744
"2020-10-24 12:00:00","South West",8.232
"2020-10-24 12:00:00","Midlands",4.908
"2020-10-24 12:00:00","North East and Yorkshire",2.486
"2020-10-24 12:00:00","East of England",4.616
"2020-10-24 12:00:00","North West",3.69
"2020-10-25 12:00:00","London",8.84
"2020-10-25 12:00:00","South East",8.134
"2020-10-25 12:00:00","South West",8.99
"2020-10-25 12:00:00","Midlands",8.865
"2020-10-25 12:00:00","North East and Yorkshire",7.249
"2020-10-25 12:00:00","East of England",8.556
"2020-10-25 12:00:00","North West",7.946
"2020-10-26 12:00:00","London",7.28
"2020-10-26 12:00:00","South East",6.953
"2020-10-26 12:00:00","South West",8.595
"2020-10-26 12:00:00","Midlands",9.306
"2020-10-26 12:00:00","North East and Yorkshire",10.184
"2020-10-26 12:00:00","East of England",7.714
"2020-10-26 12:00:00","North West",9.464
"2020-10-27 12:00:00","London",5.746
"2020-10-27 12:00:00","South East",5.3
"2020-10-27 12:00:00","South West",6.53
"2020-10-27 12:00:00","Midlands",5.899
"2020-10-27 12:00:00","North East and Yorkshire",6.586
"2020-10-27 12:00:00","East of England",5.379
"2020-10-27 12:00:00","North West",7.227
"2020-10-28 12:00:00","London",8.596
"2020-10-28 12:00:00","South East",8.642
"2020-10-28 12:00:00","South West",10.191
"2020-10-28 12:00:00","Midlands",9.663
"2020-10-28 12:00:00","North East and Yorkshire",8.792
"2020-10-28 12:00:00","East of England",9.691
"2020-10-28 12:00:00","North West",8.328
"2020-10-29 12:00:00","London",9.334
"2020-10-29 12:00:00","South East",8.096
"2020-10-29 12:00:00","South West",8.908
"2020-10-29 12:00:00","Midlands",8.636
"2020-10-29 12:00:00","North East and Yorkshire",6.451
"2020-10-29 12:00:00","East of England",9.725
"2020-10-29 12:00:00","North West",6.812
"2020-10-30 12:00:00","London",7.563
"2020-10-30 12:00:00","South East",6.916
"2020-10-30 12:00:00","South West",7.697
"2020-10-30 12:00:00","Midlands",8.263
"2020-10-30 12:00:00","North East and Yorkshire",7.578
"2020-10-30 12:00:00","East of England",7.784
"2020-10-30 12:00:00","North West",7.493
"2020-10-31 12:00:00","London",10.15
"2020-10-31 12:00:00","South East",9.153
"2020-10-31 12:00:00","South West",9.3
"2020-10-31 12:00:00","Midlands",9.895
"2020-10-31 12:00:00","North East and Yorkshire",9.353
"2020-10-31 12:00:00","East of England",9.847
"2020-10-31 12:00:00","North West",8.428
"2020-11-01 12:00:00","London",10.256
"2020-11-01 12:00:00","South East",8.677
"2020-11-01 12:00:00","South West",7.358
"2020-11-01 12:00:00","Midlands",7.298
"2020-11-01 12:00:00","North East and Yorkshire",7.496
"2020-11-01 12:00:00","East of England",9.688
"2020-11-01 12:00:00","North West",3.399
"2020-11-02 12:00:00","London",10.049
"2020-11-02 12:00:00","South East",8.204
"2020-11-02 12:00:00","South West",6.564
"2020-11-02 12:00:00","Midlands",7.079
"2020-11-02 12:00:00","North East and Yorkshire",6.04
"2020-11-02 12:00:00","East of England",8.88
"2020-11-02 12:00:00","North West",4.528
"2020-11-03 12:00:00","London",6.973
"2020-11-03 12:00:00","South East",5.914
"2020-11-03 12:00:00","South West",7.332
"2020-11-03 12:00:00","Midlands",7.626
"2020-11-03 12:00:00","North East and Yorkshire",7.88
"2020-11-03 12:00:00","East of England",6.892
"2020-11-03 12:00:00","North West",7.847
"2020-11-04 12:00:00","London",10.029
"2020-11-04 12:00:00","South East",8.393
"2020-11-04 12:00:00","South West",6.852
"2020-11-04 12:00:00","Midlands",6.518
"2020-11-04 12:00:00","North East and Yorkshire",5.4
"2020-11-04 12:00:00","East of England",7.974
"2020-11-04 12:00:00","North West",5.766
"2020-11-05 12:00:00","London",7.505
"2020-11-05 12:00:00","South East",7.197
"2020-11-05 12:00:00","South West",8.776
"2020-11-05 12:00:00","Midlands",8.441
"2020-11-05 12:00:00","North East and Yorkshire",8.144
"2020-11-05 12:00:00","East of England",7.78
"2020-11-05 12:00:00","North West",8.483
"2020-11-06 12:00:00","London",11.067
"2020-11-06 12:00:00","South East",10.744
"2020-11-06 12:00:00","South West",11.612
"2020-11-06 12:00:00","Midlands",10.325
"2020-11-06 12:00:00","North East and Yorkshire",9.35
"2020-11-06 12:00:00","East of England",10.421
"2020-11-06 12:00:00","North West",10.358
"2020-11-07 12:00:00","London",8.142
"2020-11-07 12:00:00","South East",7.242
"2020-11-07 12:00:00","South West",7.112
"2020-11-07 12:00:00","Midlands",6.32
"2020-11-07 12:00:00","North East and Yorkshire",8.068
"2020-11-07 12:00:00","East of England",6.934
"2020-11-07 12:00:00","North West",6.47
"2020-11-08 12:00:00","London",6.229
"2020-11-08 12:00:00","South East",4.687
"2020-11-08 12:00:00","South West",5.479
"2020-11-08 12:00:00","Midlands",4.739
"2020-11-08 12:00:00","North East and Yorkshire",3.46
"2020-11-08 12:00:00","East of England",6.061
"2020-11-08 12:00:00","North West",4.021
"2020-11-09 12:00:00","London",9.334
"2020-11-09 12:00:00","South East",8.186
"2020-11-09 12:00:00","South West",8.576
"2020-11-09 12:00:00","Midlands",7.933
"2020-11-09 12:00:00","North East and Yorkshire",7.126
"2020-11-09 12:00:00","East of England",8.44
"2020-11-09 12:00:00","North West",6.893
"2020-11-10 12:00:00","London",5.478
"2020-11-10 12:00:00","South East",5.289
"2020-11-10 12:00:00","South West",6.703
"2020-11-10 12:00:00","Midlands",5.902
"2020-11-10 12:00:00","North East and Yorkshire",7.275
"2020-11-10 12:00:00","East of England",4.562
"2020-11-10 12:00:00","North West",6.65
"2020-11-11 12:00:00","London",2.627
"2020-11-11 12:00:00","South East",2.192
"2020-11-11 12:00:00","South West",2.942
"2020-11-11 12:00:00","Midlands",1.092
"2020-11-11 12:00:00","North East and Yorkshire",0.989
"2020-11-11 12:00:00","East of England",2.402
"2020-11-11 12:00:00","North West",1.727
"2020-11-12 12:00:00","London",4.562
"2020-11-12 12:00:00","South East",4.452
"2020-11-12 12:00:00","South West",4.197
"2020-11-12 12:00:00","Midlands",3.612
"2020-11-12 12:00:00","North East and Yorkshire",3.064
"2020-11-12 12:00:00","East of England",4.241
"2020-11-12 12:00:00","North West",3.607
"2020-11-13 12:00:00","London",-0.078
"2020-11-13 12:00:00","South East",-0.695
"2020-11-13 12:00:00","South West",0.293
"2020-11-13 12:00:00","Midlands",3.842
"2020-11-13 12:00:00","North East and Yorkshire",4.318
"2020-11-13 12:00:00","East of England",-0.081
"2020-11-13 12:00:00","North West",3.674
"2020-11-14 12:00:00","London",0.106
"2020-11-14 12:00:00","South East",-1.132
"2020-11-14 12:00:00","South West",-1.377
"2020-11-14 12:00:00","Midlands",-1.557
"2020-11-14 12:00:00","North East and Yorkshire",-0.446
"2020-11-14 12:00:00","East of England",-0.404
"2020-11-14 12:00:00","North West",-0.305
"2020-11-15 12:00:00","London",2.036
"2020-11-15 12:00:00","South East",1.404
"2020-11-15 12:00:00","South West",2.373
"2020-11-15 12:00:00","Midlands",0.491
"2020-11-15 12:00:00","North East and Yorkshire",0.73
"2020-11-15 12:00:00","East of England",1.173
"2020-11-15 12:00:00","North West",0.267
"2020-11-16 12:00:00","London",3.78
"2020-11-16 12:00:00","South East",2.67
"2020-11-16 12:00:00","South West",3.512
"2020-11-16 12:00:00","Midlands",3.315
"2020-11-16 12:00:00","North East and Yorkshire",2.941
"2020-11-16 12:00:00","East of England",2.715
"2020-11-16 12:00:00","North West",2.306
"2020-11-17 12:00:00","London",4.758
"2020-11-17 12:00:00","South East",4.296
"2020-11-17 12:00:00","South West",7.26
"2020-11-17 12:00:00","Midlands",6.734
"2020-11-17 12:00:00","North East and Yorkshire",6.638
"2020-11-17 12:00:00","East of England",4.077
"2020-11-17 12:00:00","North West",6.982
"2020-11-18 12:00:00","London",9.491
"2020-11-18 12:00:00","South East",9.046
"2020-11-18 12:00:00","South West",9.587
"2020-11-18 12:00:00","Midlands",8.342
"2020-11-18 12:00:00","North East and Yorkshire",6.866
"2020-11-18 12:00:00","East of England",7.883
"2020-11-18 12:00:00","North West",7.532
"2020-11-19 12:00:00","London",8.674
"2020-11-19 12:00:00","South East",7.688
"2020-11-19 12:00:00","South West",7.55
"2020-11-19 12:00:00","Midlands",6.375
"2020-11-19 12:00:00","North East and Yorkshire",5.493
"2020-11-19 12:00:00","East of England",8.087
"2020-11-19 12:00:00","North West",5.949
"2020-11-20 12:00:00","London",7.602
"2020-11-20 12:00:00","South East",6.674
"2020-11-20 12:00:00","South West",6.381
"2020-11-20 12:00:00","Midlands",6.768
"2020-11-20 12:00:00","North East and Yorkshire",7.951
"2020-11-20 12:00:00","East of England",7.245
"2020-11-20 12:00:00","North West",6.814
"2020-11-21 12:00:00","London",4.341
"2020-11-21 12:00:00","South East",3.881
"2020-11-21 12:00:00","South West",5.34
"2020-11-21 12:00:00","Midlands",4.237
"2020-11-21 12:00:00","North East and Yorkshire",4.012
"2020-11-21 12:00:00","East of England",4.051
"2020-11-21 12:00:00","North West",4.83
"2020-11-22 12:00:00","London",7.443
"2020-11-22 12:00:00","South East",6.06
"2020-11-22 12:00:00","South West",6.181
"2020-11-22 12:00:00","Midlands",5.718
"2020-11-22 12:00:00","North East and Yorkshire",5.435
"2020-11-22 12:00:00","East of England",5.917
"2020-11-22 12:00:00","North West",5.303
"2020-11-23 12:00:00","London",6.926
"2020-11-23 12:00:00","South East",5.801
"2020-11-23 12:00:00","South West",5.541
"2020-11-23 12:00:00","Midlands",5.513
"2020-11-23 12:00:00","North East and Yorkshire",5.168
"2020-11-23 12:00:00","East of England",6.042
"2020-11-23 12:00:00","North West",5.818
"2020-11-24 12:00:00","London",4.77
"2020-11-24 12:00:00","South East",3.167
"2020-11-24 12:00:00","South West",2.88
"2020-11-24 12:00:00","Midlands",2.016
"2020-11-24 12:00:00","North East and Yorkshire",2.871
"2020-11-24 12:00:00","East of England",3.453
"2020-11-24 12:00:00","North West",3.022
"2020-11-25 12:00:00","London",4.092
"2020-11-25 12:00:00","South East",3.28
"2020-11-25 12:00:00","South West",3.706
"2020-11-25 12:00:00","Midlands",1.982
"2020-11-25 12:00:00","North East and Yorkshire",-0.147
"2020-11-25 12:00:00","East of England",2.37
"2020-11-25 12:00:00","North West",0.313
"2020-11-26 12:00:00","London",-1.547
"2020-11-26 12:00:00","South East",-1.787
"2020-11-26 12:00:00","South West",-0.86
"2020-11-26 12:00:00","Midlands",-2.434
"2020-11-26 12:00:00","North East and Yorkshire",-1.565
"2020-11-26 12:00:00","East of England",-1.191
"2020-11-26 12:00:00","North West",-2.596
"2020-11-27 12:00:00","London",-0.378
"2020-11-27 12:00:00","South East",-0.795
"2020-11-27 12:00:00","South West",1.522
"2020-11-27 12:00:00","Midlands",-1.408
"2020-11-27 12:00:00","North East and Yorkshire",-0.577
"2020-11-27 12:00:00","East of England",-0.71
"2020-11-27 12:00:00","North West",-0.986
"2020-11-28 12:00:00","London",5.151
"2020-11-28 12:00:00","South East",6.032
"2020-11-28 12:00:00","South West",8.384
"2020-11-28 12:00:00","Midlands",4.75
"2020-11-28 12:00:00","North East and Yorkshire",4.45
"2020-11-28 12:00:00","East of England",4.502
"2020-11-28 12:00:00","North West",5.788
"2020-11-29 12:00:00","London",10.408
"2020-11-29 12:00:00","South East",9.949
"2020-11-29 12:00:00","South West",11.213
"2020-11-29 12:00:00","Midlands",10.614
"2020-11-29 12:00:00","North East and Yorkshire",9.694
"2020-11-29 12:00:00","East of England",9.359
"2020-11-29 12:00:00","North West",9.78
"2020-11-30 12:00:00","London",8.083
"2020-11-30 12:00:00","South East",7.062
"2020-11-30 12:00:00","South West",6.888
"2020-11-30 12:00:00","Midlands",6.65
"2020-11-30 12:00:00","North East and Yorkshire",6.874
"2020-11-30 12:00:00","East of England",7.303
"2020-11-30 12:00:00","North West",7.124
"2020-12-01 12:00:00","London",3.906
"2020-12-01 12:00:00","South East",3.248
"2020-12-01 12:00:00","South West",4.193
"2020-12-01 12:00:00","Midlands",3.339
"2020-12-01 12:00:00","North East and Yorkshire",3.116
"2020-12-01 12:00:00","East of England",3.061
"2020-12-01 12:00:00","North West",3.628
"2020-12-02 12:00:00","London",8.321
"2020-12-02 12:00:00","South East",7.258
"2020-12-02 12:00:00","South West",7.14
"2020-12-02 12:00:00","Midlands",6.532
"2020-12-02 12:00:00","North East and Yorkshire",8.231
"2020-12-02 12:00:00","East of England",7.491
"2020-12-02 12:00:00","North West",6.96
"2020-12-03 12:00:00","London",6.063
"2020-12-03 12:00:00","South East",5.565
"2020-12-03 12:00:00","South West",5.072
"2020-12-03 12:00:00","Midlands",5.434
"2020-12-03 12:00:00","North East and Yorkshire",4.914
"2020-12-03 12:00:00","East of England",5.669
"2020-12-03 12:00:00","North West",3.77
"2020-12-04 12:00:00","London",5.516
"2020-12-04 12:00:00","South East",4.628
"2020-12-04 12:00:00","South West",3.972
"2020-12-04 12:00:00","Midlands",1.796
"2020-12-04 12:00:00","North East and Yorkshire",2.199
"2020-12-04 12:00:00","East of England",4.197
"2020-12-04 12:00:00","North West",2.608
"2020-12-05 12:00:00","London",3.338
"2020-12-05 12:00:00","South East",3.049
"2020-12-05 12:00:00","South West",4.33
"2020-12-05 12:00:00","Midlands",1.034
"2020-12-05 12:00:00","North East and Yorkshire",1.701
"2020-12-05 12:00:00","East of England",2.608
"2020-12-05 12:00:00","North West",2.58
"2020-12-06 12:00:00","London",2.889
"2020-12-06 12:00:00","South East",1.933
"2020-12-06 12:00:00","South West",4.165
"2020-12-06 12:00:00","Midlands",1.854
"2020-12-06 12:00:00","North East and Yorkshire",3.094
"2020-12-06 12:00:00","East of England",2.38
"2020-12-06 12:00:00","North West",3.735
"2020-12-07 12:00:00","London",3.151
"2020-12-07 12:00:00","South East",2.947
"2020-12-07 12:00:00","South West",5.117
"2020-12-07 12:00:00","Midlands",5.216
"2020-12-07 12:00:00","North East and Yorkshire",6.75
"2020-12-07 12:00:00","East of England",3.895
"2020-12-07 12:00:00","North West",6.013
"2020-12-08 12:00:00","London",3.849
"2020-12-08 12:00:00","South East",2.305
"2020-12-08 12:00:00","South West",2.378
"2020-12-08 12:00:00","Midlands",1.583
"2020-12-08 12:00:00","North East and Yorkshire",1.668
"2020-12-08 12:00:00","East of England",3.189
"2020-12-08 12:00:00","North West",0.483
"2020-12-09 12:00:00","London",1.595
"2020-12-09 12:00:00","South East",0.86
"2020-12-09 12:00:00","South West",2.89
"2020-12-09 12:00:00","Midlands",1.647
"2020-12-09 12:00:00","North East and Yorkshire",1.684
"2020-12-09 12:00:00","East of England",0.612
"2020-12-09 12:00:00","North West",1.115
"2020-12-10 12:00:00","London",3.477
"2020-12-10 12:00:00","South East",2.282
"2020-12-10 12:00:00","South West",3.182
"2020-12-10 12:00:00","Midlands",2.519
"2020-12-10 12:00:00","North East and Yorkshire",2.6
"2020-12-10 12:00:00","East of England",2.352
"2020-12-10 12:00:00","North West",3.13
"2020-12-11 12:00:00","London",2.484
"2020-12-11 12:00:00","South East",1.694
"2020-12-11 12:00:00","South West",2.066
"2020-12-11 12:00:00","Midlands",1.665
"2020-12-11 12:00:00","North East and Yorkshire",1.457
"2020-12-11 12:00:00","East of England",1.32
"2020-12-11 12:00:00","North West",1.887
"2020-12-12 12:00:00","London",2.751
"2020-12-12 12:00:00","South East",1.913
"2020-12-12 12:00:00","South West",2.344
"2020-12-12 12:00:00","Midlands",1.482
"2020-12-12 12:00:00","North East and Yorkshire",1.179
"2020-12-12 12:00:00","East of England",1.294
"2020-12-12 12:00:00","North West",1.838
"2020-12-13 12:00:00","London",2.221
"2020-12-13 12:00:00","South East",1.268
"2020-12-13 12:00:00","South West",0.536
"2020-12-13 12:00:00","Midlands",0.289
"2020-12-13 12:00:00","North East and Yorkshire",1.461
"2020-12-13 12:00:00","East of England",-0.21
"2020-12-13 12:00:00","North West",0.012
"2020-12-14 12:00:00","London",-0.035
"2020-12-14 12:00:00","South East",-0.863
"2020-12-14 12:00:00","South West",-0.537
"2020-12-14 12:00:00","Midlands",-0.769
"2020-12-14 12:00:00","North East and Yorkshire",0.717
"2020-12-14 12:00:00","East of England",-1.512
"2020-12-14 12:00:00","North West",1.482
"2020-12-15 12:00:00","London",0.681
"2020-12-15 12:00:00","South East",0.325
"2020-12-15 12:00:00","South West",1.618
"2020-12-15 12:00:00","Midlands",0.197
"2020-12-15 12:00:00","North East and Yorkshire",0.793
"2020-12-15 12:00:00","East of England",-0.005
"2020-12-15 12:00:00","North West",1.382
"2020-12-16 12:00:00","London",3.912
"2020-12-16 12:00:00","South East",3.747
"2020-12-16 12:00:00","South West",4.3
"2020-12-16 12:00:00","Midlands",2.433
"2020-12-16 12:00:00","North East and Yorkshire",1.551
"2020-12-16 12:00:00","East of England",2.026
"2020-12-16 12:00:00","North West",3.155
"2020-12-17 12:00:00","London",3.242
"2020-12-17 12:00:00","South East",2.704
"2020-12-17 12:00:00","South West",3.125
"2020-12-17 12:00:00","Midlands",3.083
"2020-12-17 12:00:00","North East and Yorkshire",1.924
"2020-12-17 12:00:00","East of England",3.033
"2020-12-17 12:00:00","North West",3.829
"2020-12-18 12:00:00","London",3.969
"2020-12-18 12:00:00","South East",3.131
"2020-12-18 12:00:00","South West",3.199
"2020-12-18 12:00:00","Midlands",2.694
"2020-12-18 12:00:00","North East and Yorkshire",2.474
"2020-12-18 12:00:00","East of England",3.009
"2020-12-18 12:00:00","North West",3.129
"2020-12-19 12:00:00","London",0.798
"2020-12-19 12:00:00","South East",0.507
"2020-12-19 12:00:00","South West",1.809
"2020-12-19 12:00:00","Midlands",0.791
"2020-12-19 12:00:00","North East and Yorkshire",0.9
"2020-12-19 12:00:00","East of England",0.444
"2020-12-19 12:00:00","North West",1.95
"2020-12-20 12:00:00","London",2.22
"2020-12-20 12:00:00","South East",2.429
"2020-12-20 12:00:00","South West",5.042
"2020-12-20 12:00:00","Midlands",3.286
"2020-12-20 12:00:00","North East and Yorkshire",3.197
"2020-12-20 12:00:00","East of England",1.857
"2020-12-20 12:00:00","North West",4.266
"2020-12-21 12:00:00","London",9.942
"2020-12-21 12:00:00","South East",9.209
"2020-12-21 12:00:00","South West",9.859
"2020-12-21 12:00:00","Midlands",9.612
"2020-12-21 12:00:00","North East and Yorkshire",7.068
"2020-12-21 12:00:00","East of England",9.255
"2020-12-21 12:00:00","North West",7.104
"2020-12-22 12:00:00","London",1.956
"2020-12-22 12:00:00","South East",1.131
"2020-12-22 12:00:00","South West",0.682
"2020-12-22 12:00:00","Midlands",0.576
"2020-12-22 12:00:00","North East and Yorkshire",0.887
"2020-12-22 12:00:00","East of England",0.961
"2020-12-22 12:00:00","North West",1.037
"2020-12-23 12:00:00","London",2.647
"2020-12-23 12:00:00","South East",1.427
"2020-12-23 12:00:00","South West",0.476
"2020-12-23 12:00:00","Midlands",-0.052
"2020-12-23 12:00:00","North East and Yorkshire",0.093
"2020-12-23 12:00:00","East of England",1.898
"2020-12-23 12:00:00","North West",-0.447
"2020-12-24 12:00:00","London",0.003
"2020-12-24 12:00:00","South East",-1.358
"2020-12-24 12:00:00","South West",-3.472
"2020-12-24 12:00:00","Midlands",-4.141
"2020-12-24 12:00:00","North East and Yorkshire",-3.2
"2020-12-24 12:00:00","East of England",-0.67
"2020-12-24 12:00:00","North West",-3.731
"2020-12-25 12:00:00","London",-1.873
"2020-12-25 12:00:00","South East",-2.793
"2020-12-25 12:00:00","South West",-2.683
"2020-12-25 12:00:00","Midlands",-3.45
"2020-12-25 12:00:00","North East and Yorkshire",-1.573
"2020-12-25 12:00:00","East of England",-2.517
"2020-12-25 12:00:00","North West",-1.651
"2020-12-26 12:00:00","London",-0.806
"2020-12-26 12:00:00","South East",-1.516
"2020-12-26 12:00:00","South West",-0.922
"2020-12-26 12:00:00","Midlands",-0.7
"2020-12-26 12:00:00","North East and Yorkshire",-3.914
"2020-12-26 12:00:00","East of England",-2.291
"2020-12-26 12:00:00","North West",-1.981
"2020-12-27 12:00:00","London",-2.404
"2020-12-27 12:00:00","South East",-2.833
"2020-12-27 12:00:00","South West",-2.499
"2020-12-27 12:00:00","Midlands",-1.933
"2020-12-27 12:00:00","North East and Yorkshire",-3.112
"2020-12-27 12:00:00","East of England",-2.883
"2020-12-27 12:00:00","North West",-1.872
"2020-12-28 12:00:00","London",-0.88
"2020-12-28 12:00:00","South East",-1.443
"2020-12-28 12:00:00","South West",-1.528
"2020-12-28 12:00:00","Midlands",0.228
"2020-12-28 12:00:00","North East and Yorkshire",2.94
"2020-12-28 12:00:00","East of England",-0.836
"2020-12-28 12:00:00","North West",2.935
"2020-12-29 12:00:00","London",9.902
"2020-12-29 12:00:00","South East",8.781
"2020-12-29 12:00:00","South West",8.182
"2020-12-29 12:00:00","Midlands",3.488
"2020-12-29 12:00:00","North East and Yorkshire",1.723
"2020-12-29 12:00:00","East of England",7.579
"2020-12-29 12:00:00","North West",1.708
"2020-12-30 12:00:00","London",9.649
"2020-12-30 12:00:00","South East",8.784
"2020-12-30 12:00:00","South West",8.146
"2020-12-30 12:00:00","Midlands",3.178
"2020-12-30 12:00:00","North East and Yorkshire",1.32
"2020-12-30 12:00:00","East of England",6.645
"2020-12-30 12:00:00","North West",2.241
"2020-12-31 12:00:00","London",3.883
"2020-12-31 12:00:00","South East",3.06
"2020-12-31 12:00:00","South West",2.621
"2020-12-31 12:00:00","Midlands",0.841
"2020-12-31 12:00:00","North East and Yorkshire",0.575
"2020-12-31 12:00:00","East of England",2.939
"2020-12-31 12:00:00","North West",0.554
"2021-01-01 12:00:00","London",0.23
"2021-01-01 12:00:00","South East",-0.851
"2021-01-01 12:00:00","South West",-1.005
"2021-01-01 12:00:00","Midlands",-1.761
"2021-01-01 12:00:00","North East and Yorkshire",-1.276
"2021-01-01 12:00:00","East of England",0.188
"2021-01-01 12:00:00","North West",-2.418
"2021-01-02 12:00:00","London",-0.25
"2021-01-02 12:00:00","South East",-1.11
"2021-01-02 12:00:00","South West",0.05
"2021-01-02 12:00:00","Midlands",-1.039
"2021-01-02 12:00:00","North East and Yorkshire",-0.742
"2021-01-02 12:00:00","East of England",-0.32
"2021-01-02 12:00:00","North West",-1.916
"2021-01-03 12:00:00","London",5.184
"2021-01-03 12:00:00","South East",4.82
"2021-01-03 12:00:00","South West",4.187
"2021-01-03 12:00:00","Midlands",2.761
"2021-01-03 12:00:00","North East and Yorkshire",2.049
"2021-01-03 12:00:00","East of England",3.62
"2021-01-03 12:00:00","North West",2.658
"2021-01-04 12:00:00","London",-1.186
"2021-01-04 12:00:00","South East",-1.179
"2021-01-04 12:00:00","South West",0.37
"2021-01-04 12:00:00","Midlands",-0.511
"2021-01-04 12:00:00","North East and Yorkshire",-0.843
"2021-01-04 12:00:00","East of England",-1.177
"2021-01-04 12:00:00","North West",0.402
"2021-01-05 12:00:00","London",3.638
"2021-01-05 12:00:00","South East",4.117
"2021-01-05 12:00:00","South West",5.502
"2021-01-05 12:00:00","Midlands",4.877
"2021-01-05 12:00:00","North East and Yorkshire",6.933
"2021-01-05 12:00:00","East of England",4.205
"2021-01-05 12:00:00","North West",5.388
"2021-01-06 12:00:00","London",8.282
"2021-01-06 12:00:00","South East",7.586
"2021-01-06 12:00:00","South West",8.399
"2021-01-06 12:00:00","Midlands",6.865
"2021-01-06 12:00:00","North East and Yorkshire",7.288
"2021-01-06 12:00:00","East of England",6.658
"2021-01-06 12:00:00","North West",7.119
"2021-01-07 12:00:00","London",5.585
"2021-01-07 12:00:00","South East",4.577
"2021-01-07 12:00:00","South West",4.336
"2021-01-07 12:00:00","Midlands",3.074
"2021-01-07 12:00:00","North East and Yorkshire",2.697
"2021-01-07 12:00:00","East of England",4.789
"2021-01-07 12:00:00","North West",3.035
"2021-01-08 12:00:00","London",1.229
"2021-01-08 12:00:00","South East",0.836
"2021-01-08 12:00:00","South West",1.291
"2021-01-08 12:00:00","Midlands",1.68
"2021-01-08 12:00:00","North East and Yorkshire",1.395
"2021-01-08 12:00:00","East of England",1.264
"2021-01-08 12:00:00","North West",2.294
"2021-01-09 12:00:00","London",2.284
"2021-01-09 12:00:00","South East",2.237
"2021-01-09 12:00:00","South West",4.307
"2021-01-09 12:00:00","Midlands",3.109
"2021-01-09 12:00:00","North East and Yorkshire",4.397
"2021-01-09 12:00:00","East of England",2.258
"2021-01-09 12:00:00","North West",4.487
"2021-01-10 12:00:00","London",4.181
"2021-01-10 12:00:00","South East",3.8
"2021-01-10 12:00:00","South West",3.697
"2021-01-10 12:00:00","Midlands",1.739
"2021-01-10 12:00:00","North East and Yorkshire",1.808
"2021-01-10 12:00:00","East of England",2.827
"2021-01-10 12:00:00","North West",2.776
"2021-01-11 12:00:00","London",3.827
"2021-01-11 12:00:00","South East",2.885
"2021-01-11 12:00:00","South West",3.262
"2021-01-11 12:00:00","Midlands",2.234
"2021-01-11 12:00:00","North East and Yorkshire",1.842
"2021-01-11 12:00:00","East of England",2.741
"2021-01-11 12:00:00","North West",2.242
"2021-01-12 12:00:00","London",3.906
"2021-01-12 12:00:00","South East",3.248
"2021-01-12 12:00:00","South West",4.193
"2021-01-12 12:00:00","Midlands",3.339
"2021-01-12 12:00:00","North East and Yorkshire",3.116
"2021-01-12 12:00:00","East of England",3.061
"2021-01-12 12:00:00","North West",3.628
"2021-01-13 12:00:00","London",8.321
"2021-01-13 12:00:00","South East",7.258
"2021-01-13 12:00:00","South West",7.14
"2021-01-13 12:00:00","Midlands",6.532
"2021-01-13 12:00:00","North East and Yorkshire",8.231
"2021-01-13 12:00:00","East of England",7.491
"2021-01-13 12:00:00","North West",6.96
"2021-01-14 12:00:00","London",6.063
"2021-01-14 12:00:00","South East",5.565
"2021-01-14 12:00:00","South West",5.072
"2021-01-14 12:00:00","Midlands",5.434
"2021-01-14 12:00:00","North East and Yorkshire",4.914
"2021-01-14 12:00:00","East of England",5.669
"2021-01-14 12:00:00","North West",3.77
"2021-01-15 12:00:00","London",5.516
"2021-01-15 12:00:00","South East",4.628
"2021-01-15 12:00:00","South West",3.972
"2021-01-15 12:00:00","Midlands",1.796
"2021-01-15 12:00:00","North East and Yorkshire",2.199
"2021-01-15 12:00:00","East of England",4.197
"2021-01-15 12:00:00","North West",2.608
"2021-01-16 12:00:00","London",3.338
"2021-01-16 12:00:00","South East",3.049
"2021-01-16 12:00:00","South West",4.33
"2021-01-16 12:00:00","Midlands",1.034
"2021-01-16 12:00:00","North East and Yorkshire",1.701
"2021-01-16 12:00:00","East of England",2.608
"2021-01-16 12:00:00","North West",2.58
"2021-01-17 12:00:00","London",2.889
"2021-01-17 12:00:00","South East",1.933
"2021-01-17 12:00:00","South West",4.165
"2021-01-17 12:00:00","Midlands",1.854
"2021-01-17 12:00:00","North East and Yorkshire",3.094
"2021-01-17 12:00:00","East of England",2.38
"2021-01-17 12:00:00","North West",3.735
"2021-01-18 12:00:00","London",3.151
"2021-01-18 12:00:00","South East",2.947
"2021-01-18 12:00:00","South West",5.117
"2021-01-18 12:00:00","Midlands",5.216
"2021-01-18 12:00:00","North East and Yorkshire",6.75
"2021-01-18 12:00:00","East of England",3.895
"2021-01-18 12:00:00","North West",6.013
"2021-01-19 12:00:00","London",4.003
"2021-01-19 12:00:00","South East",3.956
"2021-01-19 12:00:00","South West",4.724
"2021-01-19 12:00:00","Midlands",3.359
"2021-01-19 12:00:00","North East and Yorkshire",4.305
"2021-01-19 12:00:00","East of England",3.857
"2021-01-19 12:00:00","North West",4.054
"2021-01-20 12:00:00","London",7.549
"2021-01-20 12:00:00","South East",7.253
"2021-01-20 12:00:00","South West",7.891
"2021-01-20 12:00:00","Midlands",5.708
"2021-01-20 12:00:00","North East and Yorkshire",5.012
"2021-01-20 12:00:00","East of England",5.949
"2021-01-20 12:00:00","North West",5.412
"2021-01-21 12:00:00","London",3.539
"2021-01-21 12:00:00","South East",3.475
"2021-01-21 12:00:00","South West",5.411
"2021-01-21 12:00:00","Midlands",3.044
"2021-01-21 12:00:00","North East and Yorkshire",2.684
"2021-01-21 12:00:00","East of England",2.575
"2021-01-21 12:00:00","North West",3.251
"2021-01-22 12:00:00","London",7.337
"2021-01-22 12:00:00","South East",6.197
"2021-01-22 12:00:00","South West",4.958
"2021-01-22 12:00:00","Midlands",4.977
"2021-01-22 12:00:00","North East and Yorkshire",4.292
"2021-01-22 12:00:00","East of England",6.234
"2021-01-22 12:00:00","North West",4.783
"2021-01-23 12:00:00","London",-0.735
"2021-01-23 12:00:00","South East",-1.174
"2021-01-23 12:00:00","South West",-0.2
"2021-01-23 12:00:00","Midlands",2.243
"2021-01-23 12:00:00","North East and Yorkshire",3.455
"2021-01-23 12:00:00","East of England",-0.016
"2021-01-23 12:00:00","North West",3.403
"2021-01-24 12:00:00","London",0.9
"2021-01-24 12:00:00","South East",0.819
"2021-01-24 12:00:00","South West",3.125
"2021-01-24 12:00:00","Midlands",2.601
"2021-01-24 12:00:00","North East and Yorkshire",3.842
"2021-01-24 12:00:00","East of England",1.103
"2021-01-24 12:00:00","North West",4.616
"2021-01-25 12:00:00","London",3.834
"2021-01-25 12:00:00","South East",4.69
"2021-01-25 12:00:00","South West",7.088
"2021-01-25 12:00:00","Midlands",4.662
"2021-01-25 12:00:00","North East and Yorkshire",4.68
"2021-01-25 12:00:00","East of England",3.739
"2021-01-25 12:00:00","North West",5.904
"2021-01-26 12:00:00","London",2.389
"2021-01-26 12:00:00","South East",1.711
"2021-01-26 12:00:00","South West",1.342
"2021-01-26 12:00:00","Midlands",1.086
"2021-01-26 12:00:00","North East and Yorkshire",1.382
"2021-01-26 12:00:00","East of England",1.86
"2021-01-26 12:00:00","North West",1.585
"2021-01-27 12:00:00","London",2.133
"2021-01-27 12:00:00","South East",1.69
"2021-01-27 12:00:00","South West",2.047
"2021-01-27 12:00:00","Midlands",1.69
"2021-01-27 12:00:00","North East and Yorkshire",1.757
"2021-01-27 12:00:00","East of England",1.748
"2021-01-27 12:00:00","North West",1.973
"2021-01-28 12:00:00","London",3.714
"2021-01-28 12:00:00","South East",3.293
"2021-01-28 12:00:00","South West",4.205
"2021-01-28 12:00:00","Midlands",3.258
"2021-01-28 12:00:00","North East and Yorkshire",3.964
"2021-01-28 12:00:00","East of England",3.139
"2021-01-28 12:00:00","North West",4.66
"2021-01-29 12:00:00","London",8.522
"2021-01-29 12:00:00","South East",7.417
"2021-01-29 12:00:00","South West",7.48
"2021-01-29 12:00:00","Midlands",6.85
"2021-01-29 12:00:00","North East and Yorkshire",6.241
"2021-01-29 12:00:00","East of England",7.391
"2021-01-29 12:00:00","North West",6.237
"2021-01-30 12:00:00","London",9.618
"2021-01-30 12:00:00","South East",8.196
"2021-01-30 12:00:00","South West",7.969
"2021-01-30 12:00:00","Midlands",7.908
"2021-01-30 12:00:00","North East and Yorkshire",7.87
"2021-01-30 12:00:00","East of England",8.748
"2021-01-30 12:00:00","North West",7.564
"2021-01-31 12:00:00","London",6.221
"2021-01-31 12:00:00","South East",5.387
"2021-01-31 12:00:00","South West",5.479
"2021-01-31 12:00:00","Midlands",4.941
"2021-01-31 12:00:00","North East and Yorkshire",4.026
"2021-01-31 12:00:00","East of England",5.465
"2021-01-31 12:00:00","North West",4.646
"2021-02-01 12:00:00","London",8.22
"2021-02-01 12:00:00","South East",7.337
"2021-02-01 12:00:00","South West",7.712
"2021-02-01 12:00:00","Midlands",5.771
"2021-02-01 12:00:00","North East and Yorkshire",4.669
"2021-02-01 12:00:00","East of England",6.72
"2021-02-01 12:00:00","North West",5.018
"2021-02-02 12:00:00","London",-2.487
"2021-02-02 12:00:00","South East",-2.776
"2021-02-02 12:00:00","South West",-2.683
"2021-02-02 12:00:00","Midlands",-3.116
"2021-02-02 12:00:00","North East and Yorkshire",0.144
"2021-02-02 12:00:00","East of England",-3.323
"2021-02-02 12:00:00","North West",-1.008
"2021-02-03 12:00:00","London",-4.85
"2021-02-03 12:00:00","South East",-4.643
"2021-02-03 12:00:00","South West",-3.599
"2021-02-03 12:00:00","Midlands",-3.049
"2021-02-03 12:00:00","North East and Yorkshire",1.625
"2021-02-03 12:00:00","East of England",-4.611
"2021-02-03 12:00:00","North West",0.15
"2021-02-04 12:00:00","London",-2.548
"2021-02-04 12:00:00","South East",-2.873
"2021-02-04 12:00:00","South West",-1.343
"2021-02-04 12:00:00","Midlands",-0.883
"2021-02-04 12:00:00","North East and Yorkshire",1.022
"2021-02-04 12:00:00","East of England",-2.026
"2021-02-04 12:00:00","North West",0.427
"2021-02-05 12:00:00","London",-2.476
"2021-02-05 12:00:00","South East",-2.606
"2021-02-05 12:00:00","South West",-2.466
"2021-02-05 12:00:00","Midlands",-1.213
"2021-02-05 12:00:00","North East and Yorkshire",2.743
"2021-02-05 12:00:00","East of England",-2.62
"2021-02-05 12:00:00","North West",1.578
"2021-02-06 12:00:00","London",0.651
"2021-02-06 12:00:00","South East",0.509
"2021-02-06 12:00:00","South West",0.875
"2021-02-06 12:00:00","Midlands",1.737
"2021-02-06 12:00:00","North East and Yorkshire",4.602
"2021-02-06 12:00:00","East of England",0.529
"2021-02-06 12:00:00","North West",3.48
"2021-02-07 12:00:00","London",6.953
"2021-02-07 12:00:00","South East",5.719
"2021-02-07 12:00:00","South West",4.555
"2021-02-07 12:00:00","Midlands",6.101
"2021-02-07 12:00:00","North East and Yorkshire",5.822
"2021-02-07 12:00:00","East of England",6.147
"2021-02-07 12:00:00","North West",5.845
"2021-02-08 12:00:00","London",3.375
"2021-02-08 12:00:00","South East",2.836
"2021-02-08 12:00:00","South West",5.608
"2021-02-08 12:00:00","Midlands",5.107
"2021-02-08 12:00:00","North East and Yorkshire",2.523
"2021-02-08 12:00:00","East of England",4.46
"2021-02-08 12:00:00","North West",1.933
"2021-02-09 12:00:00","London",-0.33
"2021-02-09 12:00:00","South East",-0.258
"2021-02-09 12:00:00","South West",2.34
"2021-02-09 12:00:00","Midlands",-0.756
"2021-02-09 12:00:00","North East and Yorkshire",-1.377
"2021-02-09 12:00:00","East of England",-1.073
"2021-02-09 12:00:00","North West",-0.44
"2021-02-10 12:00:00","London",-0.147
"2021-02-10 12:00:00","South East",0.144
"2021-02-10 12:00:00","South West",1.94
"2021-02-10 12:00:00","Midlands",0.192
"2021-02-10 12:00:00","North East and Yorkshire",-0.062
"2021-02-10 12:00:00","East of England",-0.712
"2021-02-10 12:00:00","North West",1.155
"2021-02-11 12:00:00","London",2.678
"2021-02-11 12:00:00","South East",3.628
"2021-02-11 12:00:00","South West",4.709
"2021-02-11 12:00:00","Midlands",3.392
"2021-02-11 12:00:00","North East and Yorkshire",3.404
"2021-02-11 12:00:00","East of England",3.088
"2021-02-11 12:00:00","North West",3.778
"2021-02-12 12:00:00","London",9.399
"2021-02-12 12:00:00","South East",8.227
"2021-02-12 12:00:00","South West",8.556
"2021-02-12 12:00:00","Midlands",8.195
"2021-02-12 12:00:00","North East and Yorkshire",6.804
"2021-02-12 12:00:00","East of England",8.309
"2021-02-12 12:00:00","North West",7.256
"2021-02-13 12:00:00","London",10.491
"2021-02-13 12:00:00","South East",9.023
"2021-02-13 12:00:00","South West",9.13
"2021-02-13 12:00:00","Midlands",9.389
"2021-02-13 12:00:00","North East and Yorkshire",7.074
"2021-02-13 12:00:00","East of England",9.322
"2021-02-13 12:00:00","North West",7.789
"2021-02-14 12:00:00","London",7.237
"2021-02-14 12:00:00","South East",5.865
"2021-02-14 12:00:00","South West",5.344
"2021-02-14 12:00:00","Midlands",6.002
"2021-02-14 12:00:00","North East and Yorkshire",4.002
"2021-02-14 12:00:00","East of England",6.922
"2021-02-14 12:00:00","North West",5.119
"2021-02-15 12:00:00","London",5.98
"2021-02-15 12:00:00","South East",4.909
"2021-02-15 12:00:00","South West",5.285
"2021-02-15 12:00:00","Midlands",6.153
"2021-02-15 12:00:00","North East and Yorkshire",5.959
"2021-02-15 12:00:00","East of England",5.499
"2021-02-15 12:00:00","North West",6.383
"2021-02-16 12:00:00","London",1.963
"2021-02-16 12:00:00","South East",1.334
"2021-02-16 12:00:00","South West",2.02
"2021-02-16 12:00:00","Midlands",0.536
"2021-02-16 12:00:00","North East and Yorkshire",-1.984
"2021-02-16 12:00:00","East of England",0.794
"2021-02-16 12:00:00","North West",-1.322
"2021-02-17 12:00:00","London",-0.41
"2021-02-17 12:00:00","South East",-0.648
"2021-02-17 12:00:00","South West",0.485
"2021-02-17 12:00:00","Midlands",-2.716
"2021-02-17 12:00:00","North East and Yorkshire",-4.36
"2021-02-17 12:00:00","East of England",-2.336
"2021-02-17 12:00:00","North West",-2.601
"2021-02-18 12:00:00","London",1.708
"2021-02-18 12:00:00","South East",0.963
"2021-02-18 12:00:00","South West",1.549
"2021-02-18 12:00:00","Midlands",-0.302
"2021-02-18 12:00:00","North East and Yorkshire",-1.636
"2021-02-18 12:00:00","East of England",0.478
"2021-02-18 12:00:00","North West",0.064
"2021-02-19 12:00:00","London",2.904
"2021-02-19 12:00:00","South East",2.402
"2021-02-19 12:00:00","South West",2.092
"2021-02-19 12:00:00","Midlands",-0.07
"2021-02-19 12:00:00","North East and Yorkshire",-0.349
"2021-02-19 12:00:00","East of England",1.383
"2021-02-19 12:00:00","North West",0.024
"2021-02-20 12:00:00","London",-2.39
"2021-02-20 12:00:00","South East",-2.86
"2021-02-20 12:00:00","South West",-0.112
"2021-02-20 12:00:00","Midlands",-3.494
"2021-02-20 12:00:00","North East and Yorkshire",-3.014
"2021-02-20 12:00:00","East of England",-3.523
"2021-02-20 12:00:00","North West",-2.208
"2021-02-21 12:00:00","London",2.549
"2021-02-21 12:00:00","South East",1.749
"2021-02-21 12:00:00","South West",2.914
"2021-02-21 12:00:00","Midlands",0.956
"2021-02-21 12:00:00","North East and Yorkshire",0.692
"2021-02-21 12:00:00","East of England",0.868
"2021-02-21 12:00:00","North West",1.123
"2021-02-22 12:00:00","London",9.72
"2021-02-22 12:00:00","South East",8.405
"2021-02-22 12:00:00","South West",8.826
"2021-02-22 12:00:00","Midlands",8.21
"2021-02-22 12:00:00","North East and Yorkshire",7.657
"2021-02-22 12:00:00","East of England",9.104
"2021-02-22 12:00:00","North West",7.833
"2021-02-23 12:00:00","London",0.777
"2021-02-23 12:00:00","South East",0.045
"2021-02-23 12:00:00","South West",0.252
"2021-02-23 12:00:00","Midlands",-0.147
"2021-02-23 12:00:00","North East and Yorkshire",0.662
"2021-02-23 12:00:00","East of England",-0.212
"2021-02-23 12:00:00","North West",0.741
"2021-02-24 12:00:00","London",4.146
"2021-02-24 12:00:00","South East",3.08
"2021-02-24 12:00:00","South West",3.499
"2021-02-24 12:00:00","Midlands",3.1
"2021-02-24 12:00:00","North East and Yorkshire",4.708
"2021-02-24 12:00:00","East of England",3.011
"2021-02-24 12:00:00","North West",4.663
"2021-02-25 12:00:00","London",-0.461
"2021-02-25 12:00:00","South East",-0.496
"2021-02-25 12:00:00","South West",1.987
"2021-02-25 12:00:00","Midlands",0.387
"2021-02-25 12:00:00","North East and Yorkshire",3.232
"2021-02-25 12:00:00","East of England",-0.553
"2021-02-25 12:00:00","North West",1.326
"2021-02-26 12:00:00","London",-0.1
"2021-02-26 12:00:00","South East",-0.232
"2021-02-26 12:00:00","South West",1.419
"2021-02-26 12:00:00","Midlands",-0.391
"2021-02-26 12:00:00","North East and Yorkshire",0.709
"2021-02-26 12:00:00","East of England",-0.354
"2021-02-26 12:00:00","North West",0.931
"2021-02-27 12:00:00","London",2.174
"2021-02-27 12:00:00","South East",1.33
"2021-02-27 12:00:00","South West",3.932
"2021-02-27 12:00:00","Midlands",2.739
"2021-02-27 12:00:00","North East and Yorkshire",3.912
"2021-02-27 12:00:00","East of England",2.096
"2021-02-27 12:00:00","North West",4.117
"2021-02-28 12:00:00","London",3.896
"2021-02-28 12:00:00","South East",3.641
"2021-02-28 12:00:00","South West",6.329
"2021-02-28 12:00:00","Midlands",5.882
"2021-02-28 12:00:00","North East and Yorkshire",6.336
"2021-02-28 12:00:00","East of England",3.793
"2021-02-28 12:00:00","North West",6.906
"2021-03-01 12:00:00","London",6.402
"2021-03-01 12:00:00","South East",6.05
"2021-03-01 12:00:00","South West",7.074
"2021-03-01 12:00:00","Midlands",6.024
"2021-03-01 12:00:00","North East and Yorkshire",6.3
"2021-03-01 12:00:00","East of England",5.658
"2021-03-01 12:00:00","North West",6.293
"2021-03-02 12:00:00","London",1.105
"2021-03-02 12:00:00","South East",0.278
"2021-03-02 12:00:00","South West",-0.686
"2021-03-02 12:00:00","Midlands",-0.641
"2021-03-02 12:00:00","North East and Yorkshire",-0.125
"2021-03-02 12:00:00","East of England",0.426
"2021-03-02 12:00:00","North West",-0.847
"2021-03-03 12:00:00","London",3.617
"2021-03-03 12:00:00","South East",2.559
"2021-03-03 12:00:00","South West",2.329
"2021-03-03 12:00:00","Midlands",1.467
"2021-03-03 12:00:00","North East and Yorkshire",2.518
"2021-03-03 12:00:00","East of England",2.629
"2021-03-03 12:00:00","North West",2.196
"2021-03-04 12:00:00","London",8.018
"2021-03-04 12:00:00","South East",7.442
"2021-03-04 12:00:00","South West",6.768
"2021-03-04 12:00:00","Midlands",5.105
"2021-03-04 12:00:00","North East and Yorkshire",4.922
"2021-03-04 12:00:00","East of England",5.614
"2021-03-04 12:00:00","North West",4.762
"2021-03-05 12:00:00","London",2.643
"2021-03-05 12:00:00","South East",2.118
"2021-03-05 12:00:00","South West",2.119
"2021-03-05 12:00:00","Midlands",1.18
"2021-03-05 12:00:00","North East and Yorkshire",-0.053
"2021-03-05 12:00:00","East of England",2.277
"2021-03-05 12:00:00","North West",0.917
"2021-03-06 12:00:00","London",3.095
"2021-03-06 12:00:00","South East",2.324
"2021-03-06 12:00:00","South West",0.717
"2021-03-06 12:00:00","Midlands",1.489
"2021-03-06 12:00:00","North East and Yorkshire",0.136
"2021-03-06 12:00:00","East of England",1.95
"2021-03-06 12:00:00","North West",0.124
"2021-03-07 12:00:00","London",-0.235
"2021-03-07 12:00:00","South East",-1.245
"2021-03-07 12:00:00","South West",-1.365
"2021-03-07 12:00:00","Midlands",-1.556
"2021-03-07 12:00:00","North East and Yorkshire",1.112
"2021-03-07 12:00:00","East of England",-0.206
"2021-03-07 12:00:00","North West",0.874
"2021-03-08 12:00:00","London",-0.139
"2021-03-08 12:00:00","South East",-0.89
"2021-03-08 12:00:00","South West",-0.567
"2021-03-08 12:00:00","Midlands",-2.111
"2021-03-08 12:00:00","North East and Yorkshire",-1.569
"2021-03-08 12:00:00","East of England",-1.172
"2021-03-08 12:00:00","North West",-0.982
"2021-03-09 12:00:00","London",4.27
"2021-03-09 12:00:00","South East",3.562
"2021-03-09 12:00:00","South West",3.516
"2021-03-09 12:00:00","Midlands",1.646
"2021-03-09 12:00:00","North East and Yorkshire",0.793
"2021-03-09 12:00:00","East of England",2.908
"2021-03-09 12:00:00","North West",1.149
"2021-03-10 12:00:00","London",-0.879
"2021-03-10 12:00:00","South East",-1.532
"2021-03-10 12:00:00","South West",-0.505
"2021-03-10 12:00:00","Midlands",-2.794
"2021-03-10 12:00:00","North East and Yorkshire",-3.902
"2021-03-10 12:00:00","East of England",-1.997
"2021-03-10 12:00:00","North West",-2.491
"2021-03-11 12:00:00","London",3.902
"2021-03-11 12:00:00","South East",3.239
"2021-03-11 12:00:00","South West",3.506
"2021-03-11 12:00:00","Midlands",1.134
"2021-03-11 12:00:00","North East and Yorkshire",0.464
"2021-03-11 12:00:00","East of England",2.15
"2021-03-11 12:00:00","North West",1.095
"2021-03-12 12:00:00","London",10.091
"2021-03-12 12:00:00","South East",8.735
"2021-03-12 12:00:00","South West",8.334
"2021-03-12 12:00:00","Midlands",7.767
"2021-03-12 12:00:00","North East and Yorkshire",7.273
"2021-03-12 12:00:00","East of England",8.802
"2021-03-12 12:00:00","North West",7.112
"2021-03-13 12:00:00","London",8.955
"2021-03-13 12:00:00","South East",8.064
"2021-03-13 12:00:00","South West",8.111
"2021-03-13 12:00:00","Midlands",8.346
"2021-03-13 12:00:00","North East and Yorkshire",7.531
"2021-03-13 12:00:00","East of England",7.695
"2021-03-13 12:00:00","North West",8.21
"2021-03-14 12:00:00","London",5.693
"2021-03-14 12:00:00","South East",4.144
"2021-03-14 12:00:00","South West",3.218
"2021-03-14 12:00:00","Midlands",3.974
"2021-03-14 12:00:00","North East and Yorkshire",4.173
"2021-03-14 12:00:00","East of England",5.148
"2021-03-14 12:00:00","North West",5.139
"2021-03-15 12:00:00","London",7.451
"2021-03-15 12:00:00","South East",6.283
"2021-03-15 12:00:00","South West",6.42
"2021-03-15 12:00:00","Midlands",5.931
"2021-03-15 12:00:00","North East and Yorkshire",5.98
"2021-03-15 12:00:00","East of England",6.064
"2021-03-15 12:00:00","North West",5.507
"2021-03-16 12:00:00","London",8.683
"2021-03-16 12:00:00","South East",7.211
"2021-03-16 12:00:00","South West",5.969
"2021-03-16 12:00:00","Midlands",4.471
"2021-03-16 12:00:00","North East and Yorkshire",3.618
"2021-03-16 12:00:00","East of England",6.837
"2021-03-16 12:00:00","North West",4.069
"2021-03-17 12:00:00","London",9.757
"2021-03-17 12:00:00","South East",8.586
"2021-03-17 12:00:00","South West",8.331
"2021-03-17 12:00:00","Midlands",7.689
"2021-03-17 12:00:00","North East and Yorkshire",7.235
"2021-03-17 12:00:00","East of England",8.743
"2021-03-17 12:00:00","North West",7.349
"2021-03-18 12:00:00","London",9.814
"2021-03-18 12:00:00","South East",8.325
"2021-03-18 12:00:00","South West",7.99
"2021-03-18 12:00:00","Midlands",6.914
"2021-03-18 12:00:00","North East and Yorkshire",4.908
"2021-03-18 12:00:00","East of England",8.424
"2021-03-18 12:00:00","North West",6.086
"2021-03-19 12:00:00","London",11.643
"2021-03-19 12:00:00","South East",10.242
"2021-03-19 12:00:00","South West",10.005
"2021-03-19 12:00:00","Midlands",8.866
"2021-03-19 12:00:00","North East and Yorkshire",4.826
"2021-03-19 12:00:00","East of England",10.286
"2021-03-19 12:00:00","North West",7.105
"2021-03-20 12:00:00","London",13.164
"2021-03-20 12:00:00","South East",11.439
"2021-03-20 12:00:00","South West",10.759
"2021-03-20 12:00:00","Midlands",11.874
"2021-03-20 12:00:00","North East and Yorkshire",10.856
"2021-03-20 12:00:00","East of England",12.433
"2021-03-20 12:00:00","North West",10.593
"2021-03-21 12:00:00","London",11.177
"2021-03-21 12:00:00","South East",9.77
"2021-03-21 12:00:00","South West",9.134
"2021-03-21 12:00:00","Midlands",8.337
"2021-03-21 12:00:00","North East and Yorkshire",8.068
"2021-03-21 12:00:00","East of England",10.247
"2021-03-21 12:00:00","North West",7.467
"2021-03-22 12:00:00","London",8.264
"2021-03-22 12:00:00","South East",7.718
"2021-03-22 12:00:00","South West",9.488
"2021-03-22 12:00:00","Midlands",9.663
"2021-03-22 12:00:00","North East and Yorkshire",7.643
"2021-03-22 12:00:00","East of England",8.105
"2021-03-22 12:00:00","North West",7.256
"2021-03-23 12:00:00","London",0.677
"2021-03-23 12:00:00","South East",0.992
"2021-03-23 12:00:00","South West",1.692
"2021-03-23 12:00:00","Midlands",-0.019
"2021-03-23 12:00:00","North East and Yorkshire",1.444
"2021-03-23 12:00:00","East of England",0.097
"2021-03-23 12:00:00","North West",1.627
"2021-03-24 12:00:00","London",-0.519
"2021-03-24 12:00:00","South East",-1.106
"2021-03-24 12:00:00","South West",0.428
"2021-03-24 12:00:00","Midlands",0.977
"2021-03-24 12:00:00","North East and Yorkshire",4.554
"2021-03-24 12:00:00","East of England",-0.85
"2021-03-24 12:00:00","North West",3.953
"2021-03-25 12:00:00","London",0.542
"2021-03-25 12:00:00","South East",-0.633
"2021-03-25 12:00:00","South West",-0.986
"2021-03-25 12:00:00","Midlands",-1.707
"2021-03-25 12:00:00","North East and Yorkshire",0.391
"2021-03-25 12:00:00","East of England",-1.107
"2021-03-25 12:00:00","North West",0.949
"2021-03-26 12:00:00","London",2.066
"2021-03-26 12:00:00","South East",0.441
"2021-03-26 12:00:00","South West",0.578
"2021-03-26 12:00:00","Midlands",-0.126
"2021-03-26 12:00:00","North East and Yorkshire",-0.04
"2021-03-26 12:00:00","East of England",0.816
"2021-03-26 12:00:00","North West",0.088
"2021-03-27 12:00:00","London",4.747
"2021-03-27 12:00:00","South East",3.627
"2021-03-27 12:00:00","South West",2.723
"2021-03-27 12:00:00","Midlands",2.634
"2021-03-27 12:00:00","North East and Yorkshire",3.2
"2021-03-27 12:00:00","East of England",3.624
"2021-03-27 12:00:00","North West",3.022
"2021-03-28 12:00:00","London",3.645
"2021-03-28 12:00:00","South East",2.53
"2021-03-28 12:00:00","South West",2.003
"2021-03-28 12:00:00","Midlands",1.961
"2021-03-28 12:00:00","North East and Yorkshire",1.933
"2021-03-28 12:00:00","East of England",2.487
"2021-03-28 12:00:00","North West",2.015
"2021-03-29 12:00:00","London",2.277
"2021-03-29 12:00:00","South East",1.069
"2021-03-29 12:00:00","South West",0.478
"2021-03-29 12:00:00","Midlands",0.21
"2021-03-29 12:00:00","North East and Yorkshire",1.785
"2021-03-29 12:00:00","East of England",1.294
"2021-03-29 12:00:00","North West",1.154
"2021-03-30 12:00:00","London",8.683
"2021-03-30 12:00:00","South East",7.211
"2021-03-30 12:00:00","South West",5.969
"2021-03-30 12:00:00","Midlands",4.471
"2021-03-30 12:00:00","North East and Yorkshire",3.618
"2021-03-30 12:00:00","East of England",6.837
"2021-03-30 12:00:00","North West",4.069
"2021-03-31 12:00:00","London",9.757
"2021-03-31 12:00:00","South East",8.586
"2021-03-31 12:00:00","South West",8.331
"2021-03-31 12:00:00","Midlands",7.689
"2021-03-31 12:00:00","North East and Yorkshire",7.235
"2021-03-31 12:00:00","East of England",8.743
"2021-03-31 12:00:00","North West",7.349
"2021-04-01 12:00:00","London",9.814
"2021-04-01 12:00:00","South East",8.325
"2021-04-01 12:00:00","South West",7.99
"2021-04-01 12:00:00","Midlands",6.914
"2021-04-01 12:00:00","North East and Yorkshire",4.908
"2021-04-01 12:00:00","East of England",8.424
"2021-04-01 12:00:00","North West",6.086
"2021-04-02 12:00:00","London",11.643
"2021-04-02 12:00:00","South East",10.242
"2021-04-02 12:00:00","South West",10.005
"2021-04-02 12:00:00","Midlands",8.866
"2021-04-02 12:00:00","North East and Yorkshire",4.826
"2021-04-02 12:00:00","East of England",10.286
"2021-04-02 12:00:00","North West",7.105
"2021-04-03 12:00:00","London",13.164
"2021-04-03 12:00:00","South East",11.439
"2021-04-03 12:00:00","South West",10.759
"2021-04-03 12:00:00","Midlands",11.874
"2021-04-03 12:00:00","North East and Yorkshire",10.856
"2021-04-03 12:00:00","East of England",12.433
"2021-04-03 12:00:00","North West",10.593
"2021-04-04 12:00:00","London",11.177
"2021-04-04 12:00:00","South East",9.77
"2021-04-04 12:00:00","South West",9.134
"2021-04-04 12:00:00","Midlands",8.337
"2021-04-04 12:00:00","North East and Yorkshire",8.068
"2021-04-04 12:00:00","East of England",10.247
"2021-04-04 12:00:00","North West",7.467
"2021-04-05 12:00:00","London",8.264
"2021-04-05 12:00:00","South East",7.718
"2021-04-05 12:00:00","South West",9.488
"2021-04-05 12:00:00","Midlands",9.663
"2021-04-05 12:00:00","North East and Yorkshire",7.643
"2021-04-05 12:00:00","East of England",8.105
"2021-04-05 12:00:00","North West",7.256
"2021-04-06 12:00:00","London",-1.679
"2021-04-06 12:00:00","South East",-2.348
"2021-04-06 12:00:00","South West",-1.02
"2021-04-06 12:00:00","Midlands",-1.839
"2021-04-06 12:00:00","North East and Yorkshire",-2.276
"2021-04-06 12:00:00","East of England",-2.15
"2021-04-06 12:00:00","North West",-1.818
"2021-04-07 12:00:00","London",2.117
"2021-04-07 12:00:00","South East",-0.049
"2021-04-07 12:00:00","South West",0.717
"2021-04-07 12:00:00","Midlands",1.253
"2021-04-07 12:00:00","North East and Yorkshire",-0.323
"2021-04-07 12:00:00","East of England",0.548
"2021-04-07 12:00:00","North West",1.004
"2021-04-08 12:00:00","London",0.879
"2021-04-08 12:00:00","South East",-1.02
"2021-04-08 12:00:00","South West",-0.194
"2021-04-08 12:00:00","Midlands",-1.83
"2021-04-08 12:00:00","North East and Yorkshire",-2.109
"2021-04-08 12:00:00","East of England",-1.185
"2021-04-08 12:00:00","North West",-0.877
"2021-04-09 12:00:00","London",0.186
"2021-04-09 12:00:00","South East",-1.137
"2021-04-09 12:00:00","South West",-1.035
"2021-04-09 12:00:00","Midlands",-1.498
"2021-04-09 12:00:00","North East and Yorkshire",-1.271
"2021-04-09 12:00:00","East of England",-1.317
"2021-04-09 12:00:00","North West",-0.435
"2021-04-10 12:00:00","London",-0.48
"2021-04-10 12:00:00","South East",-1.448
"2021-04-10 12:00:00","South West",-1.179
"2021-04-10 12:00:00","Midlands",-1.675
"2021-04-10 12:00:00","North East and Yorkshire",-0.58
"2021-04-10 12:00:00","East of England",-1.929
"2021-04-10 12:00:00","North West",-0.094
"2021-04-11 12:00:00","London",-0.286
"2021-04-11 12:00:00","South East",-0.901
"2021-04-11 12:00:00","South West",-0.199
"2021-04-11 12:00:00","Midlands",-0.424
"2021-04-11 12:00:00","North East and Yorkshire",0.674
"2021-04-11 12:00:00","East of England",-1.062
"2021-04-11 12:00:00","North West",2.073
"2021-04-12 12:00:00","London",1.773
"2021-04-12 12:00:00","South East",-0.122
"2021-04-12 12:00:00","South West",0.656
"2021-04-12 12:00:00","Midlands",0.336
"2021-04-12 12:00:00","North East and Yorkshire",0.669
"2021-04-12 12:00:00","East of England",0.682
"2021-04-12 12:00:00","North West",1.686
"2021-04-13 12:00:00","London",10.82
"2021-04-13 12:00:00","South East",8.707
"2021-04-13 12:00:00","South West",10.385
"2021-04-13 12:00:00","Midlands",9.068
"2021-04-13 12:00:00","North East and Yorkshire",7.101
"2021-04-13 12:00:00","East of England",8.755
"2021-04-13 12:00:00","North West",9.07
"2021-04-14 12:00:00","London",9.971
"2021-04-14 12:00:00","South East",8.454
"2021-04-14 12:00:00","South West",9.478
"2021-04-14 12:00:00","Midlands",6.656
"2021-04-14 12:00:00","North East and Yorkshire",5.829
"2021-04-14 12:00:00","East of England",7.392
"2021-04-14 12:00:00","North West",7.039
"2021-04-15 12:00:00","London",8.411
"2021-04-15 12:00:00","South East",7.119
"2021-04-15 12:00:00","South West",7.511
"2021-04-15 12:00:00","Midlands",6.623
"2021-04-15 12:00:00","North East and Yorkshire",6.158
"2021-04-15 12:00:00","East of England",7.433
"2021-04-15 12:00:00","North West",6.417
"2021-04-16 12:00:00","London",5.348
"2021-04-16 12:00:00","South East",4.755
"2021-04-16 12:00:00","South West",5.145
"2021-04-16 12:00:00","Midlands",4.479
"2021-04-16 12:00:00","North East and Yorkshire",4.495
"2021-04-16 12:00:00","East of England",4.519
"2021-04-16 12:00:00","North West",5.457
"2021-04-17 12:00:00","London",7.399
"2021-04-17 12:00:00","South East",6.564
"2021-04-17 12:00:00","South West",5.87
"2021-04-17 12:00:00","Midlands",5.783
"2021-04-17 12:00:00","North East and Yorkshire",6.194
"2021-04-17 12:00:00","East of England",6.566
"2021-04-17 12:00:00","North West",5.645
"2021-04-18 12:00:00","London",7.351
"2021-04-18 12:00:00","South East",6.166
"2021-04-18 12:00:00","South West",6.017
"2021-04-18 12:00:00","Midlands",5.816
"2021-04-18 12:00:00","North East and Yorkshire",4.71
"2021-04-18 12:00:00","East of England",6.259
"2021-04-18 12:00:00","North West",5.42
"2021-04-19 12:00:00","London",3.979
"2021-04-19 12:00:00","South East",3.587
"2021-04-19 12:00:00","South West",6.589
"2021-04-19 12:00:00","Midlands",3.724
"2021-04-19 12:00:00","North East and Yorkshire",3.37
"2021-04-19 12:00:00","East of England",3.08
"2021-04-19 12:00:00","North West",3.791
"2021-04-20 12:00:00","London",3.616
"2021-04-20 12:00:00","South East",1.254
"2021-04-20 12:00:00","South West",0.279
"2021-04-20 12:00:00","Midlands",-0.018
"2021-04-20 12:00:00","North East and Yorkshire",-1.003
"2021-04-20 12:00:00","East of England",3.155
"2021-04-20 12:00:00","North West",-0.703
"2021-04-21 12:00:00","London",1.312
"2021-04-21 12:00:00","South East",-0.008
"2021-04-21 12:00:00","South West",0.71
"2021-04-21 12:00:00","Midlands",1.541
"2021-04-21 12:00:00","North East and Yorkshire",2.515
"2021-04-21 12:00:00","East of England",0.49
"2021-04-21 12:00:00","North West",1.169
"2021-04-22 12:00:00","London",3.419
"2021-04-22 12:00:00","South East",2.118
"2021-04-22 12:00:00","South West",3.502
"2021-04-22 12:00:00","Midlands",2.606
"2021-04-22 12:00:00","North East and Yorkshire",4.312
"2021-04-22 12:00:00","East of England",1.533
"2021-04-22 12:00:00","North West",2.756
"2021-04-23 12:00:00","London",9.054
"2021-04-23 12:00:00","South East",7.662
"2021-04-23 12:00:00","South West",8.196
"2021-04-23 12:00:00","Midlands",6.9
"2021-04-23 12:00:00","North East and Yorkshire",5.77
"2021-04-23 12:00:00","East of England",7.553
"2021-04-23 12:00:00","North West",6.455
"2021-04-24 12:00:00","London",6.748
"2021-04-24 12:00:00","South East",6.148
"2021-04-24 12:00:00","South West",6.21
"2021-04-24 12:00:00","Midlands",4.918
"2021-04-24 12:00:00","North East and Yorkshire",4.781
"2021-04-24 12:00:00","East of England",5.94
"2021-04-24 12:00:00","North West",4.692
"2021-04-25 12:00:00","London",5.586
"2021-04-25 12:00:00","South East",4.456
"2021-04-25 12:00:00","South West",6.552
"2021-04-25 12:00:00","Midlands",4.311
"2021-04-25 12:00:00","North East and Yorkshire",2.349
"2021-04-25 12:00:00","East of England",4.807
"2021-04-25 12:00:00","North West",4.294
"2021-04-26 12:00:00","London",6.147
"2021-04-26 12:00:00","South East",4.95
"2021-04-26 12:00:00","South West",4.943
"2021-04-26 12:00:00","Midlands",3.943
"2021-04-26 12:00:00","North East and Yorkshire",3.519
"2021-04-26 12:00:00","East of England",4.936
"2021-04-26 12:00:00","North West",3.521
"2021-04-27 12:00:00","London",9.468
"2021-04-27 12:00:00","South East",8.16
"2021-04-27 12:00:00","South West",7.805
"2021-04-27 12:00:00","Midlands",8.841
"2021-04-27 12:00:00","North East and Yorkshire",8.647
"2021-04-27 12:00:00","East of England",9.195
"2021-04-27 12:00:00","North West",8.705
"2021-04-28 12:00:00","London",8.304
"2021-04-28 12:00:00","South East",6.76
"2021-04-28 12:00:00","South West",8.028
"2021-04-28 12:00:00","Midlands",8.214
"2021-04-28 12:00:00","North East and Yorkshire",8.496
"2021-04-28 12:00:00","East of England",7.386
"2021-04-28 12:00:00","North West",9.363
"2021-04-29 12:00:00","London",10.37
"2021-04-29 12:00:00","South East",9.178
"2021-04-29 12:00:00","South West",10.37
"2021-04-29 12:00:00","Midlands",9.449
"2021-04-29 12:00:00","North East and Yorkshire",10.031
"2021-04-29 12:00:00","East of England",9.382
"2021-04-29 12:00:00","North West",9.966
"2021-04-30 12:00:00","London",12.68
"2021-04-30 12:00:00","South East",11.267
"2021-04-30 12:00:00","South West",10.2
"2021-04-30 12:00:00","Midlands",8.614
"2021-04-30 12:00:00","North East and Yorkshire",8.108
"2021-04-30 12:00:00","East of England",10.818
"2021-04-30 12:00:00","North West",8.621
"2021-05-01 12:00:00","London",8.052
"2021-05-01 12:00:00","South East",6.32
"2021-05-01 12:00:00","South West",5.846
"2021-05-01 12:00:00","Midlands",6.887
"2021-05-01 12:00:00","North East and Yorkshire",6.459
"2021-05-01 12:00:00","East of England",6.873
"2021-05-01 12:00:00","North West",6.46
"2021-05-02 12:00:00","London",7.082
"2021-05-02 12:00:00","South East",5.941
"2021-05-02 12:00:00","South West",6.972
"2021-05-02 12:00:00","Midlands",7.167
"2021-05-02 12:00:00","North East and Yorkshire",6.461
"2021-05-02 12:00:00","East of England",5.497
"2021-05-02 12:00:00","North West",7.296
"2021-05-03 12:00:00","London",4.749
"2021-05-03 12:00:00","South East",4.383
"2021-05-03 12:00:00","South West",5.786
"2021-05-03 12:00:00","Midlands",5.942
"2021-05-03 12:00:00","North East and Yorkshire",7.119
"2021-05-03 12:00:00","East of England",3.058
"2021-05-03 12:00:00","North West",6.967
"2021-05-04 12:00:00","London",6.428
"2021-05-04 12:00:00","South East",5.798
"2021-05-04 12:00:00","South West",6.185
"2021-05-04 12:00:00","Midlands",6.011
"2021-05-04 12:00:00","North East and Yorkshire",6.836
"2021-05-04 12:00:00","East of England",6.197
"2021-05-04 12:00:00","North West",7.044
"2021-05-05 12:00:00","London",5.287
"2021-05-05 12:00:00","South East",4.49
"2021-05-05 12:00:00","South West",5.1
"2021-05-05 12:00:00","Midlands",6.426
"2021-05-05 12:00:00","North East and Yorkshire",6.211
"2021-05-05 12:00:00","East of England",5.31
"2021-05-05 12:00:00","North West",4.996
"2021-05-06 12:00:00","London",6.954
"2021-05-06 12:00:00","South East",5.037
"2021-05-06 12:00:00","South West",4.039
"2021-05-06 12:00:00","Midlands",5.121
"2021-05-06 12:00:00","North East and Yorkshire",6.743
"2021-05-06 12:00:00","East of England",6.351
"2021-05-06 12:00:00","North West",5.158
"2021-05-07 12:00:00","London",9.225
"2021-05-07 12:00:00","South East",7.302
"2021-05-07 12:00:00","South West",8.39
"2021-05-07 12:00:00","Midlands",9.179
"2021-05-07 12:00:00","North East and Yorkshire",8.399
"2021-05-07 12:00:00","East of England",7.841
"2021-05-07 12:00:00","North West",8.994
"2021-05-08 12:00:00","London",11.534
"2021-05-08 12:00:00","South East",10.152
"2021-05-08 12:00:00","South West",10.452
"2021-05-08 12:00:00","Midlands",11.767
"2021-05-08 12:00:00","North East and Yorkshire",8.054
"2021-05-08 12:00:00","East of England",9.713
"2021-05-08 12:00:00","North West",10.384
"2021-05-09 12:00:00","London",8.483
"2021-05-09 12:00:00","South East",6.695
"2021-05-09 12:00:00","South West",7.468
"2021-05-09 12:00:00","Midlands",7.162
"2021-05-09 12:00:00","North East and Yorkshire",6.833
"2021-05-09 12:00:00","East of England",7.352
"2021-05-09 12:00:00","North West",8.182
"2021-05-10 12:00:00","London",8.344
"2021-05-10 12:00:00","South East",6.381
"2021-05-10 12:00:00","South West",6.937
"2021-05-10 12:00:00","Midlands",7.111
"2021-05-10 12:00:00","North East and Yorkshire",6.269
"2021-05-10 12:00:00","East of England",6.944
"2021-05-10 12:00:00","North West",7.008
"2021-05-11 12:00:00","London",11.345
"2021-05-11 12:00:00","South East",9.122
"2021-05-11 12:00:00","South West",9.262
"2021-05-11 12:00:00","Midlands",11.789
"2021-05-11 12:00:00","North East and Yorkshire",11.961
"2021-05-11 12:00:00","East of England",11.036
"2021-05-11 12:00:00","North West",11.514
"2021-05-12 12:00:00","London",11.251
"2021-05-12 12:00:00","South East",8.66
"2021-05-12 12:00:00","South West",6.422
"2021-05-12 12:00:00","Midlands",9.186
"2021-05-12 12:00:00","North East and Yorkshire",9.357
"2021-05-12 12:00:00","East of England",10.37
"2021-05-12 12:00:00","North West",6.998
"2021-05-13 12:00:00","London",11.989
"2021-05-13 12:00:00","South East",9.256
"2021-05-13 12:00:00","South West",8.528
"2021-05-13 12:00:00","Midlands",10.835
"2021-05-13 12:00:00","North East and Yorkshire",9.566
"2021-05-13 12:00:00","East of England",11.293
"2021-05-13 12:00:00","North West",8.636
"2021-05-14 12:00:00","London",16.36
"2021-05-14 12:00:00","South East",13.563
"2021-05-14 12:00:00","South West",12.628
"2021-05-14 12:00:00","Midlands",13.321
"2021-05-14 12:00:00","North East and Yorkshire",12.734
"2021-05-14 12:00:00","East of England",14.923
"2021-05-14 12:00:00","North West",12.067
"2021-05-15 12:00:00","London",10.862
"2021-05-15 12:00:00","South East",9.685
"2021-05-15 12:00:00","South West",9.273
"2021-05-15 12:00:00","Midlands",9.363
"2021-05-15 12:00:00","North East and Yorkshire",9.385
"2021-05-15 12:00:00","East of England",9.998
"2021-05-15 12:00:00","North West",9.374
"2021-05-16 12:00:00","London",10.363
"2021-05-16 12:00:00","South East",8.982
"2021-05-16 12:00:00","South West",9.695
"2021-05-16 12:00:00","Midlands",10.551
"2021-05-16 12:00:00","North East and Yorkshire",10.552
"2021-05-16 12:00:00","East of England",10.143
"2021-05-16 12:00:00","North West",10.714
"2021-05-17 12:00:00","London",8.879
"2021-05-17 12:00:00","South East",7.043
"2021-05-17 12:00:00","South West",4.964
"2021-05-17 12:00:00","Midlands",5.396
"2021-05-17 12:00:00","North East and Yorkshire",6.444
"2021-05-17 12:00:00","East of England",7.583
"2021-05-17 12:00:00","North West",5.142
"2021-05-18 12:00:00","London",8.125
"2021-05-18 12:00:00","South East",6.664
"2021-05-18 12:00:00","South West",6.05
"2021-05-18 12:00:00","Midlands",7.103
"2021-05-18 12:00:00","North East and Yorkshire",7.659
"2021-05-18 12:00:00","East of England",7.575
"2021-05-18 12:00:00","North West",7.538
"2021-05-19 12:00:00","London",6.516
"2021-05-19 12:00:00","South East",5.286
"2021-05-19 12:00:00","South West",5.378
"2021-05-19 12:00:00","Midlands",6.309
"2021-05-19 12:00:00","North East and Yorkshire",6.932
"2021-05-19 12:00:00","East of England",5.801
"2021-05-19 12:00:00","North West",6.234
"2021-05-20 12:00:00","London",7.117
"2021-05-20 12:00:00","South East",5.24
"2021-05-20 12:00:00","South West",5.57
"2021-05-20 12:00:00","Midlands",5.123
"2021-05-20 12:00:00","North East and Yorkshire",5.608
"2021-05-20 12:00:00","East of England",5.075
"2021-05-20 12:00:00","North West",5.339
"2021-05-21 12:00:00","London",10.507
"2021-05-21 12:00:00","South East",9.113
"2021-05-21 12:00:00","South West",7.629
"2021-05-21 12:00:00","Midlands",9.518
"2021-05-21 12:00:00","North East and Yorkshire",9.585
"2021-05-21 12:00:00","East of England",8.013
"2021-05-21 12:00:00","North West",10.219
"2021-05-22 12:00:00","London",12.259
"2021-05-22 12:00:00","South East",10.965
"2021-05-22 12:00:00","South West",10.362
"2021-05-22 12:00:00","Midlands",10.043
"2021-05-22 12:00:00","North East and Yorkshire",9.607
"2021-05-22 12:00:00","East of England",10.815
"2021-05-22 12:00:00","North West",8.413
"2021-05-23 12:00:00","London",11.283
"2021-05-23 12:00:00","South East",10.262
"2021-05-23 12:00:00","South West",10.084
"2021-05-23 12:00:00","Midlands",8.83
"2021-05-23 12:00:00","North East and Yorkshire",8.306
"2021-05-23 12:00:00","East of England",10.488
"2021-05-23 12:00:00","North West",8.141
"2021-05-24 12:00:00","London",11.613
"2021-05-24 12:00:00","South East",10.297
"2021-05-24 12:00:00","South West",10.039
"2021-05-24 12:00:00","Midlands",9.45
"2021-05-24 12:00:00","North East and Yorkshire",9.254
"2021-05-24 12:00:00","East of England",10.608
"2021-05-24 12:00:00","North West",8.918
"2021-05-25 12:00:00","London",10.723
"2021-05-25 12:00:00","South East",9.034
"2021-05-25 12:00:00","South West",9.831
"2021-05-25 12:00:00","Midlands",8.735
"2021-05-25 12:00:00","North East and Yorkshire",7.164
"2021-05-25 12:00:00","East of England",8.43
"2021-05-25 12:00:00","North West",9.418
"2021-05-26 12:00:00","London",11.904
"2021-05-26 12:00:00","South East",9.913
"2021-05-26 12:00:00","South West",11.58
"2021-05-26 12:00:00","Midlands",10.518
"2021-05-26 12:00:00","North East and Yorkshire",8.268
"2021-05-26 12:00:00","East of England",10.024
"2021-05-26 12:00:00","North West",10.332
"2021-05-27 12:00:00","London",16.722
"2021-05-27 12:00:00","South East",13.361
"2021-05-27 12:00:00","South West",11.915
"2021-05-27 12:00:00","Midlands",14.4
"2021-05-27 12:00:00","North East and Yorkshire",10.662
"2021-05-27 12:00:00","East of England",13.965
"2021-05-27 12:00:00","North West",12.478
"2021-05-28 12:00:00","London",12.472
"2021-05-28 12:00:00","South East",9.958
"2021-05-28 12:00:00","South West",7.205
"2021-05-28 12:00:00","Midlands",9.693
"2021-05-28 12:00:00","North East and Yorkshire",9.309
"2021-05-28 12:00:00","East of England",11.586
"2021-05-28 12:00:00","North West",7.201
"2021-05-29 12:00:00","London",11.669
"2021-05-29 12:00:00","South East",8.651
"2021-05-29 12:00:00","South West",6.601
"2021-05-29 12:00:00","Midlands",8.065
"2021-05-29 12:00:00","North East and Yorkshire",7.328
"2021-05-29 12:00:00","East of England",11.114
"2021-05-29 12:00:00","North West",6.985
"2021-05-30 12:00:00","London",11.83
"2021-05-30 12:00:00","South East",10.041
"2021-05-30 12:00:00","South West",12.519
"2021-05-30 12:00:00","Midlands",13.473
"2021-05-30 12:00:00","North East and Yorkshire",12.22
"2021-05-30 12:00:00","East of England",10.075
"2021-05-30 12:00:00","North West",12.175
"2021-05-31 12:00:00","London",13.469
"2021-05-31 12:00:00","South East",11.162
"2021-05-31 12:00:00","South West",10.44
"2021-05-31 12:00:00","Midlands",12.348
"2021-05-31 12:00:00","North East and Yorkshire",10.576
"2021-05-31 12:00:00","East of England",12.691
"2021-05-31 12:00:00","North West",10.028
"2021-06-01 12:00:00","London",11.67
"2021-06-01 12:00:00","South East",9.789
"2021-06-01 12:00:00","South West",9.611
"2021-06-01 12:00:00","Midlands",8.536
"2021-06-01 12:00:00","North East and Yorkshire",5.914
"2021-06-01 12:00:00","East of England",10.523
"2021-06-01 12:00:00","North West",4.865
"2021-06-02 12:00:00","London",7.43
"2021-06-02 12:00:00","South East",5.891
"2021-06-02 12:00:00","South West",6.304
"2021-06-02 12:00:00","Midlands",5.886
"2021-06-02 12:00:00","North East and Yorkshire",6.362
"2021-06-02 12:00:00","East of England",5.558
"2021-06-02 12:00:00","North West",5.953
"2021-06-03 12:00:00","London",8.143
"2021-06-03 12:00:00","South East",7.271
"2021-06-03 12:00:00","South West",10.894
"2021-06-03 12:00:00","Midlands",12.231
"2021-06-03 12:00:00","North East and Yorkshire",12.619
"2021-06-03 12:00:00","East of England",7.35
"2021-06-03 12:00:00","North West",11.725
"2021-06-04 12:00:00","London",13.667
"2021-06-04 12:00:00","South East",12.116
"2021-06-04 12:00:00","South West",12.441
"2021-06-04 12:00:00","Midlands",12.075
"2021-06-04 12:00:00","North East and Yorkshire",11.265
"2021-06-04 12:00:00","East of England",13.496
"2021-06-04 12:00:00","North West",10.5
"2021-06-05 12:00:00","London",13.121
"2021-06-05 12:00:00","South East",9.42
"2021-06-05 12:00:00","South West",9.333
"2021-06-05 12:00:00","Midlands",10.901
"2021-06-05 12:00:00","North East and Yorkshire",10.407
"2021-06-05 12:00:00","East of England",12.413
"2021-06-05 12:00:00","North West",9.137
"2021-06-06 12:00:00","London",15.24
"2021-06-06 12:00:00","South East",13.061
"2021-06-06 12:00:00","South West",11.904
"2021-06-06 12:00:00","Midlands",12.103
"2021-06-06 12:00:00","North East and Yorkshire",11.752
"2021-06-06 12:00:00","East of England",13.7
"2021-06-06 12:00:00","North West",10.026
"2021-06-07 12:00:00","London",15.36
"2021-06-07 12:00:00","South East",13.699
"2021-06-07 12:00:00","South West",12.859
"2021-06-07 12:00:00","Midlands",11.938
"2021-06-07 12:00:00","North East and Yorkshire",10.875
"2021-06-07 12:00:00","East of England",14.09
"2021-06-07 12:00:00","North West",11.147
"2021-06-08 12:00:00","London",16.193
"2021-06-08 12:00:00","South East",13.763
"2021-06-08 12:00:00","South West",13.491
"2021-06-08 12:00:00","Midlands",13.484
"2021-06-08 12:00:00","North East and Yorkshire",12.727
"2021-06-08 12:00:00","East of England",14.528
"2021-06-08 12:00:00","North West",12.344
"2021-06-09 12:00:00","London",14.4
"2021-06-09 12:00:00","South East",12.564
"2021-06-09 12:00:00","South West",11.848
"2021-06-09 12:00:00","Midlands",12.511
"2021-06-09 12:00:00","North East and Yorkshire",12.983
"2021-06-09 12:00:00","East of England",13.126
"2021-06-09 12:00:00","North West",12.361
"2021-06-10 12:00:00","London",13.567
"2021-06-10 12:00:00","South East",11.692
"2021-06-10 12:00:00","South West",11.944
"2021-06-10 12:00:00","Midlands",13.991
"2021-06-10 12:00:00","North East and Yorkshire",12.419
"2021-06-10 12:00:00","East of England",12.766
"2021-06-10 12:00:00","North West",11.433
"2021-06-11 12:00:00","London",14.745
"2021-06-11 12:00:00","South East",12.297
"2021-06-11 12:00:00","South West",12.203
"2021-06-11 12:00:00","Midlands",13.314
"2021-06-11 12:00:00","North East and Yorkshire",11.683
"2021-06-11 12:00:00","East of England",12.448
"2021-06-11 12:00:00","North West",11.652
"2021-06-12 12:00:00","London",15.09
"2021-06-12 12:00:00","South East",13.467
"2021-06-12 12:00:00","South West",15.628
"2021-06-12 12:00:00","Midlands",16.361
"2021-06-12 12:00:00","North East and Yorkshire",16.396
"2021-06-12 12:00:00","East of England",14.264
"2021-06-12 12:00:00","North West",15.906
"2021-06-13 12:00:00","London",15.151
"2021-06-13 12:00:00","South East",12.603
"2021-06-13 12:00:00","South West",13.226
"2021-06-13 12:00:00","Midlands",15.355
"2021-06-13 12:00:00","North East and Yorkshire",16.037
"2021-06-13 12:00:00","East of England",14.413
"2021-06-13 12:00:00","North West",15.429
"2021-06-14 12:00:00","London",13.954
"2021-06-14 12:00:00","South East",11.769
"2021-06-14 12:00:00","South West",11.551
"2021-06-14 12:00:00","Midlands",11.833
"2021-06-14 12:00:00","North East and Yorkshire",12.383
"2021-06-14 12:00:00","East of England",12.67
"2021-06-14 12:00:00","North West",11.57
"2021-06-15 12:00:00","London",6.349
"2021-06-15 12:00:00","South East",5.238
"2021-06-15 12:00:00","South West",5.737
"2021-06-15 12:00:00","Midlands",6.825
"2021-06-15 12:00:00","North East and Yorkshire",6.768
"2021-06-15 12:00:00","East of England",5.832
"2021-06-15 12:00:00","North West",7.09
"2021-06-16 12:00:00","London",6.953
"2021-06-16 12:00:00","South East",6.282
"2021-06-16 12:00:00","South West",5.836
"2021-06-16 12:00:00","Midlands",7.766
"2021-06-16 12:00:00","North East and Yorkshire",8.159
"2021-06-16 12:00:00","East of England",6.63
"2021-06-16 12:00:00","North West",7.771
"2021-06-17 12:00:00","London",6.302
"2021-06-17 12:00:00","South East",5.023
"2021-06-17 12:00:00","South West",5.724
"2021-06-17 12:00:00","Midlands",4.98
"2021-06-17 12:00:00","North East and Yorkshire",4.453
"2021-06-17 12:00:00","East of England",5.916
"2021-06-17 12:00:00","North West",5.057
"2021-06-18 12:00:00","London",11.227
"2021-06-18 12:00:00","South East",10.014
"2021-06-18 12:00:00","South West",10.401
"2021-06-18 12:00:00","Midlands",10.484
"2021-06-18 12:00:00","North East and Yorkshire",10.237
"2021-06-18 12:00:00","East of England",10.751
"2021-06-18 12:00:00","North West",10.308
"2021-06-19 12:00:00","London",9.728
"2021-06-19 12:00:00","South East",8.229
"2021-06-19 12:00:00","South West",8.046
"2021-06-19 12:00:00","Midlands",8.719
"2021-06-19 12:00:00","North East and Yorkshire",8.523
"2021-06-19 12:00:00","East of England",9.411
"2021-06-19 12:00:00","North West",8.788
"2021-06-20 12:00:00","London",10.942
"2021-06-20 12:00:00","South East",10.041
"2021-06-20 12:00:00","South West",9.935
"2021-06-20 12:00:00","Midlands",8.887
"2021-06-20 12:00:00","North East and Yorkshire",7.256
"2021-06-20 12:00:00","East of England",10.469
"2021-06-20 12:00:00","North West",6.839
"2021-06-21 12:00:00","London",9.471
"2021-06-21 12:00:00","South East",7.89
"2021-06-21 12:00:00","South West",7.219
"2021-06-21 12:00:00","Midlands",9.093
"2021-06-21 12:00:00","North East and Yorkshire",10.849
"2021-06-21 12:00:00","East of England",8.752
"2021-06-21 12:00:00","North West",10.531
"2021-06-22 12:00:00","London",14.718
"2021-06-22 12:00:00","South East",12.904
"2021-06-22 12:00:00","South West",11.608
"2021-06-22 12:00:00","Midlands",12.973
"2021-06-22 12:00:00","North East and Yorkshire",11.643
"2021-06-22 12:00:00","East of England",13.094
"2021-06-22 12:00:00","North West",12.211
"2021-06-23 12:00:00","London",15.907
"2021-06-23 12:00:00","South East",13.36
"2021-06-23 12:00:00","South West",12.63
"2021-06-23 12:00:00","Midlands",14.882
"2021-06-23 12:00:00","North East and Yorkshire",13.633
"2021-06-23 12:00:00","East of England",14.854
"2021-06-23 12:00:00","North West",13.08
"2021-06-24 12:00:00","London",16.038
"2021-06-24 12:00:00","South East",13.604
"2021-06-24 12:00:00","South West",13.735
"2021-06-24 12:00:00","Midlands",14.575
"2021-06-24 12:00:00","North East and Yorkshire",14.41
"2021-06-24 12:00:00","East of England",15.189
"2021-06-24 12:00:00","North West",13.909
"2021-06-25 12:00:00","London",16.907
"2021-06-25 12:00:00","South East",14.229
"2021-06-25 12:00:00","South West",13.964
"2021-06-25 12:00:00","Midlands",13.569
"2021-06-25 12:00:00","North East and Yorkshire",12.306
"2021-06-25 12:00:00","East of England",14.992
"2021-06-25 12:00:00","North West",12.106
"2021-06-26 12:00:00","London",14.717
"2021-06-26 12:00:00","South East",12.216
"2021-06-26 12:00:00","South West",11.474
"2021-06-26 12:00:00","Midlands",12.878
"2021-06-26 12:00:00","North East and Yorkshire",13.273
"2021-06-26 12:00:00","East of England",13.655
"2021-06-26 12:00:00","North West",12.646
"2021-06-27 12:00:00","London",13.09
"2021-06-27 12:00:00","South East",11.393
"2021-06-27 12:00:00","South West",11.785
"2021-06-27 12:00:00","Midlands",11.953
"2021-06-27 12:00:00","North East and Yorkshire",12.935
"2021-06-27 12:00:00","East of England",12.421
"2021-06-27 12:00:00","North West",11.028
"2021-06-28 12:00:00","London",11.458
"2021-06-28 12:00:00","South East",8.961
"2021-06-28 12:00:00","South West",10.129
"2021-06-28 12:00:00","Midlands",8.822
"2021-06-28 12:00:00","North East and Yorkshire",9.11
"2021-06-28 12:00:00","East of England",10.839
"2021-06-28 12:00:00","North West",9.231
"2021-06-29 12:00:00","London",10.495
"2021-06-29 12:00:00","South East",8.409
"2021-06-29 12:00:00","South West",9.869
"2021-06-29 12:00:00","Midlands",11.749
"2021-06-29 12:00:00","North East and Yorkshire",10.784
"2021-06-29 12:00:00","East of England",8.799
"2021-06-29 12:00:00","North West",12.253
"2021-06-30 12:00:00","London",12.607
"2021-06-30 12:00:00","South East",9.961
"2021-06-30 12:00:00","South West",10.873
"2021-06-30 12:00:00","Midlands",12.913
"2021-06-30 12:00:00","North East and Yorkshire",12.477
"2021-06-30 12:00:00","East of England",12.525
"2021-06-30 12:00:00","North West",10.978
"2021-07-01 12:00:00","London",15.08
"2021-07-01 12:00:00","South East",13.288
"2021-07-01 12:00:00","South West",14.201
"2021-07-01 12:00:00","Midlands",14.127
"2021-07-01 12:00:00","North East and Yorkshire",13.388
"2021-07-01 12:00:00","East of England",14.34
"2021-07-01 12:00:00","North West",12.534
"2021-07-02 12:00:00","London",11.528
"2021-07-02 12:00:00","South East",9.691
"2021-07-02 12:00:00","South West",11.533
"2021-07-02 12:00:00","Midlands",10.845
"2021-07-02 12:00:00","North East and Yorkshire",11.6
"2021-07-02 12:00:00","East of England",10.353
"2021-07-02 12:00:00","North West",12.002
"2021-07-03 12:00:00","London",15.392
"2021-07-03 12:00:00","South East",14.192
"2021-07-03 12:00:00","South West",14.244
"2021-07-03 12:00:00","Midlands",14.19
"2021-07-03 12:00:00","North East and Yorkshire",14.244
"2021-07-03 12:00:00","East of England",15.064
"2021-07-03 12:00:00","North West",13.094
"2021-07-04 12:00:00","London",12.539
"2021-07-04 12:00:00","South East",10.48
"2021-07-04 12:00:00","South West",11.327
"2021-07-04 12:00:00","Midlands",12.021
"2021-07-04 12:00:00","North East and Yorkshire",11.142
"2021-07-04 12:00:00","East of England",11.161
"2021-07-04 12:00:00","North West",12.392
"2021-07-05 12:00:00","London",15.92
"2021-07-05 12:00:00","South East",14.031
"2021-07-05 12:00:00","South West",15.621
"2021-07-05 12:00:00","Midlands",16.887
"2021-07-05 12:00:00","North East and Yorkshire",16.002
"2021-07-05 12:00:00","East of England",14.976
"2021-07-05 12:00:00","North West",15.262
"2021-07-06 12:00:00","London",15.007
"2021-07-06 12:00:00","South East",12.942
"2021-07-06 12:00:00","South West",13.467
"2021-07-06 12:00:00","Midlands",13.8
"2021-07-06 12:00:00","North East and Yorkshire",15.302
"2021-07-06 12:00:00","East of England",14.301
"2021-07-06 12:00:00","North West",14.091
"2021-07-07 12:00:00","London",19.829
"2021-07-07 12:00:00","South East",17.348
"2021-07-07 12:00:00","South West",15.707
"2021-07-07 12:00:00","Midlands",17.933
"2021-07-07 12:00:00","North East and Yorkshire",17.625
"2021-07-07 12:00:00","East of England",18.484
"2021-07-07 12:00:00","North West",16.687
"2021-07-08 12:00:00","London",18.491
"2021-07-08 12:00:00","South East",15.403
"2021-07-08 12:00:00","South West",14.96
"2021-07-08 12:00:00","Midlands",15.806
"2021-07-08 12:00:00","North East and Yorkshire",15.197
"2021-07-08 12:00:00","East of England",16.851
"2021-07-08 12:00:00","North West",14.699
"2021-07-09 12:00:00","London",19
"2021-07-09 12:00:00","South East",16.677
"2021-07-09 12:00:00","South West",15.83
"2021-07-09 12:00:00","Midlands",17.971
"2021-07-09 12:00:00","North East and Yorkshire",18.404
"2021-07-09 12:00:00","East of England",18.825
"2021-07-09 12:00:00","North West",16.214
"2021-07-10 12:00:00","London",16.095
"2021-07-10 12:00:00","South East",14.61
"2021-07-10 12:00:00","South West",13.527
"2021-07-10 12:00:00","Midlands",15.624
"2021-07-10 12:00:00","North East and Yorkshire",15.421
"2021-07-10 12:00:00","East of England",16.528
"2021-07-10 12:00:00","North West",14.136
"2021-07-11 12:00:00","London",15.483
"2021-07-11 12:00:00","South East",13.104
"2021-07-11 12:00:00","South West",12.019
"2021-07-11 12:00:00","Midlands",13.607
"2021-07-11 12:00:00","North East and Yorkshire",14.591
"2021-07-11 12:00:00","East of England",14.902
"2021-07-11 12:00:00","North West",13.089
"2021-07-12 12:00:00","London",12.219
"2021-07-12 12:00:00","South East",10.296
"2021-07-12 12:00:00","South West",10.221
"2021-07-12 12:00:00","Midlands",12.419
"2021-07-12 12:00:00","North East and Yorkshire",14.804
"2021-07-12 12:00:00","East of England",11.661
"2021-07-12 12:00:00","North West",12.849
"2021-07-13 12:00:00","London",10.941
"2021-07-13 12:00:00","South East",9.265
"2021-07-13 12:00:00","South West",10.333
"2021-07-13 12:00:00","Midlands",10.427
"2021-07-13 12:00:00","North East and Yorkshire",10.073
"2021-07-13 12:00:00","East of England",10.178
"2021-07-13 12:00:00","North West",10.236
"2021-07-14 12:00:00","London",15.217
"2021-07-14 12:00:00","South East",13.463
"2021-07-14 12:00:00","South West",13.397
"2021-07-14 12:00:00","Midlands",13.462
"2021-07-14 12:00:00","North East and Yorkshire",11.888
"2021-07-14 12:00:00","East of England",13.787
"2021-07-14 12:00:00","North West",12.083
"2021-07-15 12:00:00","London",12.917
"2021-07-15 12:00:00","South East",10.259
"2021-07-15 12:00:00","South West",8.749
"2021-07-15 12:00:00","Midlands",9.168
"2021-07-15 12:00:00","North East and Yorkshire",10.034
"2021-07-15 12:00:00","East of England",10.474
"2021-07-15 12:00:00","North West",10.44
"2021-07-16 12:00:00","London",10.927
"2021-07-16 12:00:00","South East",9.133
"2021-07-16 12:00:00","South West",8.291
"2021-07-16 12:00:00","Midlands",8.706
"2021-07-16 12:00:00","North East and Yorkshire",10.412
"2021-07-16 12:00:00","East of England",9.395
"2021-07-16 12:00:00","North West",10.039
"2021-07-17 12:00:00","London",12.992
"2021-07-17 12:00:00","South East",10.655
"2021-07-17 12:00:00","South West",11.512
"2021-07-17 12:00:00","Midlands",12.364
"2021-07-17 12:00:00","North East and Yorkshire",11.779
"2021-07-17 12:00:00","East of England",12.138
"2021-07-17 12:00:00","North West",11.639
"2021-07-18 12:00:00","London",14.798
"2021-07-18 12:00:00","South East",13.528
"2021-07-18 12:00:00","South West",13.475
"2021-07-18 12:00:00","Midlands",13.499
"2021-07-18 12:00:00","North East and Yorkshire",13.321
"2021-07-18 12:00:00","East of England",14.201
"2021-07-18 12:00:00","North West",12.599
"2021-07-19 12:00:00","London",14.529
"2021-07-19 12:00:00","South East",12.907
"2021-07-19 12:00:00","South West",13.092
"2021-07-19 12:00:00","Midlands",11.476
"2021-07-19 12:00:00","North East and Yorkshire",10.395
"2021-07-19 12:00:00","East of England",13.336
"2021-07-19 12:00:00","North West",9.897
"2021-07-20 12:00:00","London",9.387
"2021-07-20 12:00:00","South East",8.091
"2021-07-20 12:00:00","South West",7.866
"2021-07-20 12:00:00","Midlands",8.898
"2021-07-20 12:00:00","North East and Yorkshire",10.115
"2021-07-20 12:00:00","East of England",8.014
"2021-07-20 12:00:00","North West",10.8
"2021-07-21 12:00:00","London",11.313
"2021-07-21 12:00:00","South East",9.663
"2021-07-21 12:00:00","South West",10.735
"2021-07-21 12:00:00","Midlands",11.915
"2021-07-21 12:00:00","North East and Yorkshire",12.537
"2021-07-21 12:00:00","East of England",9.343
"2021-07-21 12:00:00","North West",12.658
"2021-07-22 12:00:00","London",16.16
"2021-07-22 12:00:00","South East",14.033
"2021-07-22 12:00:00","South West",13.975
"2021-07-22 12:00:00","Midlands",13.487
"2021-07-22 12:00:00","North East and Yorkshire",12.89
"2021-07-22 12:00:00","East of England",15.091
"2021-07-22 12:00:00","North West",12.529
"2021-07-23 12:00:00","London",12.906
"2021-07-23 12:00:00","South East",10.355
"2021-07-23 12:00:00","South West",11.06
"2021-07-23 12:00:00","Midlands",12.023
"2021-07-23 12:00:00","North East and Yorkshire",13.33
"2021-07-23 12:00:00","East of England",10.796
"2021-07-23 12:00:00","North West",12.286
"2021-07-24 12:00:00","London",15.068
"2021-07-24 12:00:00","South East",12.554
"2021-07-24 12:00:00","South West",11.515
"2021-07-24 12:00:00","Midlands",12.704
"2021-07-24 12:00:00","North East and Yorkshire",12.95
"2021-07-24 12:00:00","East of England",12.997
"2021-07-24 12:00:00","North West",13.059
"2021-07-25 12:00:00","London",13.216
"2021-07-25 12:00:00","South East",10.366
"2021-07-25 12:00:00","South West",10.658
"2021-07-25 12:00:00","Midlands",11.544
"2021-07-25 12:00:00","North East and Yorkshire",12.098
"2021-07-25 12:00:00","East of England",11.022
"2021-07-25 12:00:00","North West",12.357
"2021-07-26 12:00:00","London",14.607
"2021-07-26 12:00:00","South East",11.641
"2021-07-26 12:00:00","South West",11.621
"2021-07-26 12:00:00","Midlands",12.533
"2021-07-26 12:00:00","North East and Yorkshire",11.908
"2021-07-26 12:00:00","East of England",12.662
"2021-07-26 12:00:00","North West",10.44
"2021-07-27 12:00:00","London",14.414
"2021-07-27 12:00:00","South East",13.09
"2021-07-27 12:00:00","South West",12.926
"2021-07-27 12:00:00","Midlands",12.309
"2021-07-27 12:00:00","North East and Yorkshire",11.018
"2021-07-27 12:00:00","East of England",13.138
"2021-07-27 12:00:00","North West",12.167
"2021-07-28 12:00:00","London",12.923
"2021-07-28 12:00:00","South East",10.952
"2021-07-28 12:00:00","South West",10.324
"2021-07-28 12:00:00","Midlands",10.414
"2021-07-28 12:00:00","North East and Yorkshire",10.836
"2021-07-28 12:00:00","East of England",11.737
"2021-07-28 12:00:00","North West",10.104
"2021-07-29 12:00:00","London",11.394
"2021-07-29 12:00:00","South East",10.087
"2021-07-29 12:00:00","South West",11.968
"2021-07-29 12:00:00","Midlands",9.854
"2021-07-29 12:00:00","North East and Yorkshire",8.268
"2021-07-29 12:00:00","East of England",9.282
"2021-07-29 12:00:00","North West",10.398
"2021-07-30 12:00:00","London",14.173
"2021-07-30 12:00:00","South East",12.039
"2021-07-30 12:00:00","South West",11.318
"2021-07-30 12:00:00","Midlands",12.106
"2021-07-30 12:00:00","North East and Yorkshire",11.705
"2021-07-30 12:00:00","East of England",11.792
"2021-07-30 12:00:00","North West",11.978
"2021-07-31 12:00:00","London",15.89
"2021-07-31 12:00:00","South East",13.721
"2021-07-31 12:00:00","South West",13.533
"2021-07-31 12:00:00","Midlands",14.646
"2021-07-31 12:00:00","North East and Yorkshire",13.152
"2021-07-31 12:00:00","East of England",14.556
"2021-07-31 12:00:00","North West",13.455
"2021-08-01 12:00:00","London",14.995
"2021-08-01 12:00:00","South East",13.554
"2021-08-01 12:00:00","South West",13.836
"2021-08-01 12:00:00","Midlands",13.685
"2021-08-01 12:00:00","North East and Yorkshire",13.072
"2021-08-01 12:00:00","East of England",13.948
"2021-08-01 12:00:00","North West",12.895
"2021-08-02 12:00:00","London",13.708
"2021-08-02 12:00:00","South East",12.018
"2021-08-02 12:00:00","South West",11.033
"2021-08-02 12:00:00","Midlands",12.558
"2021-08-02 12:00:00","North East and Yorkshire",13.002
"2021-08-02 12:00:00","East of England",13.387
"2021-08-02 12:00:00","North West",12.112
"2021-08-03 12:00:00","London",11.665
"2021-08-03 12:00:00","South East",9.934
"2021-08-03 12:00:00","South West",9.39
"2021-08-03 12:00:00","Midlands",8.74
"2021-08-03 12:00:00","North East and Yorkshire",9.089
"2021-08-03 12:00:00","East of England",9.656
"2021-08-03 12:00:00","North West",8.326
"2021-08-04 12:00:00","London",9.151
"2021-08-04 12:00:00","South East",7.533
"2021-08-04 12:00:00","South West",7.253
"2021-08-04 12:00:00","Midlands",8.513
"2021-08-04 12:00:00","North East and Yorkshire",10.754
"2021-08-04 12:00:00","East of England",8.267
"2021-08-04 12:00:00","North West",10.33
"2021-08-05 12:00:00","London",14.837
"2021-08-05 12:00:00","South East",13.836
"2021-08-05 12:00:00","South West",14.433
"2021-08-05 12:00:00","Midlands",13.906
"2021-08-05 12:00:00","North East and Yorkshire",13.429
"2021-08-05 12:00:00","East of England",13.99
"2021-08-05 12:00:00","North West",12.948
"2021-08-06 12:00:00","London",16.454
"2021-08-06 12:00:00","South East",14.936
"2021-08-06 12:00:00","South West",14.343
"2021-08-06 12:00:00","Midlands",14.473
"2021-08-06 12:00:00","North East and Yorkshire",13.443
"2021-08-06 12:00:00","East of England",15.676
"2021-08-06 12:00:00","North West",13.036
"2021-08-07 12:00:00","London",15.864
"2021-08-07 12:00:00","South East",14.375
"2021-08-07 12:00:00","South West",13.585
"2021-08-07 12:00:00","Midlands",14.037
"2021-08-07 12:00:00","North East and Yorkshire",13.522
"2021-08-07 12:00:00","East of England",15.067
"2021-08-07 12:00:00","North West",12.905
"2021-08-08 12:00:00","London",14.481
"2021-08-08 12:00:00","South East",12.884
"2021-08-08 12:00:00","South West",12.939
"2021-08-08 12:00:00","Midlands",12.71
"2021-08-08 12:00:00","North East and Yorkshire",12.54
"2021-08-08 12:00:00","East of England",13.54
"2021-08-08 12:00:00","North West",12.465
"2021-08-09 12:00:00","London",16.323
"2021-08-09 12:00:00","South East",14.697
"2021-08-09 12:00:00","South West",14.726
"2021-08-09 12:00:00","Midlands",14.816
"2021-08-09 12:00:00","North East and Yorkshire",13.316
"2021-08-09 12:00:00","East of England",15.701
"2021-08-09 12:00:00","North West",12.709
"2021-08-10 12:00:00","London",15.512
"2021-08-10 12:00:00","South East",13.977
"2021-08-10 12:00:00","South West",14.103
"2021-08-10 12:00:00","Midlands",14.207
"2021-08-10 12:00:00","North East and Yorkshire",11.413
"2021-08-10 12:00:00","East of England",14.5
"2021-08-10 12:00:00","North West",12.364
"2021-08-11 12:00:00","London",15.393
"2021-08-11 12:00:00","South East",13.795
"2021-08-11 12:00:00","South West",13.594
"2021-08-11 12:00:00","Midlands",14.033
"2021-08-11 12:00:00","North East and Yorkshire",13.065
"2021-08-11 12:00:00","East of England",14.962
"2021-08-11 12:00:00","North West",12.621
"2021-08-12 12:00:00","London",12.222
"2021-08-12 12:00:00","South East",10.388
"2021-08-12 12:00:00","South West",10.362
"2021-08-12 12:00:00","Midlands",10.518
"2021-08-12 12:00:00","North East and Yorkshire",10.054
"2021-08-12 12:00:00","East of England",11.1
"2021-08-12 12:00:00","North West",10.184
"2021-08-13 12:00:00","London",12.495
"2021-08-13 12:00:00","South East",11.051
"2021-08-13 12:00:00","South West",11.279
"2021-08-13 12:00:00","Midlands",11.26
"2021-08-13 12:00:00","North East and Yorkshire",10.739
"2021-08-13 12:00:00","East of England",11.375
"2021-08-13 12:00:00","North West",10.377
"2021-08-14 12:00:00","London",11.383
"2021-08-14 12:00:00","South East",9.759
"2021-08-14 12:00:00","South West",9.072
"2021-08-14 12:00:00","Midlands",9.042
"2021-08-14 12:00:00","North East and Yorkshire",8.865
"2021-08-14 12:00:00","East of England",11.081
"2021-08-14 12:00:00","North West",8.014
"2021-08-15 12:00:00","London",11.883
"2021-08-15 12:00:00","South East",9.862
"2021-08-15 12:00:00","South West",8.328
"2021-08-15 12:00:00","Midlands",7.308
"2021-08-15 12:00:00","North East and Yorkshire",7.707
"2021-08-15 12:00:00","East of England",10.973
"2021-08-15 12:00:00","North West",5.046
"2021-08-16 12:00:00","London",7.367
"2021-08-16 12:00:00","South East",7.165
"2021-08-16 12:00:00","South West",6.811
"2021-08-16 12:00:00","Midlands",6.64
"2021-08-16 12:00:00","North East and Yorkshire",4.957
"2021-08-16 12:00:00","East of England",8.227
"2021-08-16 12:00:00","North West",4.917
"2021-08-17 12:00:00","London",16.648
"2021-08-17 12:00:00","South East",14.803
"2021-08-17 12:00:00","South West",15.157
"2021-08-17 12:00:00","Midlands",14.935
"2021-08-17 12:00:00","North East and Yorkshire",12.594
"2021-08-17 12:00:00","East of England",15.875
"2021-08-17 12:00:00","North West",12.248
"2021-08-18 12:00:00","London",14.01
"2021-08-18 12:00:00","South East",11.825
"2021-08-18 12:00:00","South West",10.705
"2021-08-18 12:00:00","Midlands",8.318
"2021-08-18 12:00:00","North East and Yorkshire",7.58
"2021-08-18 12:00:00","East of England",12.179
"2021-08-18 12:00:00","North West",6.688
"2021-08-19 12:00:00","London",11.675
"2021-08-19 12:00:00","South East",9.442
"2021-08-19 12:00:00","South West",9.131
"2021-08-19 12:00:00","Midlands",11.506
"2021-08-19 12:00:00","North East and Yorkshire",12.21
"2021-08-19 12:00:00","East of England",10.97
"2021-08-19 12:00:00","North West",11.792
"2021-08-20 12:00:00","London",10.543
"2021-08-20 12:00:00","South East",8.629
"2021-08-20 12:00:00","South West",9.48
"2021-08-20 12:00:00","Midlands",11.87
"2021-08-20 12:00:00","North East and Yorkshire",12.198
"2021-08-20 12:00:00","East of England",10.308
"2021-08-20 12:00:00","North West",11.973
"2021-08-21 12:00:00","London",12.614
"2021-08-21 12:00:00","South East",10.499
"2021-08-21 12:00:00","South West",10.78
"2021-08-21 12:00:00","Midlands",11.544
"2021-08-21 12:00:00","North East and Yorkshire",12.111
"2021-08-21 12:00:00","East of England",11.515
"2021-08-21 12:00:00","North West",11.228
"2021-08-22 12:00:00","London",15.963
"2021-08-22 12:00:00","South East",14.349
"2021-08-22 12:00:00","South West",13.787
"2021-08-22 12:00:00","Midlands",13.859
"2021-08-22 12:00:00","North East and Yorkshire",12.663
"2021-08-22 12:00:00","East of England",14.324
"2021-08-22 12:00:00","North West",12.793
"2021-08-23 12:00:00","London",15.801
"2021-08-23 12:00:00","South East",14.055
"2021-08-23 12:00:00","South West",12.822
"2021-08-23 12:00:00","Midlands",14.373
"2021-08-23 12:00:00","North East and Yorkshire",14.424
"2021-08-23 12:00:00","East of England",15.014
"2021-08-23 12:00:00","North West",13.276
"2021-08-24 12:00:00","London",15.45
"2021-08-24 12:00:00","South East",13.438
"2021-08-24 12:00:00","South West",13.092
"2021-08-24 12:00:00","Midlands",12.403
"2021-08-24 12:00:00","North East and Yorkshire",11.444
"2021-08-24 12:00:00","East of England",13.018
"2021-08-24 12:00:00","North West",12.021
"2021-08-25 12:00:00","London",14.993
"2021-08-25 12:00:00","South East",13.294
"2021-08-25 12:00:00","South West",11.073
"2021-08-25 12:00:00","Midlands",12.063
"2021-08-25 12:00:00","North East and Yorkshire",11.83
"2021-08-25 12:00:00","East of England",14.02
"2021-08-25 12:00:00","North West",8.824
"2021-08-26 12:00:00","London",10.072
"2021-08-26 12:00:00","South East",8.783
"2021-08-26 12:00:00","South West",10.651
"2021-08-26 12:00:00","Midlands",10.792
"2021-08-26 12:00:00","North East and Yorkshire",11.71
"2021-08-26 12:00:00","East of England",9.279
"2021-08-26 12:00:00","North West",11.443
"2021-08-27 12:00:00","London",12.006
"2021-08-27 12:00:00","South East",10.106
"2021-08-27 12:00:00","South West",10.572
"2021-08-27 12:00:00","Midlands",9.687
"2021-08-27 12:00:00","North East and Yorkshire",9.931
"2021-08-27 12:00:00","East of England",11.335
"2021-08-27 12:00:00","North West",9.604
"2021-08-28 12:00:00","London",11.97
"2021-08-28 12:00:00","South East",10.66
"2021-08-28 12:00:00","South West",11.655
"2021-08-28 12:00:00","Midlands",10.358
"2021-08-28 12:00:00","North East and Yorkshire",11.326
"2021-08-28 12:00:00","East of England",10.852
"2021-08-28 12:00:00","North West",12.013
"2021-08-29 12:00:00","London",13.754
"2021-08-29 12:00:00","South East",11.09
"2021-08-29 12:00:00","South West",11.388
"2021-08-29 12:00:00","Midlands",12.646
"2021-08-29 12:00:00","North East and Yorkshire",13.501
"2021-08-29 12:00:00","East of England",13.111
"2021-08-29 12:00:00","North West",11.767
"2021-08-30 12:00:00","London",12.37
"2021-08-30 12:00:00","South East",10.109
"2021-08-30 12:00:00","South West",7.686
"2021-08-30 12:00:00","Midlands",8.712
"2021-08-30 12:00:00","North East and Yorkshire",8.348
"2021-08-30 12:00:00","East of England",12.317
"2021-08-30 12:00:00","North West",6.382
"2021-08-31 12:00:00","London",13.944
"2021-08-31 12:00:00","South East",11.04
"2021-08-31 12:00:00","South West",11.501
"2021-08-31 12:00:00","Midlands",11.338
"2021-08-31 12:00:00","North East and Yorkshire",10.051
"2021-08-31 12:00:00","East of England",11.822
"2021-08-31 12:00:00","North West",8.533
"2021-09-01 12:00:00","London",13.868
"2021-09-01 12:00:00","South East",11.544
"2021-09-01 12:00:00","South West",11.462
"2021-09-01 12:00:00","Midlands",12.216
"2021-09-01 12:00:00","North East and Yorkshire",11.841
"2021-09-01 12:00:00","East of England",11.366
"2021-09-01 12:00:00","North West",11
"2021-09-02 12:00:00","London",14.563
"2021-09-02 12:00:00","South East",12.769
"2021-09-02 12:00:00","South West",12.671
"2021-09-02 12:00:00","Midlands",12.694
"2021-09-02 12:00:00","North East and Yorkshire",12.425
"2021-09-02 12:00:00","East of England",12.59
"2021-09-02 12:00:00","North West",11.806
"2021-09-03 12:00:00","London",15.782
"2021-09-03 12:00:00","South East",13.663
"2021-09-03 12:00:00","South West",13.683
"2021-09-03 12:00:00","Midlands",13.739
"2021-09-03 12:00:00","North East and Yorkshire",12.953
"2021-09-03 12:00:00","East of England",14
"2021-09-03 12:00:00","North West",12.348
"2021-09-04 12:00:00","London",17.033
"2021-09-04 12:00:00","South East",14.254
"2021-09-04 12:00:00","South West",14.44
"2021-09-04 12:00:00","Midlands",14.728
"2021-09-04 12:00:00","North East and Yorkshire",12.458
"2021-09-04 12:00:00","East of England",15.268
"2021-09-04 12:00:00","North West",13.346
"2021-09-05 12:00:00","London",16.191
"2021-09-05 12:00:00","South East",13.629
"2021-09-05 12:00:00","South West",13.715
"2021-09-05 12:00:00","Midlands",15.016
"2021-09-05 12:00:00","North East and Yorkshire",13.812
"2021-09-05 12:00:00","East of England",14.26
"2021-09-05 12:00:00","North West",14.497
"2021-09-06 12:00:00","London",17.051
"2021-09-06 12:00:00","South East",14.361
"2021-09-06 12:00:00","South West",14.3
"2021-09-06 12:00:00","Midlands",15.663
"2021-09-06 12:00:00","North East and Yorkshire",14.425
"2021-09-06 12:00:00","East of England",15.601
"2021-09-06 12:00:00","North West",14.655
"2021-09-07 12:00:00","London",17.095
"2021-09-07 12:00:00","South East",14.965
"2021-09-07 12:00:00","South West",13.697
"2021-09-07 12:00:00","Midlands",14.766
"2021-09-07 12:00:00","North East and Yorkshire",14.407
"2021-09-07 12:00:00","East of England",16.396
"2021-09-07 12:00:00","North West",13.092
"2021-09-08 12:00:00","London",11.049
"2021-09-08 12:00:00","South East",9.641
"2021-09-08 12:00:00","South West",10.074
"2021-09-08 12:00:00","Midlands",10.035
"2021-09-08 12:00:00","North East and Yorkshire",10.737
"2021-09-08 12:00:00","East of England",10.45
"2021-09-08 12:00:00","North West",10.551
"2021-09-09 12:00:00","London",14.761
"2021-09-09 12:00:00","South East",13.767
"2021-09-09 12:00:00","South West",14.414
"2021-09-09 12:00:00","Midlands",14.869
"2021-09-09 12:00:00","North East and Yorkshire",14.088
"2021-09-09 12:00:00","East of England",14.243
"2021-09-09 12:00:00","North West",13.464
"2021-09-10 12:00:00","London",16.787
"2021-09-10 12:00:00","South East",15.239
"2021-09-10 12:00:00","South West",13.958
"2021-09-10 12:00:00","Midlands",12.738
"2021-09-10 12:00:00","North East and Yorkshire",11.632
"2021-09-10 12:00:00","East of England",15.852
"2021-09-10 12:00:00","North West",11.285
"2021-09-11 12:00:00","London",13.563
"2021-09-11 12:00:00","South East",12.556
"2021-09-11 12:00:00","South West",12.358
"2021-09-11 12:00:00","Midlands",12.454
"2021-09-11 12:00:00","North East and Yorkshire",11.536
"2021-09-11 12:00:00","East of England",13.222
"2021-09-11 12:00:00","North West",11.215
"2021-09-12 12:00:00","London",9.691
"2021-09-12 12:00:00","South East",8.933
"2021-09-12 12:00:00","South West",9.43
"2021-09-12 12:00:00","Midlands",8.571
"2021-09-12 12:00:00","North East and Yorkshire",9.228
"2021-09-12 12:00:00","East of England",9.166
"2021-09-12 12:00:00","North West",9.048
"2021-09-13 12:00:00","London",14.663
"2021-09-13 12:00:00","South East",12.854
"2021-09-13 12:00:00","South West",12.148
"2021-09-13 12:00:00","Midlands",12.47
"2021-09-13 12:00:00","North East and Yorkshire",12.67
"2021-09-13 12:00:00","East of England",13.541
"2021-09-13 12:00:00","North West",12.282
"2021-09-14 12:00:00","London",10.221
"2021-09-14 12:00:00","South East",8.827
"2021-09-14 12:00:00","South West",9.071
"2021-09-14 12:00:00","Midlands",9.281
"2021-09-14 12:00:00","North East and Yorkshire",10.394
"2021-09-14 12:00:00","East of England",9.097
"2021-09-14 12:00:00","North West",10.484
"2021-09-15 12:00:00","London",9.489
"2021-09-15 12:00:00","South East",7.852
"2021-09-15 12:00:00","South West",9.184
"2021-09-15 12:00:00","Midlands",10.946
"2021-09-15 12:00:00","North East and Yorkshire",10.678
"2021-09-15 12:00:00","East of England",9.223
"2021-09-15 12:00:00","North West",11.503
"2021-09-16 12:00:00","London",11.182
"2021-09-16 12:00:00","South East",9.133
"2021-09-16 12:00:00","South West",10.639
"2021-09-16 12:00:00","Midlands",13.097
"2021-09-16 12:00:00","North East and Yorkshire",13.606
"2021-09-16 12:00:00","East of England",10.333
"2021-09-16 12:00:00","North West",13.093
"2021-09-17 12:00:00","London",12.391
"2021-09-17 12:00:00","South East",10.51
"2021-09-17 12:00:00","South West",11.563
"2021-09-17 12:00:00","Midlands",13.454
"2021-09-17 12:00:00","North East and Yorkshire",14.392
"2021-09-17 12:00:00","East of England",12.029
"2021-09-17 12:00:00","North West",14.09
"2021-09-18 12:00:00","London",11.876
"2021-09-18 12:00:00","South East",9.406
"2021-09-18 12:00:00","South West",9.867
"2021-09-18 12:00:00","Midlands",10.823
"2021-09-18 12:00:00","North East and Yorkshire",12.972
"2021-09-18 12:00:00","East of England",10.657
"2021-09-18 12:00:00","North West",10.983
"2021-09-19 12:00:00","London",14.57
"2021-09-19 12:00:00","South East",12.685
"2021-09-19 12:00:00","South West",13.716
"2021-09-19 12:00:00","Midlands",13.709
"2021-09-19 12:00:00","North East and Yorkshire",12.102
"2021-09-19 12:00:00","East of England",12.354
"2021-09-19 12:00:00","North West",12.877
"2021-09-20 12:00:00","London",14.733
"2021-09-20 12:00:00","South East",12.095
"2021-09-20 12:00:00","South West",12.192
"2021-09-20 12:00:00","Midlands",13.752
"2021-09-20 12:00:00","North East and Yorkshire",13.521
"2021-09-20 12:00:00","East of England",13.429
"2021-09-20 12:00:00","North West",12.361
"2021-09-21 12:00:00","London",13.771
"2021-09-21 12:00:00","South East",12.495
"2021-09-21 12:00:00","South West",12.433
"2021-09-21 12:00:00","Midlands",11.687
"2021-09-21 12:00:00","North East and Yorkshire",11.099
"2021-09-21 12:00:00","East of England",13.201
"2021-09-21 12:00:00","North West",10.787
"2021-09-22 12:00:00","London",14.121
"2021-09-22 12:00:00","South East",12.543
"2021-09-22 12:00:00","South West",12.031
"2021-09-22 12:00:00","Midlands",11.841
"2021-09-22 12:00:00","North East and Yorkshire",10.395
"2021-09-22 12:00:00","East of England",13.273
"2021-09-22 12:00:00","North West",8.902
"2021-09-23 12:00:00","London",14.945
"2021-09-23 12:00:00","South East",13.149
"2021-09-23 12:00:00","South West",12.432
"2021-09-23 12:00:00","Midlands",12.527
"2021-09-23 12:00:00","North East and Yorkshire",12.103
"2021-09-23 12:00:00","East of England",13.582
"2021-09-23 12:00:00","North West",11.391
"2021-09-24 12:00:00","London",13.255
"2021-09-24 12:00:00","South East",10.642
"2021-09-24 12:00:00","South West",11.335
"2021-09-24 12:00:00","Midlands",13.082
"2021-09-24 12:00:00","North East and Yorkshire",12.188
"2021-09-24 12:00:00","East of England",13.458
"2021-09-24 12:00:00","North West",11.837
"2021-09-25 12:00:00","London",13.118
"2021-09-25 12:00:00","South East",11.116
"2021-09-25 12:00:00","South West",10.874
"2021-09-25 12:00:00","Midlands",11.588
"2021-09-25 12:00:00","North East and Yorkshire",11.957
"2021-09-25 12:00:00","East of England",11.567
"2021-09-25 12:00:00","North West",11.544
"2021-09-26 12:00:00","London",13.739
"2021-09-26 12:00:00","South East",11.864
"2021-09-26 12:00:00","South West",11.531
"2021-09-26 12:00:00","Midlands",11.634
"2021-09-26 12:00:00","North East and Yorkshire",11.959
"2021-09-26 12:00:00","East of England",11.889
"2021-09-26 12:00:00","North West",11.041
"2021-09-27 12:00:00","London",12.847
"2021-09-27 12:00:00","South East",11.52
"2021-09-27 12:00:00","South West",12.079
"2021-09-27 12:00:00","Midlands",12.967
"2021-09-27 12:00:00","North East and Yorkshire",13.481
"2021-09-27 12:00:00","East of England",11.414
"2021-09-27 12:00:00","North West",12.99
"2021-09-28 12:00:00","London",5.527
"2021-09-28 12:00:00","South East",4.199
"2021-09-28 12:00:00","South West",3.694
"2021-09-28 12:00:00","Midlands",4.323
"2021-09-28 12:00:00","North East and Yorkshire",2.767
"2021-09-28 12:00:00","East of England",5.711
"2021-09-28 12:00:00","North West",3.262
"2021-09-29 12:00:00","London",3.492
"2021-09-29 12:00:00","South East",3.075
"2021-09-29 12:00:00","South West",3.133
"2021-09-29 12:00:00","Midlands",3.009
"2021-09-29 12:00:00","North East and Yorkshire",5.471
"2021-09-29 12:00:00","East of England",2.773
"2021-09-29 12:00:00","North West",4.891
"2021-09-30 12:00:00","London",8.768
"2021-09-30 12:00:00","South East",7.567
"2021-09-30 12:00:00","South West",5.605
"2021-09-30 12:00:00","Midlands",6.227
"2021-09-30 12:00:00","North East and Yorkshire",6.922
"2021-09-30 12:00:00","East of England",7.359
"2021-09-30 12:00:00","North West",6.118
"2021-10-01 12:00:00","London",8.976
"2021-10-01 12:00:00","South East",7.975
"2021-10-01 12:00:00","South West",8.386
"2021-10-01 12:00:00","Midlands",6.875
"2021-10-01 12:00:00","North East and Yorkshire",4.279
"2021-10-01 12:00:00","East of England",8.158
"2021-10-01 12:00:00","North West",5.114
"2021-10-02 12:00:00","London",11.766
"2021-10-02 12:00:00","South East",10.722
"2021-10-02 12:00:00","South West",11.122
"2021-10-02 12:00:00","Midlands",7.117
"2021-10-02 12:00:00","North East and Yorkshire",4.775
"2021-10-02 12:00:00","East of England",10.282
"2021-10-02 12:00:00","North West",5.289
"2021-10-03 12:00:00","London",3.558
"2021-10-03 12:00:00","South East",2.857
"2021-10-03 12:00:00","South West",1.99
"2021-10-03 12:00:00","Midlands",2.317
"2021-10-03 12:00:00","North East and Yorkshire",3.482
"2021-10-03 12:00:00","East of England",3.193
"2021-10-03 12:00:00","North West",3.785
"2021-10-04 12:00:00","London",0.666
"2021-10-04 12:00:00","South East",0.053
"2021-10-04 12:00:00","South West",1.085
"2021-10-04 12:00:00","Midlands",0.033
"2021-10-04 12:00:00","North East and Yorkshire",0.391
"2021-10-04 12:00:00","East of England",0.349
"2021-10-04 12:00:00","North West",-0.298
"2021-10-05 12:00:00","London",10.538
"2021-10-05 12:00:00","South East",9.55
"2021-10-05 12:00:00","South West",9.888
"2021-10-05 12:00:00","Midlands",8.737
"2021-10-05 12:00:00","North East and Yorkshire",8.437
"2021-10-05 12:00:00","East of England",9.442
"2021-10-05 12:00:00","North West",8.486
"2021-10-06 12:00:00","London",8.526
"2021-10-06 12:00:00","South East",7.729
"2021-10-06 12:00:00","South West",8.049
"2021-10-06 12:00:00","Midlands",8.363
"2021-10-06 12:00:00","North East and Yorkshire",9.077
"2021-10-06 12:00:00","East of England",8.577
"2021-10-06 12:00:00","North West",9.095
"2021-10-07 12:00:00","London",10.996
"2021-10-07 12:00:00","South East",10.177
"2021-10-07 12:00:00","South West",10.749
"2021-10-07 12:00:00","Midlands",10.002
"2021-10-07 12:00:00","North East and Yorkshire",7.684
"2021-10-07 12:00:00","East of England",10.116
"2021-10-07 12:00:00","North West",8.334
"2021-10-08 12:00:00","London",5.771
"2021-10-08 12:00:00","South East",4.78
"2021-10-08 12:00:00","South West",4.685
"2021-10-08 12:00:00","Midlands",5.231
"2021-10-08 12:00:00","North East and Yorkshire",5.812
"2021-10-08 12:00:00","East of England",4.628
"2021-10-08 12:00:00","North West",5.826
"2021-10-09 12:00:00","London",4.486
"2021-10-09 12:00:00","South East",3.587
"2021-10-09 12:00:00","South West",4.117
"2021-10-09 12:00:00","Midlands",4.747
"2021-10-09 12:00:00","North East and Yorkshire",5.457
"2021-10-09 12:00:00","East of England",4.586
"2021-10-09 12:00:00","North West",5.666
"2021-10-10 12:00:00","London",6.841
"2021-10-10 12:00:00","South East",6.48
"2021-10-10 12:00:00","South West",7.266
"2021-10-10 12:00:00","Midlands",6.071
"2021-10-10 12:00:00","North East and Yorkshire",5.994
"2021-10-10 12:00:00","East of England",6.073
"2021-10-10 12:00:00","North West",5.103
"2021-10-11 12:00:00","London",5.33
"2021-10-11 12:00:00","South East",4.896
"2021-10-11 12:00:00","South West",5.617
"2021-10-11 12:00:00","Midlands",6.505
"2021-10-11 12:00:00","North East and Yorkshire",6.768
"2021-10-11 12:00:00","East of England",5.303
"2021-10-11 12:00:00","North West",7.088
"2021-10-12 12:00:00","London",6.973
"2021-10-12 12:00:00","South East",5.914
"2021-10-12 12:00:00","South West",7.332
"2021-10-12 12:00:00","Midlands",7.626
"2021-10-12 12:00:00","North East and Yorkshire",7.88
"2021-10-12 12:00:00","East of England",6.892
"2021-10-12 12:00:00","North West",7.847
"2021-10-13 12:00:00","London",10.029
"2021-10-13 12:00:00","South East",8.393
"2021-10-13 12:00:00","South West",6.852
"2021-10-13 12:00:00","Midlands",6.518
"2021-10-13 12:00:00","North East and Yorkshire",5.4
"2021-10-13 12:00:00","East of England",7.974
"2021-10-13 12:00:00","North West",5.766
"2021-10-14 12:00:00","London",7.505
"2021-10-14 12:00:00","South East",7.197
"2021-10-14 12:00:00","South West",8.776
"2021-10-14 12:00:00","Midlands",8.441
"2021-10-14 12:00:00","North East and Yorkshire",8.144
"2021-10-14 12:00:00","East of England",7.78
"2021-10-14 12:00:00","North West",8.483
"2021-10-15 12:00:00","London",11.067
"2021-10-15 12:00:00","South East",10.744
"2021-10-15 12:00:00","South West",11.612
"2021-10-15 12:00:00","Midlands",10.325
"2021-10-15 12:00:00","North East and Yorkshire",9.35
"2021-10-15 12:00:00","East of England",10.421
"2021-10-15 12:00:00","North West",10.358
"2021-10-16 12:00:00","London",8.142
"2021-10-16 12:00:00","South East",7.242
"2021-10-16 12:00:00","South West",7.112
"2021-10-16 12:00:00","Midlands",6.32
"2021-10-16 12:00:00","North East and Yorkshire",8.068
"2021-10-16 12:00:00","East of England",6.934
"2021-10-16 12:00:00","North West",6.47
"2021-10-17 12:00:00","London",6.229
"2021-10-17 12:00:00","South East",4.687
"2021-10-17 12:00:00","South West",5.479
"2021-10-17 12:00:00","Midlands",4.739
"2021-10-17 12:00:00","North East and Yorkshire",3.46
"2021-10-17 12:00:00","East of England",6.061
"2021-10-17 12:00:00","North West",4.021
"2021-10-18 12:00:00","London",9.334
"2021-10-18 12:00:00","South East",8.186
"2021-10-18 12:00:00","South West",8.576
"2021-10-18 12:00:00","Midlands",7.933
"2021-10-18 12:00:00","North East and Yorkshire",7.126
"2021-10-18 12:00:00","East of England",8.44
"2021-10-18 12:00:00","North West",6.893
"2021-10-19 12:00:00","London",15.192
"2021-10-19 12:00:00","South East",13.574
"2021-10-19 12:00:00","South West",13.498
"2021-10-19 12:00:00","Midlands",13.728
"2021-10-19 12:00:00","North East and Yorkshire",13.516
"2021-10-19 12:00:00","East of England",14.428
"2021-10-19 12:00:00","North West",12.947
"2021-10-20 12:00:00","London",14.561
"2021-10-20 12:00:00","South East",13.266
"2021-10-20 12:00:00","South West",13.414
"2021-10-20 12:00:00","Midlands",13.383
"2021-10-20 12:00:00","North East and Yorkshire",12.935
"2021-10-20 12:00:00","East of England",13.806
"2021-10-20 12:00:00","North West",12.122
"2021-10-21 12:00:00","London",15.233
"2021-10-21 12:00:00","South East",13.666
"2021-10-21 12:00:00","South West",13.714
"2021-10-21 12:00:00","Midlands",13.59
"2021-10-21 12:00:00","North East and Yorkshire",12.835
"2021-10-21 12:00:00","East of England",13.855
"2021-10-21 12:00:00","North West",12.332
"2021-10-22 12:00:00","London",12.775
"2021-10-22 12:00:00","South East",11.673
"2021-10-22 12:00:00","South West",12.006
"2021-10-22 12:00:00","Midlands",11.886
"2021-10-22 12:00:00","North East and Yorkshire",10.94
"2021-10-22 12:00:00","East of England",12.087
"2021-10-22 12:00:00","North West",10.943
"2021-10-23 12:00:00","London",11.706
"2021-10-23 12:00:00","South East",10.697
"2021-10-23 12:00:00","South West",11.313
"2021-10-23 12:00:00","Midlands",10.17
"2021-10-23 12:00:00","North East and Yorkshire",10.281
"2021-10-23 12:00:00","East of England",10.734
"2021-10-23 12:00:00","North West",10.278
"2021-10-24 12:00:00","London",13.84
"2021-10-24 12:00:00","South East",12.605
"2021-10-24 12:00:00","South West",12.6
"2021-10-24 12:00:00","Midlands",11.589
"2021-10-24 12:00:00","North East and Yorkshire",10.414
"2021-10-24 12:00:00","East of England",12.633
"2021-10-24 12:00:00","North West",10.416
"2021-10-25 12:00:00","London",9.535
"2021-10-25 12:00:00","South East",8.181
"2021-10-25 12:00:00","South West",9.184
"2021-10-25 12:00:00","Midlands",8.257
"2021-10-25 12:00:00","North East and Yorkshire",7.822
"2021-10-25 12:00:00","East of England",8.83
"2021-10-25 12:00:00","North West",7.991
"2021-10-26 12:00:00","London",5.273
"2021-10-26 12:00:00","South East",5.35
"2021-10-26 12:00:00","South West",6.543
"2021-10-26 12:00:00","Midlands",5.213
"2021-10-26 12:00:00","North East and Yorkshire",5.371
"2021-10-26 12:00:00","East of England",4.916
"2021-10-26 12:00:00","North West",5.555
"2021-10-27 12:00:00","London",7.787
"2021-10-27 12:00:00","South East",6.828
"2021-10-27 12:00:00","South West",6.856
"2021-10-27 12:00:00","Midlands",6.093
"2021-10-27 12:00:00","North East and Yorkshire",5.967
"2021-10-27 12:00:00","East of England",6.652
"2021-10-27 12:00:00","North West",5.787
"2021-10-28 12:00:00","London",7.653
"2021-10-28 12:00:00","South East",7.142
"2021-10-28 12:00:00","South West",7.063
"2021-10-28 12:00:00","Midlands",5.219
"2021-10-28 12:00:00","North East and Yorkshire",5.466
"2021-10-28 12:00:00","East of England",6.252
"2021-10-28 12:00:00","North West",5.698
"2021-10-29 12:00:00","London",10.645
"2021-10-29 12:00:00","South East",10.073
"2021-10-29 12:00:00","South West",11.031
"2021-10-29 12:00:00","Midlands",8.958
"2021-10-29 12:00:00","North East and Yorkshire",7.374
"2021-10-29 12:00:00","East of England",9.218
"2021-10-29 12:00:00","North West",7.979
"2021-10-30 12:00:00","London",13.68
"2021-10-30 12:00:00","South East",12.108
"2021-10-30 12:00:00","South West",12.496
"2021-10-30 12:00:00","Midlands",10.405
"2021-10-30 12:00:00","North East and Yorkshire",4.824
"2021-10-30 12:00:00","East of England",12.754
"2021-10-30 12:00:00","North West",6.014
"2021-10-31 12:00:00","London",10.042
"2021-10-31 12:00:00","South East",9.119
"2021-10-31 12:00:00","South West",8.861
"2021-10-31 12:00:00","Midlands",8.578
"2021-10-31 12:00:00","North East and Yorkshire",8.051
"2021-10-31 12:00:00","East of England",9.26
"2021-10-31 12:00:00","North West",8.189
"2021-11-01 12:00:00","London",14.764
"2021-11-01 12:00:00","South East",12.756
"2021-11-01 12:00:00","South West",10.339
"2021-11-01 12:00:00","Midlands",10.953
"2021-11-01 12:00:00","North East and Yorkshire",8.492
"2021-11-01 12:00:00","East of England",12.807
"2021-11-01 12:00:00","North West",8.398
"2021-11-02 12:00:00","London",9.896
"2021-11-02 12:00:00","South East",9.056
"2021-11-02 12:00:00","South West",9.582
"2021-11-02 12:00:00","Midlands",6.804
"2021-11-02 12:00:00","North East and Yorkshire",5.198
"2021-11-02 12:00:00","East of England",7.708
"2021-11-02 12:00:00","North West",6.902
"2021-11-03 12:00:00","London",12.891
"2021-11-03 12:00:00","South East",11.755
"2021-11-03 12:00:00","South West",12.729
"2021-11-03 12:00:00","Midlands",10.379
"2021-11-03 12:00:00","North East and Yorkshire",9.695
"2021-11-03 12:00:00","East of England",11.791
"2021-11-03 12:00:00","North West",9.873
"2021-11-04 12:00:00","London",13.841
"2021-11-04 12:00:00","South East",11.674
"2021-11-04 12:00:00","South West",10.008
"2021-11-04 12:00:00","Midlands",10.507
"2021-11-04 12:00:00","North East and Yorkshire",11.435
"2021-11-04 12:00:00","East of England",13.461
"2021-11-04 12:00:00","North West",9.588
"2021-11-05 12:00:00","London",7.488
"2021-11-05 12:00:00","South East",6.108
"2021-11-05 12:00:00","South West",6.757
"2021-11-05 12:00:00","Midlands",6.531
"2021-11-05 12:00:00","North East and Yorkshire",7.587
"2021-11-05 12:00:00","East of England",6.376
"2021-11-05 12:00:00","North West",7.664
"2021-11-06 12:00:00","London",9.887
"2021-11-06 12:00:00","South East",8.966
"2021-11-06 12:00:00","South West",9.713
"2021-11-06 12:00:00","Midlands",9.644
"2021-11-06 12:00:00","North East and Yorkshire",9.996
"2021-11-06 12:00:00","East of England",9.213
"2021-11-06 12:00:00","North West",9.88
"2021-11-07 12:00:00","London",9.463
"2021-11-07 12:00:00","South East",8.494
"2021-11-07 12:00:00","South West",9.456
"2021-11-07 12:00:00","Midlands",8.497
"2021-11-07 12:00:00","North East and Yorkshire",7.036
"2021-11-07 12:00:00","East of England",8.34
"2021-11-07 12:00:00","North West",7.741
"2021-11-08 12:00:00","London",11.753
"2021-11-08 12:00:00","South East",10.404
"2021-11-08 12:00:00","South West",10.195
"2021-11-08 12:00:00","Midlands",10.55
"2021-11-08 12:00:00","North East and Yorkshire",10.561
"2021-11-08 12:00:00","East of England",10.98
"2021-11-08 12:00:00","North West",10.302
"2021-11-09 12:00:00","London",10.826
"2021-11-09 12:00:00","South East",9.59
"2021-11-09 12:00:00","South West",8.6
"2021-11-09 12:00:00","Midlands",9.004
"2021-11-09 12:00:00","North East and Yorkshire",7.975
"2021-11-09 12:00:00","East of England",10.263
"2021-11-09 12:00:00","North West",7.911
"2021-11-10 12:00:00","London",9.466
"2021-11-10 12:00:00","South East",8.574
"2021-11-10 12:00:00","South West",9.057
"2021-11-10 12:00:00","Midlands",8.487
"2021-11-10 12:00:00","North East and Yorkshire",8.304
"2021-11-10 12:00:00","East of England",8.295
"2021-11-10 12:00:00","North West",8.614
"2021-11-11 12:00:00","London",7.403
"2021-11-11 12:00:00","South East",5.944
"2021-11-11 12:00:00","South West",5.266
"2021-11-11 12:00:00","Midlands",3.594
"2021-11-11 12:00:00","North East and Yorkshire",4.173
"2021-11-11 12:00:00","East of England",4.944
"2021-11-11 12:00:00","North West",4.688
"2021-11-12 12:00:00","London",9.38
"2021-11-12 12:00:00","South East",7.859
"2021-11-12 12:00:00","South West",7.007
"2021-11-12 12:00:00","Midlands",7.081
"2021-11-12 12:00:00","North East and Yorkshire",7.198
"2021-11-12 12:00:00","East of England",8.594
"2021-11-12 12:00:00","North West",6.449
"2021-11-13 12:00:00","London",8.916
"2021-11-13 12:00:00","South East",7.692
"2021-11-13 12:00:00","South West",7.144
"2021-11-13 12:00:00","Midlands",7.081
"2021-11-13 12:00:00","North East and Yorkshire",6.397
"2021-11-13 12:00:00","East of England",8.118
"2021-11-13 12:00:00","North West",6.891
"2021-11-14 12:00:00","London",3.953
"2021-11-14 12:00:00","South East",3.061
"2021-11-14 12:00:00","South West",4.149
"2021-11-14 12:00:00","Midlands",5.641
"2021-11-14 12:00:00","North East and Yorkshire",6.478
"2021-11-14 12:00:00","East of England",3.916
"2021-11-14 12:00:00","North West",5.114
"2021-11-15 12:00:00","London",7.845
"2021-11-15 12:00:00","South East",7.036
"2021-11-15 12:00:00","South West",7.429
"2021-11-15 12:00:00","Midlands",7.971
"2021-11-15 12:00:00","North East and Yorkshire",7.563
"2021-11-15 12:00:00","East of England",7.42
"2021-11-15 12:00:00","North West",6.714
"2021-11-16 12:00:00","London",4.77
"2021-11-16 12:00:00","South East",3.167
"2021-11-16 12:00:00","South West",2.88
"2021-11-16 12:00:00","Midlands",2.016
"2021-11-16 12:00:00","North East and Yorkshire",2.871
"2021-11-16 12:00:00","East of England",3.453
"2021-11-16 12:00:00","North West",3.022
"2021-11-17 12:00:00","London",4.092
"2021-11-17 12:00:00","South East",3.28
"2021-11-17 12:00:00","South West",3.706
"2021-11-17 12:00:00","Midlands",1.982
"2021-11-17 12:00:00","North East and Yorkshire",-0.147
"2021-11-17 12:00:00","East of England",2.37
"2021-11-17 12:00:00","North West",0.313
"2021-11-18 12:00:00","London",-1.547
"2021-11-18 12:00:00","South East",-1.787
"2021-11-18 12:00:00","South West",-0.86
"2021-11-18 12:00:00","Midlands",-2.434
"2021-11-18 12:00:00","North East and Yorkshire",-1.565
"2021-11-18 12:00:00","East of England",-1.191
"2021-11-18 12:00:00","North West",-2.596
"2021-11-19 12:00:00","London",-0.378
"2021-11-19 12:00:00","South East",-0.795
"2021-11-19 12:00:00","South West",1.522
"2021-11-19 12:00:00","Midlands",-1.408
"2021-11-19 12:00:00","North East and Yorkshire",-0.577
"2021-11-19 12:00:00","East of England",-0.71
"2021-11-19 12:00:00","North West",-0.986
"2021-11-20 12:00:00","London",5.151
"2021-11-20 12:00:00","South East",6.032
"2021-11-20 12:00:00","South West",8.384
"2021-11-20 12:00:00","Midlands",4.75
"2021-11-20 12:00:00","North East and Yorkshire",4.45
"2021-11-20 12:00:00","East of England",4.502
"2021-11-20 12:00:00","North West",5.788
"2021-11-21 12:00:00","London",10.408
"2021-11-21 12:00:00","South East",9.949
"2021-11-21 12:00:00","South West",11.213
"2021-11-21 12:00:00","Midlands",10.614
"2021-11-21 12:00:00","North East and Yorkshire",9.694
"2021-11-21 12:00:00","East of England",9.359
"2021-11-21 12:00:00","North West",9.78
"2021-11-22 12:00:00","London",8.083
"2021-11-22 12:00:00","South East",7.062
"2021-11-22 12:00:00","South West",6.888
"2021-11-22 12:00:00","Midlands",6.65
"2021-11-22 12:00:00","North East and Yorkshire",6.874
"2021-11-22 12:00:00","East of England",7.303
"2021-11-22 12:00:00","North West",7.124
"2021-11-23 12:00:00","London",9.784
"2021-11-23 12:00:00","South East",8.83
"2021-11-23 12:00:00","South West",9.005
"2021-11-23 12:00:00","Midlands",8.32
"2021-11-23 12:00:00","North East and Yorkshire",8.155
"2021-11-23 12:00:00","East of England",8.877
"2021-11-23 12:00:00","North West",8.033
"2021-11-24 12:00:00","London",11.371
"2021-11-24 12:00:00","South East",10.281
"2021-11-24 12:00:00","South West",10.877
"2021-11-24 12:00:00","Midlands",10.855
"2021-11-24 12:00:00","North East and Yorkshire",11.18
"2021-11-24 12:00:00","East of England",10.572
"2021-11-24 12:00:00","North West",10.844
"2021-11-25 12:00:00","London",7.92
"2021-11-25 12:00:00","South East",7.013
"2021-11-25 12:00:00","South West",6.995
"2021-11-25 12:00:00","Midlands",6.602
"2021-11-25 12:00:00","North East and Yorkshire",4.809
"2021-11-25 12:00:00","East of England",7.025
"2021-11-25 12:00:00","North West",5.5
"2021-11-26 12:00:00","London",0.631
"2021-11-26 12:00:00","South East",0.098
"2021-11-26 12:00:00","South West",2.111
"2021-11-26 12:00:00","Midlands",1.022
"2021-11-26 12:00:00","North East and Yorkshire",0.638
"2021-11-26 12:00:00","East of England",-0.287
"2021-11-26 12:00:00","North West",2.328
"2021-11-27 12:00:00","London",3.302
"2021-11-27 12:00:00","South East",3.033
"2021-11-27 12:00:00","South West",6.562
"2021-11-27 12:00:00","Midlands",5.107
"2021-11-27 12:00:00","North East and Yorkshire",4.314
"2021-11-27 12:00:00","East of England",2.442
"2021-11-27 12:00:00","North West",5.724
"2021-11-28 12:00:00","London",7.265
"2021-11-28 12:00:00","South East",7.614
"2021-11-28 12:00:00","South West",6.457
"2021-11-28 12:00:00","Midlands",3.493
"2021-11-28 12:00:00","North East and Yorkshire",4.652
"2021-11-28 12:00:00","East of England",5.612
"2021-11-28 12:00:00","North West",4.856
"2021-11-29 12:00:00","London",1.553
"2021-11-29 12:00:00","South East",1.408
"2021-11-29 12:00:00","South West",2.485
"2021-11-29 12:00:00","Midlands",-0.3
"2021-11-29 12:00:00","North East and Yorkshire",1.94
"2021-11-29 12:00:00","East of England",0.031
"2021-11-29 12:00:00","North West",1.354
"2021-11-30 12:00:00","London",6.946
"2021-11-30 12:00:00","South East",6.205
"2021-11-30 12:00:00","South West",6.366
"2021-11-30 12:00:00","Midlands",4.614
"2021-11-30 12:00:00","North East and Yorkshire",4.073
"2021-11-30 12:00:00","East of England",5.438
"2021-11-30 12:00:00","North West",4.153
"2021-12-01 12:00:00","London",2.578
"2021-12-01 12:00:00","South East",2.001
"2021-12-01 12:00:00","South West",1.141
"2021-12-01 12:00:00","Midlands",1.929
"2021-12-01 12:00:00","North East and Yorkshire",2.868
"2021-12-01 12:00:00","East of England",2.628
"2021-12-01 12:00:00","North West",3.409
"2021-12-02 12:00:00","London",0.413
"2021-12-02 12:00:00","South East",0.096
"2021-12-02 12:00:00","South West",1.501
"2021-12-02 12:00:00","Midlands",0.9
"2021-12-02 12:00:00","North East and Yorkshire",2.803
"2021-12-02 12:00:00","East of England",-0.445
"2021-12-02 12:00:00","North West",2.852
"2021-12-03 12:00:00","London",6.244
"2021-12-03 12:00:00","South East",5.402
"2021-12-03 12:00:00","South West",6.593
"2021-12-03 12:00:00","Midlands",3.132
"2021-12-03 12:00:00","North East and Yorkshire",4.007
"2021-12-03 12:00:00","East of England",5.101
"2021-12-03 12:00:00","North West",2.645
"2021-12-04 12:00:00","London",4.754
"2021-12-04 12:00:00","South East",4.573
"2021-12-04 12:00:00","South West",6.36
"2021-12-04 12:00:00","Midlands",4.923
"2021-12-04 12:00:00","North East and Yorkshire",5.912
"2021-12-04 12:00:00","East of England",4.625
"2021-12-04 12:00:00","North West",4.694
"2021-12-05 12:00:00","London",6.884
"2021-12-05 12:00:00","South East",5.678
"2021-12-05 12:00:00","South West",6.792
"2021-12-05 12:00:00","Midlands",6.504
"2021-12-05 12:00:00","North East and Yorkshire",6.812
"2021-12-05 12:00:00","East of England",5.642
"2021-12-05 12:00:00","North West",6.376
"2021-12-06 12:00:00","London",1.579
"2021-12-06 12:00:00","South East",1.731
"2021-12-06 12:00:00","South West",3.272
"2021-12-06 12:00:00","Midlands",3.357
"2021-12-06 12:00:00","North East and Yorkshire",4.028
"2021-12-06 12:00:00","East of England",2.189
"2021-12-06 12:00:00","North West",2.002
"2021-12-07 12:00:00","London",10.543
"2021-12-07 12:00:00","South East",9.44
"2021-12-07 12:00:00","South West",9.8
"2021-12-07 12:00:00","Midlands",8.842
"2021-12-07 12:00:00","North East and Yorkshire",7.246
"2021-12-07 12:00:00","East of England",9.469
"2021-12-07 12:00:00","North West",7.106
"2021-12-08 12:00:00","London",4.314
"2021-12-08 12:00:00","South East",3.763
"2021-12-08 12:00:00","South West",4.601
"2021-12-08 12:00:00","Midlands",4.88
"2021-12-08 12:00:00","North East and Yorkshire",5.935
"2021-12-08 12:00:00","East of England",4.375
"2021-12-08 12:00:00","North West",6.167
"2021-12-09 12:00:00","London",6.661
"2021-12-09 12:00:00","South East",6.599
"2021-12-09 12:00:00","South West",8.298
"2021-12-09 12:00:00","Midlands",7.754
"2021-12-09 12:00:00","North East and Yorkshire",7.697
"2021-12-09 12:00:00","East of England",6.592
"2021-12-09 12:00:00","North West",7.851
"2021-12-10 12:00:00","London",8.892
"2021-12-10 12:00:00","South East",8.317
"2021-12-10 12:00:00","South West",9.247
"2021-12-10 12:00:00","Midlands",8.185
"2021-12-10 12:00:00","North East and Yorkshire",6.969
"2021-12-10 12:00:00","East of England",8.422
"2021-12-10 12:00:00","North West",7.514
"2021-12-11 12:00:00","London",8.901
"2021-12-11 12:00:00","South East",8.006
"2021-12-11 12:00:00","South West",8.34
"2021-12-11 12:00:00","Midlands",8.804
"2021-12-11 12:00:00","North East and Yorkshire",8.415
"2021-12-11 12:00:00","East of England",8.72
"2021-12-11 12:00:00","North West",8.464
"2021-12-12 12:00:00","London",10.263
"2021-12-12 12:00:00","South East",9.296
"2021-12-12 12:00:00","South West",9.067
"2021-12-12 12:00:00","Midlands",9.207
"2021-12-12 12:00:00","North East and Yorkshire",9.366
"2021-12-12 12:00:00","East of England",9.322
"2021-12-12 12:00:00","North West",8.785
"2021-12-13 12:00:00","London",11.797
"2021-12-13 12:00:00","South East",10.612
"2021-12-13 12:00:00","South West",10.519
"2021-12-13 12:00:00","Midlands",9.208
"2021-12-13 12:00:00","North East and Yorkshire",7.377
"2021-12-13 12:00:00","East of England",10.419
"2021-12-13 12:00:00","North West",8.192
"2021-12-14 12:00:00","London",10.543
"2021-12-14 12:00:00","South East",9.44
"2021-12-14 12:00:00","South West",9.8
"2021-12-14 12:00:00","Midlands",8.842
"2021-12-14 12:00:00","North East and Yorkshire",7.246
"2021-12-14 12:00:00","East of England",9.469
"2021-12-14 12:00:00","North West",7.106
"2021-12-15 12:00:00","London",4.314
"2021-12-15 12:00:00","South East",3.763
"2021-12-15 12:00:00","South West",4.601
"2021-12-15 12:00:00","Midlands",4.88
"2021-12-15 12:00:00","North East and Yorkshire",5.935
"2021-12-15 12:00:00","East of England",4.375
"2021-12-15 12:00:00","North West",6.167
"2021-12-16 12:00:00","London",6.661
"2021-12-16 12:00:00","South East",6.599
"2021-12-16 12:00:00","South West",8.298
"2021-12-16 12:00:00","Midlands",7.754
"2021-12-16 12:00:00","North East and Yorkshire",7.697
"2021-12-16 12:00:00","East of England",6.592
"2021-12-16 12:00:00","North West",7.851
"2021-12-17 12:00:00","London",8.892
"2021-12-17 12:00:00","South East",8.317
"2021-12-17 12:00:00","South West",9.247
"2021-12-17 12:00:00","Midlands",8.185
"2021-12-17 12:00:00","North East and Yorkshire",6.969
"2021-12-17 12:00:00","East of England",8.422
"2021-12-17 12:00:00","North West",7.514
"2021-12-18 12:00:00","London",8.901
"2021-12-18 12:00:00","South East",8.006
"2021-12-18 12:00:00","South West",8.34
"2021-12-18 12:00:00","Midlands",8.804
"2021-12-18 12:00:00","North East and Yorkshire",8.415
"2021-12-18 12:00:00","East of England",8.72
"2021-12-18 12:00:00","North West",8.464
"2021-12-19 12:00:00","London",10.263
"2021-12-19 12:00:00","South East",9.296
"2021-12-19 12:00:00","South West",9.067
"2021-12-19 12:00:00","Midlands",9.207
"2021-12-19 12:00:00","North East and Yorkshire",9.366
"2021-12-19 12:00:00","East of England",9.322
"2021-12-19 12:00:00","North West",8.785
"2021-12-20 12:00:00","London",11.797
"2021-12-20 12:00:00","South East",10.612
"2021-12-20 12:00:00","South West",10.519
"2021-12-20 12:00:00","Midlands",9.208
"2021-12-20 12:00:00","North East and Yorkshire",7.377
"2021-12-20 12:00:00","East of England",10.419
"2021-12-20 12:00:00","North West",8.192
"2021-12-21 12:00:00","London",6.173
"2021-12-21 12:00:00","South East",5.059
"2021-12-21 12:00:00","South West",3.109
"2021-12-21 12:00:00","Midlands",0.574
"2021-12-21 12:00:00","North East and Yorkshire",0.039
"2021-12-21 12:00:00","East of England",4.723
"2021-12-21 12:00:00","North West",-0.211
"2021-12-22 12:00:00","London",1.249
"2021-12-22 12:00:00","South East",0.913
"2021-12-22 12:00:00","South West",0.373
"2021-12-22 12:00:00","Midlands",-0.447
"2021-12-22 12:00:00","North East and Yorkshire",-1.081
"2021-12-22 12:00:00","East of England",0.813
"2021-12-22 12:00:00","North West",-0.807
"2021-12-23 12:00:00","London",3.682
"2021-12-23 12:00:00","South East",3.555
"2021-12-23 12:00:00","South West",5.207
"2021-12-23 12:00:00","Midlands",2.15
"2021-12-23 12:00:00","North East and Yorkshire",-0.263
"2021-12-23 12:00:00","East of England",2.496
"2021-12-23 12:00:00","North West",0.518
"2021-12-24 12:00:00","London",8.414
"2021-12-24 12:00:00","South East",7.308
"2021-12-24 12:00:00","South West",6.51
"2021-12-24 12:00:00","Midlands",6.525
"2021-12-24 12:00:00","North East and Yorkshire",6.31
"2021-12-24 12:00:00","East of England",7.993
"2021-12-24 12:00:00","North West",6.086
"2021-12-25 12:00:00","London",4.145
"2021-12-25 12:00:00","South East",3.663
"2021-12-25 12:00:00","South West",4.154
"2021-12-25 12:00:00","Midlands",2.8
"2021-12-25 12:00:00","North East and Yorkshire",2.737
"2021-12-25 12:00:00","East of England",3.671
"2021-12-25 12:00:00","North West",2.813
"2021-12-26 12:00:00","London",6.947
"2021-12-26 12:00:00","South East",5.991
"2021-12-26 12:00:00","South West",5.441
"2021-12-26 12:00:00","Midlands",5.306
"2021-12-26 12:00:00","North East and Yorkshire",3.831
"2021-12-26 12:00:00","East of England",6.205
"2021-12-26 12:00:00","North West",4.203
"2021-12-27 12:00:00","London",5.124
"2021-12-27 12:00:00","South East",5.067
"2021-12-27 12:00:00","South West",5.892
"2021-12-27 12:00:00","Midlands",3.98
"2021-12-27 12:00:00","North East and Yorkshire",3.969
"2021-12-27 12:00:00","East of England",4.307
"2021-12-27 12:00:00","North West",4.674
"2021-12-28 12:00:00","London",6.092
"2021-12-28 12:00:00","South East",5.165
"2021-12-28 12:00:00","South West",5.138
"2021-12-28 12:00:00","Midlands",5.134
"2021-12-28 12:00:00","North East and Yorkshire",4.894
"2021-12-28 12:00:00","East of England",5.627
"2021-12-28 12:00:00","North West",4.569
"2021-12-29 12:00:00","London",5.779
"2021-12-29 12:00:00","South East",4.866
"2021-12-29 12:00:00","South West",4.695
"2021-12-29 12:00:00","Midlands",4.672
"2021-12-29 12:00:00","North East and Yorkshire",4.246
"2021-12-29 12:00:00","East of England",5.405
"2021-12-29 12:00:00","North West",3.466
"2021-12-30 12:00:00","London",4.808
"2021-12-30 12:00:00","South East",4.501
"2021-12-30 12:00:00","South West",4.626
"2021-12-30 12:00:00","Midlands",3.947
"2021-12-30 12:00:00","North East and Yorkshire",3.854
"2021-12-30 12:00:00","East of England",4.586
"2021-12-30 12:00:00","North West",3.554
"2021-12-31 12:00:00","London",5.242
"2021-12-31 12:00:00","South East",3.933
"2021-12-31 12:00:00","South West",4.82
"2021-12-31 12:00:00","Midlands",4.651
"2021-12-31 12:00:00","North East and Yorkshire",4.276
"2021-12-31 12:00:00","East of England",4.886
"2021-12-31 12:00:00","North West",4.498
"2022-01-01 12:00:00","London",3.702
"2022-01-01 12:00:00","South East",3.092
"2022-01-01 12:00:00","South West",4.225
"2022-01-01 12:00:00","Midlands",3.818
"2022-01-01 12:00:00","North East and Yorkshire",2.174
"2022-01-01 12:00:00","East of England",3.476
"2022-01-01 12:00:00","North West",2.771
"2022-01-02 12:00:00","London",4.122
"2022-01-02 12:00:00","South East",3.773
"2022-01-02 12:00:00","South West",4.758
"2022-01-02 12:00:00","Midlands",4.016
"2022-01-02 12:00:00","North East and Yorkshire",2.714
"2022-01-02 12:00:00","East of England",3.959
"2022-01-02 12:00:00","North West",3.454
"2022-01-03 12:00:00","London",9.201
"2022-01-03 12:00:00","South East",8.262
"2022-01-03 12:00:00","South West",8.206
"2022-01-03 12:00:00","Midlands",8.917
"2022-01-03 12:00:00","North East and Yorkshire",9.048
"2022-01-03 12:00:00","East of England",8.704
"2022-01-03 12:00:00","North West",8.504
"2022-01-04 12:00:00","London",0.212
"2022-01-04 12:00:00","South East",-1.374
"2022-01-04 12:00:00","South West",0.861
"2022-01-04 12:00:00","Midlands",0.117
"2022-01-04 12:00:00","North East and Yorkshire",-0.081
"2022-01-04 12:00:00","East of England",-0.336
"2022-01-04 12:00:00","North West",1.013
"2022-01-05 12:00:00","London",-0.046
"2022-01-05 12:00:00","South East",-1.194
"2022-01-05 12:00:00","South West",-0.649
"2022-01-05 12:00:00","Midlands",-2.094
"2022-01-05 12:00:00","North East and Yorkshire",-3.408
"2022-01-05 12:00:00","East of England",-0.977
"2022-01-05 12:00:00","North West",-2.399
"2022-01-06 12:00:00","London",-3.199
"2022-01-06 12:00:00","South East",-3.525
"2022-01-06 12:00:00","South West",-0.518
"2022-01-06 12:00:00","Midlands",-2.698
"2022-01-06 12:00:00","North East and Yorkshire",-3.474
"2022-01-06 12:00:00","East of England",-3.794
"2022-01-06 12:00:00","North West",-2.305
"2022-01-07 12:00:00","London",-0.565
"2022-01-07 12:00:00","South East",-1.258
"2022-01-07 12:00:00","South West",2.506
"2022-01-07 12:00:00","Midlands",1.071
"2022-01-07 12:00:00","North East and Yorkshire",0.037
"2022-01-07 12:00:00","East of England",-1.08
"2022-01-07 12:00:00","North West",1.82
"2022-01-08 12:00:00","London",4.946
"2022-01-08 12:00:00","South East",4.114
"2022-01-08 12:00:00","South West",5.962
"2022-01-08 12:00:00","Midlands",6.101
"2022-01-08 12:00:00","North East and Yorkshire",6.685
"2022-01-08 12:00:00","East of England",3.934
"2022-01-08 12:00:00","North West",6.579
"2022-01-09 12:00:00","London",3.573
"2022-01-09 12:00:00","South East",2.916
"2022-01-09 12:00:00","South West",3.504
"2022-01-09 12:00:00","Midlands",2.325
"2022-01-09 12:00:00","North East and Yorkshire",2.118
"2022-01-09 12:00:00","East of England",2.591
"2022-01-09 12:00:00","North West",2.981
"2022-01-10 12:00:00","London",1.296
"2022-01-10 12:00:00","South East",0.168
"2022-01-10 12:00:00","South West",0.781
"2022-01-10 12:00:00","Midlands",-0.64
"2022-01-10 12:00:00","North East and Yorkshire",-0.591
"2022-01-10 12:00:00","East of England",0.79
"2022-01-10 12:00:00","North West",-0.576
"2022-01-11 12:00:00","London",5.969
"2022-01-11 12:00:00","South East",4.82
"2022-01-11 12:00:00","South West",5.477
"2022-01-11 12:00:00","Midlands",6.458
"2022-01-11 12:00:00","North East and Yorkshire",6.901
"2022-01-11 12:00:00","East of England",6.191
"2022-01-11 12:00:00","North West",7.252
"2022-01-12 12:00:00","London",4.111
"2022-01-12 12:00:00","South East",1.362
"2022-01-12 12:00:00","South West",0.441
"2022-01-12 12:00:00","Midlands",-0.372
"2022-01-12 12:00:00","North East and Yorkshire",2.53
"2022-01-12 12:00:00","East of England",2.455
"2022-01-12 12:00:00","North West",-1.186
"2022-01-13 12:00:00","London",4.226
"2022-01-13 12:00:00","South East",1.59
"2022-01-13 12:00:00","South West",0.184
"2022-01-13 12:00:00","Midlands",0.884
"2022-01-13 12:00:00","North East and Yorkshire",0.814
"2022-01-13 12:00:00","East of England",2.196
"2022-01-13 12:00:00","North West",-0.089
"2022-01-14 12:00:00","London",0.624
"2022-01-14 12:00:00","South East",-1.634
"2022-01-14 12:00:00","South West",-2.174
"2022-01-14 12:00:00","Midlands",-2.609
"2022-01-14 12:00:00","North East and Yorkshire",0.873
"2022-01-14 12:00:00","East of England",-2.16
"2022-01-14 12:00:00","North West",0.782
"2022-01-15 12:00:00","London",0.975
"2022-01-15 12:00:00","South East",-1.46
"2022-01-15 12:00:00","South West",-2.442
"2022-01-15 12:00:00","Midlands",-1.504
"2022-01-15 12:00:00","North East and Yorkshire",2.478
"2022-01-15 12:00:00","East of England",-0.664
"2022-01-15 12:00:00","North West",1.724
"2022-01-16 12:00:00","London",4.529
"2022-01-16 12:00:00","South East",2.742
"2022-01-16 12:00:00","South West",1.12
"2022-01-16 12:00:00","Midlands",3.195
"2022-01-16 12:00:00","North East and Yorkshire",3.226
"2022-01-16 12:00:00","East of England",3.806
"2022-01-16 12:00:00","North West",4.344
"2022-01-17 12:00:00","London",5.643
"2022-01-17 12:00:00","South East",4.466
"2022-01-17 12:00:00","South West",5.359
"2022-01-17 12:00:00","Midlands",5.409
"2022-01-17 12:00:00","North East and Yorkshire",6.604
"2022-01-17 12:00:00","East of England",5.171
"2022-01-17 12:00:00","North West",5.997
"2022-01-18 12:00:00","London",5.58
"2022-01-18 12:00:00","South East",5.09
"2022-01-18 12:00:00","South West",5.829
"2022-01-18 12:00:00","Midlands",3.921
"2022-01-18 12:00:00","North East and Yorkshire",0.121
"2022-01-18 12:00:00","East of England",4.153
"2022-01-18 12:00:00","North West",1.962
"2022-01-19 12:00:00","London",0.031
"2022-01-19 12:00:00","South East",0.436
"2022-01-19 12:00:00","South West",5.178
"2022-01-19 12:00:00","Midlands",-0.596
"2022-01-19 12:00:00","North East and Yorkshire",-1.575
"2022-01-19 12:00:00","East of England",-1.173
"2022-01-19 12:00:00","North West",-0.575
"2022-01-20 12:00:00","London",3.763
"2022-01-20 12:00:00","South East",4.62
"2022-01-20 12:00:00","South West",8.064
"2022-01-20 12:00:00","Midlands",2.396
"2022-01-20 12:00:00","North East and Yorkshire",-0.207
"2022-01-20 12:00:00","East of England",1.67
"2022-01-20 12:00:00","North West",1.592
"2022-01-21 12:00:00","London",0.485
"2022-01-21 12:00:00","South East",-0.146
"2022-01-21 12:00:00","South West",0.343
"2022-01-21 12:00:00","Midlands",-0.883
"2022-01-21 12:00:00","North East and Yorkshire",-3.293
"2022-01-21 12:00:00","East of England",0.223
"2022-01-21 12:00:00","North West",-2.335
"2022-01-22 12:00:00","London",-0.767
"2022-01-22 12:00:00","South East",-1.163
"2022-01-22 12:00:00","South West",0.251
"2022-01-22 12:00:00","Midlands",-1.306
"2022-01-22 12:00:00","North East and Yorkshire",-3.364
"2022-01-22 12:00:00","East of England",-1.129
"2022-01-22 12:00:00","North West",-1.743
"2022-01-23 12:00:00","London",2.62
"2022-01-23 12:00:00","South East",2.433
"2022-01-23 12:00:00","South West",3.171
"2022-01-23 12:00:00","Midlands",2.314
"2022-01-23 12:00:00","North East and Yorkshire",1.872
"2022-01-23 12:00:00","East of England",1.018
"2022-01-23 12:00:00","North West",3.676
"2022-01-24 12:00:00","London",1.075
"2022-01-24 12:00:00","South East",0.49
"2022-01-24 12:00:00","South West",2.17
"2022-01-24 12:00:00","Midlands",1.884
"2022-01-24 12:00:00","North East and Yorkshire",3.255
"2022-01-24 12:00:00","East of England",1.035
"2022-01-24 12:00:00","North West",3.533
"2022-01-25 12:00:00","London",3.048
"2022-01-25 12:00:00","South East",2.864
"2022-01-25 12:00:00","South West",2.555
"2022-01-25 12:00:00","Midlands",1.039
"2022-01-25 12:00:00","North East and Yorkshire",1.812
"2022-01-25 12:00:00","East of England",1.899
"2022-01-25 12:00:00","North West",2.273
"2022-01-26 12:00:00","London",1.897
"2022-01-26 12:00:00","South East",1.783
"2022-01-26 12:00:00","South West",2.114
"2022-01-26 12:00:00","Midlands",1.334
"2022-01-26 12:00:00","North East and Yorkshire",1.543
"2022-01-26 12:00:00","East of England",1.544
"2022-01-26 12:00:00","North West",2.387
"2022-01-27 12:00:00","London",3.637
"2022-01-27 12:00:00","South East",3.38
"2022-01-27 12:00:00","South West",3.693
"2022-01-27 12:00:00","Midlands",2.409
"2022-01-27 12:00:00","North East and Yorkshire",0.615
"2022-01-27 12:00:00","East of England",2.445
"2022-01-27 12:00:00","North West",1.79
"2022-01-28 12:00:00","London",0.99
"2022-01-28 12:00:00","South East",0.646
"2022-01-28 12:00:00","South West",2.721
"2022-01-28 12:00:00","Midlands",1.01
"2022-01-28 12:00:00","North East and Yorkshire",0.787
"2022-01-28 12:00:00","East of England",1.074
"2022-01-28 12:00:00","North West",0.191
"2022-01-29 12:00:00","London",3.845
"2022-01-29 12:00:00","South East",3.936
"2022-01-29 12:00:00","South West",6.422
"2022-01-29 12:00:00","Midlands",3.724
"2022-01-29 12:00:00","North East and Yorkshire",3.244
"2022-01-29 12:00:00","East of England",3.598
"2022-01-29 12:00:00","North West",3.652
"2022-01-30 12:00:00","London",10.242
"2022-01-30 12:00:00","South East",9.077
"2022-01-30 12:00:00","South West",8.131
"2022-01-30 12:00:00","Midlands",7.177
"2022-01-30 12:00:00","North East and Yorkshire",5.43
"2022-01-30 12:00:00","East of England",9.336
"2022-01-30 12:00:00","North West",5.758
"2022-01-31 12:00:00","London",5.378
"2022-01-31 12:00:00","South East",4.274
"2022-01-31 12:00:00","South West",3.798
"2022-01-31 12:00:00","Midlands",3.528
"2022-01-31 12:00:00","North East and Yorkshire",4.09
"2022-01-31 12:00:00","East of England",4.562
"2022-01-31 12:00:00","North West",4.245
"2022-02-01 12:00:00","London",4.422
"2022-02-01 12:00:00","South East",3.861
"2022-02-01 12:00:00","South West",3.854
"2022-02-01 12:00:00","Midlands",2.624
"2022-02-01 12:00:00","North East and Yorkshire",1.348
"2022-02-01 12:00:00","East of England",3.215
"2022-02-01 12:00:00","North West",2.238
"2022-02-02 12:00:00","London",1.451
"2022-02-02 12:00:00","South East",0.93
"2022-02-02 12:00:00","South West",1.317
"2022-02-02 12:00:00","Midlands",0.869
"2022-02-02 12:00:00","North East and Yorkshire",0.688
"2022-02-02 12:00:00","East of England",1.1
"2022-02-02 12:00:00","North West",1.61
"2022-02-03 12:00:00","London",1.931
"2022-02-03 12:00:00","South East",1.541
"2022-02-03 12:00:00","South West",1.894
"2022-02-03 12:00:00","Midlands",0.937
"2022-02-03 12:00:00","North East and Yorkshire",0.678
"2022-02-03 12:00:00","East of England",0.605
"2022-02-03 12:00:00","North West",1.437
"2022-02-04 12:00:00","London",-0.412
"2022-02-04 12:00:00","South East",-0.736
"2022-02-04 12:00:00","South West",0.484
"2022-02-04 12:00:00","Midlands",0.279
"2022-02-04 12:00:00","North East and Yorkshire",1.126
"2022-02-04 12:00:00","East of England",-0.429
"2022-02-04 12:00:00","North West",0.971
"2022-02-05 12:00:00","London",4.548
"2022-02-05 12:00:00","South East",4.396
"2022-02-05 12:00:00","South West",3.841
"2022-02-05 12:00:00","Midlands",2.015
"2022-02-05 12:00:00","North East and Yorkshire",1.956
"2022-02-05 12:00:00","East of England",2.994
"2022-02-05 12:00:00","North West",1.882
"2022-02-06 12:00:00","London",4.026
"2022-02-06 12:00:00","South East",3.154
"2022-02-06 12:00:00","South West",2.528
"2022-02-06 12:00:00","Midlands",2.547
"2022-02-06 12:00:00","North East and Yorkshire",2.382
"2022-02-06 12:00:00","East of England",3.195
"2022-02-06 12:00:00","North West",2.551
"2022-02-07 12:00:00","London",3.691
"2022-02-07 12:00:00","South East",3.023
"2022-02-07 12:00:00","South West",2.112
"2022-02-07 12:00:00","Midlands",-0.48
"2022-02-07 12:00:00","North East and Yorkshire",-0.164
"2022-02-07 12:00:00","East of England",2.195
"2022-02-07 12:00:00","North West",0.127
"2022-02-08 12:00:00","London",7.635
"2022-02-08 12:00:00","South East",6.749
"2022-02-08 12:00:00","South West",7.711
"2022-02-08 12:00:00","Midlands",5.8
"2022-02-08 12:00:00","North East and Yorkshire",4.514
"2022-02-08 12:00:00","East of England",5.513
"2022-02-08 12:00:00","North West",5.979
"2022-02-09 12:00:00","London",7.005
"2022-02-09 12:00:00","South East",6.372
"2022-02-09 12:00:00","South West",6.448
"2022-02-09 12:00:00","Midlands",5.178
"2022-02-09 12:00:00","North East and Yorkshire",4.155
"2022-02-09 12:00:00","East of England",5.625
"2022-02-09 12:00:00","North West",4.397
"2022-02-10 12:00:00","London",8.325
"2022-02-10 12:00:00","South East",7.085
"2022-02-10 12:00:00","South West",5.998
"2022-02-10 12:00:00","Midlands",7.051
"2022-02-10 12:00:00","North East and Yorkshire",6.96
"2022-02-10 12:00:00","East of England",7.107
"2022-02-10 12:00:00","North West",5.836
"2022-02-11 12:00:00","London",4.026
"2022-02-11 12:00:00","South East",3.635
"2022-02-11 12:00:00","South West",3.963
"2022-02-11 12:00:00","Midlands",3.219
"2022-02-11 12:00:00","North East and Yorkshire",3.625
"2022-02-11 12:00:00","East of England",2.86
"2022-02-11 12:00:00","North West",3.695
"2022-02-12 12:00:00","London",7.955
"2022-02-12 12:00:00","South East",6.968
"2022-02-12 12:00:00","South West",8.295
"2022-02-12 12:00:00","Midlands",7.084
"2022-02-12 12:00:00","North East and Yorkshire",5.768
"2022-02-12 12:00:00","East of England",6.722
"2022-02-12 12:00:00","North West",7.157
"2022-02-13 12:00:00","London",10.115
"2022-02-13 12:00:00","South East",8.5
"2022-02-13 12:00:00","South West",8.205
"2022-02-13 12:00:00","Midlands",8.445
"2022-02-13 12:00:00","North East and Yorkshire",7.687
"2022-02-13 12:00:00","East of England",9.324
"2022-02-13 12:00:00","North West",7.021
"2022-02-14 12:00:00","London",6.61
"2022-02-14 12:00:00","South East",5.693
"2022-02-14 12:00:00","South West",5.709
"2022-02-14 12:00:00","Midlands",6.125
"2022-02-14 12:00:00","North East and Yorkshire",6.068
"2022-02-14 12:00:00","East of England",5.727
"2022-02-14 12:00:00","North West",5.651
"2022-02-15 12:00:00","London",4.166
"2022-02-15 12:00:00","South East",3.043
"2022-02-15 12:00:00","South West",0.883
"2022-02-15 12:00:00","Midlands",-1.905
"2022-02-15 12:00:00","North East and Yorkshire",-1.108
"2022-02-15 12:00:00","East of England",0.026
"2022-02-15 12:00:00","North West",-0.355
"2022-02-16 12:00:00","London",5.516
"2022-02-16 12:00:00","South East",4.252
"2022-02-16 12:00:00","South West",4.474
"2022-02-16 12:00:00","Midlands",1.376
"2022-02-16 12:00:00","North East and Yorkshire",0.42
"2022-02-16 12:00:00","East of England",3.197
"2022-02-16 12:00:00","North West",1.626
"2022-02-17 12:00:00","London",6.289
"2022-02-17 12:00:00","South East",5.395
"2022-02-17 12:00:00","South West",4.757
"2022-02-17 12:00:00","Midlands",3.479
"2022-02-17 12:00:00","North East and Yorkshire",2.861
"2022-02-17 12:00:00","East of England",5.341
"2022-02-17 12:00:00","North West",2.473
"2022-02-18 12:00:00","London",5.894
"2022-02-18 12:00:00","South East",5.46
"2022-02-18 12:00:00","South West",5.371
"2022-02-18 12:00:00","Midlands",4.194
"2022-02-18 12:00:00","North East and Yorkshire",2.905
"2022-02-18 12:00:00","East of England",4.937
"2022-02-18 12:00:00","North West",3.191
"2022-02-19 12:00:00","London",6.675
"2022-02-19 12:00:00","South East",5.803
"2022-02-19 12:00:00","South West",5.079
"2022-02-19 12:00:00","Midlands",4.857
"2022-02-19 12:00:00","North East and Yorkshire",4.264
"2022-02-19 12:00:00","East of England",5.675
"2022-02-19 12:00:00","North West",5.194
"2022-02-20 12:00:00","London",5.922
"2022-02-20 12:00:00","South East",4.708
"2022-02-20 12:00:00","South West",3.692
"2022-02-20 12:00:00","Midlands",3.389
"2022-02-20 12:00:00","North East and Yorkshire",2.066
"2022-02-20 12:00:00","East of England",4.823
"2022-02-20 12:00:00","North West",3.134
"2022-02-21 12:00:00","London",0.513
"2022-02-21 12:00:00","South East",1.206
"2022-02-21 12:00:00","South West",2.662
"2022-02-21 12:00:00","Midlands",0.795
"2022-02-21 12:00:00","North East and Yorkshire",1.085
"2022-02-21 12:00:00","East of England",0.196
"2022-02-21 12:00:00","North West",1.528
"2022-02-22 12:00:00","London",1.963
"2022-02-22 12:00:00","South East",1.334
"2022-02-22 12:00:00","South West",2.02
"2022-02-22 12:00:00","Midlands",0.536
"2022-02-22 12:00:00","North East and Yorkshire",-1.984
"2022-02-22 12:00:00","East of England",0.794
"2022-02-22 12:00:00","North West",-1.322
"2022-02-23 12:00:00","London",-0.41
"2022-02-23 12:00:00","South East",-0.648
"2022-02-23 12:00:00","South West",0.485
"2022-02-23 12:00:00","Midlands",-2.716
"2022-02-23 12:00:00","North East and Yorkshire",-4.36
"2022-02-23 12:00:00","East of England",-2.336
"2022-02-23 12:00:00","North West",-2.601
"2022-02-24 12:00:00","London",1.708
"2022-02-24 12:00:00","South East",0.963
"2022-02-24 12:00:00","South West",1.549
"2022-02-24 12:00:00","Midlands",-0.302
"2022-02-24 12:00:00","North East and Yorkshire",-1.636
"2022-02-24 12:00:00","East of England",0.478
"2022-02-24 12:00:00","North West",0.064
"2022-02-25 12:00:00","London",2.904
"2022-02-25 12:00:00","South East",2.402
"2022-02-25 12:00:00","South West",2.092
"2022-02-25 12:00:00","Midlands",-0.07
"2022-02-25 12:00:00","North East and Yorkshire",-0.349
"2022-02-25 12:00:00","East of England",1.383
"2022-02-25 12:00:00","North West",0.024
"2022-02-26 12:00:00","London",-2.39
"2022-02-26 12:00:00","South East",-2.86
"2022-02-26 12:00:00","South West",-0.112
"2022-02-26 12:00:00","Midlands",-3.494
"2022-02-26 12:00:00","North East and Yorkshire",-3.014
"2022-02-26 12:00:00","East of England",-3.523
"2022-02-26 12:00:00","North West",-2.208
"2022-02-27 12:00:00","London",2.549
"2022-02-27 12:00:00","South East",1.749
"2022-02-27 12:00:00","South West",2.914
"2022-02-27 12:00:00","Midlands",0.956
"2022-02-27 12:00:00","North East and Yorkshire",0.692
"2022-02-27 12:00:00","East of England",0.868
"2022-02-27 12:00:00","North West",1.123
"2022-02-28 12:00:00","London",9.72
"2022-02-28 12:00:00","South East",8.405
"2022-02-28 12:00:00","South West",8.826
"2022-02-28 12:00:00","Midlands",8.21
"2022-02-28 12:00:00","North East and Yorkshire",7.657
"2022-02-28 12:00:00","East of England",9.104
"2022-02-28 12:00:00","North West",7.833
"2022-03-01 12:00:00","London",0.35
"2022-03-01 12:00:00","South East",0.172
"2022-03-01 12:00:00","South West",1.819
"2022-03-01 12:00:00","Midlands",-0.925
"2022-03-01 12:00:00","North East and Yorkshire",0.07
"2022-03-01 12:00:00","East of England",-0.158
"2022-03-01 12:00:00","North West",0.246
"2022-03-02 12:00:00","London",4.508
"2022-03-02 12:00:00","South East",4.43
"2022-03-02 12:00:00","South West",5.285
"2022-03-02 12:00:00","Midlands",2.495
"2022-03-02 12:00:00","North East and Yorkshire",2.383
"2022-03-02 12:00:00","East of England",3.472
"2022-03-02 12:00:00","North West",2.889
"2022-03-03 12:00:00","London",7.404
"2022-03-03 12:00:00","South East",7.198
"2022-03-03 12:00:00","South West",7.781
"2022-03-03 12:00:00","Midlands",7.42
"2022-03-03 12:00:00","North East and Yorkshire",6.312
"2022-03-03 12:00:00","East of England",5.598
"2022-03-03 12:00:00","North West",7.64
"2022-03-04 12:00:00","London",8.694
"2022-03-04 12:00:00","South East",7.542
"2022-03-04 12:00:00","South West",6.816
"2022-03-04 12:00:00","Midlands",7.869
"2022-03-04 12:00:00","North East and Yorkshire",7.718
"2022-03-04 12:00:00","East of England",6.635
"2022-03-04 12:00:00","North West",7.697
"2022-03-05 12:00:00","London",7.606
"2022-03-05 12:00:00","South East",6.121
"2022-03-05 12:00:00","South West",5.204
"2022-03-05 12:00:00","Midlands",6.278
"2022-03-05 12:00:00","North East and Yorkshire",7.237
"2022-03-05 12:00:00","East of England",7.032
"2022-03-05 12:00:00","North West",6.445
"2022-03-06 12:00:00","London",8.288
"2022-03-06 12:00:00","South East",6.967
"2022-03-06 12:00:00","South West",6.611
"2022-03-06 12:00:00","Midlands",6.802
"2022-03-06 12:00:00","North East and Yorkshire",6.407
"2022-03-06 12:00:00","East of England",6.955
"2022-03-06 12:00:00","North West",6.883
"2022-03-07 12:00:00","London",3.038
"2022-03-07 12:00:00","South East",1.983
"2022-03-07 12:00:00","South West",0.9
"2022-03-07 12:00:00","Midlands",1.904
"2022-03-07 12:00:00","North East and Yorkshire",2.999
"2022-03-07 12:00:00","East of England",2.545
"2022-03-07 12:00:00","North West",2.563
"2022-03-08 12:00:00","London",5.087
"2022-03-08 12:00:00","South East",3.663
"2022-03-08 12:00:00","South West",4.273
"2022-03-08 12:00:00","Midlands",3.903
"2022-03-08 12:00:00","North East and Yorkshire",3.262
"2022-03-08 12:00:00","East of England",4.523
"2022-03-08 12:00:00","North West",3.965
"2022-03-09 12:00:00","London",8.294
"2022-03-09 12:00:00","South East",7.528
"2022-03-09 12:00:00","South West",8.426
"2022-03-09 12:00:00","Midlands",7.948
"2022-03-09 12:00:00","North East and Yorkshire",7.344
"2022-03-09 12:00:00","East of England",7.516
"2022-03-09 12:00:00","North West",8.005
"2022-03-10 12:00:00","London",9.338
"2022-03-10 12:00:00","South East",7.696
"2022-03-10 12:00:00","South West",6.79
"2022-03-10 12:00:00","Midlands",6.775
"2022-03-10 12:00:00","North East and Yorkshire",5.742
"2022-03-10 12:00:00","East of England",8.531
"2022-03-10 12:00:00","North West",5.219
"2022-03-11 12:00:00","London",0.077
"2022-03-11 12:00:00","South East",-0.221
"2022-03-11 12:00:00","South West",-0.768
"2022-03-11 12:00:00","Midlands",-0.314
"2022-03-11 12:00:00","North East and Yorkshire",1.108
"2022-03-11 12:00:00","East of England",-0.196
"2022-03-11 12:00:00","North West",0.714
"2022-03-12 12:00:00","London",-0.136
"2022-03-12 12:00:00","South East",-0.776
"2022-03-12 12:00:00","South West",-0.507
"2022-03-12 12:00:00","Midlands",-0.971
"2022-03-12 12:00:00","North East and Yorkshire",1.126
"2022-03-12 12:00:00","East of England",-0.359
"2022-03-12 12:00:00","North West",0.105
"2022-03-13 12:00:00","London",1.948
"2022-03-13 12:00:00","South East",0.69
"2022-03-13 12:00:00","South West",0.977
"2022-03-13 12:00:00","Midlands",-1.04
"2022-03-13 12:00:00","North East and Yorkshire",-0.118
"2022-03-13 12:00:00","East of England",-0.431
"2022-03-13 12:00:00","North West",-0.765
"2022-03-14 12:00:00","London",3.621
"2022-03-14 12:00:00","South East",2.238
"2022-03-14 12:00:00","South West",1.901
"2022-03-14 12:00:00","Midlands",-0.27
"2022-03-14 12:00:00","North East and Yorkshire",-0.779
"2022-03-14 12:00:00","East of England",1.398
"2022-03-14 12:00:00","North West",-0.184
"2022-03-15 12:00:00","London",8.135
"2022-03-15 12:00:00","South East",6.37
"2022-03-15 12:00:00","South West",5.894
"2022-03-15 12:00:00","Midlands",6.443
"2022-03-15 12:00:00","North East and Yorkshire",4.985
"2022-03-15 12:00:00","East of England",6.78
"2022-03-15 12:00:00","North West",5.747
"2022-03-16 12:00:00","London",4.927
"2022-03-16 12:00:00","South East",4.713
"2022-03-16 12:00:00","South West",3.91
"2022-03-16 12:00:00","Midlands",1.204
"2022-03-16 12:00:00","North East and Yorkshire",0.168
"2022-03-16 12:00:00","East of England",3.477
"2022-03-16 12:00:00","North West",0.765
"2022-03-17 12:00:00","London",1.525
"2022-03-17 12:00:00","South East",-0.152
"2022-03-17 12:00:00","South West",-0.007
"2022-03-17 12:00:00","Midlands",-1.378
"2022-03-17 12:00:00","North East and Yorkshire",-0.416
"2022-03-17 12:00:00","East of England",-0.026
"2022-03-17 12:00:00","North West",-0.862
"2022-03-18 12:00:00","London",0.579
"2022-03-18 12:00:00","South East",-0.386
"2022-03-18 12:00:00","South West",0.758
"2022-03-18 12:00:00","Midlands",-0.982
"2022-03-18 12:00:00","North East and Yorkshire",-0.474
"2022-03-18 12:00:00","East of England",-0.758
"2022-03-18 12:00:00","North West",0.209
"2022-03-19 12:00:00","London",0.412
"2022-03-19 12:00:00","South East",0.414
"2022-03-19 12:00:00","South West",2.017
"2022-03-19 12:00:00","Midlands",-0.783
"2022-03-19 12:00:00","North East and Yorkshire",-1.112
"2022-03-19 12:00:00","East of England",-1.19
"2022-03-19 12:00:00","North West",-0.269
"2022-03-20 12:00:00","London",-0.564
"2022-03-20 12:00:00","South East",-1.238
"2022-03-20 12:00:00","South West",1.298
"2022-03-20 12:00:00","Midlands",-1.826
"2022-03-20 12:00:00","North East and Yorkshire",-0.82
"2022-03-20 12:00:00","East of England",-1.3
"2022-03-20 12:00:00","North West",-0.776
"2022-03-21 12:00:00","London",3.636
"2022-03-21 12:00:00","South East",2.305
"2022-03-21 12:00:00","South West",4.437
"2022-03-21 12:00:00","Midlands",2.265
"2022-03-21 12:00:00","North East and Yorkshire",1.284
"2022-03-21 12:00:00","East of England",1.326
"2022-03-21 12:00:00","North West",3.394
"2022-03-22 12:00:00","London",4.27
"2022-03-22 12:00:00","South East",3.562
"2022-03-22 12:00:00","South West",3.516
"2022-03-22 12:00:00","Midlands",1.646
"2022-03-22 12:00:00","North East and Yorkshire",0.793
"2022-03-22 12:00:00","East of England",2.908
"2022-03-22 12:00:00","North West",1.149
"2022-03-23 12:00:00","London",-0.879
"2022-03-23 12:00:00","South East",-1.532
"2022-03-23 12:00:00","South West",-0.505
"2022-03-23 12:00:00","Midlands",-2.794
"2022-03-23 12:00:00","North East and Yorkshire",-3.902
"2022-03-23 12:00:00","East of England",-1.997
"2022-03-23 12:00:00","North West",-2.491
"2022-03-24 12:00:00","London",3.902
"2022-03-24 12:00:00","South East",3.239
"2022-03-24 12:00:00","South West",3.506
"2022-03-24 12:00:00","Midlands",1.134
"2022-03-24 12:00:00","North East and Yorkshire",0.464
"2022-03-24 12:00:00","East of England",2.15
"2022-03-24 12:00:00","North West",1.095
"2022-03-25 12:00:00","London",10.091
"2022-03-25 12:00:00","South East",8.735
"2022-03-25 12:00:00","South West",8.334
"2022-03-25 12:00:00","Midlands",7.767
"2022-03-25 12:00:00","North East and Yorkshire",7.273
"2022-03-25 12:00:00","East of England",8.802
"2022-03-25 12:00:00","North West",7.112
"2022-03-26 12:00:00","London",8.955
"2022-03-26 12:00:00","South East",8.064
"2022-03-26 12:00:00","South West",8.111
"2022-03-26 12:00:00","Midlands",8.346
"2022-03-26 12:00:00","North East and Yorkshire",7.531
"2022-03-26 12:00:00","East of England",7.695
"2022-03-26 12:00:00","North West",8.21
"2022-03-27 12:00:00","London",5.693
"2022-03-27 12:00:00","South East",4.144
"2022-03-27 12:00:00","South West",3.218
"2022-03-27 12:00:00","Midlands",3.974
"2022-03-27 12:00:00","North East and Yorkshire",4.173
"2022-03-27 12:00:00","East of England",5.148
"2022-03-27 12:00:00","North West",5.139
"2022-03-28 12:00:00","London",7.451
"2022-03-28 12:00:00","South East",6.283
"2022-03-28 12:00:00","South West",6.42
"2022-03-28 12:00:00","Midlands",5.931
"2022-03-28 12:00:00","North East and Yorkshire",5.98
"2022-03-28 12:00:00","East of England",6.064
"2022-03-28 12:00:00","North West",5.507
"2022-03-29 12:00:00","London",5.614
"2022-03-29 12:00:00","South East",4.777
"2022-03-29 12:00:00","South West",5.054
"2022-03-29 12:00:00","Midlands",4.178
"2022-03-29 12:00:00","North East and Yorkshire",5.095
"2022-03-29 12:00:00","East of England",4.881
"2022-03-29 12:00:00","North West",5.057
"2022-03-30 12:00:00","London",4.385
"2022-03-30 12:00:00","South East",3.835
"2022-03-30 12:00:00","South West",3.168
"2022-03-30 12:00:00","Midlands",2.219
"2022-03-30 12:00:00","North East and Yorkshire",2.788
"2022-03-30 12:00:00","East of England",3.899
"2022-03-30 12:00:00","North West",2.782
"2022-03-31 12:00:00","London",5.82
"2022-03-31 12:00:00","South East",4.726
"2022-03-31 12:00:00","South West",4.097
"2022-03-31 12:00:00","Midlands",4.358
"2022-03-31 12:00:00","North East and Yorkshire",3.644
"2022-03-31 12:00:00","East of England",4.201
"2022-03-31 12:00:00","North West",4.509
"2022-04-01 12:00:00","London",3.514
"2022-04-01 12:00:00","South East",2.928
"2022-04-01 12:00:00","South West",4.362
"2022-04-01 12:00:00","Midlands",1.629
"2022-04-01 12:00:00","North East and Yorkshire",1.388
"2022-04-01 12:00:00","East of England",1.849
"2022-04-01 12:00:00","North West",2.074
"2022-04-02 12:00:00","London",6.913
"2022-04-02 12:00:00","South East",5.296
"2022-04-02 12:00:00","South West",2.854
"2022-04-02 12:00:00","Midlands",3.611
"2022-04-02 12:00:00","North East and Yorkshire",3.987
"2022-04-02 12:00:00","East of England",6.23
"2022-04-02 12:00:00","North West",1.258
"2022-04-03 12:00:00","London",6.41
"2022-04-03 12:00:00","South East",4.976
"2022-04-03 12:00:00","South West",6.774
"2022-04-03 12:00:00","Midlands",5.938
"2022-04-03 12:00:00","North East and Yorkshire",5.928
"2022-04-03 12:00:00","East of England",4.2
"2022-04-03 12:00:00","North West",6.807
"2022-04-04 12:00:00","London",9.314
"2022-04-04 12:00:00","South East",7.572
"2022-04-04 12:00:00","South West",8.628
"2022-04-04 12:00:00","Midlands",8.527
"2022-04-04 12:00:00","North East and Yorkshire",8.659
"2022-04-04 12:00:00","East of England",7.365
"2022-04-04 12:00:00","North West",7.998
"2022-04-05 12:00:00","London",-0.498
"2022-04-05 12:00:00","South East",-1.439
"2022-04-05 12:00:00","South West",-1.09
"2022-04-05 12:00:00","Midlands",-1.397
"2022-04-05 12:00:00","North East and Yorkshire",-1.403
"2022-04-05 12:00:00","East of England",-1.125
"2022-04-05 12:00:00","North West",-0.421
"2022-04-06 12:00:00","London",-2.189
"2022-04-06 12:00:00","South East",-2.836
"2022-04-06 12:00:00","South West",-1.744
"2022-04-06 12:00:00","Midlands",-2.704
"2022-04-06 12:00:00","North East and Yorkshire",-2.397
"2022-04-06 12:00:00","East of England",-2.212
"2022-04-06 12:00:00","North West",-2.052
"2022-04-07 12:00:00","London",2.676
"2022-04-07 12:00:00","South East",1.229
"2022-04-07 12:00:00","South West",1.188
"2022-04-07 12:00:00","Midlands",2.294
"2022-04-07 12:00:00","North East and Yorkshire",1.957
"2022-04-07 12:00:00","East of England",1.736
"2022-04-07 12:00:00","North West",3.188
"2022-04-08 12:00:00","London",4.503
"2022-04-08 12:00:00","South East",2.668
"2022-04-08 12:00:00","South West",2.466
"2022-04-08 12:00:00","Midlands",4.212
"2022-04-08 12:00:00","North East and Yorkshire",3.148
"2022-04-08 12:00:00","East of England",4.265
"2022-04-08 12:00:00","North West",3.828
"2022-04-09 12:00:00","London",5.782
"2022-04-09 12:00:00","South East",4.256
"2022-04-09 12:00:00","South West",2.855
"2022-04-09 12:00:00","Midlands",-0.204
"2022-04-09 12:00:00","North East and Yorkshire",-1.521
"2022-04-09 12:00:00","East of England",4.044
"2022-04-09 12:00:00","North West",-1.074
"2022-04-10 12:00:00","London",0.774
"2022-04-10 12:00:00","South East",-0.104
"2022-04-10 12:00:00","South West",0.202
"2022-04-10 12:00:00","Midlands",-0.792
"2022-04-10 12:00:00","North East and Yorkshire",-1.386
"2022-04-10 12:00:00","East of England",-0.765
"2022-04-10 12:00:00","North West",-0.967
"2022-04-11 12:00:00","London",-1.216
"2022-04-11 12:00:00","South East",-1.807
"2022-04-11 12:00:00","South West",-0.539
"2022-04-11 12:00:00","Midlands",-1.282
"2022-04-11 12:00:00","North East and Yorkshire",-3.004
"2022-04-11 12:00:00","East of England",-1.948
"2022-04-11 12:00:00","North West",-2.036
"2022-04-12 12:00:00","London",3.071
"2022-04-12 12:00:00","South East",0.955
"2022-04-12 12:00:00","South West",1.902
"2022-04-12 12:00:00","Midlands",2.491
"2022-04-12 12:00:00","North East and Yorkshire",2.072
"2022-04-12 12:00:00","East of England",1.35
"2022-04-12 12:00:00","North West",3.49
"2022-04-13 12:00:00","London",5.524
"2022-04-13 12:00:00","South East",3.42
"2022-04-13 12:00:00","South West",5.038
"2022-04-13 12:00:00","Midlands",6.341
"2022-04-13 12:00:00","North East and Yorkshire",6.291
"2022-04-13 12:00:00","East of England",3.536
"2022-04-13 12:00:00","North West",6.096
"2022-04-14 12:00:00","London",2.142
"2022-04-14 12:00:00","South East",0.512
"2022-04-14 12:00:00","South West",1.773
"2022-04-14 12:00:00","Midlands",-1.279
"2022-04-14 12:00:00","North East and Yorkshire",-1.448
"2022-04-14 12:00:00","East of England",-0.44
"2022-04-14 12:00:00","North West",-0.343
"2022-04-15 12:00:00","London",1.571
"2022-04-15 12:00:00","South East",0.348
"2022-04-15 12:00:00","South West",2.113
"2022-04-15 12:00:00","Midlands",0.158
"2022-04-15 12:00:00","North East and Yorkshire",0.943
"2022-04-15 12:00:00","East of England",-0.99
"2022-04-15 12:00:00","North West",1.373
"2022-04-16 12:00:00","London",3.272
"2022-04-16 12:00:00","South East",2.581
"2022-04-16 12:00:00","South West",3.845
"2022-04-16 12:00:00","Midlands",1.888
"2022-04-16 12:00:00","North East and Yorkshire",3.514
"2022-04-16 12:00:00","East of England",1.016
"2022-04-16 12:00:00","North West",3.658
"2022-04-17 12:00:00","London",4.666
"2022-04-17 12:00:00","South East",3.116
"2022-04-17 12:00:00","South West",3.396
"2022-04-17 12:00:00","Midlands",2.239
"2022-04-17 12:00:00","North East and Yorkshire",1.095
"2022-04-17 12:00:00","East of England",2.712
"2022-04-17 12:00:00","North West",3.015
"2022-04-18 12:00:00","London",4.67
"2022-04-18 12:00:00","South East",2.09
"2022-04-18 12:00:00","South West",1.843
"2022-04-18 12:00:00","Midlands",1.372
"2022-04-18 12:00:00","North East and Yorkshire",0.501
"2022-04-18 12:00:00","East of England",3.724
"2022-04-18 12:00:00","North West",1.108
"2022-04-19 12:00:00","London",-0.56
"2022-04-19 12:00:00","South East",-1.557
"2022-04-19 12:00:00","South West",-0.03
"2022-04-19 12:00:00","Midlands",-1.793
"2022-04-19 12:00:00","North East and Yorkshire",-0.875
"2022-04-19 12:00:00","East of England",-1.624
"2022-04-19 12:00:00","North West",0.296
"2022-04-20 12:00:00","London",2.337
"2022-04-20 12:00:00","South East",1.221
"2022-04-20 12:00:00","South West",3.909
"2022-04-20 12:00:00","Midlands",4.998
"2022-04-20 12:00:00","North East and Yorkshire",4.935
"2022-04-20 12:00:00","East of England",0.973
"2022-04-20 12:00:00","North West",5.562
"2022-04-21 12:00:00","London",8.131
"2022-04-21 12:00:00","South East",7.094
"2022-04-21 12:00:00","South West",7.091
"2022-04-21 12:00:00","Midlands",7.395
"2022-04-21 12:00:00","North East and Yorkshire",7.454
"2022-04-21 12:00:00","East of England",7.222
"2022-04-21 12:00:00","North West",7.335
"2022-04-22 12:00:00","London",4.043
"2022-04-22 12:00:00","South East",2.225
"2022-04-22 12:00:00","South West",1.004
"2022-04-22 12:00:00","Midlands",1.94
"2022-04-22 12:00:00","North East and Yorkshire",2.222
"2022-04-22 12:00:00","East of England",3.767
"2022-04-22 12:00:00","North West",1.299
"2022-04-23 12:00:00","London",2.12
"2022-04-23 12:00:00","South East",0.815
"2022-04-23 12:00:00","South West",1.405
"2022-04-23 12:00:00","Midlands",0.911
"2022-04-23 12:00:00","North East and Yorkshire",2.787
"2022-04-23 12:00:00","East of England",1.215
"2022-04-23 12:00:00","North West",1.472
"2022-04-24 12:00:00","London",5.599
"2022-04-24 12:00:00","South East",3.745
"2022-04-24 12:00:00","South West",4.492
"2022-04-24 12:00:00","Midlands",3.876
"2022-04-24 12:00:00","North East and Yorkshire",4.212
"2022-04-24 12:00:00","East of England",4.741
"2022-04-24 12:00:00","North West",4.396
"2022-04-25 12:00:00","London",9.482
"2022-04-25 12:00:00","South East",7.902
"2022-04-25 12:00:00","South West",8.478
"2022-04-25 12:00:00","Midlands",7.539
"2022-04-25 12:00:00","North East and Yorkshire",6.612
"2022-04-25 12:00:00","East of England",8.482
"2022-04-25 12:00:00","North West",7.727
"2022-04-26 12:00:00","London",1.012
"2022-04-26 12:00:00","South East",-0.107
"2022-04-26 12:00:00","South West",0.118
"2022-04-26 12:00:00","Midlands",-0.487
"2022-04-26 12:00:00","North East and Yorkshire",1.1
"2022-04-26 12:00:00","East of England",-0.25
"2022-04-26 12:00:00","North West",0.847
"2022-04-27 12:00:00","London",5.742
"2022-04-27 12:00:00","South East",3.958
"2022-04-27 12:00:00","South West",3.273
"2022-04-27 12:00:00","Midlands",3.24
"2022-04-27 12:00:00","North East and Yorkshire",3.203
"2022-04-27 12:00:00","East of England",3.732
"2022-04-27 12:00:00","North West",4.168
"2022-04-28 12:00:00","London",2.903
"2022-04-28 12:00:00","South East",1.184
"2022-04-28 12:00:00","South West",1.3
"2022-04-28 12:00:00","Midlands",-0.385
"2022-04-28 12:00:00","North East and Yorkshire",-0.41
"2022-04-28 12:00:00","East of England",1.222
"2022-04-28 12:00:00","North West",-0.856
"2022-04-29 12:00:00","London",1.57
"2022-04-29 12:00:00","South East",0.681
"2022-04-29 12:00:00","South West",2.053
"2022-04-29 12:00:00","Midlands",2.863
"2022-04-29 12:00:00","North East and Yorkshire",4.219
"2022-04-29 12:00:00","East of England",0.411
"2022-04-29 12:00:00","North West",2.903
"2022-04-30 12:00:00","London",5.597
"2022-04-30 12:00:00","South East",4.02
"2022-04-30 12:00:00","South West",4.979
"2022-04-30 12:00:00","Midlands",4.543
"2022-04-30 12:00:00","North East and Yorkshire",6.291
"2022-04-30 12:00:00","East of England",4.466
"2022-04-30 12:00:00","North West",5.427
"2022-05-01 12:00:00","London",6.098
"2022-05-01 12:00:00","South East",5.207
"2022-05-01 12:00:00","South West",5.425
"2022-05-01 12:00:00","Midlands",6.052
"2022-05-01 12:00:00","North East and Yorkshire",9.315
"2022-05-01 12:00:00","East of England",5.033
"2022-05-01 12:00:00","North West",8.247
"2022-05-02 12:00:00","London",9.79
"2022-05-02 12:00:00","South East",8.077
"2022-05-02 12:00:00","South West",7.143
"2022-05-02 12:00:00","Midlands",8.745
"2022-05-02 12:00:00","North East and Yorkshire",10.404
"2022-05-02 12:00:00","East of England",9.213
"2022-05-02 12:00:00","North West",9.114
"2022-05-03 12:00:00","London",3.071
"2022-05-03 12:00:00","South East",0.955
"2022-05-03 12:00:00","South West",1.902
"2022-05-03 12:00:00","Midlands",2.491
"2022-05-03 12:00:00","North East and Yorkshire",2.072
"2022-05-03 12:00:00","East of England",1.35
"2022-05-03 12:00:00","North West",3.49
"2022-05-04 12:00:00","London",5.524
"2022-05-04 12:00:00","South East",3.42
"2022-05-04 12:00:00","South West",5.038
"2022-05-04 12:00:00","Midlands",6.341
"2022-05-04 12:00:00","North East and Yorkshire",6.291
"2022-05-04 12:00:00","East of England",3.536
"2022-05-04 12:00:00","North West",6.096
"2022-05-05 12:00:00","London",2.142
"2022-05-05 12:00:00","South East",0.512
"2022-05-05 12:00:00","South West",1.773
"2022-05-05 12:00:00","Midlands",-1.279
"2022-05-05 12:00:00","North East and Yorkshire",-1.448
"2022-05-05 12:00:00","East of England",-0.44
"2022-05-05 12:00:00","North West",-0.343
"2022-05-06 12:00:00","London",1.571
"2022-05-06 12:00:00","South East",0.348
"2022-05-06 12:00:00","South West",2.113
"2022-05-06 12:00:00","Midlands",0.158
"2022-05-06 12:00:00","North East and Yorkshire",0.943
"2022-05-06 12:00:00","East of England",-0.99
"2022-05-06 12:00:00","North West",1.373
"2022-05-07 12:00:00","London",3.272
"2022-05-07 12:00:00","South East",2.581
"2022-05-07 12:00:00","South West",3.845
"2022-05-07 12:00:00","Midlands",1.888
"2022-05-07 12:00:00","North East and Yorkshire",3.514
"2022-05-07 12:00:00","East of England",1.016
"2022-05-07 12:00:00","North West",3.658
"2022-05-08 12:00:00","London",4.666
"2022-05-08 12:00:00","South East",3.116
"2022-05-08 12:00:00","South West",3.396
"2022-05-08 12:00:00","Midlands",2.239
"2022-05-08 12:00:00","North East and Yorkshire",1.095
"2022-05-08 12:00:00","East of England",2.712
"2022-05-08 12:00:00","North West",3.015
"2022-05-09 12:00:00","London",4.67
"2022-05-09 12:00:00","South East",2.09
"2022-05-09 12:00:00","South West",1.843
"2022-05-09 12:00:00","Midlands",1.372
"2022-05-09 12:00:00","North East and Yorkshire",0.501
"2022-05-09 12:00:00","East of England",3.724
"2022-05-09 12:00:00","North West",1.108
"2022-05-10 12:00:00","London",7.898
"2022-05-10 12:00:00","South East",7.028
"2022-05-10 12:00:00","South West",6.859
"2022-05-10 12:00:00","Midlands",5.627
"2022-05-10 12:00:00","North East and Yorkshire",4.617
"2022-05-10 12:00:00","East of England",6.836
"2022-05-10 12:00:00","North West",5.059
"2022-05-11 12:00:00","London",3.432
"2022-05-11 12:00:00","South East",2.309
"2022-05-11 12:00:00","South West",2.783
"2022-05-11 12:00:00","Midlands",1.765
"2022-05-11 12:00:00","North East and Yorkshire",1.445
"2022-05-11 12:00:00","East of England",2.645
"2022-05-11 12:00:00","North West",1.226
"2022-05-12 12:00:00","London",1.177
"2022-05-12 12:00:00","South East",0.142
"2022-05-12 12:00:00","South West",1.387
"2022-05-12 12:00:00","Midlands",1.613
"2022-05-12 12:00:00","North East and Yorkshire",-0.067
"2022-05-12 12:00:00","East of England",0.606
"2022-05-12 12:00:00","North West",1.327
"2022-05-13 12:00:00","London",3.354
"2022-05-13 12:00:00","South East",1.91
"2022-05-13 12:00:00","South West",0.96
"2022-05-13 12:00:00","Midlands",1.773
"2022-05-13 12:00:00","North East and Yorkshire",1.777
"2022-05-13 12:00:00","East of England",1.929
"2022-05-13 12:00:00","North West",2.665
"2022-05-14 12:00:00","London",6.434
"2022-05-14 12:00:00","South East",5.451
"2022-05-14 12:00:00","South West",6.545
"2022-05-14 12:00:00","Midlands",4.271
"2022-05-14 12:00:00","North East and Yorkshire",1.729
"2022-05-14 12:00:00","East of England",4.867
"2022-05-14 12:00:00","North West",2.92
"2022-05-15 12:00:00","London",10.764
"2022-05-15 12:00:00","South East",10.159
"2022-05-15 12:00:00","South West",10.232
"2022-05-15 12:00:00","Midlands",7.683
"2022-05-15 12:00:00","North East and Yorkshire",4.72
"2022-05-15 12:00:00","East of England",8.619
"2022-05-15 12:00:00","North West",6.178
"2022-05-16 12:00:00","London",10.146
"2022-05-16 12:00:00","South East",8.96
"2022-05-16 12:00:00","South West",8.762
"2022-05-16 12:00:00","Midlands",8.74
"2022-05-16 12:00:00","North East and Yorkshire",8.256
"2022-05-16 12:00:00","East of England",9.747
"2022-05-16 12:00:00","North West",8.078
"2022-05-17 12:00:00","London",8.623
"2022-05-17 12:00:00","South East",8.008
"2022-05-17 12:00:00","South West",7.687
"2022-05-17 12:00:00","Midlands",7.625
"2022-05-17 12:00:00","North East and Yorkshire",4.769
"2022-05-17 12:00:00","East of England",4.98
"2022-05-17 12:00:00","North West",8.058
"2022-05-18 12:00:00","London",12.236
"2022-05-18 12:00:00","South East",10.313
"2022-05-18 12:00:00","South West",9.928
"2022-05-18 12:00:00","Midlands",9.855
"2022-05-18 12:00:00","North East and Yorkshire",9.144
"2022-05-18 12:00:00","East of England",10.047
"2022-05-18 12:00:00","North West",9.166
"2022-05-19 12:00:00","London",10.755
"2022-05-19 12:00:00","South East",9.771
"2022-05-19 12:00:00","South West",9.624
"2022-05-19 12:00:00","Midlands",10.022
"2022-05-19 12:00:00","North East and Yorkshire",9.49
"2022-05-19 12:00:00","East of England",9.814
"2022-05-19 12:00:00","North West",9.761
"2022-05-20 12:00:00","London",13.522
"2022-05-20 12:00:00","South East",11.804
"2022-05-20 12:00:00","South West",11.37
"2022-05-20 12:00:00","Midlands",10.912
"2022-05-20 12:00:00","North East and Yorkshire",10.18
"2022-05-20 12:00:00","East of England",12.248
"2022-05-20 12:00:00","North West",10.133
"2022-05-21 12:00:00","London",12.302
"2022-05-21 12:00:00","South East",10.514
"2022-05-21 12:00:00","South West",9.674
"2022-05-21 12:00:00","Midlands",12.401
"2022-05-21 12:00:00","North East and Yorkshire",11.35
"2022-05-21 12:00:00","East of England",11.886
"2022-05-21 12:00:00","North West",11.714
"2022-05-22 12:00:00","London",12.184
"2022-05-22 12:00:00","South East",10.219
"2022-05-22 12:00:00","South West",10.139
"2022-05-22 12:00:00","Midlands",11.294
"2022-05-22 12:00:00","North East and Yorkshire",11.48
"2022-05-22 12:00:00","East of England",10.761
"2022-05-22 12:00:00","North West",11.314
"2022-05-23 12:00:00","London",10.703
"2022-05-23 12:00:00","South East",9.138
"2022-05-23 12:00:00","South West",9.012
"2022-05-23 12:00:00","Midlands",11.5
"2022-05-23 12:00:00","North East and Yorkshire",12.231
"2022-05-23 12:00:00","East of England",10.772
"2022-05-23 12:00:00","North West",11.413
"2022-05-24 12:00:00","London",9.639
"2022-05-24 12:00:00","South East",8.182
"2022-05-24 12:00:00","South West",8.275
"2022-05-24 12:00:00","Midlands",8.949
"2022-05-24 12:00:00","North East and Yorkshire",9.281
"2022-05-24 12:00:00","East of England",9.668
"2022-05-24 12:00:00","North West",8.846
"2022-05-25 12:00:00","London",11.089
"2022-05-25 12:00:00","South East",9.548
"2022-05-25 12:00:00","South West",8.613
"2022-05-25 12:00:00","Midlands",8.349
"2022-05-25 12:00:00","North East and Yorkshire",8.714
"2022-05-25 12:00:00","East of England",10.199
"2022-05-25 12:00:00","North West",8.028
"2022-05-26 12:00:00","London",11.151
"2022-05-26 12:00:00","South East",9.746
"2022-05-26 12:00:00","South West",9.637
"2022-05-26 12:00:00","Midlands",9.69
"2022-05-26 12:00:00","North East and Yorkshire",9.254
"2022-05-26 12:00:00","East of England",10.443
"2022-05-26 12:00:00","North West",9.2
"2022-05-27 12:00:00","London",11.961
"2022-05-27 12:00:00","South East",10.757
"2022-05-27 12:00:00","South West",10.293
"2022-05-27 12:00:00","Midlands",9.302
"2022-05-27 12:00:00","North East and Yorkshire",8.014
"2022-05-27 12:00:00","East of England",11.011
"2022-05-27 12:00:00","North West",7.992
"2022-05-28 12:00:00","London",10.824
"2022-05-28 12:00:00","South East",9.502
"2022-05-28 12:00:00","South West",9.827
"2022-05-28 12:00:00","Midlands",8.761
"2022-05-28 12:00:00","North East and Yorkshire",9.185
"2022-05-28 12:00:00","East of England",9.75
"2022-05-28 12:00:00","North West",9.296
"2022-05-29 12:00:00","London",8.909
"2022-05-29 12:00:00","South East",8.143
"2022-05-29 12:00:00","South West",8.853
"2022-05-29 12:00:00","Midlands",7.658
"2022-05-29 12:00:00","North East and Yorkshire",6.617
"2022-05-29 12:00:00","East of England",8.419
"2022-05-29 12:00:00","North West",7.106
"2022-05-30 12:00:00","London",11.441
"2022-05-30 12:00:00","South East",10.453
"2022-05-30 12:00:00","South West",12.064
"2022-05-30 12:00:00","Midlands",12.141
"2022-05-30 12:00:00","North East and Yorkshire",11.693
"2022-05-30 12:00:00","East of England",10.916
"2022-05-30 12:00:00","North West",10.719
"2022-05-31 12:00:00","London",12.988
"2022-05-31 12:00:00","South East",10.999
"2022-05-31 12:00:00","South West",11.564
"2022-05-31 12:00:00","Midlands",14.194
"2022-05-31 12:00:00","North East and Yorkshire",15.426
"2022-05-31 12:00:00","East of England",12.482
"2022-05-31 12:00:00","North West",13.019
"2022-06-01 12:00:00","London",14.768
"2022-06-01 12:00:00","South East",12.878
"2022-06-01 12:00:00","South West",13.325
"2022-06-01 12:00:00","Midlands",13.832
"2022-06-01 12:00:00","North East and Yorkshire",14.058
"2022-06-01 12:00:00","East of England",12.658
"2022-06-01 12:00:00","North West",13.885
"2022-06-02 12:00:00","London",16.038
"2022-06-02 12:00:00","South East",13.369
"2022-06-02 12:00:00","South West",13.473
"2022-06-02 12:00:00","Midlands",15.154
"2022-06-02 12:00:00","North East and Yorkshire",14.851
"2022-06-02 12:00:00","East of England",15.396
"2022-06-02 12:00:00","North West",13.301
"2022-06-03 12:00:00","London",11.804
"2022-06-03 12:00:00","South East",10.209
"2022-06-03 12:00:00","South West",10.794
"2022-06-03 12:00:00","Midlands",12.116
"2022-06-03 12:00:00","North East and Yorkshire",12.051
"2022-06-03 12:00:00","East of England",11.051
"2022-06-03 12:00:00","North West",11.519
"2022-06-04 12:00:00","London",9.473
"2022-06-04 12:00:00","South East",7.654
"2022-06-04 12:00:00","South West",7.424
"2022-06-04 12:00:00","Midlands",8.904
"2022-06-04 12:00:00","North East and Yorkshire",10.43
"2022-06-04 12:00:00","East of England",8.696
"2022-06-04 12:00:00","North West",10.35
"2022-06-05 12:00:00","London",13.942
"2022-06-05 12:00:00","South East",11.526
"2022-06-05 12:00:00","South West",12.178
"2022-06-05 12:00:00","Midlands",10.904
"2022-06-05 12:00:00","North East and Yorkshire",8.81
"2022-06-05 12:00:00","East of England",12.456
"2022-06-05 12:00:00","North West",8.672
"2022-06-06 12:00:00","London",13.265
"2022-06-06 12:00:00","South East",11.739
"2022-06-06 12:00:00","South West",10.74
"2022-06-06 12:00:00","Midlands",8.993
"2022-06-06 12:00:00","North East and Yorkshire",10.086
"2022-06-06 12:00:00","East of England",11.9
"2022-06-06 12:00:00","North West",8.965
"2022-06-07 12:00:00","London",13.637
"2022-06-07 12:00:00","South East",11.833
"2022-06-07 12:00:00","South West",10.856
"2022-06-07 12:00:00","Midlands",13.101
"2022-06-07 12:00:00","North East and Yorkshire",12.659
"2022-06-07 12:00:00","East of England",12.93
"2022-06-07 12:00:00","North West",12.748
"2022-06-08 12:00:00","London",12.815
"2022-06-08 12:00:00","South East",11.05
"2022-06-08 12:00:00","South West",10.762
"2022-06-08 12:00:00","Midlands",12.321
"2022-06-08 12:00:00","North East and Yorkshire",11.507
"2022-06-08 12:00:00","East of England",12.105
"2022-06-08 12:00:00","North West",11.753
"2022-06-09 12:00:00","London",9.93
"2022-06-09 12:00:00","South East",7.646
"2022-06-09 12:00:00","South West",7.958
"2022-06-09 12:00:00","Midlands",9.371
"2022-06-09 12:00:00","North East and Yorkshire",10.742
"2022-06-09 12:00:00","East of England",9.701
"2022-06-09 12:00:00","North West",9.64
"2022-06-10 12:00:00","London",8.989
"2022-06-10 12:00:00","South East",7.808
"2022-06-10 12:00:00","South West",7.555
"2022-06-10 12:00:00","Midlands",10.098
"2022-06-10 12:00:00","North East and Yorkshire",11.154
"2022-06-10 12:00:00","East of England",9.341
"2022-06-10 12:00:00","North West",11.618
"2022-06-11 12:00:00","London",11.342
"2022-06-11 12:00:00","South East",9.621
"2022-06-11 12:00:00","South West",9.254
"2022-06-11 12:00:00","Midlands",11.587
"2022-06-11 12:00:00","North East and Yorkshire",10.245
"2022-06-11 12:00:00","East of England",10.382
"2022-06-11 12:00:00","North West",9.916
"2022-06-12 12:00:00","London",9.046
"2022-06-12 12:00:00","South East",7.804
"2022-06-12 12:00:00","South West",9.261
"2022-06-12 12:00:00","Midlands",8.794
"2022-06-12 12:00:00","North East and Yorkshire",8.602
"2022-06-12 12:00:00","East of England",9.005
"2022-06-12 12:00:00","North West",8.092
"2022-06-13 12:00:00","London",9.383
"2022-06-13 12:00:00","South East",8.381
"2022-06-13 12:00:00","South West",8.675
"2022-06-13 12:00:00","Midlands",8.985
"2022-06-13 12:00:00","North East and Yorkshire",10.398
"2022-06-13 12:00:00","East of England",8.691
"2022-06-13 12:00:00","North West",9.555
"2022-06-14 12:00:00","London",11.502
"2022-06-14 12:00:00","South East",9.372
"2022-06-14 12:00:00","South West",8.309
"2022-06-14 12:00:00","Midlands",8.841
"2022-06-14 12:00:00","North East and Yorkshire",7.448
"2022-06-14 12:00:00","East of England",10.677
"2022-06-14 12:00:00","North West",8.389
"2022-06-15 12:00:00","London",12.47
"2022-06-15 12:00:00","South East",11.21
"2022-06-15 12:00:00","South West",11.36
"2022-06-15 12:00:00","Midlands",11.61
"2022-06-15 12:00:00","North East and Yorkshire",11.343
"2022-06-15 12:00:00","East of England",12.081
"2022-06-15 12:00:00","North West",11.417
"2022-06-16 12:00:00","London",11.827
"2022-06-16 12:00:00","South East",10.686
"2022-06-16 12:00:00","South West",10.434
"2022-06-16 12:00:00","Midlands",10.465
"2022-06-16 12:00:00","North East and Yorkshire",10.999
"2022-06-16 12:00:00","East of England",11.489
"2022-06-16 12:00:00","North West",9.531
"2022-06-17 12:00:00","London",8.111
"2022-06-17 12:00:00","South East",6.655
"2022-06-17 12:00:00","South West",8.3
"2022-06-17 12:00:00","Midlands",9.394
"2022-06-17 12:00:00","North East and Yorkshire",10.594
"2022-06-17 12:00:00","East of England",7.742
"2022-06-17 12:00:00","North West",9.307
"2022-06-18 12:00:00","London",7.861
"2022-06-18 12:00:00","South East",6.498
"2022-06-18 12:00:00","South West",6.26
"2022-06-18 12:00:00","Midlands",6.665
"2022-06-18 12:00:00","North East and Yorkshire",7.971
"2022-06-18 12:00:00","East of England",7.522
"2022-06-18 12:00:00","North West",7.39
"2022-06-19 12:00:00","London",12.078
"2022-06-19 12:00:00","South East",10.832
"2022-06-19 12:00:00","South West",10.529
"2022-06-19 12:00:00","Midlands",10.824
"2022-06-19 12:00:00","North East and Yorkshire",11.471
"2022-06-19 12:00:00","East of England",10.493
"2022-06-19 12:00:00","North West",10.506
"2022-06-20 12:00:00","London",10.541
"2022-06-20 12:00:00","South East",9.152
"2022-06-20 12:00:00","South West",8.336
"2022-06-20 12:00:00","Midlands",8.902
"2022-06-20 12:00:00","North East and Yorkshire",9.485
"2022-06-20 12:00:00","East of England",9.847
"2022-06-20 12:00:00","North West",9.523
"2022-06-21 12:00:00","London",10.495
"2022-06-21 12:00:00","South East",8.409
"2022-06-21 12:00:00","South West",9.869
"2022-06-21 12:00:00","Midlands",11.749
"2022-06-21 12:00:00","North East and Yorkshire",10.784
"2022-06-21 12:00:00","East of England",8.799
"2022-06-21 12:00:00","North West",12.253
"2022-06-22 12:00:00","London",12.607
"2022-06-22 12:00:00","South East",9.961
"2022-06-22 12:00:00","South West",10.873
"2022-06-22 12:00:00","Midlands",12.913
"2022-06-22 12:00:00","North East and Yorkshire",12.477
"2022-06-22 12:00:00","East of England",12.525
"2022-06-22 12:00:00","North West",10.978
"2022-06-23 12:00:00","London",15.08
"2022-06-23 12:00:00","South East",13.288
"2022-06-23 12:00:00","South West",14.201
"2022-06-23 12:00:00","Midlands",14.127
"2022-06-23 12:00:00","North East and Yorkshire",13.388
"2022-06-23 12:00:00","East of England",14.34
"2022-06-23 12:00:00","North West",12.534
"2022-06-24 12:00:00","London",11.528
"2022-06-24 12:00:00","South East",9.691
"2022-06-24 12:00:00","South West",11.533
"2022-06-24 12:00:00","Midlands",10.845
"2022-06-24 12:00:00","North East and Yorkshire",11.6
"2022-06-24 12:00:00","East of England",10.353
"2022-06-24 12:00:00","North West",12.002
"2022-06-25 12:00:00","London",15.392
"2022-06-25 12:00:00","South East",14.192
"2022-06-25 12:00:00","South West",14.244
"2022-06-25 12:00:00","Midlands",14.19
"2022-06-25 12:00:00","North East and Yorkshire",14.244
"2022-06-25 12:00:00","East of England",15.064
"2022-06-25 12:00:00","North West",13.094
"2022-06-26 12:00:00","London",12.539
"2022-06-26 12:00:00","South East",10.48
"2022-06-26 12:00:00","South West",11.327
"2022-06-26 12:00:00","Midlands",12.021
"2022-06-26 12:00:00","North East and Yorkshire",11.142
"2022-06-26 12:00:00","East of England",11.161
"2022-06-26 12:00:00","North West",12.392
"2022-06-27 12:00:00","London",15.92
"2022-06-27 12:00:00","South East",14.031
"2022-06-27 12:00:00","South West",15.621
"2022-06-27 12:00:00","Midlands",16.887
"2022-06-27 12:00:00","North East and Yorkshire",16.002
"2022-06-27 12:00:00","East of England",14.976
"2022-06-27 12:00:00","North West",15.262
"2022-06-28 12:00:00","London",17.802
"2022-06-28 12:00:00","South East",14.49
"2022-06-28 12:00:00","South West",14.949
"2022-06-28 12:00:00","Midlands",18.584
"2022-06-28 12:00:00","North East and Yorkshire",18.135
"2022-06-28 12:00:00","East of England",16.532
"2022-06-28 12:00:00","North West",16.504
"2022-06-29 12:00:00","London",19.757
"2022-06-29 12:00:00","South East",16.491
"2022-06-29 12:00:00","South West",14.614
"2022-06-29 12:00:00","Midlands",14.769
"2022-06-29 12:00:00","North East and Yorkshire",13.479
"2022-06-29 12:00:00","East of England",16.231
"2022-06-29 12:00:00","North West",13.076
"2022-06-30 12:00:00","London",15.011
"2022-06-30 12:00:00","South East",12.045
"2022-06-30 12:00:00","South West",9.993
"2022-06-30 12:00:00","Midlands",9.64
"2022-06-30 12:00:00","North East and Yorkshire",11.708
"2022-06-30 12:00:00","East of England",11.721
"2022-06-30 12:00:00","North West",9.797
"2022-07-01 12:00:00","London",11.823
"2022-07-01 12:00:00","South East",9.229
"2022-07-01 12:00:00","South West",9.212
"2022-07-01 12:00:00","Midlands",9.658
"2022-07-01 12:00:00","North East and Yorkshire",11.766
"2022-07-01 12:00:00","East of England",9.829
"2022-07-01 12:00:00","North West",10.678
"2022-07-02 12:00:00","London",13.172
"2022-07-02 12:00:00","South East",10.312
"2022-07-02 12:00:00","South West",10.031
"2022-07-02 12:00:00","Midlands",9.903
"2022-07-02 12:00:00","North East and Yorkshire",9.634
"2022-07-02 12:00:00","East of England",10.655
"2022-07-02 12:00:00","North West",9.262
"2022-07-03 12:00:00","London",13.745
"2022-07-03 12:00:00","South East",11.762
"2022-07-03 12:00:00","South West",12.513
"2022-07-03 12:00:00","Midlands",13.983
"2022-07-03 12:00:00","North East and Yorkshire",12.792
"2022-07-03 12:00:00","East of England",13.09
"2022-07-03 12:00:00","North West",12.131
"2022-07-04 12:00:00","London",15.966
"2022-07-04 12:00:00","South East",13.596
"2022-07-04 12:00:00","South West",13.261
"2022-07-04 12:00:00","Midlands",15.286
"2022-07-04 12:00:00","North East and Yorkshire",17.624
"2022-07-04 12:00:00","East of England",14.08
"2022-07-04 12:00:00","North West",14.693
"2022-07-05 12:00:00","London",10.52
"2022-07-05 12:00:00","South East",8.611
"2022-07-05 12:00:00","South West",9.653
"2022-07-05 12:00:00","Midlands",10.434
"2022-07-05 12:00:00","North East and Yorkshire",10.125
"2022-07-05 12:00:00","East of England",9.377
"2022-07-05 12:00:00","North West",9.175
"2022-07-06 12:00:00","London",13.488
"2022-07-06 12:00:00","South East",12.206
"2022-07-06 12:00:00","South West",12.304
"2022-07-06 12:00:00","Midlands",12.804
"2022-07-06 12:00:00","North East and Yorkshire",11.244
"2022-07-06 12:00:00","East of England",12.554
"2022-07-06 12:00:00","North West",10.658
"2022-07-07 12:00:00","London",12.771
"2022-07-07 12:00:00","South East",10.171
"2022-07-07 12:00:00","South West",8.551
"2022-07-07 12:00:00","Midlands",8.616
"2022-07-07 12:00:00","North East and Yorkshire",8.594
"2022-07-07 12:00:00","East of England",12.572
"2022-07-07 12:00:00","North West",8.565
"2022-07-08 12:00:00","London",9.002
"2022-07-08 12:00:00","South East",7.493
"2022-07-08 12:00:00","South West",7.657
"2022-07-08 12:00:00","Midlands",7.089
"2022-07-08 12:00:00","North East and Yorkshire",7.86
"2022-07-08 12:00:00","East of England",8.467
"2022-07-08 12:00:00","North West",8.532
"2022-07-09 12:00:00","London",9.69
"2022-07-09 12:00:00","South East",7.104
"2022-07-09 12:00:00","South West",5.928
"2022-07-09 12:00:00","Midlands",7.488
"2022-07-09 12:00:00","North East and Yorkshire",6.353
"2022-07-09 12:00:00","East of England",9.708
"2022-07-09 12:00:00","North West",5.86
"2022-07-10 12:00:00","London",11.479
"2022-07-10 12:00:00","South East",9.852
"2022-07-10 12:00:00","South West",11.54
"2022-07-10 12:00:00","Midlands",10.721
"2022-07-10 12:00:00","North East and Yorkshire",10.644
"2022-07-10 12:00:00","East of England",9.47
"2022-07-10 12:00:00","North West",11.603
"2022-07-11 12:00:00","London",16.193
"2022-07-11 12:00:00","South East",14.398
"2022-07-11 12:00:00","South West",13.337
"2022-07-11 12:00:00","Midlands",13.804
"2022-07-11 12:00:00","North East and Yorkshire",13.157
"2022-07-11 12:00:00","East of England",15.328
"2022-07-11 12:00:00","North West",12.719
"2022-07-12 12:00:00","London",12.578
"2022-07-12 12:00:00","South East",11.253
"2022-07-12 12:00:00","South West",11.376
"2022-07-12 12:00:00","Midlands",12.087
"2022-07-12 12:00:00","North East and Yorkshire",11.719
"2022-07-12 12:00:00","East of England",12.394
"2022-07-12 12:00:00","North West",10.908
"2022-07-13 12:00:00","London",13.907
"2022-07-13 12:00:00","South East",12.429
"2022-07-13 12:00:00","South West",12.368
"2022-07-13 12:00:00","Midlands",12.968
"2022-07-13 12:00:00","North East and Yorkshire",11.976
"2022-07-13 12:00:00","East of England",13.79
"2022-07-13 12:00:00","North West",11.354
"2022-07-14 12:00:00","London",11.787
"2022-07-14 12:00:00","South East",10.163
"2022-07-14 12:00:00","South West",10.783
"2022-07-14 12:00:00","Midlands",11.013
"2022-07-14 12:00:00","North East and Yorkshire",10.062
"2022-07-14 12:00:00","East of England",11.076
"2022-07-14 12:00:00","North West",10.982
"2022-07-15 12:00:00","London",11.712
"2022-07-15 12:00:00","South East",10.079
"2022-07-15 12:00:00","South West",9.841
"2022-07-15 12:00:00","Midlands",10.585
"2022-07-15 12:00:00","North East and Yorkshire",10.708
"2022-07-15 12:00:00","East of England",10.627
"2022-07-15 12:00:00","North West",10.541
"2022-07-16 12:00:00","London",14.352
"2022-07-16 12:00:00","South East",13.155
"2022-07-16 12:00:00","South West",13.113
"2022-07-16 12:00:00","Midlands",13.826
"2022-07-16 12:00:00","North East and Yorkshire",12.656
"2022-07-16 12:00:00","East of England",14.08
"2022-07-16 12:00:00","North West",12.047
"2022-07-17 12:00:00","London",16.595
"2022-07-17 12:00:00","South East",14.541
"2022-07-17 12:00:00","South West",13.852
"2022-07-17 12:00:00","Midlands",14.932
"2022-07-17 12:00:00","North East and Yorkshire",13.576
"2022-07-17 12:00:00","East of England",16.344
"2022-07-17 12:00:00","North West",12.125
"2022-07-18 12:00:00","London",11.23
"2022-07-18 12:00:00","South East",10.031
"2022-07-18 12:00:00","South West",10.71
"2022-07-18 12:00:00","Midlands",10.392
"2022-07-18 12:00:00","North East and Yorkshire",10.038
"2022-07-18 12:00:00","East of England",10.944
"2022-07-18 12:00:00","North West",10.154
"2022-07-19 12:00:00","London",16.544
"2022-07-19 12:00:00","South East",14.665
"2022-07-19 12:00:00","South West",14.362
"2022-07-19 12:00:00","Midlands",14.129
"2022-07-19 12:00:00","North East and Yorkshire",13.176
"2022-07-19 12:00:00","East of England",15.162
"2022-07-19 12:00:00","North West",13.431
"2022-07-20 12:00:00","London",16.211
"2022-07-20 12:00:00","South East",14.483
"2022-07-20 12:00:00","South West",13.931
"2022-07-20 12:00:00","Midlands",14.599
"2022-07-20 12:00:00","North East and Yorkshire",15.378
"2022-07-20 12:00:00","East of England",15.539
"2022-07-20 12:00:00","North West",14.132
"2022-07-21 12:00:00","London",14.449
"2022-07-21 12:00:00","South East",11.498
"2022-07-21 12:00:00","South West",10.385
"2022-07-21 12:00:00","Midlands",14.315
"2022-07-21 12:00:00","North East and Yorkshire",14.331
"2022-07-21 12:00:00","East of England",15.077
"2022-07-21 12:00:00","North West",13.204
"2022-07-22 12:00:00","London",14.816
"2022-07-22 12:00:00","South East",12.943
"2022-07-22 12:00:00","South West",12.569
"2022-07-22 12:00:00","Midlands",13.16
"2022-07-22 12:00:00","North East and Yorkshire",13.871
"2022-07-22 12:00:00","East of England",13.881
"2022-07-22 12:00:00","North West",11.113
"2022-07-23 12:00:00","London",14.205
"2022-07-23 12:00:00","South East",11.946
"2022-07-23 12:00:00","South West",12.759
"2022-07-23 12:00:00","Midlands",12.681
"2022-07-23 12:00:00","North East and Yorkshire",12.272
"2022-07-23 12:00:00","East of England",11.774
"2022-07-23 12:00:00","North West",12.843
"2022-07-24 12:00:00","London",14.237
"2022-07-24 12:00:00","South East",12.434
"2022-07-24 12:00:00","South West",12.991
"2022-07-24 12:00:00","Midlands",14.369
"2022-07-24 12:00:00","North East and Yorkshire",15.269
"2022-07-24 12:00:00","East of England",13.102
"2022-07-24 12:00:00","North West",14.513
"2022-07-25 12:00:00","London",15.712
"2022-07-25 12:00:00","South East",14.203
"2022-07-25 12:00:00","South West",14.253
"2022-07-25 12:00:00","Midlands",15.171
"2022-07-25 12:00:00","North East and Yorkshire",14.613
"2022-07-25 12:00:00","East of England",15.005
"2022-07-25 12:00:00","North West",13.988
"2022-07-26 12:00:00","London",11.542
"2022-07-26 12:00:00","South East",10.081
"2022-07-26 12:00:00","South West",10.151
"2022-07-26 12:00:00","Midlands",11.274
"2022-07-26 12:00:00","North East and Yorkshire",12.932
"2022-07-26 12:00:00","East of England",11.013
"2022-07-26 12:00:00","North West",12.016
"2022-07-27 12:00:00","London",12.509
"2022-07-27 12:00:00","South East",10.166
"2022-07-27 12:00:00","South West",9.809
"2022-07-27 12:00:00","Midlands",10.285
"2022-07-27 12:00:00","North East and Yorkshire",11.225
"2022-07-27 12:00:00","East of England",11.633
"2022-07-27 12:00:00","North West",10.996
"2022-07-28 12:00:00","London",15.306
"2022-07-28 12:00:00","South East",12.303
"2022-07-28 12:00:00","South West",11.828
"2022-07-28 12:00:00","Midlands",13.773
"2022-07-28 12:00:00","North East and Yorkshire",14.123
"2022-07-28 12:00:00","East of England",13.475
"2022-07-28 12:00:00","North West",12.626
"2022-07-29 12:00:00","London",17.567
"2022-07-29 12:00:00","South East",15.65
"2022-07-29 12:00:00","South West",15.738
"2022-07-29 12:00:00","Midlands",14.498
"2022-07-29 12:00:00","North East and Yorkshire",13.666
"2022-07-29 12:00:00","East of England",15.483
"2022-07-29 12:00:00","North West",13.349
"2022-07-30 12:00:00","London",17.243
"2022-07-30 12:00:00","South East",15.831
"2022-07-30 12:00:00","South West",15.376
"2022-07-30 12:00:00","Midlands",15.862
"2022-07-30 12:00:00","North East and Yorkshire",14.942
"2022-07-30 12:00:00","East of England",16.948
"2022-07-30 12:00:00","North West",14.437
"2022-07-31 12:00:00","London",13.853
"2022-07-31 12:00:00","South East",12.743
"2022-07-31 12:00:00","South West",13.212
"2022-07-31 12:00:00","Midlands",13.08
"2022-07-31 12:00:00","North East and Yorkshire",13.441
"2022-07-31 12:00:00","East of England",12.891
"2022-07-31 12:00:00","North West",13.17
"2022-08-01 12:00:00","London",13.998
"2022-08-01 12:00:00","South East",12.47
"2022-08-01 12:00:00","South West",12.549
"2022-08-01 12:00:00","Midlands",11.465
"2022-08-01 12:00:00","North East and Yorkshire",11.616
"2022-08-01 12:00:00","East of England",12.607
"2022-08-01 12:00:00","North West",11.086
"2022-08-02 12:00:00","London",13.944
"2022-08-02 12:00:00","South East",11.04
"2022-08-02 12:00:00","South West",11.501
"2022-08-02 12:00:00","Midlands",11.338
"2022-08-02 12:00:00","North East and Yorkshire",10.051
"2022-08-02 12:00:00","East of England",11.822
"2022-08-02 12:00:00","North West",8.533
"2022-08-03 12:00:00","London",13.868
"2022-08-03 12:00:00","South East",11.544
"2022-08-03 12:00:00","South West",11.462
"2022-08-03 12:00:00","Midlands",12.216
"2022-08-03 12:00:00","North East and Yorkshire",11.841
"2022-08-03 12:00:00","East of England",11.366
"2022-08-03 12:00:00","North West",11
"2022-08-04 12:00:00","London",14.563
"2022-08-04 12:00:00","South East",12.769
"2022-08-04 12:00:00","South West",12.671
"2022-08-04 12:00:00","Midlands",12.694
"2022-08-04 12:00:00","North East and Yorkshire",12.425
"2022-08-04 12:00:00","East of England",12.59
"2022-08-04 12:00:00","North West",11.806
"2022-08-05 12:00:00","London",15.782
"2022-08-05 12:00:00","South East",13.663
"2022-08-05 12:00:00","South West",13.683
"2022-08-05 12:00:00","Midlands",13.739
"2022-08-05 12:00:00","North East and Yorkshire",12.953
"2022-08-05 12:00:00","East of England",14
"2022-08-05 12:00:00","North West",12.348
"2022-08-06 12:00:00","London",17.033
"2022-08-06 12:00:00","South East",14.254
"2022-08-06 12:00:00","South West",14.44
"2022-08-06 12:00:00","Midlands",14.728
"2022-08-06 12:00:00","North East and Yorkshire",12.458
"2022-08-06 12:00:00","East of England",15.268
"2022-08-06 12:00:00","North West",13.346
"2022-08-07 12:00:00","London",16.191
"2022-08-07 12:00:00","South East",13.629
"2022-08-07 12:00:00","South West",13.715
"2022-08-07 12:00:00","Midlands",15.016
"2022-08-07 12:00:00","North East and Yorkshire",13.812
"2022-08-07 12:00:00","East of England",14.26
"2022-08-07 12:00:00","North West",14.497
"2022-08-08 12:00:00","London",17.051
"2022-08-08 12:00:00","South East",14.361
"2022-08-08 12:00:00","South West",14.3
"2022-08-08 12:00:00","Midlands",15.663
"2022-08-08 12:00:00","North East and Yorkshire",14.425
"2022-08-08 12:00:00","East of England",15.601
"2022-08-08 12:00:00","North West",14.655
"2022-08-09 12:00:00","London",16.664
"2022-08-09 12:00:00","South East",15.106
"2022-08-09 12:00:00","South West",13.865
"2022-08-09 12:00:00","Midlands",13.522
"2022-08-09 12:00:00","North East and Yorkshire",12.077
"2022-08-09 12:00:00","East of England",16.129
"2022-08-09 12:00:00","North West",11.189
"2022-08-10 12:00:00","London",12.054
"2022-08-10 12:00:00","South East",10.043
"2022-08-10 12:00:00","South West",10.804
"2022-08-10 12:00:00","Midlands",10.177
"2022-08-10 12:00:00","North East and Yorkshire",9.765
"2022-08-10 12:00:00","East of England",10.597
"2022-08-10 12:00:00","North West",10.016
"2022-08-11 12:00:00","London",13.82
"2022-08-11 12:00:00","South East",11.851
"2022-08-11 12:00:00","South West",9.694
"2022-08-11 12:00:00","Midlands",9.474
"2022-08-11 12:00:00","North East and Yorkshire",11.009
"2022-08-11 12:00:00","East of England",12.477
"2022-08-11 12:00:00","North West",9.649
"2022-08-12 12:00:00","London",15.321
"2022-08-12 12:00:00","South East",13.373
"2022-08-12 12:00:00","South West",12.019
"2022-08-12 12:00:00","Midlands",14.417
"2022-08-12 12:00:00","North East and Yorkshire",13.971
"2022-08-12 12:00:00","East of England",15.649
"2022-08-12 12:00:00","North West",13.765
"2022-08-13 12:00:00","London",12.893
"2022-08-13 12:00:00","South East",11.577
"2022-08-13 12:00:00","South West",12.015
"2022-08-13 12:00:00","Midlands",15.809
"2022-08-13 12:00:00","North East and Yorkshire",14.898
"2022-08-13 12:00:00","East of England",14.668
"2022-08-13 12:00:00","North West",13.474
"2022-08-14 12:00:00","London",13.349
"2022-08-14 12:00:00","South East",12.872
"2022-08-14 12:00:00","South West",13.109
"2022-08-14 12:00:00","Midlands",14.725
"2022-08-14 12:00:00","North East and Yorkshire",14.604
"2022-08-14 12:00:00","East of England",14.248
"2022-08-14 12:00:00","North West",14.256
"2022-08-15 12:00:00","London",13.73
"2022-08-15 12:00:00","South East",12.214
"2022-08-15 12:00:00","South West",11.854
"2022-08-15 12:00:00","Midlands",12.091
"2022-08-15 12:00:00","North East and Yorkshire",11.267
"2022-08-15 12:00:00","East of England",12.192
"2022-08-15 12:00:00","North West",11.269
"2022-08-16 12:00:00","London",14.366
"2022-08-16 12:00:00","South East",13.078
"2022-08-16 12:00:00","South West",14.323
"2022-08-16 12:00:00","Midlands",14.914
"2022-08-16 12:00:00","North East and Yorkshire",14.76
"2022-08-16 12:00:00","East of England",13.701
"2022-08-16 12:00:00","North West",13.898
"2022-08-17 12:00:00","London",13.383
"2022-08-17 12:00:00","South East",11.493
"2022-08-17 12:00:00","South West",10.955
"2022-08-17 12:00:00","Midlands",12.401
"2022-08-17 12:00:00","North East and Yorkshire",13.667
"2022-08-17 12:00:00","East of England",11.768
"2022-08-17 12:00:00","North West",13.115
"2022-08-18 12:00:00","London",15.616
"2022-08-18 12:00:00","South East",13.647
"2022-08-18 12:00:00","South West",12.856
"2022-08-18 12:00:00","Midlands",14.776
"2022-08-18 12:00:00","North East and Yorkshire",14.75
"2022-08-18 12:00:00","East of England",14.291
"2022-08-18 12:00:00","North West",13.814
"2022-08-19 12:00:00","London",13.892
"2022-08-19 12:00:00","South East",10.936
"2022-08-19 12:00:00","South West",8.203
"2022-08-19 12:00:00","Midlands",8.753
"2022-08-19 12:00:00","North East and Yorkshire",9.431
"2022-08-19 12:00:00","East of England",11.983
"2022-08-19 12:00:00","North West",8.946
"2022-08-20 12:00:00","London",11.037
"2022-08-20 12:00:00","South East",9.574
"2022-08-20 12:00:00","South West",9.986
"2022-08-20 12:00:00","Midlands",9.241
"2022-08-20 12:00:00","North East and Yorkshire",9.489
"2022-08-20 12:00:00","East of England",10.323
"2022-08-20 12:00:00","North West",9.496
"2022-08-21 12:00:00","London",10.26
"2022-08-21 12:00:00","South East",8.366
"2022-08-21 12:00:00","South West",9.491
"2022-08-21 12:00:00","Midlands",9.108
"2022-08-21 12:00:00","North East and Yorkshire",8.422
"2022-08-21 12:00:00","East of England",9.853
"2022-08-21 12:00:00","North West",8.812
"2022-08-22 12:00:00","London",10.187
"2022-08-22 12:00:00","South East",9.861
"2022-08-22 12:00:00","South West",10.91
"2022-08-22 12:00:00","Midlands",10.222
"2022-08-22 12:00:00","North East and Yorkshire",10.144
"2022-08-22 12:00:00","East of England",9.952
"2022-08-22 12:00:00","North West",10.407
"2022-08-23 12:00:00","London",9.399
"2022-08-23 12:00:00","South East",8.187
"2022-08-23 12:00:00","South West",9.781
"2022-08-23 12:00:00","Midlands",9.149
"2022-08-23 12:00:00","North East and Yorkshire",8.851
"2022-08-23 12:00:00","East of England",8.221
"2022-08-23 12:00:00","North West",9.19
"2022-08-24 12:00:00","London",12.755
"2022-08-24 12:00:00","South East",11.454
"2022-08-24 12:00:00","South West",12.193
"2022-08-24 12:00:00","Midlands",11.567
"2022-08-24 12:00:00","North East and Yorkshire",9.169
"2022-08-24 12:00:00","East of England",10.128
"2022-08-24 12:00:00","North West",10.163
"2022-08-25 12:00:00","London",14.053
"2022-08-25 12:00:00","South East",12.783
"2022-08-25 12:00:00","South West",13.543
"2022-08-25 12:00:00","Midlands",13.454
"2022-08-25 12:00:00","North East and Yorkshire",12.971
"2022-08-25 12:00:00","East of England",13.613
"2022-08-25 12:00:00","North West",12.877
"2022-08-26 12:00:00","London",11.333
"2022-08-26 12:00:00","South East",9.849
"2022-08-26 12:00:00","South West",12.484
"2022-08-26 12:00:00","Midlands",10.951
"2022-08-26 12:00:00","North East and Yorkshire",10.666
"2022-08-26 12:00:00","East of England",9.853
"2022-08-26 12:00:00","North West",10.955
"2022-08-27 12:00:00","London",15.093
"2022-08-27 12:00:00","South East",13.33
"2022-08-27 12:00:00","South West",12.69
"2022-08-27 12:00:00","Midlands",12.567
"2022-08-27 12:00:00","North East and Yorkshire",13.002
"2022-08-27 12:00:00","East of England",13.772
"2022-08-27 12:00:00","North West",12.798
"2022-08-28 12:00:00","London",14.659
"2022-08-28 12:00:00","South East",12.506
"2022-08-28 12:00:00","South West",12.096
"2022-08-28 12:00:00","Midlands",11.671
"2022-08-28 12:00:00","North East and Yorkshire",11.236
"2022-08-28 12:00:00","East of England",13.304
"2022-08-28 12:00:00","North West",11.01
"2022-08-29 12:00:00","London",12.066
"2022-08-29 12:00:00","South East",11.16
"2022-08-29 12:00:00","South West",11.65
"2022-08-29 12:00:00","Midlands",11.719
"2022-08-29 12:00:00","North East and Yorkshire",11.96
"2022-08-29 12:00:00","East of England",11.499
"2022-08-29 12:00:00","North West",11.785
"2022-08-30 12:00:00","London",13.749
"2022-08-30 12:00:00","South East",13.047
"2022-08-30 12:00:00","South West",13.713
"2022-08-30 12:00:00","Midlands",13.156
"2022-08-30 12:00:00","North East and Yorkshire",12.991
"2022-08-30 12:00:00","East of England",13.235
"2022-08-30 12:00:00","North West",12.55
"2022-08-31 12:00:00","London",14.565
"2022-08-31 12:00:00","South East",12.588
"2022-08-31 12:00:00","South West",12.409
"2022-08-31 12:00:00","Midlands",14.631
"2022-08-31 12:00:00","North East and Yorkshire",13.772
"2022-08-31 12:00:00","East of England",14.385
"2022-08-31 12:00:00","North West",12.417
"2022-09-01 12:00:00","London",8.704
"2022-09-01 12:00:00","South East",7.421
"2022-09-01 12:00:00","South West",7.404
"2022-09-01 12:00:00","Midlands",7.075
"2022-09-01 12:00:00","North East and Yorkshire",6.054
"2022-09-01 12:00:00","East of England",6.945
"2022-09-01 12:00:00","North West",7.183
"2022-09-02 12:00:00","London",7.322
"2022-09-02 12:00:00","South East",6.269
"2022-09-02 12:00:00","South West",7.054
"2022-09-02 12:00:00","Midlands",8.76
"2022-09-02 12:00:00","North East and Yorkshire",9.659
"2022-09-02 12:00:00","East of England",6.656
"2022-09-02 12:00:00","North West",9.492
"2022-09-03 12:00:00","London",11.738
"2022-09-03 12:00:00","South East",9.873
"2022-09-03 12:00:00","South West",11.308
"2022-09-03 12:00:00","Midlands",11.396
"2022-09-03 12:00:00","North East and Yorkshire",10.732
"2022-09-03 12:00:00","East of England",10.77
"2022-09-03 12:00:00","North West",10.605
"2022-09-04 12:00:00","London",12.146
"2022-09-04 12:00:00","South East",10.636
"2022-09-04 12:00:00","South West",10.302
"2022-09-04 12:00:00","Midlands",12.415
"2022-09-04 12:00:00","North East and Yorkshire",12.884
"2022-09-04 12:00:00","East of England",11.546
"2022-09-04 12:00:00","North West",12.212
"2022-09-05 12:00:00","London",9.877
"2022-09-05 12:00:00","South East",8.464
"2022-09-05 12:00:00","South West",9.22
"2022-09-05 12:00:00","Midlands",9.749
"2022-09-05 12:00:00","North East and Yorkshire",11.171
"2022-09-05 12:00:00","East of England",9.628
"2022-09-05 12:00:00","North West",8.87
"2022-09-06 12:00:00","London",15.512
"2022-09-06 12:00:00","South East",13.977
"2022-09-06 12:00:00","South West",14.103
"2022-09-06 12:00:00","Midlands",14.207
"2022-09-06 12:00:00","North East and Yorkshire",11.413
"2022-09-06 12:00:00","East of England",14.5
"2022-09-06 12:00:00","North West",12.364
"2022-09-07 12:00:00","London",15.393
"2022-09-07 12:00:00","South East",13.795
"2022-09-07 12:00:00","South West",13.594
"2022-09-07 12:00:00","Midlands",14.033
"2022-09-07 12:00:00","North East and Yorkshire",13.065
"2022-09-07 12:00:00","East of England",14.962
"2022-09-07 12:00:00","North West",12.621
"2022-09-08 12:00:00","London",12.222
"2022-09-08 12:00:00","South East",10.388
"2022-09-08 12:00:00","South West",10.362
"2022-09-08 12:00:00","Midlands",10.518
"2022-09-08 12:00:00","North East and Yorkshire",10.054
"2022-09-08 12:00:00","East of England",11.1
"2022-09-08 12:00:00","North West",10.184
"2022-09-09 12:00:00","London",12.495
"2022-09-09 12:00:00","South East",11.051
"2022-09-09 12:00:00","South West",11.279
"2022-09-09 12:00:00","Midlands",11.26
"2022-09-09 12:00:00","North East and Yorkshire",10.739
"2022-09-09 12:00:00","East of England",11.375
"2022-09-09 12:00:00","North West",10.377
"2022-09-10 12:00:00","London",11.383
"2022-09-10 12:00:00","South East",9.759
"2022-09-10 12:00:00","South West",9.072
"2022-09-10 12:00:00","Midlands",9.042
"2022-09-10 12:00:00","North East and Yorkshire",8.865
"2022-09-10 12:00:00","East of England",11.081
"2022-09-10 12:00:00","North West",8.014
"2022-09-11 12:00:00","London",11.883
"2022-09-11 12:00:00","South East",9.862
"2022-09-11 12:00:00","South West",8.328
"2022-09-11 12:00:00","Midlands",7.308
"2022-09-11 12:00:00","North East and Yorkshire",7.707
"2022-09-11 12:00:00","East of England",10.973
"2022-09-11 12:00:00","North West",5.046
"2022-09-12 12:00:00","London",7.367
"2022-09-12 12:00:00","South East",7.165
"2022-09-12 12:00:00","South West",6.811
"2022-09-12 12:00:00","Midlands",6.64
"2022-09-12 12:00:00","North East and Yorkshire",4.957
"2022-09-12 12:00:00","East of England",8.227
"2022-09-12 12:00:00","North West",4.917
"2022-09-13 12:00:00","London",15.535
"2022-09-13 12:00:00","South East",13.201
"2022-09-13 12:00:00","South West",12.711
"2022-09-13 12:00:00","Midlands",13.74
"2022-09-13 12:00:00","North East and Yorkshire",13.066
"2022-09-13 12:00:00","East of England",14.264
"2022-09-13 12:00:00","North West",12.022
"2022-09-14 12:00:00","London",17.756
"2022-09-14 12:00:00","South East",15.226
"2022-09-14 12:00:00","South West",13.229
"2022-09-14 12:00:00","Midlands",14.49
"2022-09-14 12:00:00","North East and Yorkshire",15.021
"2022-09-14 12:00:00","East of England",16.371
"2022-09-14 12:00:00","North West",13.574
"2022-09-15 12:00:00","London",12.13
"2022-09-15 12:00:00","South East",9.82
"2022-09-15 12:00:00","South West",7.847
"2022-09-15 12:00:00","Midlands",8.725
"2022-09-15 12:00:00","North East and Yorkshire",9.325
"2022-09-15 12:00:00","East of England",11.446
"2022-09-15 12:00:00","North West",8.895
"2022-09-16 12:00:00","London",12.761
"2022-09-16 12:00:00","South East",11.093
"2022-09-16 12:00:00","South West",12.536
"2022-09-16 12:00:00","Midlands",13.896
"2022-09-16 12:00:00","North East and Yorkshire",14.356
"2022-09-16 12:00:00","East of England",12.049
"2022-09-16 12:00:00","North West",13.664
"2022-09-17 12:00:00","London",11.444
"2022-09-17 12:00:00","South East",10.346
"2022-09-17 12:00:00","South West",12.44
"2022-09-17 12:00:00","Midlands",13.385
"2022-09-17 12:00:00","North East and Yorkshire",14.43
"2022-09-17 12:00:00","East of England",11.424
"2022-09-17 12:00:00","North West",13.761
"2022-09-18 12:00:00","London",10.8
"2022-09-18 12:00:00","South East",8.911
"2022-09-18 12:00:00","South West",9.081
"2022-09-18 12:00:00","Midlands",8.4
"2022-09-18 12:00:00","North East and Yorkshire",8.806
"2022-09-18 12:00:00","East of England",9.197
"2022-09-18 12:00:00","North West",9.223
"2022-09-19 12:00:00","London",7.17
"2022-09-19 12:00:00","South East",5.82
"2022-09-19 12:00:00","South West",7.822
"2022-09-19 12:00:00","Midlands",8.345
"2022-09-19 12:00:00","North East and Yorkshire",9.264
"2022-09-19 12:00:00","East of England",6.498
"2022-09-19 12:00:00","North West",9.391
"2022-09-20 12:00:00","London",10.538
"2022-09-20 12:00:00","South East",9.55
"2022-09-20 12:00:00","South West",9.888
"2022-09-20 12:00:00","Midlands",8.737
"2022-09-20 12:00:00","North East and Yorkshire",8.437
"2022-09-20 12:00:00","East of England",9.442
"2022-09-20 12:00:00","North West",8.486
"2022-09-21 12:00:00","London",8.526
"2022-09-21 12:00:00","South East",7.729
"2022-09-21 12:00:00","South West",8.049
"2022-09-21 12:00:00","Midlands",8.363
"2022-09-21 12:00:00","North East and Yorkshire",9.077
"2022-09-21 12:00:00","East of England",8.577
"2022-09-21 12:00:00","North West",9.095
"2022-09-22 12:00:00","London",10.996
"2022-09-22 12:00:00","South East",10.177
"2022-09-22 12:00:00","South West",10.749
"2022-09-22 12:00:00","Midlands",10.002
"2022-09-22 12:00:00","North East and Yorkshire",7.684
"2022-09-22 12:00:00","East of England",10.116
"2022-09-22 12:00:00","North West",8.334
"2022-09-23 12:00:00","London",5.771
"2022-09-23 12:00:00","South East",4.78
"2022-09-23 12:00:00","South West",4.685
"2022-09-23 12:00:00","Midlands",5.231
"2022-09-23 12:00:00","North East and Yorkshire",5.812
"2022-09-23 12:00:00","East of England",4.628
"2022-09-23 12:00:00","North West",5.826
"2022-09-24 12:00:00","London",4.486
"2022-09-24 12:00:00","South East",3.587
"2022-09-24 12:00:00","South West",4.117
"2022-09-24 12:00:00","Midlands",4.747
"2022-09-24 12:00:00","North East and Yorkshire",5.457
"2022-09-24 12:00:00","East of England",4.586
"2022-09-24 12:00:00","North West",5.666
"2022-09-25 12:00:00","London",6.841
"2022-09-25 12:00:00","South East",6.48
"2022-09-25 12:00:00","South West",7.266
"2022-09-25 12:00:00","Midlands",6.071
"2022-09-25 12:00:00","North East and Yorkshire",5.994
"2022-09-25 12:00:00","East of England",6.073
"2022-09-25 12:00:00","North West",5.103
"2022-09-26 12:00:00","London",5.33
"2022-09-26 12:00:00","South East",4.896
"2022-09-26 12:00:00","South West",5.617
"2022-09-26 12:00:00","Midlands",6.505
"2022-09-26 12:00:00","North East and Yorkshire",6.768
"2022-09-26 12:00:00","East of England",5.303
"2022-09-26 12:00:00","North West",7.088
"2022-09-27 12:00:00","London",15.039
"2022-09-27 12:00:00","South East",12.787
"2022-09-27 12:00:00","South West",13.601
"2022-09-27 12:00:00","Midlands",12.5
"2022-09-27 12:00:00","North East and Yorkshire",11.989
"2022-09-27 12:00:00","East of England",12.698
"2022-09-27 12:00:00","North West",12.502
"2022-09-28 12:00:00","London",15.287
"2022-09-28 12:00:00","South East",13.532
"2022-09-28 12:00:00","South West",13.514
"2022-09-28 12:00:00","Midlands",13.879
"2022-09-28 12:00:00","North East and Yorkshire",13.944
"2022-09-28 12:00:00","East of England",13.786
"2022-09-28 12:00:00","North West",13.435
"2022-09-29 12:00:00","London",17.078
"2022-09-29 12:00:00","South East",15.689
"2022-09-29 12:00:00","South West",17.015
"2022-09-29 12:00:00","Midlands",16.583
"2022-09-29 12:00:00","North East and Yorkshire",15.191
"2022-09-29 12:00:00","East of England",15.255
"2022-09-29 12:00:00","North West",15.847
"2022-09-30 12:00:00","London",16.833
"2022-09-30 12:00:00","South East",14.296
"2022-09-30 12:00:00","South West",15.574
"2022-09-30 12:00:00","Midlands",14.65
"2022-09-30 12:00:00","North East and Yorkshire",13.265
"2022-09-30 12:00:00","East of England",14.025
"2022-09-30 12:00:00","North West",14.143
"2022-10-01 12:00:00","London",16.879
"2022-10-01 12:00:00","South East",14.789
"2022-10-01 12:00:00","South West",15.4
"2022-10-01 12:00:00","Midlands",16.904
"2022-10-01 12:00:00","North East and Yorkshire",16.152
"2022-10-01 12:00:00","East of England",16.134
"2022-10-01 12:00:00","North West",15.759
"2022-10-02 12:00:00","London",17.547
"2022-10-02 12:00:00","South East",15.22
"2022-10-02 12:00:00","South West",16.469
"2022-10-02 12:00:00","Midlands",16.77
"2022-10-02 12:00:00","North East and Yorkshire",15.574
"2022-10-02 12:00:00","East of England",15.858
"2022-10-02 12:00:00","North West",14.398
"2022-10-03 12:00:00","London",18.051
"2022-10-03 12:00:00","South East",15.773
"2022-10-03 12:00:00","South West",16.039
"2022-10-03 12:00:00","Midlands",16.716
"2022-10-03 12:00:00","North East and Yorkshire",16.622
"2022-10-03 12:00:00","East of England",17.034
"2022-10-03 12:00:00","North West",15.98
"2022-10-04 12:00:00","London",4.927
"2022-10-04 12:00:00","South East",3.961
"2022-10-04 12:00:00","South West",4.37
"2022-10-04 12:00:00","Midlands",1.448
"2022-10-04 12:00:00","North East and Yorkshire",1.491
"2022-10-04 12:00:00","East of England",3.145
"2022-10-04 12:00:00","North West",0.49
"2022-10-05 12:00:00","London",7.352
"2022-10-05 12:00:00","South East",6.221
"2022-10-05 12:00:00","South West",6.271
"2022-10-05 12:00:00","Midlands",3.052
"2022-10-05 12:00:00","North East and Yorkshire",2.148
"2022-10-05 12:00:00","East of England",3.978
"2022-10-05 12:00:00","North West",3.482
"2022-10-06 12:00:00","London",5.599
"2022-10-06 12:00:00","South East",5.108
"2022-10-06 12:00:00","South West",6.813
"2022-10-06 12:00:00","Midlands",3.044
"2022-10-06 12:00:00","North East and Yorkshire",2.899
"2022-10-06 12:00:00","East of England",3.103
"2022-10-06 12:00:00","North West",3.165
"2022-10-07 12:00:00","London",6.833
"2022-10-07 12:00:00","South East",6.191
"2022-10-07 12:00:00","South West",8.174
"2022-10-07 12:00:00","Midlands",5.427
"2022-10-07 12:00:00","North East and Yorkshire",5.388
"2022-10-07 12:00:00","East of England",4.241
"2022-10-07 12:00:00","North West",6.006
"2022-10-08 12:00:00","London",10.173
"2022-10-08 12:00:00","South East",9.142
"2022-10-08 12:00:00","South West",8.301
"2022-10-08 12:00:00","Midlands",7.988
"2022-10-08 12:00:00","North East and Yorkshire",7.613
"2022-10-08 12:00:00","East of England",9.427
"2022-10-08 12:00:00","North West",7.333
"2022-10-09 12:00:00","London",4.969
"2022-10-09 12:00:00","South East",4.067
"2022-10-09 12:00:00","South West",5.37
"2022-10-09 12:00:00","Midlands",6.502
"2022-10-09 12:00:00","North East and Yorkshire",4.483
"2022-10-09 12:00:00","East of England",5.652
"2022-10-09 12:00:00","North West",3.081
"2022-10-10 12:00:00","London",6.549
"2022-10-10 12:00:00","South East",5.442
"2022-10-10 12:00:00","South West",5.887
"2022-10-10 12:00:00","Midlands",5.98
"2022-10-10 12:00:00","North East and Yorkshire",6.126
"2022-10-10 12:00:00","East of England",5.831
"2022-10-10 12:00:00","North West",5.153
"2022-10-11 12:00:00","London",5.273
"2022-10-11 12:00:00","South East",5.35
"2022-10-11 12:00:00","South West",6.543
"2022-10-11 12:00:00","Midlands",5.213
"2022-10-11 12:00:00","North East and Yorkshire",5.371
"2022-10-11 12:00:00","East of England",4.916
"2022-10-11 12:00:00","North West",5.555
"2022-10-12 12:00:00","London",7.787
"2022-10-12 12:00:00","South East",6.828
"2022-10-12 12:00:00","South West",6.856
"2022-10-12 12:00:00","Midlands",6.093
"2022-10-12 12:00:00","North East and Yorkshire",5.967
"2022-10-12 12:00:00","East of England",6.652
"2022-10-12 12:00:00","North West",5.787
"2022-10-13 12:00:00","London",7.653
"2022-10-13 12:00:00","South East",7.142
"2022-10-13 12:00:00","South West",7.063
"2022-10-13 12:00:00","Midlands",5.219
"2022-10-13 12:00:00","North East and Yorkshire",5.466
"2022-10-13 12:00:00","East of England",6.252
"2022-10-13 12:00:00","North West",5.698
"2022-10-14 12:00:00","London",10.645
"2022-10-14 12:00:00","South East",10.073
"2022-10-14 12:00:00","South West",11.031
"2022-10-14 12:00:00","Midlands",8.958
"2022-10-14 12:00:00","North East and Yorkshire",7.374
"2022-10-14 12:00:00","East of England",9.218
"2022-10-14 12:00:00","North West",7.979
"2022-10-15 12:00:00","London",13.68
"2022-10-15 12:00:00","South East",12.108
"2022-10-15 12:00:00","South West",12.496
"2022-10-15 12:00:00","Midlands",10.405
"2022-10-15 12:00:00","North East and Yorkshire",4.824
"2022-10-15 12:00:00","East of England",12.754
"2022-10-15 12:00:00","North West",6.014
"2022-10-16 12:00:00","London",10.042
"2022-10-16 12:00:00","South East",9.119
"2022-10-16 12:00:00","South West",8.861
"2022-10-16 12:00:00","Midlands",8.578
"2022-10-16 12:00:00","North East and Yorkshire",8.051
"2022-10-16 12:00:00","East of England",9.26
"2022-10-16 12:00:00","North West",8.189
"2022-10-17 12:00:00","London",14.764
"2022-10-17 12:00:00","South East",12.756
"2022-10-17 12:00:00","South West",10.339
"2022-10-17 12:00:00","Midlands",10.953
"2022-10-17 12:00:00","North East and Yorkshire",8.492
"2022-10-17 12:00:00","East of England",12.807
"2022-10-17 12:00:00","North West",8.398
"2022-10-18 12:00:00","London",15.192
"2022-10-18 12:00:00","South East",13.574
"2022-10-18 12:00:00","South West",13.498
"2022-10-18 12:00:00","Midlands",13.728
"2022-10-18 12:00:00","North East and Yorkshire",13.516
"2022-10-18 12:00:00","East of England",14.428
"2022-10-18 12:00:00","North West",12.947
"2022-10-19 12:00:00","London",14.561
"2022-10-19 12:00:00","South East",13.266
"2022-10-19 12:00:00","South West",13.414
"2022-10-19 12:00:00","Midlands",13.383
"2022-10-19 12:00:00","North East and Yorkshire",12.935
"2022-10-19 12:00:00","East of England",13.806
"2022-10-19 12:00:00","North West",12.122
"2022-10-20 12:00:00","London",15.233
"2022-10-20 12:00:00","South East",13.666
"2022-10-20 12:00:00","South West",13.714
"2022-10-20 12:00:00","Midlands",13.59
"2022-10-20 12:00:00","North East and Yorkshire",12.835
"2022-10-20 12:00:00","East of England",13.855
"2022-10-20 12:00:00","North West",12.332
"2022-10-21 12:00:00","London",12.775
"2022-10-21 12:00:00","South East",11.673
"2022-10-21 12:00:00","South West",12.006
"2022-10-21 12:00:00","Midlands",11.886
"2022-10-21 12:00:00","North East and Yorkshire",10.94
"2022-10-21 12:00:00","East of England",12.087
"2022-10-21 12:00:00","North West",10.943
"2022-10-22 12:00:00","London",11.706
"2022-10-22 12:00:00","South East",10.697
"2022-10-22 12:00:00","South West",11.313
"2022-10-22 12:00:00","Midlands",10.17
"2022-10-22 12:00:00","North East and Yorkshire",10.281
"2022-10-22 12:00:00","East of England",10.734
"2022-10-22 12:00:00","North West",10.278
"2022-10-23 12:00:00","London",13.84
"2022-10-23 12:00:00","South East",12.605
"2022-10-23 12:00:00","South West",12.6
"2022-10-23 12:00:00","Midlands",11.589
"2022-10-23 12:00:00","North East and Yorkshire",10.414
"2022-10-23 12:00:00","East of England",12.633
"2022-10-23 12:00:00","North West",10.416
"2022-10-24 12:00:00","London",9.535
"2022-10-24 12:00:00","South East",8.181
"2022-10-24 12:00:00","South West",9.184
"2022-10-24 12:00:00","Midlands",8.257
"2022-10-24 12:00:00","North East and Yorkshire",7.822
"2022-10-24 12:00:00","East of England",8.83
"2022-10-24 12:00:00","North West",7.991
"2022-10-25 12:00:00","London",8.807
"2022-10-25 12:00:00","South East",8.003
"2022-10-25 12:00:00","South West",8.128
"2022-10-25 12:00:00","Midlands",7.543
"2022-10-25 12:00:00","North East and Yorkshire",7.226
"2022-10-25 12:00:00","East of England",7.548
"2022-10-25 12:00:00","North West",7.212
"2022-10-26 12:00:00","London",4.289
"2022-10-26 12:00:00","South East",3.345
"2022-10-26 12:00:00","South West",3.879
"2022-10-26 12:00:00","Midlands",3.923
"2022-10-26 12:00:00","North East and Yorkshire",4.386
"2022-10-26 12:00:00","East of England",3.736
"2022-10-26 12:00:00","North West",4.384
"2022-10-27 12:00:00","London",5.696
"2022-10-27 12:00:00","South East",5.273
"2022-10-27 12:00:00","South West",6.543
"2022-10-27 12:00:00","Midlands",6.865
"2022-10-27 12:00:00","North East and Yorkshire",8.886
"2022-10-27 12:00:00","East of England",5.739
"2022-10-27 12:00:00","North West",8.226
"2022-10-28 12:00:00","London",8.587
"2022-10-28 12:00:00","South East",7.184
"2022-10-28 12:00:00","South West",7.421
"2022-10-28 12:00:00","Midlands",6.265
"2022-10-28 12:00:00","North East and Yorkshire",4.076
"2022-10-28 12:00:00","East of England",6.672
"2022-10-28 12:00:00","North West",5.189
"2022-10-29 12:00:00","London",-0.833
"2022-10-29 12:00:00","South East",-1.447
"2022-10-29 12:00:00","South West",-2.485
"2022-10-29 12:00:00","Midlands",-2.298
"2022-10-29 12:00:00","North East and Yorkshire",-0.621
"2022-10-29 12:00:00","East of England",-0.076
"2022-10-29 12:00:00","North West",-2.3
"2022-10-30 12:00:00","London",-1.224
"2022-10-30 12:00:00","South East",-2.079
"2022-10-30 12:00:00","South West",-1.122
"2022-10-30 12:00:00","Midlands",-1.464
"2022-10-30 12:00:00","North East and Yorkshire",-0.968
"2022-10-30 12:00:00","East of England",-1.271
"2022-10-30 12:00:00","North West",-0.934
"2022-10-31 12:00:00","London",0.453
"2022-10-31 12:00:00","South East",0.511
"2022-10-31 12:00:00","South West",4.154
"2022-10-31 12:00:00","Midlands",0.688
"2022-10-31 12:00:00","North East and Yorkshire",0.672
"2022-10-31 12:00:00","East of England",0.408
"2022-10-31 12:00:00","North West",1.666
"2022-11-01 12:00:00","London",6.354
"2022-11-01 12:00:00","South East",5.709
"2022-11-01 12:00:00","South West",6.894
"2022-11-01 12:00:00","Midlands",4.657
"2022-11-01 12:00:00","North East and Yorkshire",1.495
"2022-11-01 12:00:00","East of England",5.846
"2022-11-01 12:00:00","North West",3.186
"2022-11-02 12:00:00","London",11.172
"2022-11-02 12:00:00","South East",9.444
"2022-11-02 12:00:00","South West",10.053
"2022-11-02 12:00:00","Midlands",8.726
"2022-11-02 12:00:00","North East and Yorkshire",6.557
"2022-11-02 12:00:00","East of England",9.718
"2022-11-02 12:00:00","North West",8.11
"2022-11-03 12:00:00","London",12.478
"2022-11-03 12:00:00","South East",11.029
"2022-11-03 12:00:00","South West",11.387
"2022-11-03 12:00:00","Midlands",10.932
"2022-11-03 12:00:00","North East and Yorkshire",10.66
"2022-11-03 12:00:00","East of England",12.262
"2022-11-03 12:00:00","North West",10.327
"2022-11-04 12:00:00","London",13.928
"2022-11-04 12:00:00","South East",12.113
"2022-11-04 12:00:00","South West",10.649
"2022-11-04 12:00:00","Midlands",12.54
"2022-11-04 12:00:00","North East and Yorkshire",10.522
"2022-11-04 12:00:00","East of England",13.379
"2022-11-04 12:00:00","North West",11.104
"2022-11-05 12:00:00","London",11.997
"2022-11-05 12:00:00","South East",10.543
"2022-11-05 12:00:00","South West",10.045
"2022-11-05 12:00:00","Midlands",8.759
"2022-11-05 12:00:00","North East and Yorkshire",7.752
"2022-11-05 12:00:00","East of England",10.924
"2022-11-05 12:00:00","North West",7.212
"2022-11-06 12:00:00","London",5.898
"2022-11-06 12:00:00","South East",4.728
"2022-11-06 12:00:00","South West",4.889
"2022-11-06 12:00:00","Midlands",4.288
"2022-11-06 12:00:00","North East and Yorkshire",4.089
"2022-11-06 12:00:00","East of England",5.524
"2022-11-06 12:00:00","North West",4.913
"2022-11-07 12:00:00","London",6.367
"2022-11-07 12:00:00","South East",5.154
"2022-11-07 12:00:00","South West",6.777
"2022-11-07 12:00:00","Midlands",4.304
"2022-11-07 12:00:00","North East and Yorkshire",3.305
"2022-11-07 12:00:00","East of England",4.819
"2022-11-07 12:00:00","North West",4.258
"2022-11-08 12:00:00","London",4.893
"2022-11-08 12:00:00","South East",3.391
"2022-11-08 12:00:00","South West",2.354
"2022-11-08 12:00:00","Midlands",1.316
"2022-11-08 12:00:00","North East and Yorkshire",1.327
"2022-11-08 12:00:00","East of England",3.5
"2022-11-08 12:00:00","North West",0.748
"2022-11-09 12:00:00","London",0.935
"2022-11-09 12:00:00","South East",-0.34
"2022-11-09 12:00:00","South West",0.869
"2022-11-09 12:00:00","Midlands",0.772
"2022-11-09 12:00:00","North East and Yorkshire",0.727
"2022-11-09 12:00:00","East of England",-0.075
"2022-11-09 12:00:00","North West",1.147
"2022-11-10 12:00:00","London",4.518
"2022-11-10 12:00:00","South East",3.709
"2022-11-10 12:00:00","South West",5.055
"2022-11-10 12:00:00","Midlands",3.425
"2022-11-10 12:00:00","North East and Yorkshire",2.62
"2022-11-10 12:00:00","East of England",3.508
"2022-11-10 12:00:00","North West",3.307
"2022-11-11 12:00:00","London",5.776
"2022-11-11 12:00:00","South East",4.661
"2022-11-11 12:00:00","South West",4.308
"2022-11-11 12:00:00","Midlands",4.472
"2022-11-11 12:00:00","North East and Yorkshire",4.659
"2022-11-11 12:00:00","East of England",5.228
"2022-11-11 12:00:00","North West",4.775
"2022-11-12 12:00:00","London",6.166
"2022-11-12 12:00:00","South East",5.314
"2022-11-12 12:00:00","South West",5.098
"2022-11-12 12:00:00","Midlands",4.765
"2022-11-12 12:00:00","North East and Yorkshire",4.83
"2022-11-12 12:00:00","East of England",5.336
"2022-11-12 12:00:00","North West",4.779
"2022-11-13 12:00:00","London",5.978
"2022-11-13 12:00:00","South East",5.392
"2022-11-13 12:00:00","South West",5.498
"2022-11-13 12:00:00","Midlands",4.767
"2022-11-13 12:00:00","North East and Yorkshire",4.823
"2022-11-13 12:00:00","East of England",5.275
"2022-11-13 12:00:00","North West",4.563
"2022-11-14 12:00:00","London",6.063
"2022-11-14 12:00:00","South East",5.356
"2022-11-14 12:00:00","South West",5.362
"2022-11-14 12:00:00","Midlands",4.953
"2022-11-14 12:00:00","North East and Yorkshire",5.43
"2022-11-14 12:00:00","East of England",5.56
"2022-11-14 12:00:00","North West",4.66
"2022-11-15 12:00:00","London",5.527
"2022-11-15 12:00:00","South East",4.199
"2022-11-15 12:00:00","South West",3.694
"2022-11-15 12:00:00","Midlands",4.323
"2022-11-15 12:00:00","North East and Yorkshire",2.767
"2022-11-15 12:00:00","East of England",5.711
"2022-11-15 12:00:00","North West",3.262
"2022-11-16 12:00:00","London",3.492
"2022-11-16 12:00:00","South East",3.075
"2022-11-16 12:00:00","South West",3.133
"2022-11-16 12:00:00","Midlands",3.009
"2022-11-16 12:00:00","North East and Yorkshire",5.471
"2022-11-16 12:00:00","East of England",2.773
"2022-11-16 12:00:00","North West",4.891
"2022-11-17 12:00:00","London",8.768
"2022-11-17 12:00:00","South East",7.567
"2022-11-17 12:00:00","South West",5.605
"2022-11-17 12:00:00","Midlands",6.227
"2022-11-17 12:00:00","North East and Yorkshire",6.922
"2022-11-17 12:00:00","East of England",7.359
"2022-11-17 12:00:00","North West",6.118
"2022-11-18 12:00:00","London",8.976
"2022-11-18 12:00:00","South East",7.975
"2022-11-18 12:00:00","South West",8.386
"2022-11-18 12:00:00","Midlands",6.875
"2022-11-18 12:00:00","North East and Yorkshire",4.279
"2022-11-18 12:00:00","East of England",8.158
"2022-11-18 12:00:00","North West",5.114
"2022-11-19 12:00:00","London",11.766
"2022-11-19 12:00:00","South East",10.722
"2022-11-19 12:00:00","South West",11.122
"2022-11-19 12:00:00","Midlands",7.117
"2022-11-19 12:00:00","North East and Yorkshire",4.775
"2022-11-19 12:00:00","East of England",10.282
"2022-11-19 12:00:00","North West",5.289
"2022-11-20 12:00:00","London",3.558
"2022-11-20 12:00:00","South East",2.857
"2022-11-20 12:00:00","South West",1.99
"2022-11-20 12:00:00","Midlands",2.317
"2022-11-20 12:00:00","North East and Yorkshire",3.482
"2022-11-20 12:00:00","East of England",3.193
"2022-11-20 12:00:00","North West",3.785
"2022-11-21 12:00:00","London",0.666
"2022-11-21 12:00:00","South East",0.053
"2022-11-21 12:00:00","South West",1.085
"2022-11-21 12:00:00","Midlands",0.033
"2022-11-21 12:00:00","North East and Yorkshire",0.391
"2022-11-21 12:00:00","East of England",0.349
"2022-11-21 12:00:00","North West",-0.298
"2022-11-22 12:00:00","London",4.558
"2022-11-22 12:00:00","South East",3.453
"2022-11-22 12:00:00","South West",2.675
"2022-11-22 12:00:00","Midlands",3.163
"2022-11-22 12:00:00","North East and Yorkshire",3.583
"2022-11-22 12:00:00","East of England",5.093
"2022-11-22 12:00:00","North West",1.29
"2022-11-23 12:00:00","London",7.592
"2022-11-23 12:00:00","South East",6.033
"2022-11-23 12:00:00","South West",5.132
"2022-11-23 12:00:00","Midlands",3.305
"2022-11-23 12:00:00","North East and Yorkshire",2.641
"2022-11-23 12:00:00","East of England",5.482
"2022-11-23 12:00:00","North West",1.269
"2022-11-24 12:00:00","London",5.503
"2022-11-24 12:00:00","South East",4.559
"2022-11-24 12:00:00","South West",4.491
"2022-11-24 12:00:00","Midlands",5.098
"2022-11-24 12:00:00","North East and Yorkshire",4.716
"2022-11-24 12:00:00","East of England",5.408
"2022-11-24 12:00:00","North West",3.745
"2022-11-25 12:00:00","London",8.249
"2022-11-25 12:00:00","South East",5.96
"2022-11-25 12:00:00","South West",2.086
"2022-11-25 12:00:00","Midlands",1.74
"2022-11-25 12:00:00","North East and Yorkshire",2.924
"2022-11-25 12:00:00","East of England",7.011
"2022-11-25 12:00:00","North West",3.327
"2022-11-26 12:00:00","London",2.946
"2022-11-26 12:00:00","South East",1.647
"2022-11-26 12:00:00","South West",2.346
"2022-11-26 12:00:00","Midlands",4.41
"2022-11-26 12:00:00","North East and Yorkshire",6.677
"2022-11-26 12:00:00","East of England",3.817
"2022-11-26 12:00:00","North West",6.589
"2022-11-27 12:00:00","London",6.756
"2022-11-27 12:00:00","South East",5.453
"2022-11-27 12:00:00","South West",5.996
"2022-11-27 12:00:00","Midlands",4.709
"2022-11-27 12:00:00","North East and Yorkshire",2.087
"2022-11-27 12:00:00","East of England",5.48
"2022-11-27 12:00:00","North West",3.998
"2022-11-28 12:00:00","London",5.985
"2022-11-28 12:00:00","South East",5.138
"2022-11-28 12:00:00","South West",5.952
"2022-11-28 12:00:00","Midlands",2.218
"2022-11-28 12:00:00","North East and Yorkshire",-1.792
"2022-11-28 12:00:00","East of England",3.065
"2022-11-28 12:00:00","North West",0.361
"2022-11-29 12:00:00","London",5.746
"2022-11-29 12:00:00","South East",5.3
"2022-11-29 12:00:00","South West",6.53
"2022-11-29 12:00:00","Midlands",5.899
"2022-11-29 12:00:00","North East and Yorkshire",6.586
"2022-11-29 12:00:00","East of England",5.379
"2022-11-29 12:00:00","North West",7.227
"2022-11-30 12:00:00","London",8.596
"2022-11-30 12:00:00","South East",8.642
"2022-11-30 12:00:00","South West",10.191
"2022-11-30 12:00:00","Midlands",9.663
"2022-11-30 12:00:00","North East and Yorkshire",8.792
"2022-11-30 12:00:00","East of England",9.691
"2022-11-30 12:00:00","North West",8.328
"2022-12-01 12:00:00","London",9.334
"2022-12-01 12:00:00","South East",8.096
"2022-12-01 12:00:00","South West",8.908
"2022-12-01 12:00:00","Midlands",8.636
"2022-12-01 12:00:00","North East and Yorkshire",6.451
"2022-12-01 12:00:00","East of England",9.725
"2022-12-01 12:00:00","North West",6.812
"2022-12-02 12:00:00","London",7.563
"2022-12-02 12:00:00","South East",6.916
"2022-12-02 12:00:00","South West",7.697
"2022-12-02 12:00:00","Midlands",8.263
"2022-12-02 12:00:00","North East and Yorkshire",7.578
"2022-12-02 12:00:00","East of England",7.784
"2022-12-02 12:00:00","North West",7.493
"2022-12-03 12:00:00","London",10.15
"2022-12-03 12:00:00","South East",9.153
"2022-12-03 12:00:00","South West",9.3
"2022-12-03 12:00:00","Midlands",9.895
"2022-12-03 12:00:00","North East and Yorkshire",9.353
"2022-12-03 12:00:00","East of England",9.847
"2022-12-03 12:00:00","North West",8.428
"2022-12-04 12:00:00","London",10.256
"2022-12-04 12:00:00","South East",8.677
"2022-12-04 12:00:00","South West",7.358
"2022-12-04 12:00:00","Midlands",7.298
"2022-12-04 12:00:00","North East and Yorkshire",7.496
"2022-12-04 12:00:00","East of England",9.688
"2022-12-04 12:00:00","North West",3.399
"2022-12-05 12:00:00","London",10.049
"2022-12-05 12:00:00","South East",8.204
"2022-12-05 12:00:00","South West",6.564
"2022-12-05 12:00:00","Midlands",7.079
"2022-12-05 12:00:00","North East and Yorkshire",6.04
"2022-12-05 12:00:00","East of England",8.88
"2022-12-05 12:00:00","North West",4.528
"2022-12-06 12:00:00","London",5.554
"2022-12-06 12:00:00","South East",4.5
"2022-12-06 12:00:00","South West",4.373
"2022-12-06 12:00:00","Midlands",3.563
"2022-12-06 12:00:00","North East and Yorkshire",3.31
"2022-12-06 12:00:00","East of England",4.576
"2022-12-06 12:00:00","North West",3.27
"2022-12-07 12:00:00","London",-0.651
"2022-12-07 12:00:00","South East",-0.784
"2022-12-07 12:00:00","South West",-0.423
"2022-12-07 12:00:00","Midlands",-2.534
"2022-12-07 12:00:00","North East and Yorkshire",-2.693
"2022-12-07 12:00:00","East of England",-1.272
"2022-12-07 12:00:00","North West",-3.09
"2022-12-08 12:00:00","London",-0.337
"2022-12-08 12:00:00","South East",0.129
"2022-12-08 12:00:00","South West",1.581
"2022-12-08 12:00:00","Midlands",-1.743
"2022-12-08 12:00:00","North East and Yorkshire",-2.091
"2022-12-08 12:00:00","East of England",-1.101
"2022-12-08 12:00:00","North West",-1.919
"2022-12-09 12:00:00","London",4.474
"2022-12-09 12:00:00","South East",4.045
"2022-12-09 12:00:00","South West",5.956
"2022-12-09 12:00:00","Midlands",4.779
"2022-12-09 12:00:00","North East and Yorkshire",4.099
"2022-12-09 12:00:00","East of England",4.681
"2022-12-09 12:00:00","North West",4.572
"2022-12-10 12:00:00","London",5.944
"2022-12-10 12:00:00","South East",5.465
"2022-12-10 12:00:00","South West",6.738
"2022-12-10 12:00:00","Midlands",5.473
"2022-12-10 12:00:00","North East and Yorkshire",5.125
"2022-12-10 12:00:00","East of England",5.454
"2022-12-10 12:00:00","North West",5.815
"2022-12-11 12:00:00","London",7.585
"2022-12-11 12:00:00","South East",7.343
"2022-12-11 12:00:00","South West",7.475
"2022-12-11 12:00:00","Midlands",5.828
"2022-12-11 12:00:00","North East and Yorkshire",5.88
"2022-12-11 12:00:00","East of England",6.52
"2022-12-11 12:00:00","North West",5.447
"2022-12-12 12:00:00","London",8.348
"2022-12-12 12:00:00","South East",7.845
"2022-12-12 12:00:00","South West",7.93
"2022-12-12 12:00:00","Midlands",6.447
"2022-12-12 12:00:00","North East and Yorkshire",4.534
"2022-12-12 12:00:00","East of England",7.167
"2022-12-12 12:00:00","North West",5.187
"2022-12-13 12:00:00","London",1.792
"2022-12-13 12:00:00","South East",2.644
"2022-12-13 12:00:00","South West",4.37
"2022-12-13 12:00:00","Midlands",-0.274
"2022-12-13 12:00:00","North East and Yorkshire",-1.084
"2022-12-13 12:00:00","East of England",1.382
"2022-12-13 12:00:00","North West",-0.34
"2022-12-14 12:00:00","London",-1.445
"2022-12-14 12:00:00","South East",-1.757
"2022-12-14 12:00:00","South West",-1.588
"2022-12-14 12:00:00","Midlands",-2.321
"2022-12-14 12:00:00","North East and Yorkshire",-2.094
"2022-12-14 12:00:00","East of England",-1.277
"2022-12-14 12:00:00","North West",-2.436
"2022-12-15 12:00:00","London",-1.29
"2022-12-15 12:00:00","South East",-1.764
"2022-12-15 12:00:00","South West",-0.629
"2022-12-15 12:00:00","Midlands",-3.809
"2022-12-15 12:00:00","North East and Yorkshire",-4.721
"2022-12-15 12:00:00","East of England",-2.453
"2022-12-15 12:00:00","North West",-4.141
"2022-12-16 12:00:00","London",-0.935
"2022-12-16 12:00:00","South East",-1.484
"2022-12-16 12:00:00","South West",-0.807
"2022-12-16 12:00:00","Midlands",-2.989
"2022-12-16 12:00:00","North East and Yorkshire",-2.261
"2022-12-16 12:00:00","East of England",-1.92
"2022-12-16 12:00:00","North West",-2.673
"2022-12-17 12:00:00","London",0.047
"2022-12-17 12:00:00","South East",-0.705
"2022-12-17 12:00:00","South West",0.686
"2022-12-17 12:00:00","Midlands",-0.202
"2022-12-17 12:00:00","North East and Yorkshire",-0.769
"2022-12-17 12:00:00","East of England",-0.496
"2022-12-17 12:00:00","North West",0.311
"2022-12-18 12:00:00","London",8.55
"2022-12-18 12:00:00","South East",8.16
"2022-12-18 12:00:00","South West",9.835
"2022-12-18 12:00:00","Midlands",5.929
"2022-12-18 12:00:00","North East and Yorkshire",1.609
"2022-12-18 12:00:00","East of England",6.502
"2022-12-18 12:00:00","North West",4.724
"2022-12-19 12:00:00","London",9.401
"2022-12-19 12:00:00","South East",8.419
"2022-12-19 12:00:00","South West",7.428
"2022-12-19 12:00:00","Midlands",7.362
"2022-12-19 12:00:00","North East and Yorkshire",7.198
"2022-12-19 12:00:00","East of England",8.888
"2022-12-19 12:00:00","North West",6.792
"2022-12-20 12:00:00","London",-5.161
"2022-12-20 12:00:00","South East",-5.536
"2022-12-20 12:00:00","South West",-3.595
"2022-12-20 12:00:00","Midlands",-4.906
"2022-12-20 12:00:00","North East and Yorkshire",-4.333
"2022-12-20 12:00:00","East of England",-5.622
"2022-12-20 12:00:00","North West",-3.48
"2022-12-21 12:00:00","London",-4.223
"2022-12-21 12:00:00","South East",-4.756
"2022-12-21 12:00:00","South West",-3.183
"2022-12-21 12:00:00","Midlands",-4.015
"2022-12-21 12:00:00","North East and Yorkshire",-3.369
"2022-12-21 12:00:00","East of England",-4.322
"2022-12-21 12:00:00","North West",-2.893
"2022-12-22 12:00:00","London",-2.883
"2022-12-22 12:00:00","South East",-3.008
"2022-12-22 12:00:00","South West",-1.542
"2022-12-22 12:00:00","Midlands",-2.607
"2022-12-22 12:00:00","North East and Yorkshire",-2.516
"2022-12-22 12:00:00","East of England",-3.206
"2022-12-22 12:00:00","North West",-1.606
"2022-12-23 12:00:00","London",-2.332
"2022-12-23 12:00:00","South East",-2.323
"2022-12-23 12:00:00","South West",-2.213
"2022-12-23 12:00:00","Midlands",-1.485
"2022-12-23 12:00:00","North East and Yorkshire",-1.493
"2022-12-23 12:00:00","East of England",-2.282
"2022-12-23 12:00:00","North West",-0.692
"2022-12-24 12:00:00","London",-1.607
"2022-12-24 12:00:00","South East",-2.681
"2022-12-24 12:00:00","South West",-3.169
"2022-12-24 12:00:00","Midlands",-4.023
"2022-12-24 12:00:00","North East and Yorkshire",-3.329
"2022-12-24 12:00:00","East of England",-2.971
"2022-12-24 12:00:00","North West",-3.198
"2022-12-25 12:00:00","London",-4.682
"2022-12-25 12:00:00","South East",-4.788
"2022-12-25 12:00:00","South West",-3.44
"2022-12-25 12:00:00","Midlands",-5.041
"2022-12-25 12:00:00","North East and Yorkshire",-3.889
"2022-12-25 12:00:00","East of England",-5.318
"2022-12-25 12:00:00","North West",-2.586
"2022-12-26 12:00:00","London",-5.478
"2022-12-26 12:00:00","South East",-5.001
"2022-12-26 12:00:00","South West",-1.973
"2022-12-26 12:00:00","Midlands",-2.594
"2022-12-26 12:00:00","North East and Yorkshire",-0.594
"2022-12-26 12:00:00","East of England",-5.467
"2022-12-26 12:00:00","North West",0.762
"2022-12-27 12:00:00","London",3.623
"2022-12-27 12:00:00","South East",3.25
"2022-12-27 12:00:00","South West",3.71
"2022-12-27 12:00:00","Midlands",3.369
"2022-12-27 12:00:00","North East and Yorkshire",3.916
"2022-12-27 12:00:00","East of England",2.812
"2022-12-27 12:00:00","North West",4.263
"2022-12-28 12:00:00","London",6.962
"2022-12-28 12:00:00","South East",6.219
"2022-12-28 12:00:00","South West",6.024
"2022-12-28 12:00:00","Midlands",5.373
"2022-12-28 12:00:00","North East and Yorkshire",4.355
"2022-12-28 12:00:00","East of England",5.665
"2022-12-28 12:00:00","North West",5.205
"2022-12-29 12:00:00","London",7.518
"2022-12-29 12:00:00","South East",6.315
"2022-12-29 12:00:00","South West",6.447
"2022-12-29 12:00:00","Midlands",6.021
"2022-12-29 12:00:00","North East and Yorkshire",4.376
"2022-12-29 12:00:00","East of England",6.51
"2022-12-29 12:00:00","North West",5.536
"2022-12-30 12:00:00","London",7.486
"2022-12-30 12:00:00","South East",6.344
"2022-12-30 12:00:00","South West",6.152
"2022-12-30 12:00:00","Midlands",6.344
"2022-12-30 12:00:00","North East and Yorkshire",5.285
"2022-12-30 12:00:00","East of England",6.784
"2022-12-30 12:00:00","North West",5.962
"2022-12-31 12:00:00","London",5.886
"2022-12-31 12:00:00","South East",5.049
"2022-12-31 12:00:00","South West",5.676
"2022-12-31 12:00:00","Midlands",4.893
"2022-12-31 12:00:00","North East and Yorkshire",4.49
"2022-12-31 12:00:00","East of England",4.772
"2022-12-31 12:00:00","North West",4.993
"2023-01-01 12:00:00","London",4.063
"2023-01-01 12:00:00","South East",3.605
"2023-01-01 12:00:00","South West",3.173
"2023-01-01 12:00:00","Midlands",2.481
"2023-01-01 12:00:00","North East and Yorkshire",2.996
"2023-01-01 12:00:00","East of England",3.223
"2023-01-01 12:00:00","North West",3.369
"2023-01-02 12:00:00","London",2.256
"2023-01-02 12:00:00","South East",1.445
"2023-01-02 12:00:00","South West",1.952
"2023-01-02 12:00:00","Midlands",0.865
"2023-01-02 12:00:00","North East and Yorkshire",-0.289
"2023-01-02 12:00:00","East of England",1.036
"2023-01-02 12:00:00","North West",1.365
"2023-01-03 12:00:00","London",2.389
"2023-01-03 12:00:00","South East",1.711
"2023-01-03 12:00:00","South West",1.342
"2023-01-03 12:00:00","Midlands",1.086
"2023-01-03 12:00:00","North East and Yorkshire",1.382
"2023-01-03 12:00:00","East of England",1.86
"2023-01-03 12:00:00","North West",1.585
"2023-01-04 12:00:00","London",2.133
"2023-01-04 12:00:00","South East",1.69
"2023-01-04 12:00:00","South West",2.047
"2023-01-04 12:00:00","Midlands",1.69
"2023-01-04 12:00:00","North East and Yorkshire",1.757
"2023-01-04 12:00:00","East of England",1.748
"2023-01-04 12:00:00","North West",1.973
"2023-01-05 12:00:00","London",3.714
"2023-01-05 12:00:00","South East",3.293
"2023-01-05 12:00:00","South West",4.205
"2023-01-05 12:00:00","Midlands",3.258
"2023-01-05 12:00:00","North East and Yorkshire",3.964
"2023-01-05 12:00:00","East of England",3.139
"2023-01-05 12:00:00","North West",4.66
"2023-01-06 12:00:00","London",8.522
"2023-01-06 12:00:00","South East",7.417
"2023-01-06 12:00:00","South West",7.48
"2023-01-06 12:00:00","Midlands",6.85
"2023-01-06 12:00:00","North East and Yorkshire",6.241
"2023-01-06 12:00:00","East of England",7.391
"2023-01-06 12:00:00","North West",6.237
"2023-01-07 12:00:00","London",9.618
"2023-01-07 12:00:00","South East",8.196
"2023-01-07 12:00:00","South West",7.969
"2023-01-07 12:00:00","Midlands",7.908
"2023-01-07 12:00:00","North East and Yorkshire",7.87
"2023-01-07 12:00:00","East of England",8.748
"2023-01-07 12:00:00","North West",7.564
"2023-01-08 12:00:00","London",6.221
"2023-01-08 12:00:00","South East",5.387
"2023-01-08 12:00:00","South West",5.479
"2023-01-08 12:00:00","Midlands",4.941
"2023-01-08 12:00:00","North East and Yorkshire",4.026
"2023-01-08 12:00:00","East of England",5.465
"2023-01-08 12:00:00","North West",4.646
"2023-01-09 12:00:00","London",8.22
"2023-01-09 12:00:00","South East",7.337
"2023-01-09 12:00:00","South West",7.712
"2023-01-09 12:00:00","Midlands",5.771
"2023-01-09 12:00:00","North East and Yorkshire",4.669
"2023-01-09 12:00:00","East of England",6.72
"2023-01-09 12:00:00","North West",5.018
"2023-01-10 12:00:00","London",7.127
"2023-01-10 12:00:00","South East",6.209
"2023-01-10 12:00:00","South West",5.816
"2023-01-10 12:00:00","Midlands",4.184
"2023-01-10 12:00:00","North East and Yorkshire",3.353
"2023-01-10 12:00:00","East of England",5.584
"2023-01-10 12:00:00","North West",4.174
"2023-01-11 12:00:00","London",6.964
"2023-01-11 12:00:00","South East",6.067
"2023-01-11 12:00:00","South West",5.805
"2023-01-11 12:00:00","Midlands",5.37
"2023-01-11 12:00:00","North East and Yorkshire",4.268
"2023-01-11 12:00:00","East of England",6.329
"2023-01-11 12:00:00","North West",4.497
"2023-01-12 12:00:00","London",5.362
"2023-01-12 12:00:00","South East",4.887
"2023-01-12 12:00:00","South West",5.298
"2023-01-12 12:00:00","Midlands",4.059
"2023-01-12 12:00:00","North East and Yorkshire",3.971
"2023-01-12 12:00:00","East of England",4.636
"2023-01-12 12:00:00","North West",4.449
"2023-01-13 12:00:00","London",7.583
"2023-01-13 12:00:00","South East",6.693
"2023-01-13 12:00:00","South West",5.367
"2023-01-13 12:00:00","Midlands",5.936
"2023-01-13 12:00:00","North East and Yorkshire",5.279
"2023-01-13 12:00:00","East of England",6.532
"2023-01-13 12:00:00","North West",4.913
"2023-01-14 12:00:00","London",0.043
"2023-01-14 12:00:00","South East",-0.495
"2023-01-14 12:00:00","South West",-0.693
"2023-01-14 12:00:00","Midlands",0.527
"2023-01-14 12:00:00","North East and Yorkshire",2.016
"2023-01-14 12:00:00","East of England",0.758
"2023-01-14 12:00:00","North West",1.413
"2023-01-15 12:00:00","London",-0.998
"2023-01-15 12:00:00","South East",-1.516
"2023-01-15 12:00:00","South West",-1.721
"2023-01-15 12:00:00","Midlands",-1.93
"2023-01-15 12:00:00","North East and Yorkshire",-1.203
"2023-01-15 12:00:00","East of England",-0.59
"2023-01-15 12:00:00","North West",-2.182
"2023-01-16 12:00:00","London",-0.963
"2023-01-16 12:00:00","South East",-1.854
"2023-01-16 12:00:00","South West",-2.172
"2023-01-16 12:00:00","Midlands",-1.615
"2023-01-16 12:00:00","North East and Yorkshire",-0.157
"2023-01-16 12:00:00","East of England",-0.867
"2023-01-16 12:00:00","North West",-1.4
"2023-01-17 12:00:00","London",6.946
"2023-01-17 12:00:00","South East",6.205
"2023-01-17 12:00:00","South West",6.366
"2023-01-17 12:00:00","Midlands",4.614
"2023-01-17 12:00:00","North East and Yorkshire",4.073
"2023-01-17 12:00:00","East of England",5.438
"2023-01-17 12:00:00","North West",4.153
"2023-01-18 12:00:00","London",2.578
"2023-01-18 12:00:00","South East",2.001
"2023-01-18 12:00:00","South West",1.141
"2023-01-18 12:00:00","Midlands",1.929
"2023-01-18 12:00:00","North East and Yorkshire",2.868
"2023-01-18 12:00:00","East of England",2.628
"2023-01-18 12:00:00","North West",3.409
"2023-01-19 12:00:00","London",0.413
"2023-01-19 12:00:00","South East",0.096
"2023-01-19 12:00:00","South West",1.501
"2023-01-19 12:00:00","Midlands",0.9
"2023-01-19 12:00:00","North East and Yorkshire",2.803
"2023-01-19 12:00:00","East of England",-0.445
"2023-01-19 12:00:00","North West",2.852
"2023-01-20 12:00:00","London",6.244
"2023-01-20 12:00:00","South East",5.402
"2023-01-20 12:00:00","South West",6.593
"2023-01-20 12:00:00","Midlands",3.132
"2023-01-20 12:00:00","North East and Yorkshire",4.007
"2023-01-20 12:00:00","East of England",5.101
"2023-01-20 12:00:00","North West",2.645
"2023-01-21 12:00:00","London",4.754
"2023-01-21 12:00:00","South East",4.573
"2023-01-21 12:00:00","South West",6.36
"2023-01-21 12:00:00","Midlands",4.923
"2023-01-21 12:00:00","North East and Yorkshire",5.912
"2023-01-21 12:00:00","East of England",4.625
"2023-01-21 12:00:00","North West",4.694
"2023-01-22 12:00:00","London",6.884
"2023-01-22 12:00:00","South East",5.678
"2023-01-22 12:00:00","South West",6.792
"2023-01-22 12:00:00","Midlands",6.504
"2023-01-22 12:00:00","North East and Yorkshire",6.812
"2023-01-22 12:00:00","East of England",5.642
"2023-01-22 12:00:00","North West",6.376
"2023-01-23 12:00:00","London",1.579
"2023-01-23 12:00:00","South East",1.731
"2023-01-23 12:00:00","South West",3.272
"2023-01-23 12:00:00","Midlands",3.357
"2023-01-23 12:00:00","North East and Yorkshire",4.028
"2023-01-23 12:00:00","East of England",2.189
"2023-01-23 12:00:00","North West",2.002
"2023-01-24 12:00:00","London",-1.583
"2023-01-24 12:00:00","South East",-2.196
"2023-01-24 12:00:00","South West",-1.783
"2023-01-24 12:00:00","Midlands",-2.199
"2023-01-24 12:00:00","North East and Yorkshire",-2.699
"2023-01-24 12:00:00","East of England",-2.318
"2023-01-24 12:00:00","North West",-1.84
"2023-01-25 12:00:00","London",-1.564
"2023-01-25 12:00:00","South East",-2.243
"2023-01-25 12:00:00","South West",-2.274
"2023-01-25 12:00:00","Midlands",-3.308
"2023-01-25 12:00:00","North East and Yorkshire",-3.867
"2023-01-25 12:00:00","East of England",-2.722
"2023-01-25 12:00:00","North West",-3.568
"2023-01-26 12:00:00","London",-3.305
"2023-01-26 12:00:00","South East",-4.193
"2023-01-26 12:00:00","South West",-3.394
"2023-01-26 12:00:00","Midlands",-5.136
"2023-01-26 12:00:00","North East and Yorkshire",-5.267
"2023-01-26 12:00:00","East of England",-4.927
"2023-01-26 12:00:00","North West",-4.267
"2023-01-27 12:00:00","London",-1.506
"2023-01-27 12:00:00","South East",-2.225
"2023-01-27 12:00:00","South West",-1.116
"2023-01-27 12:00:00","Midlands",-3.014
"2023-01-27 12:00:00","North East and Yorkshire",-5.219
"2023-01-27 12:00:00","East of England",-3.051
"2023-01-27 12:00:00","North West",-2.023
"2023-01-28 12:00:00","London",-3.808
"2023-01-28 12:00:00","South East",-3.804
"2023-01-28 12:00:00","South West",-2.214
"2023-01-28 12:00:00","Midlands",-3.992
"2023-01-28 12:00:00","North East and Yorkshire",-3.528
"2023-01-28 12:00:00","East of England",-3.471
"2023-01-28 12:00:00","North West",-2.8
"2023-01-29 12:00:00","London",-2.913
"2023-01-29 12:00:00","South East",-2.426
"2023-01-29 12:00:00","South West",-0.513
"2023-01-29 12:00:00","Midlands",-3.194
"2023-01-29 12:00:00","North East and Yorkshire",-2.421
"2023-01-29 12:00:00","East of England",-2.304
"2023-01-29 12:00:00","North West",-1.898
"2023-01-30 12:00:00","London",1.414
"2023-01-30 12:00:00","South East",1.307
"2023-01-30 12:00:00","South West",3.804
"2023-01-30 12:00:00","Midlands",1.156
"2023-01-30 12:00:00","North East and Yorkshire",0.859
"2023-01-30 12:00:00","East of England",0.48
"2023-01-30 12:00:00","North West",2.414
"2023-01-31 12:00:00","London",-0.33
"2023-01-31 12:00:00","South East",-0.258
"2023-01-31 12:00:00","South West",2.34
"2023-01-31 12:00:00","Midlands",-0.756
"2023-01-31 12:00:00","North East and Yorkshire",-1.377
"2023-01-31 12:00:00","East of England",-1.073
"2023-01-31 12:00:00","North West",-0.44
"2023-02-01 12:00:00","London",-0.147
"2023-02-01 12:00:00","South East",0.144
"2023-02-01 12:00:00","South West",1.94
"2023-02-01 12:00:00","Midlands",0.192
"2023-02-01 12:00:00","North East and Yorkshire",-0.062
"2023-02-01 12:00:00","East of England",-0.712
"2023-02-01 12:00:00","North West",1.155
"2023-02-02 12:00:00","London",2.678
"2023-02-02 12:00:00","South East",3.628
"2023-02-02 12:00:00","South West",4.709
"2023-02-02 12:00:00","Midlands",3.392
"2023-02-02 12:00:00","North East and Yorkshire",3.404
"2023-02-02 12:00:00","East of England",3.088
"2023-02-02 12:00:00","North West",3.778
"2023-02-03 12:00:00","London",9.399
"2023-02-03 12:00:00","South East",8.227
"2023-02-03 12:00:00","South West",8.556
"2023-02-03 12:00:00","Midlands",8.195
"2023-02-03 12:00:00","North East and Yorkshire",6.804
"2023-02-03 12:00:00","East of England",8.309
"2023-02-03 12:00:00","North West",7.256
"2023-02-04 12:00:00","London",10.491
"2023-02-04 12:00:00","South East",9.023
"2023-02-04 12:00:00","South West",9.13
"2023-02-04 12:00:00","Midlands",9.389
"2023-02-04 12:00:00","North East and Yorkshire",7.074
"2023-02-04 12:00:00","East of England",9.322
"2023-02-04 12:00:00","North West",7.789
"2023-02-05 12:00:00","London",7.237
"2023-02-05 12:00:00","South East",5.865
"2023-02-05 12:00:00","South West",5.344
"2023-02-05 12:00:00","Midlands",6.002
"2023-02-05 12:00:00","North East and Yorkshire",4.002
"2023-02-05 12:00:00","East of England",6.922
"2023-02-05 12:00:00","North West",5.119
"2023-02-06 12:00:00","London",5.98
"2023-02-06 12:00:00","South East",4.909
"2023-02-06 12:00:00","South West",5.285
"2023-02-06 12:00:00","Midlands",6.153
"2023-02-06 12:00:00","North East and Yorkshire",5.959
"2023-02-06 12:00:00","East of England",5.499
"2023-02-06 12:00:00","North West",6.383
"2023-02-07 12:00:00","London",-4.815
"2023-02-07 12:00:00","South East",-5.397
"2023-02-07 12:00:00","South West",-4.199
"2023-02-07 12:00:00","Midlands",-3.393
"2023-02-07 12:00:00","North East and Yorkshire",-2.972
"2023-02-07 12:00:00","East of England",-3.818
"2023-02-07 12:00:00","North West",-2.727
"2023-02-08 12:00:00","London",-3.642
"2023-02-08 12:00:00","South East",-4.005
"2023-02-08 12:00:00","South West",-2.717
"2023-02-08 12:00:00","Midlands",-2.065
"2023-02-08 12:00:00","North East and Yorkshire",-3.925
"2023-02-08 12:00:00","East of England",-2.891
"2023-02-08 12:00:00","North West",-2.375
"2023-02-09 12:00:00","London",-5.803
"2023-02-09 12:00:00","South East",-5.641
"2023-02-09 12:00:00","South West",-5.71
"2023-02-09 12:00:00","Midlands",-6.515
"2023-02-09 12:00:00","North East and Yorkshire",-5.263
"2023-02-09 12:00:00","East of England",-5.728
"2023-02-09 12:00:00","North West",-6.165
"2023-02-10 12:00:00","London",-5.136
"2023-02-10 12:00:00","South East",-5.41
"2023-02-10 12:00:00","South West",-5.216
"2023-02-10 12:00:00","Midlands",-4.661
"2023-02-10 12:00:00","North East and Yorkshire",-3.497
"2023-02-10 12:00:00","East of England",-4.683
"2023-02-10 12:00:00","North West",-4.858
"2023-02-11 12:00:00","London",-3.528
"2023-02-11 12:00:00","South East",-3.508
"2023-02-11 12:00:00","South West",-3.179
"2023-02-11 12:00:00","Midlands",-1.905
"2023-02-11 12:00:00","North East and Yorkshire",0.747
"2023-02-11 12:00:00","East of England",-2.865
"2023-02-11 12:00:00","North West",0.357
"2023-02-12 12:00:00","London",3.094
"2023-02-12 12:00:00","South East",2.907
"2023-02-12 12:00:00","South West",4.737
"2023-02-12 12:00:00","Midlands",3.144
"2023-02-12 12:00:00","North East and Yorkshire",3.446
"2023-02-12 12:00:00","East of England",2.466
"2023-02-12 12:00:00","North West",4.023
"2023-02-13 12:00:00","London",8.512
"2023-02-13 12:00:00","South East",7.562
"2023-02-13 12:00:00","South West",7.092
"2023-02-13 12:00:00","Midlands",7.218
"2023-02-13 12:00:00","North East and Yorkshire",6.43
"2023-02-13 12:00:00","East of England",7.47
"2023-02-13 12:00:00","North West",6.634
"2023-02-14 12:00:00","London",-2.325
"2023-02-14 12:00:00","South East",-2.731
"2023-02-14 12:00:00","South West",-1.82
"2023-02-14 12:00:00","Midlands",-2.054
"2023-02-14 12:00:00","North East and Yorkshire",-1.061
"2023-02-14 12:00:00","East of England",-2.37
"2023-02-14 12:00:00","North West",-1.848
"2023-02-15 12:00:00","London",-1.378
"2023-02-15 12:00:00","South East",-1.118
"2023-02-15 12:00:00","South West",0.691
"2023-02-15 12:00:00","Midlands",-0.58
"2023-02-15 12:00:00","North East and Yorkshire",0.707
"2023-02-15 12:00:00","East of England",-1.037
"2023-02-15 12:00:00","North West",-0.735
"2023-02-16 12:00:00","London",-0.411
"2023-02-16 12:00:00","South East",-0.671
"2023-02-16 12:00:00","South West",0.568
"2023-02-16 12:00:00","Midlands",-0.931
"2023-02-16 12:00:00","North East and Yorkshire",0.332
"2023-02-16 12:00:00","East of England",0.176
"2023-02-16 12:00:00","North West",-1.223
"2023-02-17 12:00:00","London",-2.502
"2023-02-17 12:00:00","South East",-2.849
"2023-02-17 12:00:00","South West",-3.84
"2023-02-17 12:00:00","Midlands",-2.745
"2023-02-17 12:00:00","North East and Yorkshire",-1.147
"2023-02-17 12:00:00","East of England",-2.11
"2023-02-17 12:00:00","North West",-1.94
"2023-02-18 12:00:00","London",-1.062
"2023-02-18 12:00:00","South East",-1.256
"2023-02-18 12:00:00","South West",-2.076
"2023-02-18 12:00:00","Midlands",0.456
"2023-02-18 12:00:00","North East and Yorkshire",1.568
"2023-02-18 12:00:00","East of England",-1.1
"2023-02-18 12:00:00","North West",2.613
"2023-02-19 12:00:00","London",4.728
"2023-02-19 12:00:00","South East",3.282
"2023-02-19 12:00:00","South West",1.856
"2023-02-19 12:00:00","Midlands",3.152
"2023-02-19 12:00:00","North East and Yorkshire",2.766
"2023-02-19 12:00:00","East of England",1.777
"2023-02-19 12:00:00","North West",4.878
"2023-02-20 12:00:00","London",4.123
"2023-02-20 12:00:00","South East",3.334
"2023-02-20 12:00:00","South West",3.084
"2023-02-20 12:00:00","Midlands",1.622
"2023-02-20 12:00:00","North East and Yorkshire",2.161
"2023-02-20 12:00:00","East of England",3.312
"2023-02-20 12:00:00","North West",2.064
"2023-02-21 12:00:00","London",2.71
"2023-02-21 12:00:00","South East",2.088
"2023-02-21 12:00:00","South West",2.721
"2023-02-21 12:00:00","Midlands",1.76
"2023-02-21 12:00:00","North East and Yorkshire",1.503
"2023-02-21 12:00:00","East of England",1.671
"2023-02-21 12:00:00","North West",1.907
"2023-02-22 12:00:00","London",6.58
"2023-02-22 12:00:00","South East",5.969
"2023-02-22 12:00:00","South West",6.449
"2023-02-22 12:00:00","Midlands",5.571
"2023-02-22 12:00:00","North East and Yorkshire",4.259
"2023-02-22 12:00:00","East of England",5.609
"2023-02-22 12:00:00","North West",5.24
"2023-02-23 12:00:00","London",5.617
"2023-02-23 12:00:00","South East",4.862
"2023-02-23 12:00:00","South West",4.959
"2023-02-23 12:00:00","Midlands",4.069
"2023-02-23 12:00:00","North East and Yorkshire",4.55
"2023-02-23 12:00:00","East of England",4.661
"2023-02-23 12:00:00","North West",4.821
"2023-02-24 12:00:00","London",3.068
"2023-02-24 12:00:00","South East",2.22
"2023-02-24 12:00:00","South West",1.957
"2023-02-24 12:00:00","Midlands",1.406
"2023-02-24 12:00:00","North East and Yorkshire",-0.416
"2023-02-24 12:00:00","East of England",2.006
"2023-02-24 12:00:00","North West",1.115
"2023-02-25 12:00:00","London",6.54
"2023-02-25 12:00:00","South East",5.675
"2023-02-25 12:00:00","South West",5.209
"2023-02-25 12:00:00","Midlands",4.688
"2023-02-25 12:00:00","North East and Yorkshire",2.936
"2023-02-25 12:00:00","East of England",5.834
"2023-02-25 12:00:00","North West",3.952
"2023-02-26 12:00:00","London",5.621
"2023-02-26 12:00:00","South East",5.182
"2023-02-26 12:00:00","South West",5.321
"2023-02-26 12:00:00","Midlands",1.466
"2023-02-26 12:00:00","North East and Yorkshire",1.736
"2023-02-26 12:00:00","East of England",4.071
"2023-02-26 12:00:00","North West",2.09
"2023-02-27 12:00:00","London",2.396
"2023-02-27 12:00:00","South East",2.098
"2023-02-27 12:00:00","South West",2.642
"2023-02-27 12:00:00","Midlands",1.347
"2023-02-27 12:00:00","North East and Yorkshire",1.3
"2023-02-27 12:00:00","East of England",1.712
"2023-02-27 12:00:00","North West",1.698
"2023-02-28 12:00:00","London",4.251
"2023-02-28 12:00:00","South East",3.625
"2023-02-28 12:00:00","South West",3.979
"2023-02-28 12:00:00","Midlands",2.911
"2023-02-28 12:00:00","North East and Yorkshire",2.274
"2023-02-28 12:00:00","East of England",3.349
"2023-02-28 12:00:00","North West",3.249
"2023-03-01 12:00:00","London",0.869
"2023-03-01 12:00:00","South East",0.954
"2023-03-01 12:00:00","South West",2.038
"2023-03-01 12:00:00","Midlands",1.427
"2023-03-01 12:00:00","North East and Yorkshire",0.278
"2023-03-01 12:00:00","East of England",0.585
"2023-03-01 12:00:00","North West",1.599
"2023-03-02 12:00:00","London",-0.835
"2023-03-02 12:00:00","South East",-1.485
"2023-03-02 12:00:00","South West",-0.133
"2023-03-02 12:00:00","Midlands",-1.749
"2023-03-02 12:00:00","North East and Yorkshire",0.563
"2023-03-02 12:00:00","East of England",-1.623
"2023-03-02 12:00:00","North West",-0.225
"2023-03-03 12:00:00","London",-0.098
"2023-03-03 12:00:00","South East",-0.773
"2023-03-03 12:00:00","South West",1.296
"2023-03-03 12:00:00","Midlands",-1.243
"2023-03-03 12:00:00","North East and Yorkshire",-1.094
"2023-03-03 12:00:00","East of England",-1.221
"2023-03-03 12:00:00","North West",-0.55
"2023-03-04 12:00:00","London",2.693
"2023-03-04 12:00:00","South East",2.608
"2023-03-04 12:00:00","South West",3.134
"2023-03-04 12:00:00","Midlands",0.761
"2023-03-04 12:00:00","North East and Yorkshire",1.206
"2023-03-04 12:00:00","East of England",2.662
"2023-03-04 12:00:00","North West",0.946
"2023-03-05 12:00:00","London",7.18
"2023-03-05 12:00:00","South East",6.314
"2023-03-05 12:00:00","South West",5.697
"2023-03-05 12:00:00","Midlands",5.301
"2023-03-05 12:00:00","North East and Yorkshire",4.969
"2023-03-05 12:00:00","East of England",6.198
"2023-03-05 12:00:00","North West",4.52
"2023-03-06 12:00:00","London",5.603
"2023-03-06 12:00:00","South East",4.758
"2023-03-06 12:00:00","South West",4.541
"2023-03-06 12:00:00","Midlands",3.451
"2023-03-06 12:00:00","North East and Yorkshire",3.158
"2023-03-06 12:00:00","East of England",4.635
"2023-03-06 12:00:00","North West",3.967
"2023-03-07 12:00:00","London",0.831
"2023-03-07 12:00:00","South East",-0.56
"2023-03-07 12:00:00","South West",0.39
"2023-03-07 12:00:00","Midlands",0.92
"2023-03-07 12:00:00","North East and Yorkshire",2.41
"2023-03-07 12:00:00","East of England",-0.342
"2023-03-07 12:00:00","North West",1.948
"2023-03-08 12:00:00","London",4.409
"2023-03-08 12:00:00","South East",2.902
"2023-03-08 12:00:00","South West",1.8
"2023-03-08 12:00:00","Midlands",5.328
"2023-03-08 12:00:00","North East and Yorkshire",7.377
"2023-03-08 12:00:00","East of England",3.695
"2023-03-08 12:00:00","North West",6.252
"2023-03-09 12:00:00","London",6.871
"2023-03-09 12:00:00","South East",3.422
"2023-03-09 12:00:00","South West",1.869
"2023-03-09 12:00:00","Midlands",1.873
"2023-03-09 12:00:00","North East and Yorkshire",3.246
"2023-03-09 12:00:00","East of England",4.964
"2023-03-09 12:00:00","North West",1.952
"2023-03-10 12:00:00","London",2.081
"2023-03-10 12:00:00","South East",1.03
"2023-03-10 12:00:00","South West",1.934
"2023-03-10 12:00:00","Midlands",1.817
"2023-03-10 12:00:00","North East and Yorkshire",2.56
"2023-03-10 12:00:00","East of England",1.979
"2023-03-10 12:00:00","North West",0.758
"2023-03-11 12:00:00","London",4.486
"2023-03-11 12:00:00","South East",2.395
"2023-03-11 12:00:00","South West",1.981
"2023-03-11 12:00:00","Midlands",1.631
"2023-03-11 12:00:00","North East and Yorkshire",1.601
"2023-03-11 12:00:00","East of England",2.901
"2023-03-11 12:00:00","North West",1.628
"2023-03-12 12:00:00","London",8.163
"2023-03-12 12:00:00","South East",5.679
"2023-03-12 12:00:00","South West",4.469
"2023-03-12 12:00:00","Midlands",4.721
"2023-03-12 12:00:00","North East and Yorkshire",3.747
"2023-03-12 12:00:00","East of England",6.328
"2023-03-12 12:00:00","North West",5.098
"2023-03-13 12:00:00","London",3.745
"2023-03-13 12:00:00","South East",2.596
"2023-03-13 12:00:00","South West",2.741
"2023-03-13 12:00:00","Midlands",1.411
"2023-03-13 12:00:00","North East and Yorkshire",0.839
"2023-03-13 12:00:00","East of England",1.752
"2023-03-13 12:00:00","North West",3.233
"2023-03-14 12:00:00","London",4.039
"2023-03-14 12:00:00","South East",2.922
"2023-03-14 12:00:00","South West",4.161
"2023-03-14 12:00:00","Midlands",5.582
"2023-03-14 12:00:00","North East and Yorkshire",6.15
"2023-03-14 12:00:00","East of England",3.457
"2023-03-14 12:00:00","North West",5.91
"2023-03-15 12:00:00","London",9.291
"2023-03-15 12:00:00","South East",7.908
"2023-03-15 12:00:00","South West",8.698
"2023-03-15 12:00:00","Midlands",7.608
"2023-03-15 12:00:00","North East and Yorkshire",6.089
"2023-03-15 12:00:00","East of England",8.336
"2023-03-15 12:00:00","North West",5.476
"2023-03-16 12:00:00","London",6.415
"2023-03-16 12:00:00","South East",6.044
"2023-03-16 12:00:00","South West",5.633
"2023-03-16 12:00:00","Midlands",4.243
"2023-03-16 12:00:00","North East and Yorkshire",1.962
"2023-03-16 12:00:00","East of England",5.406
"2023-03-16 12:00:00","North West",2.659
"2023-03-17 12:00:00","London",6.31
"2023-03-17 12:00:00","South East",5.1
"2023-03-17 12:00:00","South West",4.152
"2023-03-17 12:00:00","Midlands",3.748
"2023-03-17 12:00:00","North East and Yorkshire",1.098
"2023-03-17 12:00:00","East of England",5.064
"2023-03-17 12:00:00","North West",1.848
"2023-03-18 12:00:00","London",4.276
"2023-03-18 12:00:00","South East",3.543
"2023-03-18 12:00:00","South West",3.439
"2023-03-18 12:00:00","Midlands",2.426
"2023-03-18 12:00:00","North East and Yorkshire",1.712
"2023-03-18 12:00:00","East of England",2.876
"2023-03-18 12:00:00","North West",2.238
"2023-03-19 12:00:00","London",3.479
"2023-03-19 12:00:00","South East",2.268
"2023-03-19 12:00:00","South West",1.96
"2023-03-19 12:00:00","Midlands",0.721
"2023-03-19 12:00:00","North East and Yorkshire",2.842
"2023-03-19 12:00:00","East of England",1.291
"2023-03-19 12:00:00","North West",1.242
"2023-03-20 12:00:00","London",2.069
"2023-03-20 12:00:00","South East",0.82
"2023-03-20 12:00:00","South West",1.469
"2023-03-20 12:00:00","Midlands",-1.846
"2023-03-20 12:00:00","North East and Yorkshire",-1.217
"2023-03-20 12:00:00","East of England",0.817
"2023-03-20 12:00:00","North West",-1.345
"2023-03-21 12:00:00","London",2.71
"2023-03-21 12:00:00","South East",2.088
"2023-03-21 12:00:00","South West",2.721
"2023-03-21 12:00:00","Midlands",1.76
"2023-03-21 12:00:00","North East and Yorkshire",1.503
"2023-03-21 12:00:00","East of England",1.671
"2023-03-21 12:00:00","North West",1.907
"2023-03-22 12:00:00","London",6.58
"2023-03-22 12:00:00","South East",5.969
"2023-03-22 12:00:00","South West",6.449
"2023-03-22 12:00:00","Midlands",5.571
"2023-03-22 12:00:00","North East and Yorkshire",4.259
"2023-03-22 12:00:00","East of England",5.609
"2023-03-22 12:00:00","North West",5.24
"2023-03-23 12:00:00","London",5.617
"2023-03-23 12:00:00","South East",4.862
"2023-03-23 12:00:00","South West",4.959
"2023-03-23 12:00:00","Midlands",4.069
"2023-03-23 12:00:00","North East and Yorkshire",4.55
"2023-03-23 12:00:00","East of England",4.661
"2023-03-23 12:00:00","North West",4.821
"2023-03-24 12:00:00","London",3.068
"2023-03-24 12:00:00","South East",2.22
"2023-03-24 12:00:00","South West",1.957
"2023-03-24 12:00:00","Midlands",1.406
"2023-03-24 12:00:00","North East and Yorkshire",-0.416
"2023-03-24 12:00:00","East of England",2.006
"2023-03-24 12:00:00","North West",1.115
"2023-03-25 12:00:00","London",6.54
"2023-03-25 12:00:00","South East",5.675
"2023-03-25 12:00:00","South West",5.209
"2023-03-25 12:00:00","Midlands",4.688
"2023-03-25 12:00:00","North East and Yorkshire",2.936
"2023-03-25 12:00:00","East of England",5.834
"2023-03-25 12:00:00","North West",3.952
"2023-03-26 12:00:00","London",5.621
"2023-03-26 12:00:00","South East",5.182
"2023-03-26 12:00:00","South West",5.321
"2023-03-26 12:00:00","Midlands",1.466
"2023-03-26 12:00:00","North East and Yorkshire",1.736
"2023-03-26 12:00:00","East of England",4.071
"2023-03-26 12:00:00","North West",2.09
"2023-03-27 12:00:00","London",2.396
"2023-03-27 12:00:00","South East",2.098
"2023-03-27 12:00:00","South West",2.642
"2023-03-27 12:00:00","Midlands",1.347
"2023-03-27 12:00:00","North East and Yorkshire",1.3
"2023-03-27 12:00:00","East of England",1.712
"2023-03-27 12:00:00","North West",1.698
"2023-03-28 12:00:00","London",10.161
"2023-03-28 12:00:00","South East",9.016
"2023-03-28 12:00:00","South West",9.633
"2023-03-28 12:00:00","Midlands",8.909
"2023-03-28 12:00:00","North East and Yorkshire",9.298
"2023-03-28 12:00:00","East of England",8.706
"2023-03-28 12:00:00","North West",8.391
"2023-03-29 12:00:00","London",9.931
"2023-03-29 12:00:00","South East",8.432
"2023-03-29 12:00:00","South West",9.503
"2023-03-29 12:00:00","Midlands",10.164
"2023-03-29 12:00:00","North East and Yorkshire",7.983
"2023-03-29 12:00:00","East of England",9.534
"2023-03-29 12:00:00","North West",8.073
"2023-03-30 12:00:00","London",6.789
"2023-03-30 12:00:00","South East",6.232
"2023-03-30 12:00:00","South West",6.793
"2023-03-30 12:00:00","Midlands",5.74
"2023-03-30 12:00:00","North East and Yorkshire",5.144
"2023-03-30 12:00:00","East of England",6.276
"2023-03-30 12:00:00","North West",5.393
"2023-03-31 12:00:00","London",9.516
"2023-03-31 12:00:00","South East",8.082
"2023-03-31 12:00:00","South West",7.711
"2023-03-31 12:00:00","Midlands",8.102
"2023-03-31 12:00:00","North East and Yorkshire",7.11
"2023-03-31 12:00:00","East of England",8.037
"2023-03-31 12:00:00","North West",6.855
"2023-04-01 12:00:00","London",4
"2023-04-01 12:00:00","South East",3.207
"2023-04-01 12:00:00","South West",3.682
"2023-04-01 12:00:00","Midlands",3.158
"2023-04-01 12:00:00","North East and Yorkshire",3.307
"2023-04-01 12:00:00","East of England",3.21
"2023-04-01 12:00:00","North West",3.919
"2023-04-02 12:00:00","London",5.392
"2023-04-02 12:00:00","South East",3.992
"2023-04-02 12:00:00","South West",4.462
"2023-04-02 12:00:00","Midlands",4.488
"2023-04-02 12:00:00","North East and Yorkshire",4.324
"2023-04-02 12:00:00","East of England",4.669
"2023-04-02 12:00:00","North West",4.694
"2023-04-03 12:00:00","London",3.617
"2023-04-03 12:00:00","South East",3.307
"2023-04-03 12:00:00","South West",5.804
"2023-04-03 12:00:00","Midlands",3.524
"2023-04-03 12:00:00","North East and Yorkshire",1.572
"2023-04-03 12:00:00","East of England",1.592
"2023-04-03 12:00:00","North West",3.167
"2023-04-04 12:00:00","London",6.034
"2023-04-04 12:00:00","South East",6.119
"2023-04-04 12:00:00","South West",8.582
"2023-04-04 12:00:00","Midlands",7.433
"2023-04-04 12:00:00","North East and Yorkshire",8.092
"2023-04-04 12:00:00","East of England",5.963
"2023-04-04 12:00:00","North West",8.459
"2023-04-05 12:00:00","London",9.695
"2023-04-05 12:00:00","South East",7.758
"2023-04-05 12:00:00","South West",5.992
"2023-04-05 12:00:00","Midlands",8.642
"2023-04-05 12:00:00","North East and Yorkshire",8.254
"2023-04-05 12:00:00","East of England",9.354
"2023-04-05 12:00:00","North West",8.234
"2023-04-06 12:00:00","London",11.118
"2023-04-06 12:00:00","South East",10.086
"2023-04-06 12:00:00","South West",8.525
"2023-04-06 12:00:00","Midlands",9.555
"2023-04-06 12:00:00","North East and Yorkshire",8.362
"2023-04-06 12:00:00","East of England",9.933
"2023-04-06 12:00:00","North West",8.99
"2023-04-07 12:00:00","London",9.17
"2023-04-07 12:00:00","South East",8.199
"2023-04-07 12:00:00","South West",7.812
"2023-04-07 12:00:00","Midlands",9.45
"2023-04-07 12:00:00","North East and Yorkshire",8.29
"2023-04-07 12:00:00","East of England",9.395
"2023-04-07 12:00:00","North West",8.211
"2023-04-08 12:00:00","London",7.168
"2023-04-08 12:00:00","South East",5.828
"2023-04-08 12:00:00","South West",4.437
"2023-04-08 12:00:00","Midlands",8.329
"2023-04-08 12:00:00","North East and Yorkshire",9.425
"2023-04-08 12:00:00","East of England",6.378
"2023-04-08 12:00:00","North West",9.071
"2023-04-09 12:00:00","London",5.366
"2023-04-09 12:00:00","South East",4.199
"2023-04-09 12:00:00","South West",5.094
"2023-04-09 12:00:00","Midlands",5.288
"2023-04-09 12:00:00","North East and Yorkshire",8.271
"2023-04-09 12:00:00","East of England",5.401
"2023-04-09 12:00:00","North West",6.66
"2023-04-10 12:00:00","London",8.087
"2023-04-10 12:00:00","South East",7.639
"2023-04-10 12:00:00","South West",7.023
"2023-04-10 12:00:00","Midlands",8.208
"2023-04-10 12:00:00","North East and Yorkshire",9.368
"2023-04-10 12:00:00","East of England",7.811
"2023-04-10 12:00:00","North West",8.347
"2023-04-11 12:00:00","London",-0.498
"2023-04-11 12:00:00","South East",-1.439
"2023-04-11 12:00:00","South West",-1.09
"2023-04-11 12:00:00","Midlands",-1.397
"2023-04-11 12:00:00","North East and Yorkshire",-1.403
"2023-04-11 12:00:00","East of England",-1.125
"2023-04-11 12:00:00","North West",-0.421
"2023-04-12 12:00:00","London",-2.189
"2023-04-12 12:00:00","South East",-2.836
"2023-04-12 12:00:00","South West",-1.744
"2023-04-12 12:00:00","Midlands",-2.704
"2023-04-12 12:00:00","North East and Yorkshire",-2.397
"2023-04-12 12:00:00","East of England",-2.212
"2023-04-12 12:00:00","North West",-2.052
"2023-04-13 12:00:00","London",2.676
"2023-04-13 12:00:00","South East",1.229
"2023-04-13 12:00:00","South West",1.188
"2023-04-13 12:00:00","Midlands",2.294
"2023-04-13 12:00:00","North East and Yorkshire",1.957
"2023-04-13 12:00:00","East of England",1.736
"2023-04-13 12:00:00","North West",3.188
"2023-04-14 12:00:00","London",4.503
"2023-04-14 12:00:00","South East",2.668
"2023-04-14 12:00:00","South West",2.466
"2023-04-14 12:00:00","Midlands",4.212
"2023-04-14 12:00:00","North East and Yorkshire",3.148
"2023-04-14 12:00:00","East of England",4.265
"2023-04-14 12:00:00","North West",3.828
"2023-04-15 12:00:00","London",5.782
"2023-04-15 12:00:00","South East",4.256
"2023-04-15 12:00:00","South West",2.855
"2023-04-15 12:00:00","Midlands",-0.204
"2023-04-15 12:00:00","North East and Yorkshire",-1.521
"2023-04-15 12:00:00","East of England",4.044
"2023-04-15 12:00:00","North West",-1.074
"2023-04-16 12:00:00","London",0.774
"2023-04-16 12:00:00","South East",-0.104
"2023-04-16 12:00:00","South West",0.202
"2023-04-16 12:00:00","Midlands",-0.792
"2023-04-16 12:00:00","North East and Yorkshire",-1.386
"2023-04-16 12:00:00","East of England",-0.765
"2023-04-16 12:00:00","North West",-0.967
"2023-04-17 12:00:00","London",-1.216
"2023-04-17 12:00:00","South East",-1.807
"2023-04-17 12:00:00","South West",-0.539
"2023-04-17 12:00:00","Midlands",-1.282
"2023-04-17 12:00:00","North East and Yorkshire",-3.004
"2023-04-17 12:00:00","East of England",-1.948
"2023-04-17 12:00:00","North West",-2.036
"2023-04-18 12:00:00","London",4.248
"2023-04-18 12:00:00","South East",2.903
"2023-04-18 12:00:00","South West",3.46
"2023-04-18 12:00:00","Midlands",4.126
"2023-04-18 12:00:00","North East and Yorkshire",3.966
"2023-04-18 12:00:00","East of England",2.316
"2023-04-18 12:00:00","North West",4.87
"2023-04-19 12:00:00","London",5.966
"2023-04-19 12:00:00","South East",3.72
"2023-04-19 12:00:00","South West",3.743
"2023-04-19 12:00:00","Midlands",2.658
"2023-04-19 12:00:00","North East and Yorkshire",3.651
"2023-04-19 12:00:00","East of England",4.339
"2023-04-19 12:00:00","North West",2.851
"2023-04-20 12:00:00","London",5.74
"2023-04-20 12:00:00","South East",2.942
"2023-04-20 12:00:00","South West",3.877
"2023-04-20 12:00:00","Midlands",5.855
"2023-04-20 12:00:00","North East and Yorkshire",4.781
"2023-04-20 12:00:00","East of England",5.82
"2023-04-20 12:00:00","North West",3.945
"2023-04-21 12:00:00","London",5.644
"2023-04-21 12:00:00","South East",4.24
"2023-04-21 12:00:00","South West",4.036
"2023-04-21 12:00:00","Midlands",5.888
"2023-04-21 12:00:00","North East and Yorkshire",1.521
"2023-04-21 12:00:00","East of England",5.537
"2023-04-21 12:00:00","North West",2.932
"2023-04-22 12:00:00","London",2.651
"2023-04-22 12:00:00","South East",1.69
"2023-04-22 12:00:00","South West",0.865
"2023-04-22 12:00:00","Midlands",0.655
"2023-04-22 12:00:00","North East and Yorkshire",1.935
"2023-04-22 12:00:00","East of England",0.9
"2023-04-22 12:00:00","North West",1.918
"2023-04-23 12:00:00","London",9.318
"2023-04-23 12:00:00","South East",7.267
"2023-04-23 12:00:00","South West",6.572
"2023-04-23 12:00:00","Midlands",7.919
"2023-04-23 12:00:00","North East and Yorkshire",8.169
"2023-04-23 12:00:00","East of England",7.628
"2023-04-23 12:00:00","North West",7.753
"2023-04-24 12:00:00","London",7.854
"2023-04-24 12:00:00","South East",7.234
"2023-04-24 12:00:00","South West",8.002
"2023-04-24 12:00:00","Midlands",8.764
"2023-04-24 12:00:00","North East and Yorkshire",9.474
"2023-04-24 12:00:00","East of England",6.812
"2023-04-24 12:00:00","North West",8.75
"2023-04-25 12:00:00","London",10.82
"2023-04-25 12:00:00","South East",8.707
"2023-04-25 12:00:00","South West",10.385
"2023-04-25 12:00:00","Midlands",9.068
"2023-04-25 12:00:00","North East and Yorkshire",7.101
"2023-04-25 12:00:00","East of England",8.755
"2023-04-25 12:00:00","North West",9.07
"2023-04-26 12:00:00","London",9.971
"2023-04-26 12:00:00","South East",8.454
"2023-04-26 12:00:00","South West",9.478
"2023-04-26 12:00:00","Midlands",6.656
"2023-04-26 12:00:00","North East and Yorkshire",5.829
"2023-04-26 12:00:00","East of England",7.392
"2023-04-26 12:00:00","North West",7.039
"2023-04-27 12:00:00","London",8.411
"2023-04-27 12:00:00","South East",7.119
"2023-04-27 12:00:00","South West",7.511
"2023-04-27 12:00:00","Midlands",6.623
"2023-04-27 12:00:00","North East and Yorkshire",6.158
"2023-04-27 12:00:00","East of England",7.433
"2023-04-27 12:00:00","North West",6.417
"2023-04-28 12:00:00","London",5.348
"2023-04-28 12:00:00","South East",4.755
"2023-04-28 12:00:00","South West",5.145
"2023-04-28 12:00:00","Midlands",4.479
"2023-04-28 12:00:00","North East and Yorkshire",4.495
"2023-04-28 12:00:00","East of England",4.519
"2023-04-28 12:00:00","North West",5.457
"2023-04-29 12:00:00","London",7.399
"2023-04-29 12:00:00","South East",6.564
"2023-04-29 12:00:00","South West",5.87
"2023-04-29 12:00:00","Midlands",5.783
"2023-04-29 12:00:00","North East and Yorkshire",6.194
"2023-04-29 12:00:00","East of England",6.566
"2023-04-29 12:00:00","North West",5.645
"2023-04-30 12:00:00","London",7.351
"2023-04-30 12:00:00","South East",6.166
"2023-04-30 12:00:00","South West",6.017
"2023-04-30 12:00:00","Midlands",5.816
"2023-04-30 12:00:00","North East and Yorkshire",4.71
"2023-04-30 12:00:00","East of England",6.259
"2023-04-30 12:00:00","North West",5.42
"2023-05-01 12:00:00","London",3.979
"2023-05-01 12:00:00","South East",3.587
"2023-05-01 12:00:00","South West",6.589
"2023-05-01 12:00:00","Midlands",3.724
"2023-05-01 12:00:00","North East and Yorkshire",3.37
"2023-05-01 12:00:00","East of England",3.08
"2023-05-01 12:00:00","North West",3.791
"2023-05-02 12:00:00","London",10.065
"2023-05-02 12:00:00","South East",8.586
"2023-05-02 12:00:00","South West",8.124
"2023-05-02 12:00:00","Midlands",8.044
"2023-05-02 12:00:00","North East and Yorkshire",7.228
"2023-05-02 12:00:00","East of England",8.609
"2023-05-02 12:00:00","North West",7.777
"2023-05-03 12:00:00","London",9.979
"2023-05-03 12:00:00","South East",8.587
"2023-05-03 12:00:00","South West",7.731
"2023-05-03 12:00:00","Midlands",8.533
"2023-05-03 12:00:00","North East and Yorkshire",8.122
"2023-05-03 12:00:00","East of England",8.152
"2023-05-03 12:00:00","North West",8.859
"2023-05-04 12:00:00","London",6.42
"2023-05-04 12:00:00","South East",5.439
"2023-05-04 12:00:00","South West",5.651
"2023-05-04 12:00:00","Midlands",5.994
"2023-05-04 12:00:00","North East and Yorkshire",6.395
"2023-05-04 12:00:00","East of England",6.456
"2023-05-04 12:00:00","North West",6.943
"2023-05-05 12:00:00","London",8.559
"2023-05-05 12:00:00","South East",6.894
"2023-05-05 12:00:00","South West",8.035
"2023-05-05 12:00:00","Midlands",7.641
"2023-05-05 12:00:00","North East and Yorkshire",9.365
"2023-05-05 12:00:00","East of England",7.366
"2023-05-05 12:00:00","North West",9.166
"2023-05-06 12:00:00","London",12.18
"2023-05-06 12:00:00","South East",10.379
"2023-05-06 12:00:00","South West",9.425
"2023-05-06 12:00:00","Midlands",9.151
"2023-05-06 12:00:00","North East and Yorkshire",7.447
"2023-05-06 12:00:00","East of England",11.282
"2023-05-06 12:00:00","North West",7.352
"2023-05-07 12:00:00","London",9.489
"2023-05-07 12:00:00","South East",7.197
"2023-05-07 12:00:00","South West",8.028
"2023-05-07 12:00:00","Midlands",8.481
"2023-05-07 12:00:00","North East and Yorkshire",4.305
"2023-05-07 12:00:00","East of England",7.496
"2023-05-07 12:00:00","North West",7.138
"2023-05-08 12:00:00","London",4.924
"2023-05-08 12:00:00","South East",3.644
"2023-05-08 12:00:00","South West",5.836
"2023-05-08 12:00:00","Midlands",6.433
"2023-05-08 12:00:00","North East and Yorkshire",7.426
"2023-05-08 12:00:00","East of England",3.089
"2023-05-08 12:00:00","North West",8.657
"2023-05-09 12:00:00","London",9.442
"2023-05-09 12:00:00","South East",8.685
"2023-05-09 12:00:00","South West",10.273
"2023-05-09 12:00:00","Midlands",8.921
"2023-05-09 12:00:00","North East and Yorkshire",7.841
"2023-05-09 12:00:00","East of England",8.169
"2023-05-09 12:00:00","North West",9.023
"2023-05-10 12:00:00","London",12.788
"2023-05-10 12:00:00","South East",11.638
"2023-05-10 12:00:00","South West",11.324
"2023-05-10 12:00:00","Midlands",11.305
"2023-05-10 12:00:00","North East and Yorkshire",11.311
"2023-05-10 12:00:00","East of England",12.078
"2023-05-10 12:00:00","North West",10.879
"2023-05-11 12:00:00","London",12.611
"2023-05-11 12:00:00","South East",10.55
"2023-05-11 12:00:00","South West",10.171
"2023-05-11 12:00:00","Midlands",10.975
"2023-05-11 12:00:00","North East and Yorkshire",10.745
"2023-05-11 12:00:00","East of England",11.635
"2023-05-11 12:00:00","North West",10.4
"2023-05-12 12:00:00","London",11.989
"2023-05-12 12:00:00","South East",10.126
"2023-05-12 12:00:00","South West",9.788
"2023-05-12 12:00:00","Midlands",9.676
"2023-05-12 12:00:00","North East and Yorkshire",9.707
"2023-05-12 12:00:00","East of England",10.896
"2023-05-12 12:00:00","North West",8.734
"2023-05-13 12:00:00","London",9.35
"2023-05-13 12:00:00","South East",7.784
"2023-05-13 12:00:00","South West",7.641
"2023-05-13 12:00:00","Midlands",7.519
"2023-05-13 12:00:00","North East and Yorkshire",8.154
"2023-05-13 12:00:00","East of England",8.949
"2023-05-13 12:00:00","North West",7.773
"2023-05-14 12:00:00","London",9.68
"2023-05-14 12:00:00","South East",7.381
"2023-05-14 12:00:00","South West",7.52
"2023-05-14 12:00:00","Midlands",6.759
"2023-05-14 12:00:00","North East and Yorkshire",6.839
"2023-05-14 12:00:00","East of England",8.261
"2023-05-14 12:00:00","North West",7.512
"2023-05-15 12:00:00","London",11.171
"2023-05-15 12:00:00","South East",9.113
"2023-05-15 12:00:00","South West",10.134
"2023-05-15 12:00:00","Midlands",11.093
"2023-05-15 12:00:00","North East and Yorkshire",11.823
"2023-05-15 12:00:00","East of England",10.417
"2023-05-15 12:00:00","North West",11.279
"2023-05-16 12:00:00","London",11.502
"2023-05-16 12:00:00","South East",9.372
"2023-05-16 12:00:00","South West",8.309
"2023-05-16 12:00:00","Midlands",8.841
"2023-05-16 12:00:00","North East and Yorkshire",7.448
"2023-05-16 12:00:00","East of England",10.677
"2023-05-16 12:00:00","North West",8.389
"2023-05-17 12:00:00","London",12.47
"2023-05-17 12:00:00","South East",11.21
"2023-05-17 12:00:00","South West",11.36
"2023-05-17 12:00:00","Midlands",11.61
"2023-05-17 12:00:00","North East and Yorkshire",11.343
"2023-05-17 12:00:00","East of England",12.081
"2023-05-17 12:00:00","North West",11.417
"2023-05-18 12:00:00","London",11.827
"2023-05-18 12:00:00","South East",10.686
"2023-05-18 12:00:00","South West",10.434
"2023-05-18 12:00:00","Midlands",10.465
"2023-05-18 12:00:00","North East and Yorkshire",10.999
"2023-05-18 12:00:00","East of England",11.489
"2023-05-18 12:00:00","North West",9.531
"2023-05-19 12:00:00","London",8.111
"2023-05-19 12:00:00","South East",6.655
"2023-05-19 12:00:00","South West",8.3
"2023-05-19 12:00:00","Midlands",9.394
"2023-05-19 12:00:00","North East and Yorkshire",10.594
"2023-05-19 12:00:00","East of England",7.742
"2023-05-19 12:00:00","North West",9.307
"2023-05-20 12:00:00","London",7.861
"2023-05-20 12:00:00","South East",6.498
"2023-05-20 12:00:00","South West",6.26
"2023-05-20 12:00:00","Midlands",6.665
"2023-05-20 12:00:00","North East and Yorkshire",7.971
"2023-05-20 12:00:00","East of England",7.522
"2023-05-20 12:00:00","North West",7.39
"2023-05-21 12:00:00","London",12.078
"2023-05-21 12:00:00","South East",10.832
"2023-05-21 12:00:00","South West",10.529
"2023-05-21 12:00:00","Midlands",10.824
"2023-05-21 12:00:00","North East and Yorkshire",11.471
"2023-05-21 12:00:00","East of England",10.493
"2023-05-21 12:00:00","North West",10.506
"2023-05-22 12:00:00","London",10.541
"2023-05-22 12:00:00","South East",9.152
"2023-05-22 12:00:00","South West",8.336
"2023-05-22 12:00:00","Midlands",8.902
"2023-05-22 12:00:00","North East and Yorkshire",9.485
"2023-05-22 12:00:00","East of England",9.847
"2023-05-22 12:00:00","North West",9.523
"2023-05-23 12:00:00","London",7.898
"2023-05-23 12:00:00","South East",7.028
"2023-05-23 12:00:00","South West",6.859
"2023-05-23 12:00:00","Midlands",5.627
"2023-05-23 12:00:00","North East and Yorkshire",4.617
"2023-05-23 12:00:00","East of England",6.836
"2023-05-23 12:00:00","North West",5.059
"2023-05-24 12:00:00","London",3.432
"2023-05-24 12:00:00","South East",2.309
"2023-05-24 12:00:00","South West",2.783
"2023-05-24 12:00:00","Midlands",1.765
"2023-05-24 12:00:00","North East and Yorkshire",1.445
"2023-05-24 12:00:00","East of England",2.645
"2023-05-24 12:00:00","North West",1.226
"2023-05-25 12:00:00","London",1.177
"2023-05-25 12:00:00","South East",0.142
"2023-05-25 12:00:00","South West",1.387
"2023-05-25 12:00:00","Midlands",1.613
"2023-05-25 12:00:00","North East and Yorkshire",-0.067
"2023-05-25 12:00:00","East of England",0.606
"2023-05-25 12:00:00","North West",1.327
"2023-05-26 12:00:00","London",3.354
"2023-05-26 12:00:00","South East",1.91
"2023-05-26 12:00:00","South West",0.96
"2023-05-26 12:00:00","Midlands",1.773
"2023-05-26 12:00:00","North East and Yorkshire",1.777
"2023-05-26 12:00:00","East of England",1.929
"2023-05-26 12:00:00","North West",2.665
"2023-05-27 12:00:00","London",6.434
"2023-05-27 12:00:00","South East",5.451
"2023-05-27 12:00:00","South West",6.545
"2023-05-27 12:00:00","Midlands",4.271
"2023-05-27 12:00:00","North East and Yorkshire",1.729
"2023-05-27 12:00:00","East of England",4.867
"2023-05-27 12:00:00","North West",2.92
"2023-05-28 12:00:00","London",10.764
"2023-05-28 12:00:00","South East",10.159
"2023-05-28 12:00:00","South West",10.232
"2023-05-28 12:00:00","Midlands",7.683
"2023-05-28 12:00:00","North East and Yorkshire",4.72
"2023-05-28 12:00:00","East of England",8.619
"2023-05-28 12:00:00","North West",6.178
"2023-05-29 12:00:00","London",10.146
"2023-05-29 12:00:00","South East",8.96
"2023-05-29 12:00:00","South West",8.762
"2023-05-29 12:00:00","Midlands",8.74
"2023-05-29 12:00:00","North East and Yorkshire",8.256
"2023-05-29 12:00:00","East of England",9.747
"2023-05-29 12:00:00","North West",8.078
"2023-05-30 12:00:00","London",5.453
"2023-05-30 12:00:00","South East",4.703
"2023-05-30 12:00:00","South West",5.754
"2023-05-30 12:00:00","Midlands",5.715
"2023-05-30 12:00:00","North East and Yorkshire",5.376
"2023-05-30 12:00:00","East of England",4.661
"2023-05-30 12:00:00","North West",6.476
"2023-05-31 12:00:00","London",8.626
"2023-05-31 12:00:00","South East",7.432
"2023-05-31 12:00:00","South West",7.079
"2023-05-31 12:00:00","Midlands",6.202
"2023-05-31 12:00:00","North East and Yorkshire",5.084
"2023-05-31 12:00:00","East of England",7.481
"2023-05-31 12:00:00","North West",4.561
"2023-06-01 12:00:00","London",5.457
"2023-06-01 12:00:00","South East",4.469
"2023-06-01 12:00:00","South West",6.724
"2023-06-01 12:00:00","Midlands",4.563
"2023-06-01 12:00:00","North East and Yorkshire",4.269
"2023-06-01 12:00:00","East of England",4.685
"2023-06-01 12:00:00","North West",4.694
"2023-06-02 12:00:00","London",10.279
"2023-06-02 12:00:00","South East",9.039
"2023-06-02 12:00:00","South West",8.757
"2023-06-02 12:00:00","Midlands",9.179
"2023-06-02 12:00:00","North East and Yorkshire",8.601
"2023-06-02 12:00:00","East of England",9.822
"2023-06-02 12:00:00","North West",8.559
"2023-06-03 12:00:00","London",9.045
"2023-06-03 12:00:00","South East",8.273
"2023-06-03 12:00:00","South West",8.206
"2023-06-03 12:00:00","Midlands",6.965
"2023-06-03 12:00:00","North East and Yorkshire",6.229
"2023-06-03 12:00:00","East of England",8.109
"2023-06-03 12:00:00","North West",6.36
"2023-06-04 12:00:00","London",4.38
"2023-06-04 12:00:00","South East",3.538
"2023-06-04 12:00:00","South West",3.649
"2023-06-04 12:00:00","Midlands",3.305
"2023-06-04 12:00:00","North East and Yorkshire",3.786
"2023-06-04 12:00:00","East of England",4.047
"2023-06-04 12:00:00","North West",4.666
"2023-06-05 12:00:00","London",6.502
"2023-06-05 12:00:00","South East",5.719
"2023-06-05 12:00:00","South West",5.239
"2023-06-05 12:00:00","Midlands",5.316
"2023-06-05 12:00:00","North East and Yorkshire",5.363
"2023-06-05 12:00:00","East of England",6.285
"2023-06-05 12:00:00","North West",5.362
"2023-06-06 12:00:00","London",10.317
"2023-06-06 12:00:00","South East",8.748
"2023-06-06 12:00:00","South West",8.785
"2023-06-06 12:00:00","Midlands",8.523
"2023-06-06 12:00:00","North East and Yorkshire",8.94
"2023-06-06 12:00:00","East of England",9.35
"2023-06-06 12:00:00","North West",8.704
"2023-06-07 12:00:00","London",11.597
"2023-06-07 12:00:00","South East",9.404
"2023-06-07 12:00:00","South West",9.014
"2023-06-07 12:00:00","Midlands",7.738
"2023-06-07 12:00:00","North East and Yorkshire",7.405
"2023-06-07 12:00:00","East of England",8.784
"2023-06-07 12:00:00","North West",6.724
"2023-06-08 12:00:00","London",10.368
"2023-06-08 12:00:00","South East",8.038
"2023-06-08 12:00:00","South West",8.643
"2023-06-08 12:00:00","Midlands",9.229
"2023-06-08 12:00:00","North East and Yorkshire",10.054
"2023-06-08 12:00:00","East of England",8.081
"2023-06-08 12:00:00","North West",9.342
"2023-06-09 12:00:00","London",14.577
"2023-06-09 12:00:00","South East",11.38
"2023-06-09 12:00:00","South West",10.713
"2023-06-09 12:00:00","Midlands",12.477
"2023-06-09 12:00:00","North East and Yorkshire",13.319
"2023-06-09 12:00:00","East of England",12.789
"2023-06-09 12:00:00","North West",12.276
"2023-06-10 12:00:00","London",13.436
"2023-06-10 12:00:00","South East",11.734
"2023-06-10 12:00:00","South West",10.544
"2023-06-10 12:00:00","Midlands",12.38
"2023-06-10 12:00:00","North East and Yorkshire",13.772
"2023-06-10 12:00:00","East of England",12.071
"2023-06-10 12:00:00","North West",12.864
"2023-06-11 12:00:00","London",14.136
"2023-06-11 12:00:00","South East",12.955
"2023-06-11 12:00:00","South West",12.61
"2023-06-11 12:00:00","Midlands",9.835
"2023-06-11 12:00:00","North East and Yorkshire",9.074
"2023-06-11 12:00:00","East of England",12.107
"2023-06-11 12:00:00","North West",8.604
"2023-06-12 12:00:00","London",12.554
"2023-06-12 12:00:00","South East",10.113
"2023-06-12 12:00:00","South West",10.284
"2023-06-12 12:00:00","Midlands",9.902
"2023-06-12 12:00:00","North East and Yorkshire",8.396
"2023-06-12 12:00:00","East of England",9.907
"2023-06-12 12:00:00","North West",9.326
"2023-06-13 12:00:00","London",8.762
"2023-06-13 12:00:00","South East",7.12
"2023-06-13 12:00:00","South West",7.413
"2023-06-13 12:00:00","Midlands",7.83
"2023-06-13 12:00:00","North East and Yorkshire",9.001
"2023-06-13 12:00:00","East of England",7.125
"2023-06-13 12:00:00","North West",6.998
"2023-06-14 12:00:00","London",10.467
"2023-06-14 12:00:00","South East",8.432
"2023-06-14 12:00:00","South West",9.742
"2023-06-14 12:00:00","Midlands",11.028
"2023-06-14 12:00:00","North East and Yorkshire",10.849
"2023-06-14 12:00:00","East of England",8.433
"2023-06-14 12:00:00","North West",10.076
"2023-06-15 12:00:00","London",11.937
"2023-06-15 12:00:00","South East",9.967
"2023-06-15 12:00:00","South West",10.719
"2023-06-15 12:00:00","Midlands",11.835
"2023-06-15 12:00:00","North East and Yorkshire",10.914
"2023-06-15 12:00:00","East of England",9.614
"2023-06-15 12:00:00","North West",9.75
"2023-06-16 12:00:00","London",14.224
"2023-06-16 12:00:00","South East",12.528
"2023-06-16 12:00:00","South West",13.163
"2023-06-16 12:00:00","Midlands",13.045
"2023-06-16 12:00:00","North East and Yorkshire",12.949
"2023-06-16 12:00:00","East of England",13.38
"2023-06-16 12:00:00","North West",12.622
"2023-06-17 12:00:00","London",12.273
"2023-06-17 12:00:00","South East",10.68
"2023-06-17 12:00:00","South West",9.798
"2023-06-17 12:00:00","Midlands",10.724
"2023-06-17 12:00:00","North East and Yorkshire",11.876
"2023-06-17 12:00:00","East of England",11.774
"2023-06-17 12:00:00","North West",10.609
"2023-06-18 12:00:00","London",10.226
"2023-06-18 12:00:00","South East",9.206
"2023-06-18 12:00:00","South West",9.929
"2023-06-18 12:00:00","Midlands",9.308
"2023-06-18 12:00:00","North East and Yorkshire",8.745
"2023-06-18 12:00:00","East of England",9.789
"2023-06-18 12:00:00","North West",9.115
"2023-06-19 12:00:00","London",10.195
"2023-06-19 12:00:00","South East",8.985
"2023-06-19 12:00:00","South West",10.742
"2023-06-19 12:00:00","Midlands",10.699
"2023-06-19 12:00:00","North East and Yorkshire",11.17
"2023-06-19 12:00:00","East of England",9.492
"2023-06-19 12:00:00","North West",10.88
"2023-06-20 12:00:00","London",9.279
"2023-06-20 12:00:00","South East",7.021
"2023-06-20 12:00:00","South West",7.389
"2023-06-20 12:00:00","Midlands",8.582
"2023-06-20 12:00:00","North East and Yorkshire",7.884
"2023-06-20 12:00:00","East of England",7.746
"2023-06-20 12:00:00","North West",9.128
"2023-06-21 12:00:00","London",7.497
"2023-06-21 12:00:00","South East",5.894
"2023-06-21 12:00:00","South West",6.81
"2023-06-21 12:00:00","Midlands",7.964
"2023-06-21 12:00:00","North East and Yorkshire",8.114
"2023-06-21 12:00:00","East of England",6.713
"2023-06-21 12:00:00","North West",8.036
"2023-06-22 12:00:00","London",9.814
"2023-06-22 12:00:00","South East",7.593
"2023-06-22 12:00:00","South West",8.355
"2023-06-22 12:00:00","Midlands",9.737
"2023-06-22 12:00:00","North East and Yorkshire",9.148
"2023-06-22 12:00:00","East of England",8.353
"2023-06-22 12:00:00","North West",9.927
"2023-06-23 12:00:00","London",8.921
"2023-06-23 12:00:00","South East",6.746
"2023-06-23 12:00:00","South West",7.683
"2023-06-23 12:00:00","Midlands",7.652
"2023-06-23 12:00:00","North East and Yorkshire",8.967
"2023-06-23 12:00:00","East of England",5.932
"2023-06-23 12:00:00","North West",7.239
"2023-06-24 12:00:00","London",7.584
"2023-06-24 12:00:00","South East",6.21
"2023-06-24 12:00:00","South West",5.923
"2023-06-24 12:00:00","Midlands",5.185
"2023-06-24 12:00:00","North East and Yorkshire",8.241
"2023-06-24 12:00:00","East of England",5.328
"2023-06-24 12:00:00","North West",7.562
"2023-06-25 12:00:00","London",6.982
"2023-06-25 12:00:00","South East",5.405
"2023-06-25 12:00:00","South West",7.839
"2023-06-25 12:00:00","Midlands",9.618
"2023-06-25 12:00:00","North East and Yorkshire",10.09
"2023-06-25 12:00:00","East of England",5.487
"2023-06-25 12:00:00","North West",9.375
"2023-06-26 12:00:00","London",8.36
"2023-06-26 12:00:00","South East",7.207
"2023-06-26 12:00:00","South West",7.683
"2023-06-26 12:00:00","Midlands",5.831
"2023-06-26 12:00:00","North East and Yorkshire",5.043
"2023-06-26 12:00:00","East of England",6.439
"2023-06-26 12:00:00","North West",5.097
"2023-06-27 12:00:00","London",12.988
"2023-06-27 12:00:00","South East",10.999
"2023-06-27 12:00:00","South West",11.564
"2023-06-27 12:00:00","Midlands",14.194
"2023-06-27 12:00:00","North East and Yorkshire",15.426
"2023-06-27 12:00:00","East of England",12.482
"2023-06-27 12:00:00","North West",13.019
"2023-06-28 12:00:00","London",14.768
"2023-06-28 12:00:00","South East",12.878
"2023-06-28 12:00:00","South West",13.325
"2023-06-28 12:00:00","Midlands",13.832
"2023-06-28 12:00:00","North East and Yorkshire",14.058
"2023-06-28 12:00:00","East of England",12.658
"2023-06-28 12:00:00","North West",13.885
"2023-06-29 12:00:00","London",16.038
"2023-06-29 12:00:00","South East",13.369
"2023-06-29 12:00:00","South West",13.473
"2023-06-29 12:00:00","Midlands",15.154
"2023-06-29 12:00:00","North East and Yorkshire",14.851
"2023-06-29 12:00:00","East of England",15.396
"2023-06-29 12:00:00","North West",13.301
"2023-06-30 12:00:00","London",11.804
"2023-06-30 12:00:00","South East",10.209
"2023-06-30 12:00:00","South West",10.794
"2023-06-30 12:00:00","Midlands",12.116
"2023-06-30 12:00:00","North East and Yorkshire",12.051
"2023-06-30 12:00:00","East of England",11.051
"2023-06-30 12:00:00","North West",11.519
"2023-07-01 12:00:00","London",9.473
"2023-07-01 12:00:00","South East",7.654
"2023-07-01 12:00:00","South West",7.424
"2023-07-01 12:00:00","Midlands",8.904
"2023-07-01 12:00:00","North East and Yorkshire",10.43
"2023-07-01 12:00:00","East of England",8.696
"2023-07-01 12:00:00","North West",10.35
"2023-07-02 12:00:00","London",13.942
"2023-07-02 12:00:00","South East",11.526
"2023-07-02 12:00:00","South West",12.178
"2023-07-02 12:00:00","Midlands",10.904
"2023-07-02 12:00:00","North East and Yorkshire",8.81
"2023-07-02 12:00:00","East of England",12.456
"2023-07-02 12:00:00","North West",8.672
"2023-07-03 12:00:00","London",13.265
"2023-07-03 12:00:00","South East",11.739
"2023-07-03 12:00:00","South West",10.74
"2023-07-03 12:00:00","Midlands",8.993
"2023-07-03 12:00:00","North East and Yorkshire",10.086
"2023-07-03 12:00:00","East of England",11.9
"2023-07-03 12:00:00","North West",8.965
"2023-07-04 12:00:00","London",6.349
"2023-07-04 12:00:00","South East",5.238
"2023-07-04 12:00:00","South West",5.737
"2023-07-04 12:00:00","Midlands",6.825
"2023-07-04 12:00:00","North East and Yorkshire",6.768
"2023-07-04 12:00:00","East of England",5.832
"2023-07-04 12:00:00","North West",7.09
"2023-07-05 12:00:00","London",6.953
"2023-07-05 12:00:00","South East",6.282
"2023-07-05 12:00:00","South West",5.836
"2023-07-05 12:00:00","Midlands",7.766
"2023-07-05 12:00:00","North East and Yorkshire",8.159
"2023-07-05 12:00:00","East of England",6.63
"2023-07-05 12:00:00","North West",7.771
"2023-07-06 12:00:00","London",6.302
"2023-07-06 12:00:00","South East",5.023
"2023-07-06 12:00:00","South West",5.724
"2023-07-06 12:00:00","Midlands",4.98
"2023-07-06 12:00:00","North East and Yorkshire",4.453
"2023-07-06 12:00:00","East of England",5.916
"2023-07-06 12:00:00","North West",5.057
"2023-07-07 12:00:00","London",11.227
"2023-07-07 12:00:00","South East",10.014
"2023-07-07 12:00:00","South West",10.401
"2023-07-07 12:00:00","Midlands",10.484
"2023-07-07 12:00:00","North East and Yorkshire",10.237
"2023-07-07 12:00:00","East of England",10.751
"2023-07-07 12:00:00","North West",10.308
"2023-07-08 12:00:00","London",9.728
"2023-07-08 12:00:00","South East",8.229
"2023-07-08 12:00:00","South West",8.046
"2023-07-08 12:00:00","Midlands",8.719
"2023-07-08 12:00:00","North East and Yorkshire",8.523
"2023-07-08 12:00:00","East of England",9.411
"2023-07-08 12:00:00","North West",8.788
"2023-07-09 12:00:00","London",10.942
"2023-07-09 12:00:00","South East",10.041
"2023-07-09 12:00:00","South West",9.935
"2023-07-09 12:00:00","Midlands",8.887
"2023-07-09 12:00:00","North East and Yorkshire",7.256
"2023-07-09 12:00:00","East of England",10.469
"2023-07-09 12:00:00","North West",6.839
"2023-07-10 12:00:00","London",9.471
"2023-07-10 12:00:00","South East",7.89
"2023-07-10 12:00:00","South West",7.219
"2023-07-10 12:00:00","Midlands",9.093
"2023-07-10 12:00:00","North East and Yorkshire",10.849
"2023-07-10 12:00:00","East of England",8.752
"2023-07-10 12:00:00","North West",10.531
"2023-07-11 12:00:00","London",11.003
"2023-07-11 12:00:00","South East",9.526
"2023-07-11 12:00:00","South West",11.284
"2023-07-11 12:00:00","Midlands",9.673
"2023-07-11 12:00:00","North East and Yorkshire",10.473
"2023-07-11 12:00:00","East of England",9.497
"2023-07-11 12:00:00","North West",10.614
"2023-07-12 12:00:00","London",11.37
"2023-07-12 12:00:00","South East",10.872
"2023-07-12 12:00:00","South West",12.164
"2023-07-12 12:00:00","Midlands",8.645
"2023-07-12 12:00:00","North East and Yorkshire",9.649
"2023-07-12 12:00:00","East of England",9.591
"2023-07-12 12:00:00","North West",9.133
"2023-07-13 12:00:00","London",13.099
"2023-07-13 12:00:00","South East",11.347
"2023-07-13 12:00:00","South West",12.461
"2023-07-13 12:00:00","Midlands",14.393
"2023-07-13 12:00:00","North East and Yorkshire",15.144
"2023-07-13 12:00:00","East of England",12.926
"2023-07-13 12:00:00","North West",13.481
"2023-07-14 12:00:00","London",16.963
"2023-07-14 12:00:00","South East",15.118
"2023-07-14 12:00:00","South West",15.469
"2023-07-14 12:00:00","Midlands",17.179
"2023-07-14 12:00:00","North East and Yorkshire",17.034
"2023-07-14 12:00:00","East of England",16.096
"2023-07-14 12:00:00","North West",15.698
"2023-07-15 12:00:00","London",14.243
"2023-07-15 12:00:00","South East",13.191
"2023-07-15 12:00:00","South West",13.602
"2023-07-15 12:00:00","Midlands",13.504
"2023-07-15 12:00:00","North East and Yorkshire",13.736
"2023-07-15 12:00:00","East of England",13.421
"2023-07-15 12:00:00","North West",13.834
"2023-07-16 12:00:00","London",15.526
"2023-07-16 12:00:00","South East",14.173
"2023-07-16 12:00:00","South West",13.841
"2023-07-16 12:00:00","Midlands",14.281
"2023-07-16 12:00:00","North East and Yorkshire",14.001
"2023-07-16 12:00:00","East of England",14.693
"2023-07-16 12:00:00","North West",13.369
"2023-07-17 12:00:00","London",15.187
"2023-07-17 12:00:00","South East",13.87
"2023-07-17 12:00:00","South West",14.026
"2023-07-17 12:00:00","Midlands",14.132
"2023-07-17 12:00:00","North East and Yorkshire",13.225
"2023-07-17 12:00:00","East of England",14.398
"2023-07-17 12:00:00","North West",12.945
"2023-07-18 12:00:00","London",16.973
"2023-07-18 12:00:00","South East",14.633
"2023-07-18 12:00:00","South West",14.319
"2023-07-18 12:00:00","Midlands",15.743
"2023-07-18 12:00:00","North East and Yorkshire",13.953
"2023-07-18 12:00:00","East of England",14.571
"2023-07-18 12:00:00","North West",13.832
"2023-07-19 12:00:00","London",16.686
"2023-07-19 12:00:00","South East",14.009
"2023-07-19 12:00:00","South West",14.653
"2023-07-19 12:00:00","Midlands",14.996
"2023-07-19 12:00:00","North East and Yorkshire",15.34
"2023-07-19 12:00:00","East of England",14.385
"2023-07-19 12:00:00","North West",13.092
"2023-07-20 12:00:00","London",16.454
"2023-07-20 12:00:00","South East",14.113
"2023-07-20 12:00:00","South West",15.228
"2023-07-20 12:00:00","Midlands",14.583
"2023-07-20 12:00:00","North East and Yorkshire",14.19
"2023-07-20 12:00:00","East of England",13.028
"2023-07-20 12:00:00","North West",14.537
"2023-07-21 12:00:00","London",15.13
"2023-07-21 12:00:00","South East",13.069
"2023-07-21 12:00:00","South West",14.948
"2023-07-21 12:00:00","Midlands",14.827
"2023-07-21 12:00:00","North East and Yorkshire",14.344
"2023-07-21 12:00:00","East of England",12.789
"2023-07-21 12:00:00","North West",14.329
"2023-07-22 12:00:00","London",15.647
"2023-07-22 12:00:00","South East",14.099
"2023-07-22 12:00:00","South West",13.942
"2023-07-22 12:00:00","Midlands",14.14
"2023-07-22 12:00:00","North East and Yorkshire",13.944
"2023-07-22 12:00:00","East of England",13.358
"2023-07-22 12:00:00","North West",12.867
"2023-07-23 12:00:00","London",16.798
"2023-07-23 12:00:00","South East",14.271
"2023-07-23 12:00:00","South West",14.361
"2023-07-23 12:00:00","Midlands",14.043
"2023-07-23 12:00:00","North East and Yorkshire",12.056
"2023-07-23 12:00:00","East of England",15.661
"2023-07-23 12:00:00","North West",11.217
"2023-07-24 12:00:00","London",16.231
"2023-07-24 12:00:00","South East",13.546
"2023-07-24 12:00:00","South West",12.226
"2023-07-24 12:00:00","Midlands",13.442
"2023-07-24 12:00:00","North East and Yorkshire",12.388
"2023-07-24 12:00:00","East of England",14.06
"2023-07-24 12:00:00","North West",12.804
"2023-07-25 12:00:00","London",16.837
"2023-07-25 12:00:00","South East",14.771
"2023-07-25 12:00:00","South West",13.601
"2023-07-25 12:00:00","Midlands",15.149
"2023-07-25 12:00:00","North East and Yorkshire",15.164
"2023-07-25 12:00:00","East of England",16.506
"2023-07-25 12:00:00","North West",13.077
"2023-07-26 12:00:00","London",11.027
"2023-07-26 12:00:00","South East",9.89
"2023-07-26 12:00:00","South West",11.364
"2023-07-26 12:00:00","Midlands",10.974
"2023-07-26 12:00:00","North East and Yorkshire",11.48
"2023-07-26 12:00:00","East of England",10.125
"2023-07-26 12:00:00","North West",11.772
"2023-07-27 12:00:00","London",12.336
"2023-07-27 12:00:00","South East",11.06
"2023-07-27 12:00:00","South West",12.049
"2023-07-27 12:00:00","Midlands",11.918
"2023-07-27 12:00:00","North East and Yorkshire",12.769
"2023-07-27 12:00:00","East of England",11.853
"2023-07-27 12:00:00","North West",12.607
"2023-07-28 12:00:00","London",17.631
"2023-07-28 12:00:00","South East",15.758
"2023-07-28 12:00:00","South West",14.609
"2023-07-28 12:00:00","Midlands",15.962
"2023-07-28 12:00:00","North East and Yorkshire",14.361
"2023-07-28 12:00:00","East of England",17.46
"2023-07-28 12:00:00","North West",13.674
"2023-07-29 12:00:00","London",13.742
"2023-07-29 12:00:00","South East",11.687
"2023-07-29 12:00:00","South West",13.09
"2023-07-29 12:00:00","Midlands",13.662
"2023-07-29 12:00:00","North East and Yorkshire",13.469
"2023-07-29 12:00:00","East of England",13.146
"2023-07-29 12:00:00","North West",13.152
"2023-07-30 12:00:00","London",15.418
"2023-07-30 12:00:00","South East",14.139
"2023-07-30 12:00:00","South West",14.9
"2023-07-30 12:00:00","Midlands",10.769
"2023-07-30 12:00:00","North East and Yorkshire",10.251
"2023-07-30 12:00:00","East of England",12.554
"2023-07-30 12:00:00","North West",10.318
"2023-07-31 12:00:00","London",18.057
"2023-07-31 12:00:00","South East",16.402
"2023-07-31 12:00:00","South West",17.406
"2023-07-31 12:00:00","Midlands",16.505
"2023-07-31 12:00:00","North East and Yorkshire",13.936
"2023-07-31 12:00:00","East of England",16.633
"2023-07-31 12:00:00","North West",15.584
"2023-08-01 12:00:00","London",13.944
"2023-08-01 12:00:00","South East",11.04
"2023-08-01 12:00:00","South West",11.501
"2023-08-01 12:00:00","Midlands",11.338
"2023-08-01 12:00:00","North East and Yorkshire",10.051
"2023-08-01 12:00:00","East of England",11.822
"2023-08-01 12:00:00","North West",8.533
"2023-08-02 12:00:00","London",13.868
"2023-08-02 12:00:00","South East",11.544
"2023-08-02 12:00:00","South West",11.462
"2023-08-02 12:00:00","Midlands",12.216
"2023-08-02 12:00:00","North East and Yorkshire",11.841
"2023-08-02 12:00:00","East of England",11.366
"2023-08-02 12:00:00","North West",11
"2023-08-03 12:00:00","London",14.563
"2023-08-03 12:00:00","South East",12.769
"2023-08-03 12:00:00","South West",12.671
"2023-08-03 12:00:00","Midlands",12.694
"2023-08-03 12:00:00","North East and Yorkshire",12.425
"2023-08-03 12:00:00","East of England",12.59
"2023-08-03 12:00:00","North West",11.806
"2023-08-04 12:00:00","London",15.782
"2023-08-04 12:00:00","South East",13.663
"2023-08-04 12:00:00","South West",13.683
"2023-08-04 12:00:00","Midlands",13.739
"2023-08-04 12:00:00","North East and Yorkshire",12.953
"2023-08-04 12:00:00","East of England",14
"2023-08-04 12:00:00","North West",12.348
"2023-08-05 12:00:00","London",17.033
"2023-08-05 12:00:00","South East",14.254
"2023-08-05 12:00:00","South West",14.44
"2023-08-05 12:00:00","Midlands",14.728
"2023-08-05 12:00:00","North East and Yorkshire",12.458
"2023-08-05 12:00:00","East of England",15.268
"2023-08-05 12:00:00","North West",13.346
"2023-08-06 12:00:00","London",16.191
"2023-08-06 12:00:00","South East",13.629
"2023-08-06 12:00:00","South West",13.715
"2023-08-06 12:00:00","Midlands",15.016
"2023-08-06 12:00:00","North East and Yorkshire",13.812
"2023-08-06 12:00:00","East of England",14.26
"2023-08-06 12:00:00","North West",14.497
"2023-08-07 12:00:00","London",17.051
"2023-08-07 12:00:00","South East",14.361
"2023-08-07 12:00:00","South West",14.3
"2023-08-07 12:00:00","Midlands",15.663
"2023-08-07 12:00:00","North East and Yorkshire",14.425
"2023-08-07 12:00:00","East of England",15.601
"2023-08-07 12:00:00","North West",14.655
"2023-08-08 12:00:00","London",14.915
"2023-08-08 12:00:00","South East",12.604
"2023-08-08 12:00:00","South West",11.695
"2023-08-08 12:00:00","Midlands",12.439
"2023-08-08 12:00:00","North East and Yorkshire",11.388
"2023-08-08 12:00:00","East of England",13.431
"2023-08-08 12:00:00","North West",11.401
"2023-08-09 12:00:00","London",13.388
"2023-08-09 12:00:00","South East",10.878
"2023-08-09 12:00:00","South West",8.305
"2023-08-09 12:00:00","Midlands",8.352
"2023-08-09 12:00:00","North East and Yorkshire",9.622
"2023-08-09 12:00:00","East of England",10.657
"2023-08-09 12:00:00","North West",8.254
"2023-08-10 12:00:00","London",15.068
"2023-08-10 12:00:00","South East",12.559
"2023-08-10 12:00:00","South West",11.527
"2023-08-10 12:00:00","Midlands",13.493
"2023-08-10 12:00:00","North East and Yorkshire",12.649
"2023-08-10 12:00:00","East of England",13.551
"2023-08-10 12:00:00","North West",12.546
"2023-08-11 12:00:00","London",12.989
"2023-08-11 12:00:00","South East",10.974
"2023-08-11 12:00:00","South West",11.115
"2023-08-11 12:00:00","Midlands",13.796
"2023-08-11 12:00:00","North East and Yorkshire",13.096
"2023-08-11 12:00:00","East of England",11.473
"2023-08-11 12:00:00","North West",12.682
"2023-08-12 12:00:00","London",15.119
"2023-08-12 12:00:00","South East",12.282
"2023-08-12 12:00:00","South West",12.548
"2023-08-12 12:00:00","Midlands",15.381
"2023-08-12 12:00:00","North East and Yorkshire",14.258
"2023-08-12 12:00:00","East of England",14.876
"2023-08-12 12:00:00","North West",14.068
"2023-08-13 12:00:00","London",19.334
"2023-08-13 12:00:00","South East",16.92
"2023-08-13 12:00:00","South West",16.29
"2023-08-13 12:00:00","Midlands",17.127
"2023-08-13 12:00:00","North East and Yorkshire",15.702
"2023-08-13 12:00:00","East of England",17.755
"2023-08-13 12:00:00","North West",15.437
"2023-08-14 12:00:00","London",17.203
"2023-08-14 12:00:00","South East",14.692
"2023-08-14 12:00:00","South West",13.033
"2023-08-14 12:00:00","Midlands",11.46
"2023-08-14 12:00:00","North East and Yorkshire",11.521
"2023-08-14 12:00:00","East of England",14.505
"2023-08-14 12:00:00","North West",9.106
"2023-08-15 12:00:00","London",18.242
"2023-08-15 12:00:00","South East",15.972
"2023-08-15 12:00:00","South West",16.388
"2023-08-15 12:00:00","Midlands",17.478
"2023-08-15 12:00:00","North East and Yorkshire",16.495
"2023-08-15 12:00:00","East of England",17.74
"2023-08-15 12:00:00","North West",15.536
"2023-08-16 12:00:00","London",17.744
"2023-08-16 12:00:00","South East",16.053
"2023-08-16 12:00:00","South West",16.956
"2023-08-16 12:00:00","Midlands",17.801
"2023-08-16 12:00:00","North East and Yorkshire",16.852
"2023-08-16 12:00:00","East of England",17.619
"2023-08-16 12:00:00","North West",15.49
"2023-08-17 12:00:00","London",16.608
"2023-08-17 12:00:00","South East",13.797
"2023-08-17 12:00:00","South West",11.668
"2023-08-17 12:00:00","Midlands",12.32
"2023-08-17 12:00:00","North East and Yorkshire",12.845
"2023-08-17 12:00:00","East of England",14.867
"2023-08-17 12:00:00","North West",12.488
"2023-08-18 12:00:00","London",14.43
"2023-08-18 12:00:00","South East",11.816
"2023-08-18 12:00:00","South West",8.966
"2023-08-18 12:00:00","Midlands",10.003
"2023-08-18 12:00:00","North East and Yorkshire",9.861
"2023-08-18 12:00:00","East of England",12.451
"2023-08-18 12:00:00","North West",9.921
"2023-08-19 12:00:00","London",10.415
"2023-08-19 12:00:00","South East",8.56
"2023-08-19 12:00:00","South West",7.362
"2023-08-19 12:00:00","Midlands",7.229
"2023-08-19 12:00:00","North East and Yorkshire",8.544
"2023-08-19 12:00:00","East of England",8.749
"2023-08-19 12:00:00","North West",8.008
"2023-08-20 12:00:00","London",10.381
"2023-08-20 12:00:00","South East",8.569
"2023-08-20 12:00:00","South West",9.133
"2023-08-20 12:00:00","Midlands",8.828
"2023-08-20 12:00:00","North East and Yorkshire",10.918
"2023-08-20 12:00:00","East of England",9.002
"2023-08-20 12:00:00","North West",9.908
"2023-08-21 12:00:00","London",13.875
"2023-08-21 12:00:00","South East",10.401
"2023-08-21 12:00:00","South West",10.93
"2023-08-21 12:00:00","Midlands",10.951
"2023-08-21 12:00:00","North East and Yorkshire",11.895
"2023-08-21 12:00:00","East of England",11.856
"2023-08-21 12:00:00","North West",10.808
"2023-08-22 12:00:00","London",10.221
"2023-08-22 12:00:00","South East",8.827
"2023-08-22 12:00:00","South West",9.071
"2023-08-22 12:00:00","Midlands",9.281
"2023-08-22 12:00:00","North East and Yorkshire",10.394
"2023-08-22 12:00:00","East of England",9.097
"2023-08-22 12:00:00","North West",10.484
"2023-08-23 12:00:00","London",9.489
"2023-08-23 12:00:00","South East",7.852
"2023-08-23 12:00:00","South West",9.184
"2023-08-23 12:00:00","Midlands",10.946
"2023-08-23 12:00:00","North East and Yorkshire",10.678
"2023-08-23 12:00:00","East of England",9.223
"2023-08-23 12:00:00","North West",11.503
"2023-08-24 12:00:00","London",11.182
"2023-08-24 12:00:00","South East",9.133
"2023-08-24 12:00:00","South West",10.639
"2023-08-24 12:00:00","Midlands",13.097
"2023-08-24 12:00:00","North East and Yorkshire",13.606
"2023-08-24 12:00:00","East of England",10.333
"2023-08-24 12:00:00","North West",13.093
"2023-08-25 12:00:00","London",12.391
"2023-08-25 12:00:00","South East",10.51
"2023-08-25 12:00:00","South West",11.563
"2023-08-25 12:00:00","Midlands",13.454
"2023-08-25 12:00:00","North East and Yorkshire",14.392
"2023-08-25 12:00:00","East of England",12.029
"2023-08-25 12:00:00","North West",14.09
"2023-08-26 12:00:00","London",11.876
"2023-08-26 12:00:00","South East",9.406
"2023-08-26 12:00:00","South West",9.867
"2023-08-26 12:00:00","Midlands",10.823
"2023-08-26 12:00:00","North East and Yorkshire",12.972
"2023-08-26 12:00:00","East of England",10.657
"2023-08-26 12:00:00","North West",10.983
"2023-08-27 12:00:00","London",14.57
"2023-08-27 12:00:00","South East",12.685
"2023-08-27 12:00:00","South West",13.716
"2023-08-27 12:00:00","Midlands",13.709
"2023-08-27 12:00:00","North East and Yorkshire",12.102
"2023-08-27 12:00:00","East of England",12.354
"2023-08-27 12:00:00","North West",12.877
"2023-08-28 12:00:00","London",14.733
"2023-08-28 12:00:00","South East",12.095
"2023-08-28 12:00:00","South West",12.192
"2023-08-28 12:00:00","Midlands",13.752
"2023-08-28 12:00:00","North East and Yorkshire",13.521
"2023-08-28 12:00:00","East of England",13.429
"2023-08-28 12:00:00","North West",12.361
"2023-08-29 12:00:00","London",12.781
"2023-08-29 12:00:00","South East",11.582
"2023-08-29 12:00:00","South West",11.81
"2023-08-29 12:00:00","Midlands",10.524
"2023-08-29 12:00:00","North East and Yorkshire",9.194
"2023-08-29 12:00:00","East of England",11.572
"2023-08-29 12:00:00","North West",9.552
"2023-08-30 12:00:00","London",16.569
"2023-08-30 12:00:00","South East",14.961
"2023-08-30 12:00:00","South West",14.762
"2023-08-30 12:00:00","Midlands",14.923
"2023-08-30 12:00:00","North East and Yorkshire",13.216
"2023-08-30 12:00:00","East of England",16.046
"2023-08-30 12:00:00","North West",14.252
"2023-08-31 12:00:00","London",10.615
"2023-08-31 12:00:00","South East",8.906
"2023-08-31 12:00:00","South West",7.545
"2023-08-31 12:00:00","Midlands",7.902
"2023-08-31 12:00:00","North East and Yorkshire",8.081
"2023-08-31 12:00:00","East of England",10.602
"2023-08-31 12:00:00","North West",7.566
"2023-09-01 12:00:00","London",9.643
"2023-09-01 12:00:00","South East",7.453
"2023-09-01 12:00:00","South West",6.252
"2023-09-01 12:00:00","Midlands",6.456
"2023-09-01 12:00:00","North East and Yorkshire",6.803
"2023-09-01 12:00:00","East of England",9.413
"2023-09-01 12:00:00","North West",6.99
"2023-09-02 12:00:00","London",7.948
"2023-09-02 12:00:00","South East",6.616
"2023-09-02 12:00:00","South West",5.539
"2023-09-02 12:00:00","Midlands",7.247
"2023-09-02 12:00:00","North East and Yorkshire",9.387
"2023-09-02 12:00:00","East of England",8.24
"2023-09-02 12:00:00","North West",7.478
"2023-09-03 12:00:00","London",10.515
"2023-09-03 12:00:00","South East",9.585
"2023-09-03 12:00:00","South West",11.439
"2023-09-03 12:00:00","Midlands",10.361
"2023-09-03 12:00:00","North East and Yorkshire",9.529
"2023-09-03 12:00:00","East of England",9.696
"2023-09-03 12:00:00","North West",9.913
"2023-09-04 12:00:00","London",14.758
"2023-09-04 12:00:00","South East",13.287
"2023-09-04 12:00:00","South West",12.101
"2023-09-04 12:00:00","Midlands",12.307
"2023-09-04 12:00:00","North East and Yorkshire",12.693
"2023-09-04 12:00:00","East of England",14.397
"2023-09-04 12:00:00","North West",11.856
"2023-09-05 12:00:00","London",15.512
"2023-09-05 12:00:00","South East",13.977
"2023-09-05 12:00:00","South West",14.103
"2023-09-05 12:00:00","Midlands",14.207
"2023-09-05 12:00:00","North East and Yorkshire",11.413
"2023-09-05 12:00:00","East of England",14.5
"2023-09-05 12:00:00","North West",12.364
"2023-09-06 12:00:00","London",15.393
"2023-09-06 12:00:00","South East",13.795
"2023-09-06 12:00:00","South West",13.594
"2023-09-06 12:00:00","Midlands",14.033
"2023-09-06 12:00:00","North East and Yorkshire",13.065
"2023-09-06 12:00:00","East of England",14.962
"2023-09-06 12:00:00","North West",12.621
"2023-09-07 12:00:00","London",12.222
"2023-09-07 12:00:00","South East",10.388
"2023-09-07 12:00:00","South West",10.362
"2023-09-07 12:00:00","Midlands",10.518
"2023-09-07 12:00:00","North East and Yorkshire",10.054
"2023-09-07 12:00:00","East of England",11.1
"2023-09-07 12:00:00","North West",10.184
"2023-09-08 12:00:00","London",12.495
"2023-09-08 12:00:00","South East",11.051
"2023-09-08 12:00:00","South West",11.279
"2023-09-08 12:00:00","Midlands",11.26
"2023-09-08 12:00:00","North East and Yorkshire",10.739
"2023-09-08 12:00:00","East of England",11.375
"2023-09-08 12:00:00","North West",10.377
"2023-09-09 12:00:00","London",11.383
"2023-09-09 12:00:00","South East",9.759
"2023-09-09 12:00:00","South West",9.072
"2023-09-09 12:00:00","Midlands",9.042
"2023-09-09 12:00:00","North East and Yorkshire",8.865
"2023-09-09 12:00:00","East of England",11.081
"2023-09-09 12:00:00","North West",8.014
"2023-09-10 12:00:00","London",11.883
"2023-09-10 12:00:00","South East",9.862
"2023-09-10 12:00:00","South West",8.328
"2023-09-10 12:00:00","Midlands",7.308
"2023-09-10 12:00:00","North East and Yorkshire",7.707
"2023-09-10 12:00:00","East of England",10.973
"2023-09-10 12:00:00","North West",5.046
"2023-09-11 12:00:00","London",7.367
"2023-09-11 12:00:00","South East",7.165
"2023-09-11 12:00:00","South West",6.811
"2023-09-11 12:00:00","Midlands",6.64
"2023-09-11 12:00:00","North East and Yorkshire",4.957
"2023-09-11 12:00:00","East of England",8.227
"2023-09-11 12:00:00","North West",4.917
"2023-09-12 12:00:00","London",10.874
"2023-09-12 12:00:00","South East",9.203
"2023-09-12 12:00:00","South West",8.946
"2023-09-12 12:00:00","Midlands",8.132
"2023-09-12 12:00:00","North East and Yorkshire",6.715
"2023-09-12 12:00:00","East of England",9.323
"2023-09-12 12:00:00","North West",5.684
"2023-09-13 12:00:00","London",9.33
"2023-09-13 12:00:00","South East",7.706
"2023-09-13 12:00:00","South West",7.361
"2023-09-13 12:00:00","Midlands",7.354
"2023-09-13 12:00:00","North East and Yorkshire",7.033
"2023-09-13 12:00:00","East of England",8.658
"2023-09-13 12:00:00","North West",6.883
"2023-09-14 12:00:00","London",10.826
"2023-09-14 12:00:00","South East",9.082
"2023-09-14 12:00:00","South West",6.942
"2023-09-14 12:00:00","Midlands",7.578
"2023-09-14 12:00:00","North East and Yorkshire",6.598
"2023-09-14 12:00:00","East of England",10.378
"2023-09-14 12:00:00","North West",7.15
"2023-09-15 12:00:00","London",9.458
"2023-09-15 12:00:00","South East",8.614
"2023-09-15 12:00:00","South West",8.053
"2023-09-15 12:00:00","Midlands",6.698
"2023-09-15 12:00:00","North East and Yorkshire",3.057
"2023-09-15 12:00:00","East of England",7.765
"2023-09-15 12:00:00","North West",4.307
"2023-09-16 12:00:00","London",12.153
"2023-09-16 12:00:00","South East",10.623
"2023-09-16 12:00:00","South West",10.184
"2023-09-16 12:00:00","Midlands",10.648
"2023-09-16 12:00:00","North East and Yorkshire",8.895
"2023-09-16 12:00:00","East of England",11.982
"2023-09-16 12:00:00","North West",9.107
"2023-09-17 12:00:00","London",8.78
"2023-09-17 12:00:00","South East",7.925
"2023-09-17 12:00:00","South West",8.157
"2023-09-17 12:00:00","Midlands",8.314
"2023-09-17 12:00:00","North East and Yorkshire",9.041
"2023-09-17 12:00:00","East of England",8.393
"2023-09-17 12:00:00","North West",8.476
"2023-09-18 12:00:00","London",8.672
"2023-09-18 12:00:00","South East",7.556
"2023-09-18 12:00:00","South West",7.564
"2023-09-18 12:00:00","Midlands",8.549
"2023-09-18 12:00:00","North East and Yorkshire",9.401
"2023-09-18 12:00:00","East of England",8.583
"2023-09-18 12:00:00","North West",8.37
"2023-09-19 12:00:00","London",10.874
"2023-09-19 12:00:00","South East",9.203
"2023-09-19 12:00:00","South West",8.946
"2023-09-19 12:00:00","Midlands",8.132
"2023-09-19 12:00:00","North East and Yorkshire",6.715
"2023-09-19 12:00:00","East of England",9.323
"2023-09-19 12:00:00","North West",5.684
"2023-09-20 12:00:00","London",9.33
"2023-09-20 12:00:00","South East",7.706
"2023-09-20 12:00:00","South West",7.361
"2023-09-20 12:00:00","Midlands",7.354
"2023-09-20 12:00:00","North East and Yorkshire",7.033
"2023-09-20 12:00:00","East of England",8.658
"2023-09-20 12:00:00","North West",6.883
"2023-09-21 12:00:00","London",10.826
"2023-09-21 12:00:00","South East",9.082
"2023-09-21 12:00:00","South West",6.942
"2023-09-21 12:00:00","Midlands",7.578
"2023-09-21 12:00:00","North East and Yorkshire",6.598
"2023-09-21 12:00:00","East of England",10.378
"2023-09-21 12:00:00","North West",7.15
"2023-09-22 12:00:00","London",9.458
"2023-09-22 12:00:00","South East",8.614
"2023-09-22 12:00:00","South West",8.053
"2023-09-22 12:00:00","Midlands",6.698
"2023-09-22 12:00:00","North East and Yorkshire",3.057
"2023-09-22 12:00:00","East of England",7.765
"2023-09-22 12:00:00","North West",4.307
"2023-09-23 12:00:00","London",12.153
"2023-09-23 12:00:00","South East",10.623
"2023-09-23 12:00:00","South West",10.184
"2023-09-23 12:00:00","Midlands",10.648
"2023-09-23 12:00:00","North East and Yorkshire",8.895
"2023-09-23 12:00:00","East of England",11.982
"2023-09-23 12:00:00","North West",9.107
"2023-09-24 12:00:00","London",8.78
"2023-09-24 12:00:00","South East",7.925
"2023-09-24 12:00:00","South West",8.157
"2023-09-24 12:00:00","Midlands",8.314
"2023-09-24 12:00:00","North East and Yorkshire",9.041
"2023-09-24 12:00:00","East of England",8.393
"2023-09-24 12:00:00","North West",8.476
"2023-09-25 12:00:00","London",8.672
"2023-09-25 12:00:00","South East",7.556
"2023-09-25 12:00:00","South West",7.564
"2023-09-25 12:00:00","Midlands",8.549
"2023-09-25 12:00:00","North East and Yorkshire",9.401
"2023-09-25 12:00:00","East of England",8.583
"2023-09-25 12:00:00","North West",8.37
"2023-09-26 12:00:00","London",11.463
"2023-09-26 12:00:00","South East",10.136
"2023-09-26 12:00:00","South West",10.122
"2023-09-26 12:00:00","Midlands",9.449
"2023-09-26 12:00:00","North East and Yorkshire",8.914
"2023-09-26 12:00:00","East of England",10.051
"2023-09-26 12:00:00","North West",8.883
"2023-09-27 12:00:00","London",10.044
"2023-09-27 12:00:00","South East",8.841
"2023-09-27 12:00:00","South West",8.737
"2023-09-27 12:00:00","Midlands",8.74
"2023-09-27 12:00:00","North East and Yorkshire",8.923
"2023-09-27 12:00:00","East of England",9.141
"2023-09-27 12:00:00","North West",8.579
"2023-09-28 12:00:00","London",8.179
"2023-09-28 12:00:00","South East",7.2
"2023-09-28 12:00:00","South West",8.007
"2023-09-28 12:00:00","Midlands",7.122
"2023-09-28 12:00:00","North East and Yorkshire",7.958
"2023-09-28 12:00:00","East of England",7.263
"2023-09-28 12:00:00","North West",8.002
"2023-09-29 12:00:00","London",12.237
"2023-09-29 12:00:00","South East",11.535
"2023-09-29 12:00:00","South West",11.444
"2023-09-29 12:00:00","Midlands",11.289
"2023-09-29 12:00:00","North East and Yorkshire",10.569
"2023-09-29 12:00:00","East of England",11.616
"2023-09-29 12:00:00","North West",10.323
"2023-09-30 12:00:00","London",10.664
"2023-09-30 12:00:00","South East",9.527
"2023-09-30 12:00:00","South West",9.616
"2023-09-30 12:00:00","Midlands",9.3
"2023-09-30 12:00:00","North East and Yorkshire",7.888
"2023-09-30 12:00:00","East of England",10.101
"2023-09-30 12:00:00","North West",7.573
"2023-10-01 12:00:00","London",11.199
"2023-10-01 12:00:00","South East",9.924
"2023-10-01 12:00:00","South West",9.878
"2023-10-01 12:00:00","Midlands",9.933
"2023-10-01 12:00:00","North East and Yorkshire",8.25
"2023-10-01 12:00:00","East of England",10.326
"2023-10-01 12:00:00","North West",8.613
"2023-10-02 12:00:00","London",9.638
"2023-10-02 12:00:00","South East",8.26
"2023-10-02 12:00:00","South West",8.547
"2023-10-02 12:00:00","Midlands",6.796
"2023-10-02 12:00:00","North East and Yorkshire",6.28
"2023-10-02 12:00:00","East of England",8.538
"2023-10-02 12:00:00","North West",6.376
"2023-10-03 12:00:00","London",10.538
"2023-10-03 12:00:00","South East",9.55
"2023-10-03 12:00:00","South West",9.888
"2023-10-03 12:00:00","Midlands",8.737
"2023-10-03 12:00:00","North East and Yorkshire",8.437
"2023-10-03 12:00:00","East of England",9.442
"2023-10-03 12:00:00","North West",8.486
"2023-10-04 12:00:00","London",8.526
"2023-10-04 12:00:00","South East",7.729
"2023-10-04 12:00:00","South West",8.049
"2023-10-04 12:00:00","Midlands",8.363
"2023-10-04 12:00:00","North East and Yorkshire",9.077
"2023-10-04 12:00:00","East of England",8.577
"2023-10-04 12:00:00","North West",9.095
"2023-10-05 12:00:00","London",10.996
"2023-10-05 12:00:00","South East",10.177
"2023-10-05 12:00:00","South West",10.749
"2023-10-05 12:00:00","Midlands",10.002
"2023-10-05 12:00:00","North East and Yorkshire",7.684
"2023-10-05 12:00:00","East of England",10.116
"2023-10-05 12:00:00","North West",8.334
"2023-10-06 12:00:00","London",5.771
"2023-10-06 12:00:00","South East",4.78
"2023-10-06 12:00:00","South West",4.685
"2023-10-06 12:00:00","Midlands",5.231
"2023-10-06 12:00:00","North East and Yorkshire",5.812
"2023-10-06 12:00:00","East of England",4.628
"2023-10-06 12:00:00","North West",5.826
"2023-10-07 12:00:00","London",4.486
"2023-10-07 12:00:00","South East",3.587
"2023-10-07 12:00:00","South West",4.117
"2023-10-07 12:00:00","Midlands",4.747
"2023-10-07 12:00:00","North East and Yorkshire",5.457
"2023-10-07 12:00:00","East of England",4.586
"2023-10-07 12:00:00","North West",5.666
"2023-10-08 12:00:00","London",6.841
"2023-10-08 12:00:00","South East",6.48
"2023-10-08 12:00:00","South West",7.266
"2023-10-08 12:00:00","Midlands",6.071
"2023-10-08 12:00:00","North East and Yorkshire",5.994
"2023-10-08 12:00:00","East of England",6.073
"2023-10-08 12:00:00","North West",5.103
"2023-10-09 12:00:00","London",5.33
"2023-10-09 12:00:00","South East",4.896
"2023-10-09 12:00:00","South West",5.617
"2023-10-09 12:00:00","Midlands",6.505
"2023-10-09 12:00:00","North East and Yorkshire",6.768
"2023-10-09 12:00:00","East of England",5.303
"2023-10-09 12:00:00","North West",7.088
"2023-10-10 12:00:00","London",5.527
"2023-10-10 12:00:00","South East",4.199
"2023-10-10 12:00:00","South West",3.694
"2023-10-10 12:00:00","Midlands",4.323
"2023-10-10 12:00:00","North East and Yorkshire",2.767
"2023-10-10 12:00:00","East of England",5.711
"2023-10-10 12:00:00","North West",3.262
"2023-10-11 12:00:00","London",3.492
"2023-10-11 12:00:00","South East",3.075
"2023-10-11 12:00:00","South West",3.133
"2023-10-11 12:00:00","Midlands",3.009
"2023-10-11 12:00:00","North East and Yorkshire",5.471
"2023-10-11 12:00:00","East of England",2.773
"2023-10-11 12:00:00","North West",4.891
"2023-10-12 12:00:00","London",8.768
"2023-10-12 12:00:00","South East",7.567
"2023-10-12 12:00:00","South West",5.605
"2023-10-12 12:00:00","Midlands",6.227
"2023-10-12 12:00:00","North East and Yorkshire",6.922
"2023-10-12 12:00:00","East of England",7.359
"2023-10-12 12:00:00","North West",6.118
"2023-10-13 12:00:00","London",8.976
"2023-10-13 12:00:00","South East",7.975
"2023-10-13 12:00:00","South West",8.386
"2023-10-13 12:00:00","Midlands",6.875
"2023-10-13 12:00:00","North East and Yorkshire",4.279
"2023-10-13 12:00:00","East of England",8.158
"2023-10-13 12:00:00","North West",5.114
"2023-10-14 12:00:00","London",11.766
"2023-10-14 12:00:00","South East",10.722
"2023-10-14 12:00:00","South West",11.122
"2023-10-14 12:00:00","Midlands",7.117
"2023-10-14 12:00:00","North East and Yorkshire",4.775
"2023-10-14 12:00:00","East of England",10.282
"2023-10-14 12:00:00","North West",5.289
"2023-10-15 12:00:00","London",3.558
"2023-10-15 12:00:00","South East",2.857
"2023-10-15 12:00:00","South West",1.99
"2023-10-15 12:00:00","Midlands",2.317
"2023-10-15 12:00:00","North East and Yorkshire",3.482
"2023-10-15 12:00:00","East of England",3.193
"2023-10-15 12:00:00","North West",3.785
"2023-10-16 12:00:00","London",0.666
"2023-10-16 12:00:00","South East",0.053
"2023-10-16 12:00:00","South West",1.085
"2023-10-16 12:00:00","Midlands",0.033
"2023-10-16 12:00:00","North East and Yorkshire",0.391
"2023-10-16 12:00:00","East of England",0.349
"2023-10-16 12:00:00","North West",-0.298
"2023-10-17 12:00:00","London",15.192
"2023-10-17 12:00:00","South East",13.574
"2023-10-17 12:00:00","South West",13.498
"2023-10-17 12:00:00","Midlands",13.728
"2023-10-17 12:00:00","North East and Yorkshire",13.516
"2023-10-17 12:00:00","East of England",14.428
"2023-10-17 12:00:00","North West",12.947
"2023-10-18 12:00:00","London",14.561
"2023-10-18 12:00:00","South East",13.266
"2023-10-18 12:00:00","South West",13.414
"2023-10-18 12:00:00","Midlands",13.383
"2023-10-18 12:00:00","North East and Yorkshire",12.935
"2023-10-18 12:00:00","East of England",13.806
"2023-10-18 12:00:00","North West",12.122
"2023-10-19 12:00:00","London",15.233
"2023-10-19 12:00:00","South East",13.666
"2023-10-19 12:00:00","South West",13.714
"2023-10-19 12:00:00","Midlands",13.59
"2023-10-19 12:00:00","North East and Yorkshire",12.835
"2023-10-19 12:00:00","East of England",13.855
"2023-10-19 12:00:00","North West",12.332
"2023-10-20 12:00:00","London",12.775
"2023-10-20 12:00:00","South East",11.673
"2023-10-20 12:00:00","South West",12.006
"2023-10-20 12:00:00","Midlands",11.886
"2023-10-20 12:00:00","North East and Yorkshire",10.94
"2023-10-20 12:00:00","East of England",12.087
"2023-10-20 12:00:00","North West",10.943
"2023-10-21 12:00:00","London",11.706
"2023-10-21 12:00:00","South East",10.697
"2023-10-21 12:00:00","South West",11.313
"2023-10-21 12:00:00","Midlands",10.17
"2023-10-21 12:00:00","North East and Yorkshire",10.281
"2023-10-21 12:00:00","East of England",10.734
"2023-10-21 12:00:00","North West",10.278
"2023-10-22 12:00:00","London",13.84
"2023-10-22 12:00:00","South East",12.605
"2023-10-22 12:00:00","South West",12.6
"2023-10-22 12:00:00","Midlands",11.589
"2023-10-22 12:00:00","North East and Yorkshire",10.414
"2023-10-22 12:00:00","East of England",12.633
"2023-10-22 12:00:00","North West",10.416
"2023-10-23 12:00:00","London",9.535
"2023-10-23 12:00:00","South East",8.181
"2023-10-23 12:00:00","South West",9.184
"2023-10-23 12:00:00","Midlands",8.257
"2023-10-23 12:00:00","North East and Yorkshire",7.822
"2023-10-23 12:00:00","East of England",8.83
"2023-10-23 12:00:00","North West",7.991
"2023-10-24 12:00:00","London",4.758
"2023-10-24 12:00:00","South East",4.296
"2023-10-24 12:00:00","South West",7.26
"2023-10-24 12:00:00","Midlands",6.734
"2023-10-24 12:00:00","North East and Yorkshire",6.638
"2023-10-24 12:00:00","East of England",4.077
"2023-10-24 12:00:00","North West",6.982
"2023-10-25 12:00:00","London",9.491
"2023-10-25 12:00:00","South East",9.046
"2023-10-25 12:00:00","South West",9.587
"2023-10-25 12:00:00","Midlands",8.342
"2023-10-25 12:00:00","North East and Yorkshire",6.866
"2023-10-25 12:00:00","East of England",7.883
"2023-10-25 12:00:00","North West",7.532
"2023-10-26 12:00:00","London",8.674
"2023-10-26 12:00:00","South East",7.688
"2023-10-26 12:00:00","South West",7.55
"2023-10-26 12:00:00","Midlands",6.375
"2023-10-26 12:00:00","North East and Yorkshire",5.493
"2023-10-26 12:00:00","East of England",8.087
"2023-10-26 12:00:00","North West",5.949
"2023-10-27 12:00:00","London",7.602
"2023-10-27 12:00:00","South East",6.674
"2023-10-27 12:00:00","South West",6.381
"2023-10-27 12:00:00","Midlands",6.768
"2023-10-27 12:00:00","North East and Yorkshire",7.951
"2023-10-27 12:00:00","East of England",7.245
"2023-10-27 12:00:00","North West",6.814
"2023-10-28 12:00:00","London",4.341
"2023-10-28 12:00:00","South East",3.881
"2023-10-28 12:00:00","South West",5.34
"2023-10-28 12:00:00","Midlands",4.237
"2023-10-28 12:00:00","North East and Yorkshire",4.012
"2023-10-28 12:00:00","East of England",4.051
"2023-10-28 12:00:00","North West",4.83
"2023-10-29 12:00:00","London",7.443
"2023-10-29 12:00:00","South East",6.06
"2023-10-29 12:00:00","South West",6.181
"2023-10-29 12:00:00","Midlands",5.718
"2023-10-29 12:00:00","North East and Yorkshire",5.435
"2023-10-29 12:00:00","East of England",5.917
"2023-10-29 12:00:00","North West",5.303
"2023-10-30 12:00:00","London",6.926
"2023-10-30 12:00:00","South East",5.801
"2023-10-30 12:00:00","South West",5.541
"2023-10-30 12:00:00","Midlands",5.513
"2023-10-30 12:00:00","North East and Yorkshire",5.168
"2023-10-30 12:00:00","East of England",6.042
"2023-10-30 12:00:00","North West",5.818
"2023-10-31 12:00:00","London",-1.925
"2023-10-31 12:00:00","South East",-2.401
"2023-10-31 12:00:00","South West",-0.897
"2023-10-31 12:00:00","Midlands",-2.189
"2023-10-31 12:00:00","North East and Yorkshire",-2.792
"2023-10-31 12:00:00","East of England",-2.496
"2023-10-31 12:00:00","North West",-2.225
"2023-11-01 12:00:00","London",0.609
"2023-11-01 12:00:00","South East",0.396
"2023-11-01 12:00:00","South West",3.034
"2023-11-01 12:00:00","Midlands",0.218
"2023-11-01 12:00:00","North East and Yorkshire",-0.912
"2023-11-01 12:00:00","East of England",-0.117
"2023-11-01 12:00:00","North West",-0.309
"2023-11-02 12:00:00","London",2.876
"2023-11-02 12:00:00","South East",2.822
"2023-11-02 12:00:00","South West",4.292
"2023-11-02 12:00:00","Midlands",1.575
"2023-11-02 12:00:00","North East and Yorkshire",1.375
"2023-11-02 12:00:00","East of England",1.763
"2023-11-02 12:00:00","North West",2.764
"2023-11-03 12:00:00","London",3.782
"2023-11-03 12:00:00","South East",3.752
"2023-11-03 12:00:00","South West",4.491
"2023-11-03 12:00:00","Midlands",2.902
"2023-11-03 12:00:00","North East and Yorkshire",3.259
"2023-11-03 12:00:00","East of England",3.726
"2023-11-03 12:00:00","North West",3.592
"2023-11-04 12:00:00","London",7.253
"2023-11-04 12:00:00","South East",6.677
"2023-11-04 12:00:00","South West",5.91
"2023-11-04 12:00:00","Midlands",6.123
"2023-11-04 12:00:00","North East and Yorkshire",6.135
"2023-11-04 12:00:00","East of England",6.747
"2023-11-04 12:00:00","North West",5.896
"2023-11-05 12:00:00","London",5.752
"2023-11-05 12:00:00","South East",5.905
"2023-11-05 12:00:00","South West",7.612
"2023-11-05 12:00:00","Midlands",6.512
"2023-11-05 12:00:00","North East and Yorkshire",7.149
"2023-11-05 12:00:00","East of England",5.021
"2023-11-05 12:00:00","North West",6.285
"2023-11-06 12:00:00","London",8.362
"2023-11-06 12:00:00","South East",7.599
"2023-11-06 12:00:00","South West",7.979
"2023-11-06 12:00:00","Midlands",7.037
"2023-11-06 12:00:00","North East and Yorkshire",7.04
"2023-11-06 12:00:00","East of England",7.123
"2023-11-06 12:00:00","North West",7.027
"2023-11-07 12:00:00","London",3.032
"2023-11-07 12:00:00","South East",2.406
"2023-11-07 12:00:00","South West",3.209
"2023-11-07 12:00:00","Midlands",2.92
"2023-11-07 12:00:00","North East and Yorkshire",3.706
"2023-11-07 12:00:00","East of England",2.592
"2023-11-07 12:00:00","North West",4.497
"2023-11-08 12:00:00","London",2.784
"2023-11-08 12:00:00","South East",2.102
"2023-11-08 12:00:00","South West",3.119
"2023-11-08 12:00:00","Midlands",2.08
"2023-11-08 12:00:00","North East and Yorkshire",-0.028
"2023-11-08 12:00:00","East of England",2.192
"2023-11-08 12:00:00","North West",1.284
"2023-11-09 12:00:00","London",3.686
"2023-11-09 12:00:00","South East",1.964
"2023-11-09 12:00:00","South West",0.568
"2023-11-09 12:00:00","Midlands",2.856
"2023-11-09 12:00:00","North East and Yorkshire",1.072
"2023-11-09 12:00:00","East of England",2.884
"2023-11-09 12:00:00","North West",2.761
"2023-11-10 12:00:00","London",3.497
"2023-11-10 12:00:00","South East",2.147
"2023-11-10 12:00:00","South West",1.985
"2023-11-10 12:00:00","Midlands",2.977
"2023-11-10 12:00:00","North East and Yorkshire",3.852
"2023-11-10 12:00:00","East of England",2.675
"2023-11-10 12:00:00","North West",3.984
"2023-11-11 12:00:00","London",4.524
"2023-11-11 12:00:00","South East",3.633
"2023-11-11 12:00:00","South West",4.427
"2023-11-11 12:00:00","Midlands",4.728
"2023-11-11 12:00:00","North East and Yorkshire",5.69
"2023-11-11 12:00:00","East of England",3.425
"2023-11-11 12:00:00","North West",5.289
"2023-11-12 12:00:00","London",1.456
"2023-11-12 12:00:00","South East",1.407
"2023-11-12 12:00:00","South West",1.759
"2023-11-12 12:00:00","Midlands",4.707
"2023-11-12 12:00:00","North East and Yorkshire",5.776
"2023-11-12 12:00:00","East of England",2.223
"2023-11-12 12:00:00","North West",4.516
"2023-11-13 12:00:00","London",2.686
"2023-11-13 12:00:00","South East",1.695
"2023-11-13 12:00:00","South West",2.225
"2023-11-13 12:00:00","Midlands",1.956
"2023-11-13 12:00:00","North East and Yorkshire",1.835
"2023-11-13 12:00:00","East of England",2.905
"2023-11-13 12:00:00","North West",0.144
"2023-11-14 12:00:00","London",2.82
"2023-11-14 12:00:00","South East",2.431
"2023-11-14 12:00:00","South West",3.057
"2023-11-14 12:00:00","Midlands",2.058
"2023-11-14 12:00:00","North East and Yorkshire",0.626
"2023-11-14 12:00:00","East of England",1.965
"2023-11-14 12:00:00","North West",0.611
"2023-11-15 12:00:00","London",0.546
"2023-11-15 12:00:00","South East",0.139
"2023-11-15 12:00:00","South West",0.234
"2023-11-15 12:00:00","Midlands",-1.684
"2023-11-15 12:00:00","North East and Yorkshire",-2.091
"2023-11-15 12:00:00","East of England",-1.166
"2023-11-15 12:00:00","North West",-3.025
"2023-11-16 12:00:00","London",-2.434
"2023-11-16 12:00:00","South East",-1.972
"2023-11-16 12:00:00","South West",-0.927
"2023-11-16 12:00:00","Midlands",-3.546
"2023-11-16 12:00:00","North East and Yorkshire",-1.916
"2023-11-16 12:00:00","East of England",-3.537
"2023-11-16 12:00:00","North West",-3.175
"2023-11-17 12:00:00","London",-1.691
"2023-11-17 12:00:00","South East",-2.588
"2023-11-17 12:00:00","South West",-2.236
"2023-11-17 12:00:00","Midlands",-3.503
"2023-11-17 12:00:00","North East and Yorkshire",-2.637
"2023-11-17 12:00:00","East of England",-2.277
"2023-11-17 12:00:00","North West",-4.038
"2023-11-18 12:00:00","London",-1.306
"2023-11-18 12:00:00","South East",-2.387
"2023-11-18 12:00:00","South West",-3.955
"2023-11-18 12:00:00","Midlands",-4.312
"2023-11-18 12:00:00","North East and Yorkshire",-5.351
"2023-11-18 12:00:00","East of England",-2.392
"2023-11-18 12:00:00","North West",-4.66
"2023-11-19 12:00:00","London",-2.783
"2023-11-19 12:00:00","South East",-3.247
"2023-11-19 12:00:00","South West",-2.87
"2023-11-19 12:00:00","Midlands",-3.858
"2023-11-19 12:00:00","North East and Yorkshire",-3.696
"2023-11-19 12:00:00","East of England",-3.491
"2023-11-19 12:00:00","North West",-2.745
"2023-11-20 12:00:00","London",5.156
"2023-11-20 12:00:00","South East",4.57
"2023-11-20 12:00:00","South West",4.645
"2023-11-20 12:00:00","Midlands",1.184
"2023-11-20 12:00:00","North East and Yorkshire",-0.233
"2023-11-20 12:00:00","East of England",3.003
"2023-11-20 12:00:00","North West",0.709
"2023-11-21 12:00:00","London",10.553
"2023-11-21 12:00:00","South East",9.558
"2023-11-21 12:00:00","South West",9.731
"2023-11-21 12:00:00","Midlands",9.089
"2023-11-21 12:00:00","North East and Yorkshire",8.918
"2023-11-21 12:00:00","East of England",9.636
"2023-11-21 12:00:00","North West",8.574
"2023-11-22 12:00:00","London",13.326
"2023-11-22 12:00:00","South East",12.38
"2023-11-22 12:00:00","South West",12.211
"2023-11-22 12:00:00","Midlands",11.317
"2023-11-22 12:00:00","North East and Yorkshire",10.704
"2023-11-22 12:00:00","East of England",12.084
"2023-11-22 12:00:00","North West",10.351
"2023-11-23 12:00:00","London",12.175
"2023-11-23 12:00:00","South East",11.581
"2023-11-23 12:00:00","South West",11.951
"2023-11-23 12:00:00","Midlands",11.301
"2023-11-23 12:00:00","North East and Yorkshire",10.582
"2023-11-23 12:00:00","East of England",11.734
"2023-11-23 12:00:00","North West",10.625
"2023-11-24 12:00:00","London",13.476
"2023-11-24 12:00:00","South East",12.503
"2023-11-24 12:00:00","South West",12.606
"2023-11-24 12:00:00","Midlands",13.255
"2023-11-24 12:00:00","North East and Yorkshire",12.018
"2023-11-24 12:00:00","East of England",13.247
"2023-11-24 12:00:00","North West",12.275
"2023-11-25 12:00:00","London",10.614
"2023-11-25 12:00:00","South East",9.706
"2023-11-25 12:00:00","South West",11.042
"2023-11-25 12:00:00","Midlands",10.458
"2023-11-25 12:00:00","North East and Yorkshire",8.902
"2023-11-25 12:00:00","East of England",9.5
"2023-11-25 12:00:00","North West",9.264
"2023-11-26 12:00:00","London",12.887
"2023-11-26 12:00:00","South East",12.028
"2023-11-26 12:00:00","South West",12.438
"2023-11-26 12:00:00","Midlands",11.243
"2023-11-26 12:00:00","North East and Yorkshire",9.749
"2023-11-26 12:00:00","East of England",12.392
"2023-11-26 12:00:00","North West",10.148
"2023-11-27 12:00:00","London",10.358
"2023-11-27 12:00:00","South East",9.962
"2023-11-27 12:00:00","South West",11.245
"2023-11-27 12:00:00","Midlands",10.294
"2023-11-27 12:00:00","North East and Yorkshire",9.217
"2023-11-27 12:00:00","East of England",10.37
"2023-11-27 12:00:00","North West",9.729
"2023-11-28 12:00:00","London",6.173
"2023-11-28 12:00:00","South East",5.059
"2023-11-28 12:00:00","South West",3.109
"2023-11-28 12:00:00","Midlands",0.574
"2023-11-28 12:00:00","North East and Yorkshire",0.039
"2023-11-28 12:00:00","East of England",4.723
"2023-11-28 12:00:00","North West",-0.211
"2023-11-29 12:00:00","London",1.249
"2023-11-29 12:00:00","South East",0.913
"2023-11-29 12:00:00","South West",0.373
"2023-11-29 12:00:00","Midlands",-0.447
"2023-11-29 12:00:00","North East and Yorkshire",-1.081
"2023-11-29 12:00:00","East of England",0.813
"2023-11-29 12:00:00","North West",-0.807
"2023-11-30 12:00:00","London",3.682
"2023-11-30 12:00:00","South East",3.555
"2023-11-30 12:00:00","South West",5.207
"2023-11-30 12:00:00","Midlands",2.15
"2023-11-30 12:00:00","North East and Yorkshire",-0.263
"2023-11-30 12:00:00","East of England",2.496
"2023-11-30 12:00:00","North West",0.518
"2023-12-01 12:00:00","London",8.414
"2023-12-01 12:00:00","South East",7.308
"2023-12-01 12:00:00","South West",6.51
"2023-12-01 12:00:00","Midlands",6.525
"2023-12-01 12:00:00","North East and Yorkshire",6.31
"2023-12-01 12:00:00","East of England",7.993
"2023-12-01 12:00:00","North West",6.086
"2023-12-02 12:00:00","London",4.145
"2023-12-02 12:00:00","South East",3.663
"2023-12-02 12:00:00","South West",4.154
"2023-12-02 12:00:00","Midlands",2.8
"2023-12-02 12:00:00","North East and Yorkshire",2.737
"2023-12-02 12:00:00","East of England",3.671
"2023-12-02 12:00:00","North West",2.813
"2023-12-03 12:00:00","London",6.947
"2023-12-03 12:00:00","South East",5.991
"2023-12-03 12:00:00","South West",5.441
"2023-12-03 12:00:00","Midlands",5.306
"2023-12-03 12:00:00","North East and Yorkshire",3.831
"2023-12-03 12:00:00","East of England",6.205
"2023-12-03 12:00:00","North West",4.203
"2023-12-04 12:00:00","London",5.124
"2023-12-04 12:00:00","South East",5.067
"2023-12-04 12:00:00","South West",5.892
"2023-12-04 12:00:00","Midlands",3.98
"2023-12-04 12:00:00","North East and Yorkshire",3.969
"2023-12-04 12:00:00","East of England",4.307
"2023-12-04 12:00:00","North West",4.674
"2023-12-05 12:00:00","London",3.277
"2023-12-05 12:00:00","South East",2.994
"2023-12-05 12:00:00","South West",5.481
"2023-12-05 12:00:00","Midlands",6.563
"2023-12-05 12:00:00","North East and Yorkshire",6.342
"2023-12-05 12:00:00","East of England",3.363
"2023-12-05 12:00:00","North West",6.661
"2023-12-06 12:00:00","London",4.332
"2023-12-06 12:00:00","South East",4.07
"2023-12-06 12:00:00","South West",5.657
"2023-12-06 12:00:00","Midlands",5.389
"2023-12-06 12:00:00","North East and Yorkshire",5.751
"2023-12-06 12:00:00","East of England",4.877
"2023-12-06 12:00:00","North West",6.321
"2023-12-07 12:00:00","London",4.109
"2023-12-07 12:00:00","South East",3.538
"2023-12-07 12:00:00","South West",6.115
"2023-12-07 12:00:00","Midlands",6.273
"2023-12-07 12:00:00","North East and Yorkshire",7.317
"2023-12-07 12:00:00","East of England",4.49
"2023-12-07 12:00:00","North West",7.489
"2023-12-08 12:00:00","London",8.075
"2023-12-08 12:00:00","South East",7.684
"2023-12-08 12:00:00","South West",8.661
"2023-12-08 12:00:00","Midlands",8.671
"2023-12-08 12:00:00","North East and Yorkshire",10.208
"2023-12-08 12:00:00","East of England",6.994
"2023-12-08 12:00:00","North West",9.516
"2023-12-09 12:00:00","London",9.791
"2023-12-09 12:00:00","South East",8.185
"2023-12-09 12:00:00","South West",8.076
"2023-12-09 12:00:00","Midlands",8.799
"2023-12-09 12:00:00","North East and Yorkshire",8.878
"2023-12-09 12:00:00","East of England",8.325
"2023-12-09 12:00:00","North West",9.009
"2023-12-10 12:00:00","London",4.842
"2023-12-10 12:00:00","South East",3.924
"2023-12-10 12:00:00","South West",4.482
"2023-12-10 12:00:00","Midlands",2.765
"2023-12-10 12:00:00","North East and Yorkshire",3.172
"2023-12-10 12:00:00","East of England",3.721
"2023-12-10 12:00:00","North West",2.558
"2023-12-11 12:00:00","London",3.559
"2023-12-11 12:00:00","South East",2.04
"2023-12-11 12:00:00","South West",1.449
"2023-12-11 12:00:00","Midlands",0.448
"2023-12-11 12:00:00","North East and Yorkshire",1.278
"2023-12-11 12:00:00","East of England",2.517
"2023-12-11 12:00:00","North West",-0.273
"2023-12-12 12:00:00","London",9.294
"2023-12-12 12:00:00","South East",7.788
"2023-12-12 12:00:00","South West",5.775
"2023-12-12 12:00:00","Midlands",5.797
"2023-12-12 12:00:00","North East and Yorkshire",5.241
"2023-12-12 12:00:00","East of England",8.273
"2023-12-12 12:00:00","North West",4.935
"2023-12-13 12:00:00","London",3.804
"2023-12-13 12:00:00","South East",2.712
"2023-12-13 12:00:00","South West",4.621
"2023-12-13 12:00:00","Midlands",4.491
"2023-12-13 12:00:00","North East and Yorkshire",3.929
"2023-12-13 12:00:00","East of England",3.286
"2023-12-13 12:00:00","North West",3.829
"2023-12-14 12:00:00","London",5.13
"2023-12-14 12:00:00","South East",4.186
"2023-12-14 12:00:00","South West",4.203
"2023-12-14 12:00:00","Midlands",2.664
"2023-12-14 12:00:00","North East and Yorkshire",3.681
"2023-12-14 12:00:00","East of England",3.285
"2023-12-14 12:00:00","North West",2.48
"2023-12-15 12:00:00","London",6.664
"2023-12-15 12:00:00","South East",6.624
"2023-12-15 12:00:00","South West",7.231
"2023-12-15 12:00:00","Midlands",4.813
"2023-12-15 12:00:00","North East and Yorkshire",3.444
"2023-12-15 12:00:00","East of England",5.244
"2023-12-15 12:00:00","North West",4.02
"2023-12-16 12:00:00","London",5.463
"2023-12-16 12:00:00","South East",4.837
"2023-12-16 12:00:00","South West",4.992
"2023-12-16 12:00:00","Midlands",4.122
"2023-12-16 12:00:00","North East and Yorkshire",3.706
"2023-12-16 12:00:00","East of England",5.117
"2023-12-16 12:00:00","North West",3.847
"2023-12-17 12:00:00","London",5.45
"2023-12-17 12:00:00","South East",4.909
"2023-12-17 12:00:00","South West",6.044
"2023-12-17 12:00:00","Midlands",4.773
"2023-12-17 12:00:00","North East and Yorkshire",4.744
"2023-12-17 12:00:00","East of England",5.166
"2023-12-17 12:00:00","North West",4.225
"2023-12-18 12:00:00","London",3.164
"2023-12-18 12:00:00","South East",2.917
"2023-12-18 12:00:00","South West",2.536
"2023-12-18 12:00:00","Midlands",1.22
"2023-12-18 12:00:00","North East and Yorkshire",1.031
"2023-12-18 12:00:00","East of England",2.347
"2023-12-18 12:00:00","North West",1.381
"2023-12-19 12:00:00","London",-0.155
"2023-12-19 12:00:00","South East",-0.927
"2023-12-19 12:00:00","South West",0.72
"2023-12-19 12:00:00","Midlands",0.298
"2023-12-19 12:00:00","North East and Yorkshire",0.2
"2023-12-19 12:00:00","East of England",-0.875
"2023-12-19 12:00:00","North West",1.042
"2023-12-20 12:00:00","London",2.436
"2023-12-20 12:00:00","South East",1.762
"2023-12-20 12:00:00","South West",2.736
"2023-12-20 12:00:00","Midlands",2.208
"2023-12-20 12:00:00","North East and Yorkshire",3.089
"2023-12-20 12:00:00","East of England",1.648
"2023-12-20 12:00:00","North West",3.251
"2023-12-21 12:00:00","London",-0.252
"2023-12-21 12:00:00","South East",-0.328
"2023-12-21 12:00:00","South West",1.207
"2023-12-21 12:00:00","Midlands",-0.062
"2023-12-21 12:00:00","North East and Yorkshire",0.812
"2023-12-21 12:00:00","East of England",-0.508
"2023-12-21 12:00:00","North West",1.207
"2023-12-22 12:00:00","London",4.716
"2023-12-22 12:00:00","South East",4.324
"2023-12-22 12:00:00","South West",5.126
"2023-12-22 12:00:00","Midlands",2.842
"2023-12-22 12:00:00","North East and Yorkshire",1.711
"2023-12-22 12:00:00","East of England",2.547
"2023-12-22 12:00:00","North West",3.149
"2023-12-23 12:00:00","London",4.065
"2023-12-23 12:00:00","South East",3.728
"2023-12-23 12:00:00","South West",4.22
"2023-12-23 12:00:00","Midlands",2.936
"2023-12-23 12:00:00","North East and Yorkshire",2.908
"2023-12-23 12:00:00","East of England",3.476
"2023-12-23 12:00:00","North West",3.411
"2023-12-24 12:00:00","London",4.875
"2023-12-24 12:00:00","South East",4.383
"2023-12-24 12:00:00","South West",4.189
"2023-12-24 12:00:00","Midlands",2.507
"2023-12-24 12:00:00","North East and Yorkshire",1.497
"2023-12-24 12:00:00","East of England",3.582
"2023-12-24 12:00:00","North West",1.94
"2023-12-25 12:00:00","London",5.321
"2023-12-25 12:00:00","South East",4.833
"2023-12-25 12:00:00","South West",3.82
"2023-12-25 12:00:00","Midlands",2.812
"2023-12-25 12:00:00","North East and Yorkshire",2.075
"2023-12-25 12:00:00","East of England",4.366
"2023-12-25 12:00:00","North West",2.464
"2023-12-26 12:00:00","London",9.294
"2023-12-26 12:00:00","South East",7.788
"2023-12-26 12:00:00","South West",5.775
"2023-12-26 12:00:00","Midlands",5.797
"2023-12-26 12:00:00","North East and Yorkshire",5.241
"2023-12-26 12:00:00","East of England",8.273
"2023-12-26 12:00:00","North West",4.935
"2023-12-27 12:00:00","London",3.804
"2023-12-27 12:00:00","South East",2.712
"2023-12-27 12:00:00","South West",4.621
"2023-12-27 12:00:00","Midlands",4.491
"2023-12-27 12:00:00","North East and Yorkshire",3.929
"2023-12-27 12:00:00","East of England",3.286
"2023-12-27 12:00:00","North West",3.829
"2023-12-28 12:00:00","London",5.13
"2023-12-28 12:00:00","South East",4.186
"2023-12-28 12:00:00","South West",4.203
"2023-12-28 12:00:00","Midlands",2.664
"2023-12-28 12:00:00","North East and Yorkshire",3.681
"2023-12-28 12:00:00","East of England",3.285
"2023-12-28 12:00:00","North West",2.48
"2023-12-29 12:00:00","London",6.664
"2023-12-29 12:00:00","South East",6.624
"2023-12-29 12:00:00","South West",7.231
"2023-12-29 12:00:00","Midlands",4.813
"2023-12-29 12:00:00","North East and Yorkshire",3.444
"2023-12-29 12:00:00","East of England",5.244
"2023-12-29 12:00:00","North West",4.02
"2023-12-30 12:00:00","London",5.463
"2023-12-30 12:00:00","South East",4.837
"2023-12-30 12:00:00","South West",4.992
"2023-12-30 12:00:00","Midlands",4.122
"2023-12-30 12:00:00","North East and Yorkshire",3.706
"2023-12-30 12:00:00","East of England",5.117
"2023-12-30 12:00:00","North West",3.847
"2023-12-31 12:00:00","London",5.45
"2023-12-31 12:00:00","South East",4.909
"2023-12-31 12:00:00","South West",6.044
"2023-12-31 12:00:00","Midlands",4.773
"2023-12-31 12:00:00","North East and Yorkshire",4.744
"2023-12-31 12:00:00","East of England",5.166
"2023-12-31 12:00:00","North West",4.225
"2024-01-01 12:00:00","London",3.164
"2024-01-01 12:00:00","South East",2.917
"2024-01-01 12:00:00","South West",2.536
"2024-01-01 12:00:00","Midlands",1.22
"2024-01-01 12:00:00","North East and Yorkshire",1.031
"2024-01-01 12:00:00","East of England",2.347
"2024-01-01 12:00:00","North West",1.381
"2024-01-02 12:00:00","London",3.906
"2024-01-02 12:00:00","South East",3.248
"2024-01-02 12:00:00","South West",4.193
"2024-01-02 12:00:00","Midlands",3.339
"2024-01-02 12:00:00","North East and Yorkshire",3.116
"2024-01-02 12:00:00","East of England",3.061
"2024-01-02 12:00:00","North West",3.628
"2024-01-03 12:00:00","London",8.321
"2024-01-03 12:00:00","South East",7.258
"2024-01-03 12:00:00","South West",7.14
"2024-01-03 12:00:00","Midlands",6.532
"2024-01-03 12:00:00","North East and Yorkshire",8.231
"2024-01-03 12:00:00","East of England",7.491
"2024-01-03 12:00:00","North West",6.96
"2024-01-04 12:00:00","London",6.063
"2024-01-04 12:00:00","South East",5.565
"2024-01-04 12:00:00","South West",5.072
"2024-01-04 12:00:00","Midlands",5.434
"2024-01-04 12:00:00","North East and Yorkshire",4.914
"2024-01-04 12:00:00","East of England",5.669
"2024-01-04 12:00:00","North West",3.77
"2024-01-05 12:00:00","London",5.516
"2024-01-05 12:00:00","South East",4.628
"2024-01-05 12:00:00","South West",3.972
"2024-01-05 12:00:00","Midlands",1.796
"2024-01-05 12:00:00","North East and Yorkshire",2.199
"2024-01-05 12:00:00","East of England",4.197
"2024-01-05 12:00:00","North West",2.608
"2024-01-06 12:00:00","London",3.338
"2024-01-06 12:00:00","South East",3.049
"2024-01-06 12:00:00","South West",4.33
"2024-01-06 12:00:00","Midlands",1.034
"2024-01-06 12:00:00","North East and Yorkshire",1.701
"2024-01-06 12:00:00","East of England",2.608
"2024-01-06 12:00:00","North West",2.58
"2024-01-07 12:00:00","London",2.889
"2024-01-07 12:00:00","South East",1.933
"2024-01-07 12:00:00","South West",4.165
"2024-01-07 12:00:00","Midlands",1.854
"2024-01-07 12:00:00","North East and Yorkshire",3.094
"2024-01-07 12:00:00","East of England",2.38
"2024-01-07 12:00:00","North West",3.735
"2024-01-08 12:00:00","London",3.151
"2024-01-08 12:00:00","South East",2.947
"2024-01-08 12:00:00","South West",5.117
"2024-01-08 12:00:00","Midlands",5.216
"2024-01-08 12:00:00","North East and Yorkshire",6.75
"2024-01-08 12:00:00","East of England",3.895
"2024-01-08 12:00:00","North West",6.013
"2024-01-09 12:00:00","London",8.531
"2024-01-09 12:00:00","South East",7.981
"2024-01-09 12:00:00","South West",7.828
"2024-01-09 12:00:00","Midlands",6.095
"2024-01-09 12:00:00","North East and Yorkshire",4.598
"2024-01-09 12:00:00","East of England",7.272
"2024-01-09 12:00:00","North West",5.183
"2024-01-10 12:00:00","London",6.959
"2024-01-10 12:00:00","South East",6.322
"2024-01-10 12:00:00","South West",7.053
"2024-01-10 12:00:00","Midlands",4.562
"2024-01-10 12:00:00","North East and Yorkshire",2.652
"2024-01-10 12:00:00","East of England",5.767
"2024-01-10 12:00:00","North West",3.938
"2024-01-11 12:00:00","London",9.549
"2024-01-11 12:00:00","South East",9.101
"2024-01-11 12:00:00","South West",10.876
"2024-01-11 12:00:00","Midlands",7.834
"2024-01-11 12:00:00","North East and Yorkshire",5.242
"2024-01-11 12:00:00","East of England",7.819
"2024-01-11 12:00:00","North West",6.804
"2024-01-12 12:00:00","London",12.547
"2024-01-12 12:00:00","South East",11.064
"2024-01-12 12:00:00","South West",11.458
"2024-01-12 12:00:00","Midlands",12.171
"2024-01-12 12:00:00","North East and Yorkshire",11.562
"2024-01-12 12:00:00","East of England",12.063
"2024-01-12 12:00:00","North West",10.94
"2024-01-13 12:00:00","London",12.274
"2024-01-13 12:00:00","South East",10.534
"2024-01-13 12:00:00","South West",11.079
"2024-01-13 12:00:00","Midlands",11.041
"2024-01-13 12:00:00","North East and Yorkshire",10.331
"2024-01-13 12:00:00","East of England",10.806
"2024-01-13 12:00:00","North West",10.057
"2024-01-14 12:00:00","London",10.782
"2024-01-14 12:00:00","South East",9.515
"2024-01-14 12:00:00","South West",9.194
"2024-01-14 12:00:00","Midlands",8.008
"2024-01-14 12:00:00","North East and Yorkshire",7.954
"2024-01-14 12:00:00","East of England",10.053
"2024-01-14 12:00:00","North West",7.386
"2024-01-15 12:00:00","London",9.028
"2024-01-15 12:00:00","South East",7.991
"2024-01-15 12:00:00","South West",7.818
"2024-01-15 12:00:00","Midlands",6.821
"2024-01-15 12:00:00","North East and Yorkshire",7.397
"2024-01-15 12:00:00","East of England",7.733
"2024-01-15 12:00:00","North West",7.146
"2024-01-16 12:00:00","London",1.574
"2024-01-16 12:00:00","South East",0.835
"2024-01-16 12:00:00","South West",2.34
"2024-01-16 12:00:00","Midlands",3.299
"2024-01-16 12:00:00","North East and Yorkshire",4.97
"2024-01-16 12:00:00","East of England",1.334
"2024-01-16 12:00:00","North West",4.826
"2024-01-17 12:00:00","London",4.069
"2024-01-17 12:00:00","South East",3.203
"2024-01-17 12:00:00","South West",4.166
"2024-01-17 12:00:00","Midlands",4.501
"2024-01-17 12:00:00","North East and Yorkshire",4.961
"2024-01-17 12:00:00","East of England",3.194
"2024-01-17 12:00:00","North West",5.412
"2024-01-18 12:00:00","London",5.551
"2024-01-18 12:00:00","South East",4.955
"2024-01-18 12:00:00","South West",5.959
"2024-01-18 12:00:00","Midlands",6.285
"2024-01-18 12:00:00","North East and Yorkshire",6.652
"2024-01-18 12:00:00","East of England",5.027
"2024-01-18 12:00:00","North West",6.531
"2024-01-19 12:00:00","London",7.675
"2024-01-19 12:00:00","South East",6.828
"2024-01-19 12:00:00","South West",7.481
"2024-01-19 12:00:00","Midlands",7.893
"2024-01-19 12:00:00","North East and Yorkshire",8.501
"2024-01-19 12:00:00","East of England",7.034
"2024-01-19 12:00:00","North West",8.057
"2024-01-20 12:00:00","London",6.806
"2024-01-20 12:00:00","South East",6.43
"2024-01-20 12:00:00","South West",6.586
"2024-01-20 12:00:00","Midlands",6.848
"2024-01-20 12:00:00","North East and Yorkshire",7.545
"2024-01-20 12:00:00","East of England",6.23
"2024-01-20 12:00:00","North West",7.347
"2024-01-21 12:00:00","London",3.554
"2024-01-21 12:00:00","South East",2.175
"2024-01-21 12:00:00","South West",1.913
"2024-01-21 12:00:00","Midlands",0.152
"2024-01-21 12:00:00","North East and Yorkshire",0.277
"2024-01-21 12:00:00","East of England",1.939
"2024-01-21 12:00:00","North West",-0.472
"2024-01-22 12:00:00","London",-0.572
"2024-01-22 12:00:00","South East",-1.203
"2024-01-22 12:00:00","South West",-2.507
"2024-01-22 12:00:00","Midlands",-3.574
"2024-01-22 12:00:00","North East and Yorkshire",-1.21
"2024-01-22 12:00:00","East of England",-1.142
"2024-01-22 12:00:00","North West",-2.329
"2024-01-23 12:00:00","London",5.031
"2024-01-23 12:00:00","South East",4.189
"2024-01-23 12:00:00","South West",5.645
"2024-01-23 12:00:00","Midlands",5.302
"2024-01-23 12:00:00","North East and Yorkshire",6.391
"2024-01-23 12:00:00","East of England",4.87
"2024-01-23 12:00:00","North West",5.462
"2024-01-24 12:00:00","London",7.112
"2024-01-24 12:00:00","South East",6.967
"2024-01-24 12:00:00","South West",7.833
"2024-01-24 12:00:00","Midlands",7.43
"2024-01-24 12:00:00","North East and Yorkshire",5.217
"2024-01-24 12:00:00","East of England",6.779
"2024-01-24 12:00:00","North West",6.04
"2024-01-25 12:00:00","London",8.659
"2024-01-25 12:00:00","South East",7.879
"2024-01-25 12:00:00","South West",6.276
"2024-01-25 12:00:00","Midlands",4.977
"2024-01-25 12:00:00","North East and Yorkshire",5.483
"2024-01-25 12:00:00","East of England",7.36
"2024-01-25 12:00:00","North West",5.563
"2024-01-26 12:00:00","London",2.978
"2024-01-26 12:00:00","South East",2.775
"2024-01-26 12:00:00","South West",2.951
"2024-01-26 12:00:00","Midlands",1.735
"2024-01-26 12:00:00","North East and Yorkshire",1.817
"2024-01-26 12:00:00","East of England",2.326
"2024-01-26 12:00:00","North West",2.578
"2024-01-27 12:00:00","London",-0.93
"2024-01-27 12:00:00","South East",-1.384
"2024-01-27 12:00:00","South West",-0.051
"2024-01-27 12:00:00","Midlands",-1.413
"2024-01-27 12:00:00","North East and Yorkshire",-1.147
"2024-01-27 12:00:00","East of England",-0.786
"2024-01-27 12:00:00","North West",-0.689
"2024-01-28 12:00:00","London",-0.734
"2024-01-28 12:00:00","South East",-1.47
"2024-01-28 12:00:00","South West",-0.089
"2024-01-28 12:00:00","Midlands",-1.36
"2024-01-28 12:00:00","North East and Yorkshire",-1.243
"2024-01-28 12:00:00","East of England",-1.625
"2024-01-28 12:00:00","North West",-0.624
"2024-01-29 12:00:00","London",2.967
"2024-01-29 12:00:00","South East",2.542
"2024-01-29 12:00:00","South West",3.511
"2024-01-29 12:00:00","Midlands",1.408
"2024-01-29 12:00:00","North East and Yorkshire",0.988
"2024-01-29 12:00:00","East of England",1.812
"2024-01-29 12:00:00","North West",1.363
"2024-01-30 12:00:00","London",-4.815
"2024-01-30 12:00:00","South East",-5.397
"2024-01-30 12:00:00","South West",-4.199
"2024-01-30 12:00:00","Midlands",-3.393
"2024-01-30 12:00:00","North East and Yorkshire",-2.972
"2024-01-30 12:00:00","East of England",-3.818
"2024-01-30 12:00:00","North West",-2.727
"2024-01-31 12:00:00","London",-3.642
"2024-01-31 12:00:00","South East",-4.005
"2024-01-31 12:00:00","South West",-2.717
"2024-01-31 12:00:00","Midlands",-2.065
"2024-01-31 12:00:00","North East and Yorkshire",-3.925
"2024-01-31 12:00:00","East of England",-2.891
"2024-01-31 12:00:00","North West",-2.375
"2024-02-01 12:00:00","London",-5.803
"2024-02-01 12:00:00","South East",-5.641
"2024-02-01 12:00:00","South West",-5.71
"2024-02-01 12:00:00","Midlands",-6.515
"2024-02-01 12:00:00","North East and Yorkshire",-5.263
"2024-02-01 12:00:00","East of England",-5.728
"2024-02-01 12:00:00","North West",-6.165
"2024-02-02 12:00:00","London",-5.136
"2024-02-02 12:00:00","South East",-5.41
"2024-02-02 12:00:00","South West",-5.216
"2024-02-02 12:00:00","Midlands",-4.661
"2024-02-02 12:00:00","North East and Yorkshire",-3.497
"2024-02-02 12:00:00","East of England",-4.683
"2024-02-02 12:00:00","North West",-4.858
"2024-02-03 12:00:00","London",-3.528
"2024-02-03 12:00:00","South East",-3.508
"2024-02-03 12:00:00","South West",-3.179
"2024-02-03 12:00:00","Midlands",-1.905
"2024-02-03 12:00:00","North East and Yorkshire",0.747
"2024-02-03 12:00:00","East of England",-2.865
"2024-02-03 12:00:00","North West",0.357
"2024-02-04 12:00:00","London",3.094
"2024-02-04 12:00:00","South East",2.907
"2024-02-04 12:00:00","South West",4.737
"2024-02-04 12:00:00","Midlands",3.144
"2024-02-04 12:00:00","North East and Yorkshire",3.446
"2024-02-04 12:00:00","East of England",2.466
"2024-02-04 12:00:00","North West",4.023
"2024-02-05 12:00:00","London",8.512
"2024-02-05 12:00:00","South East",7.562
"2024-02-05 12:00:00","South West",7.092
"2024-02-05 12:00:00","Midlands",7.218
"2024-02-05 12:00:00","North East and Yorkshire",6.43
"2024-02-05 12:00:00","East of England",7.47
"2024-02-05 12:00:00","North West",6.634
"2024-02-06 12:00:00","London",-2.267
"2024-02-06 12:00:00","South East",-2.265
"2024-02-06 12:00:00","South West",-1.724
"2024-02-06 12:00:00","Midlands",-3.186
"2024-02-06 12:00:00","North East and Yorkshire",-0.603
"2024-02-06 12:00:00","East of England",-2.46
"2024-02-06 12:00:00","North West",-0.808
"2024-02-07 12:00:00","London",0.186
"2024-02-07 12:00:00","South East",0.621
"2024-02-07 12:00:00","South West",3.049
"2024-02-07 12:00:00","Midlands",0.128
"2024-02-07 12:00:00","North East and Yorkshire",0.257
"2024-02-07 12:00:00","East of England",-0.276
"2024-02-07 12:00:00","North West",1.189
"2024-02-08 12:00:00","London",7.451
"2024-02-08 12:00:00","South East",6.832
"2024-02-08 12:00:00","South West",7.875
"2024-02-08 12:00:00","Midlands",4.694
"2024-02-08 12:00:00","North East and Yorkshire",2.756
"2024-02-08 12:00:00","East of England",5.296
"2024-02-08 12:00:00","North West",4.678
"2024-02-09 12:00:00","London",8.448
"2024-02-09 12:00:00","South East",7.415
"2024-02-09 12:00:00","South West",7.514
"2024-02-09 12:00:00","Midlands",5.797
"2024-02-09 12:00:00","North East and Yorkshire",2.996
"2024-02-09 12:00:00","East of England",7.175
"2024-02-09 12:00:00","North West",5.05
"2024-02-10 12:00:00","London",4.881
"2024-02-10 12:00:00","South East",4.853
"2024-02-10 12:00:00","South West",5.725
"2024-02-10 12:00:00","Midlands",1.918
"2024-02-10 12:00:00","North East and Yorkshire",1.335
"2024-02-10 12:00:00","East of England",2.743
"2024-02-10 12:00:00","North West",2.437
"2024-02-11 12:00:00","London",0.634
"2024-02-11 12:00:00","South East",-0.223
"2024-02-11 12:00:00","South West",0.567
"2024-02-11 12:00:00","Midlands",-1.73
"2024-02-11 12:00:00","North East and Yorkshire",-2.611
"2024-02-11 12:00:00","East of England",-0.656
"2024-02-11 12:00:00","North West",-1.119
"2024-02-12 12:00:00","London",1.471
"2024-02-12 12:00:00","South East",0.798
"2024-02-12 12:00:00","South West",1.158
"2024-02-12 12:00:00","Midlands",-0.641
"2024-02-12 12:00:00","North East and Yorkshire",-2.165
"2024-02-12 12:00:00","East of England",0.823
"2024-02-12 12:00:00","North West",-0.979
"2024-02-13 12:00:00","London",4.422
"2024-02-13 12:00:00","South East",3.861
"2024-02-13 12:00:00","South West",3.854
"2024-02-13 12:00:00","Midlands",2.624
"2024-02-13 12:00:00","North East and Yorkshire",1.348
"2024-02-13 12:00:00","East of England",3.215
"2024-02-13 12:00:00","North West",2.238
"2024-02-14 12:00:00","London",1.451
"2024-02-14 12:00:00","South East",0.93
"2024-02-14 12:00:00","South West",1.317
"2024-02-14 12:00:00","Midlands",0.869
"2024-02-14 12:00:00","North East and Yorkshire",0.688
"2024-02-14 12:00:00","East of England",1.1
"2024-02-14 12:00:00","North West",1.61
"2024-02-15 12:00:00","London",1.931
"2024-02-15 12:00:00","South East",1.541
"2024-02-15 12:00:00","South West",1.894
"2024-02-15 12:00:00","Midlands",0.937
"2024-02-15 12:00:00","North East and Yorkshire",0.678
"2024-02-15 12:00:00","East of England",0.605
"2024-02-15 12:00:00","North West",1.437
"2024-02-16 12:00:00","London",-0.412
"2024-02-16 12:00:00","South East",-0.736
"2024-02-16 12:00:00","South West",0.484
"2024-02-16 12:00:00","Midlands",0.279
"2024-02-16 12:00:00","North East and Yorkshire",1.126
"2024-02-16 12:00:00","East of England",-0.429
"2024-02-16 12:00:00","North West",0.971
"2024-02-17 12:00:00","London",4.548
"2024-02-17 12:00:00","South East",4.396
"2024-02-17 12:00:00","South West",3.841
"2024-02-17 12:00:00","Midlands",2.015
"2024-02-17 12:00:00","North East and Yorkshire",1.956
"2024-02-17 12:00:00","East of England",2.994
"2024-02-17 12:00:00","North West",1.882
"2024-02-18 12:00:00","London",4.026
"2024-02-18 12:00:00","South East",3.154
"2024-02-18 12:00:00","South West",2.528
"2024-02-18 12:00:00","Midlands",2.547
"2024-02-18 12:00:00","North East and Yorkshire",2.382
"2024-02-18 12:00:00","East of England",3.195
"2024-02-18 12:00:00","North West",2.551
"2024-02-19 12:00:00","London",3.691
"2024-02-19 12:00:00","South East",3.023
"2024-02-19 12:00:00","South West",2.112
"2024-02-19 12:00:00","Midlands",-0.48
"2024-02-19 12:00:00","North East and Yorkshire",-0.164
"2024-02-19 12:00:00","East of England",2.195
"2024-02-19 12:00:00","North West",0.127
"2024-02-20 12:00:00","London",4.422
"2024-02-20 12:00:00","South East",3.861
"2024-02-20 12:00:00","South West",3.854
"2024-02-20 12:00:00","Midlands",2.624
"2024-02-20 12:00:00","North East and Yorkshire",1.348
"2024-02-20 12:00:00","East of England",3.215
"2024-02-20 12:00:00","North West",2.238
"2024-02-21 12:00:00","London",1.451
"2024-02-21 12:00:00","South East",0.93
"2024-02-21 12:00:00","South West",1.317
"2024-02-21 12:00:00","Midlands",0.869
"2024-02-21 12:00:00","North East and Yorkshire",0.688
"2024-02-21 12:00:00","East of England",1.1
"2024-02-21 12:00:00","North West",1.61
"2024-02-22 12:00:00","London",1.931
"2024-02-22 12:00:00","South East",1.541
"2024-02-22 12:00:00","South West",1.894
"2024-02-22 12:00:00","Midlands",0.937
"2024-02-22 12:00:00","North East and Yorkshire",0.678
"2024-02-22 12:00:00","East of England",0.605
"2024-02-22 12:00:00","North West",1.437
"2024-02-23 12:00:00","London",-0.412
"2024-02-23 12:00:00","South East",-0.736
"2024-02-23 12:00:00","South West",0.484
"2024-02-23 12:00:00","Midlands",0.279
"2024-02-23 12:00:00","North East and Yorkshire",1.126
"2024-02-23 12:00:00","East of England",-0.429
"2024-02-23 12:00:00","North West",0.971
"2024-02-24 12:00:00","London",4.548
"2024-02-24 12:00:00","South East",4.396
"2024-02-24 12:00:00","South West",3.841
"2024-02-24 12:00:00","Midlands",2.015
"2024-02-24 12:00:00","North East and Yorkshire",1.956
"2024-02-24 12:00:00","East of England",2.994
"2024-02-24 12:00:00","North West",1.882
"2024-02-25 12:00:00","London",4.026
"2024-02-25 12:00:00","South East",3.154
"2024-02-25 12:00:00","South West",2.528
"2024-02-25 12:00:00","Midlands",2.547
"2024-02-25 12:00:00","North East and Yorkshire",2.382
"2024-02-25 12:00:00","East of England",3.195
"2024-02-25 12:00:00","North West",2.551
"2024-02-26 12:00:00","London",3.691
"2024-02-26 12:00:00","South East",3.023
"2024-02-26 12:00:00","South West",2.112
"2024-02-26 12:00:00","Midlands",-0.48
"2024-02-26 12:00:00","North East and Yorkshire",-0.164
"2024-02-26 12:00:00","East of England",2.195
"2024-02-26 12:00:00","North West",0.127
"2024-02-27 12:00:00","London",1.891
"2024-02-27 12:00:00","South East",1.122
"2024-02-27 12:00:00","South West",3.075
"2024-02-27 12:00:00","Midlands",2.615
"2024-02-27 12:00:00","North East and Yorkshire",4.591
"2024-02-27 12:00:00","East of England",0.526
"2024-02-27 12:00:00","North West",5.825
"2024-02-28 12:00:00","London",1.999
"2024-02-28 12:00:00","South East",1.674
"2024-02-28 12:00:00","South West",5.63
"2024-02-28 12:00:00","Midlands",6.176
"2024-02-28 12:00:00","North East and Yorkshire",5.88
"2024-02-28 12:00:00","East of England",2.295
"2024-02-28 12:00:00","North West",5.64
"2024-02-29 12:00:00","London",2.668
"2024-02-29 12:00:00","South East",1.46
"2024-02-29 12:00:00","South West",2.519
"2024-02-29 12:00:00","Midlands",3.019
"2024-02-29 12:00:00","North East and Yorkshire",4.961
"2024-02-29 12:00:00","East of England",2.19
"2024-02-29 12:00:00","North West",5.285
"2024-03-01 12:00:00","London",8.597
"2024-03-01 12:00:00","South East",7.275
"2024-03-01 12:00:00","South West",7.496
"2024-03-01 12:00:00","Midlands",7.314
"2024-03-01 12:00:00","North East and Yorkshire",7.362
"2024-03-01 12:00:00","East of England",7.294
"2024-03-01 12:00:00","North West",6.389
"2024-03-02 12:00:00","London",2.954
"2024-03-02 12:00:00","South East",2.323
"2024-03-02 12:00:00","South West",2.844
"2024-03-02 12:00:00","Midlands",1.499
"2024-03-02 12:00:00","North East and Yorkshire",1.841
"2024-03-02 12:00:00","East of England",2.205
"2024-03-02 12:00:00","North West",2.55
"2024-03-03 12:00:00","London",7.132
"2024-03-03 12:00:00","South East",6.323
"2024-03-03 12:00:00","South West",6.887
"2024-03-03 12:00:00","Midlands",6.152
"2024-03-03 12:00:00","North East and Yorkshire",5.6
"2024-03-03 12:00:00","East of England",6.28
"2024-03-03 12:00:00","North West",5.673
"2024-03-04 12:00:00","London",9.567
"2024-03-04 12:00:00","South East",8.007
"2024-03-04 12:00:00","South West",8.589
"2024-03-04 12:00:00","Midlands",9.604
"2024-03-04 12:00:00","North East and Yorkshire",10.559
"2024-03-04 12:00:00","East of England",9.125
"2024-03-04 12:00:00","North West",9.424
"2024-03-05 12:00:00","London",5.087
"2024-03-05 12:00:00","South East",3.663
"2024-03-05 12:00:00","South West",4.273
"2024-03-05 12:00:00","Midlands",3.903
"2024-03-05 12:00:00","North East and Yorkshire",3.262
"2024-03-05 12:00:00","East of England",4.523
"2024-03-05 12:00:00","North West",3.965
"2024-03-06 12:00:00","London",8.294
"2024-03-06 12:00:00","South East",7.528
"2024-03-06 12:00:00","South West",8.426
"2024-03-06 12:00:00","Midlands",7.948
"2024-03-06 12:00:00","North East and Yorkshire",7.344
"2024-03-06 12:00:00","East of England",7.516
"2024-03-06 12:00:00","North West",8.005
"2024-03-07 12:00:00","London",9.338
"2024-03-07 12:00:00","South East",7.696
"2024-03-07 12:00:00","South West",6.79
"2024-03-07 12:00:00","Midlands",6.775
"2024-03-07 12:00:00","North East and Yorkshire",5.742
"2024-03-07 12:00:00","East of England",8.531
"2024-03-07 12:00:00","North West",5.219
"2024-03-08 12:00:00","London",0.077
"2024-03-08 12:00:00","South East",-0.221
"2024-03-08 12:00:00","South West",-0.768
"2024-03-08 12:00:00","Midlands",-0.314
"2024-03-08 12:00:00","North East and Yorkshire",1.108
"2024-03-08 12:00:00","East of England",-0.196
"2024-03-08 12:00:00","North West",0.714
"2024-03-09 12:00:00","London",-0.136
"2024-03-09 12:00:00","South East",-0.776
"2024-03-09 12:00:00","South West",-0.507
"2024-03-09 12:00:00","Midlands",-0.971
"2024-03-09 12:00:00","North East and Yorkshire",1.126
"2024-03-09 12:00:00","East of England",-0.359
"2024-03-09 12:00:00","North West",0.105
"2024-03-10 12:00:00","London",1.948
"2024-03-10 12:00:00","South East",0.69
"2024-03-10 12:00:00","South West",0.977
"2024-03-10 12:00:00","Midlands",-1.04
"2024-03-10 12:00:00","North East and Yorkshire",-0.118
"2024-03-10 12:00:00","East of England",-0.431
"2024-03-10 12:00:00","North West",-0.765
"2024-03-11 12:00:00","London",3.621
"2024-03-11 12:00:00","South East",2.238
"2024-03-11 12:00:00","South West",1.901
"2024-03-11 12:00:00","Midlands",-0.27
"2024-03-11 12:00:00","North East and Yorkshire",-0.779
"2024-03-11 12:00:00","East of England",1.398
"2024-03-11 12:00:00","North West",-0.184
"2024-03-12 12:00:00","London",7.621
"2024-03-12 12:00:00","South East",6.285
"2024-03-12 12:00:00","South West",5.854
"2024-03-12 12:00:00","Midlands",7.271
"2024-03-12 12:00:00","North East and Yorkshire",7.717
"2024-03-12 12:00:00","East of England",7.023
"2024-03-12 12:00:00","North West",6.223
"2024-03-13 12:00:00","London",5.426
"2024-03-13 12:00:00","South East",4.34
"2024-03-13 12:00:00","South West",5.487
"2024-03-13 12:00:00","Midlands",5.402
"2024-03-13 12:00:00","North East and Yorkshire",5.571
"2024-03-13 12:00:00","East of England",4.916
"2024-03-13 12:00:00","North West",5.198
"2024-03-14 12:00:00","London",5.584
"2024-03-14 12:00:00","South East",3.851
"2024-03-14 12:00:00","South West",3.253
"2024-03-14 12:00:00","Midlands",3.415
"2024-03-14 12:00:00","North East and Yorkshire",2.038
"2024-03-14 12:00:00","East of England",4.601
"2024-03-14 12:00:00","North West",1.916
"2024-03-15 12:00:00","London",-0.976
"2024-03-15 12:00:00","South East",-1.698
"2024-03-15 12:00:00","South West",-1.335
"2024-03-15 12:00:00","Midlands",0.417
"2024-03-15 12:00:00","North East and Yorkshire",2.554
"2024-03-15 12:00:00","East of England",-1.335
"2024-03-15 12:00:00","North West",2.293
"2024-03-16 12:00:00","London",3.215
"2024-03-16 12:00:00","South East",1.661
"2024-03-16 12:00:00","South West",0.884
"2024-03-16 12:00:00","Midlands",1.376
"2024-03-16 12:00:00","North East and Yorkshire",2.362
"2024-03-16 12:00:00","East of England",2.367
"2024-03-16 12:00:00","North West",1.362
"2024-03-17 12:00:00","London",1.502
"2024-03-17 12:00:00","South East",0.296
"2024-03-17 12:00:00","South West",0.155
"2024-03-17 12:00:00","Midlands",1.026
"2024-03-17 12:00:00","North East and Yorkshire",2.151
"2024-03-17 12:00:00","East of England",0.678
"2024-03-17 12:00:00","North West",1.014
"2024-03-18 12:00:00","London",-0.408
"2024-03-18 12:00:00","South East",-1.492
"2024-03-18 12:00:00","South West",-1.187
"2024-03-18 12:00:00","Midlands",-0.141
"2024-03-18 12:00:00","North East and Yorkshire",2.311
"2024-03-18 12:00:00","East of England",-1.18
"2024-03-18 12:00:00","North West",1.649
"2024-03-19 12:00:00","London",6.809
"2024-03-19 12:00:00","South East",5.547
"2024-03-19 12:00:00","South West",5.582
"2024-03-19 12:00:00","Midlands",5.053
"2024-03-19 12:00:00","North East and Yorkshire",4.201
"2024-03-19 12:00:00","East of England",4.86
"2024-03-19 12:00:00","North West",5.213
"2024-03-20 12:00:00","London",8.261
"2024-03-20 12:00:00","South East",8.221
"2024-03-20 12:00:00","South West",9.68
"2024-03-20 12:00:00","Midlands",7.433
"2024-03-20 12:00:00","North East and Yorkshire",5.902
"2024-03-20 12:00:00","East of England",7.101
"2024-03-20 12:00:00","North West",6.814
"2024-03-21 12:00:00","London",7.507
"2024-03-21 12:00:00","South East",7.547
"2024-03-21 12:00:00","South West",9.159
"2024-03-21 12:00:00","Midlands",9.622
"2024-03-21 12:00:00","North East and Yorkshire",9.243
"2024-03-21 12:00:00","East of England",8.574
"2024-03-21 12:00:00","North West",9.267
"2024-03-22 12:00:00","London",11.285
"2024-03-22 12:00:00","South East",9.756
"2024-03-22 12:00:00","South West",9.689
"2024-03-22 12:00:00","Midlands",9.77
"2024-03-22 12:00:00","North East and Yorkshire",9.357
"2024-03-22 12:00:00","East of England",10.146
"2024-03-22 12:00:00","North West",8.909
"2024-03-23 12:00:00","London",5.616
"2024-03-23 12:00:00","South East",3.903
"2024-03-23 12:00:00","South West",2.055
"2024-03-23 12:00:00","Midlands",2.105
"2024-03-23 12:00:00","North East and Yorkshire",0.916
"2024-03-23 12:00:00","East of England",4.609
"2024-03-23 12:00:00","North West",1.374
"2024-03-24 12:00:00","London",9.131
"2024-03-24 12:00:00","South East",7.648
"2024-03-24 12:00:00","South West",7.35
"2024-03-24 12:00:00","Midlands",7.377
"2024-03-24 12:00:00","North East and Yorkshire",5.991
"2024-03-24 12:00:00","East of England",7.939
"2024-03-24 12:00:00","North West",6.298
"2024-03-25 12:00:00","London",7.77
"2024-03-25 12:00:00","South East",6.639
"2024-03-25 12:00:00","South West",6.28
"2024-03-25 12:00:00","Midlands",4.607
"2024-03-25 12:00:00","North East and Yorkshire",5.723
"2024-03-25 12:00:00","East of England",5.972
"2024-03-25 12:00:00","North West",4.833
"2024-03-26 12:00:00","London",6.326
"2024-03-26 12:00:00","South East",4.027
"2024-03-26 12:00:00","South West",2.451
"2024-03-26 12:00:00","Midlands",4.783
"2024-03-26 12:00:00","North East and Yorkshire",4.157
"2024-03-26 12:00:00","East of England",4.496
"2024-03-26 12:00:00","North West",2.945
"2024-03-27 12:00:00","London",7.272
"2024-03-27 12:00:00","South East",5.763
"2024-03-27 12:00:00","South West",5.794
"2024-03-27 12:00:00","Midlands",5.298
"2024-03-27 12:00:00","North East and Yorkshire",4.109
"2024-03-27 12:00:00","East of England",5.781
"2024-03-27 12:00:00","North West",4.461
"2024-03-28 12:00:00","London",6.341
"2024-03-28 12:00:00","South East",4.728
"2024-03-28 12:00:00","South West",4.925
"2024-03-28 12:00:00","Midlands",4.774
"2024-03-28 12:00:00","North East and Yorkshire",3.661
"2024-03-28 12:00:00","East of England",4.674
"2024-03-28 12:00:00","North West",5.288
"2024-03-29 12:00:00","London",8.545
"2024-03-29 12:00:00","South East",6.838
"2024-03-29 12:00:00","South West",6.059
"2024-03-29 12:00:00","Midlands",5.821
"2024-03-29 12:00:00","North East and Yorkshire",5.964
"2024-03-29 12:00:00","East of England",7.32
"2024-03-29 12:00:00","North West",5.792
"2024-03-30 12:00:00","London",9.539
"2024-03-30 12:00:00","South East",8.125
"2024-03-30 12:00:00","South West",7.256
"2024-03-30 12:00:00","Midlands",6.95
"2024-03-30 12:00:00","North East and Yorkshire",6.495
"2024-03-30 12:00:00","East of England",7.908
"2024-03-30 12:00:00","North West",6.061
"2024-03-31 12:00:00","London",7.899
"2024-03-31 12:00:00","South East",7.027
"2024-03-31 12:00:00","South West",7.105
"2024-03-31 12:00:00","Midlands",6.13
"2024-03-31 12:00:00","North East and Yorkshire",5.677
"2024-03-31 12:00:00","East of England",7.239
"2024-03-31 12:00:00","North West",5.544
"2024-04-01 12:00:00","London",6.324
"2024-04-01 12:00:00","South East",4.72
"2024-04-01 12:00:00","South West",4.628
"2024-04-01 12:00:00","Midlands",3.568
"2024-04-01 12:00:00","North East and Yorkshire",3.4
"2024-04-01 12:00:00","East of England",4.999
"2024-04-01 12:00:00","North West",2.596
"2024-04-02 12:00:00","London",7.231
"2024-04-02 12:00:00","South East",5.483
"2024-04-02 12:00:00","South West",5.994
"2024-04-02 12:00:00","Midlands",3.647
"2024-04-02 12:00:00","North East and Yorkshire",3.058
"2024-04-02 12:00:00","East of England",3.918
"2024-04-02 12:00:00","North West",3.646
"2024-04-03 12:00:00","London",4.439
"2024-04-03 12:00:00","South East",2.28
"2024-04-03 12:00:00","South West",3.11
"2024-04-03 12:00:00","Midlands",3.219
"2024-04-03 12:00:00","North East and Yorkshire",3.009
"2024-04-03 12:00:00","East of England",3.438
"2024-04-03 12:00:00","North West",3.797
"2024-04-04 12:00:00","London",2.637
"2024-04-04 12:00:00","South East",0.719
"2024-04-04 12:00:00","South West",1.523
"2024-04-04 12:00:00","Midlands",2.906
"2024-04-04 12:00:00","North East and Yorkshire",3.621
"2024-04-04 12:00:00","East of England",1.256
"2024-04-04 12:00:00","North West",2.401
"2024-04-05 12:00:00","London",2.502
"2024-04-05 12:00:00","South East",1.457
"2024-04-05 12:00:00","South West",2.267
"2024-04-05 12:00:00","Midlands",2.259
"2024-04-05 12:00:00","North East and Yorkshire",4.202
"2024-04-05 12:00:00","East of England",1.556
"2024-04-05 12:00:00","North West",3.765
"2024-04-06 12:00:00","London",3.926
"2024-04-06 12:00:00","South East",2.593
"2024-04-06 12:00:00","South West",3.753
"2024-04-06 12:00:00","Midlands",2.596
"2024-04-06 12:00:00","North East and Yorkshire",3.845
"2024-04-06 12:00:00","East of England",2.049
"2024-04-06 12:00:00","North West",2.582
"2024-04-07 12:00:00","London",5.584
"2024-04-07 12:00:00","South East",4.208
"2024-04-07 12:00:00","South West",4.618
"2024-04-07 12:00:00","Midlands",3.145
"2024-04-07 12:00:00","North East and Yorkshire",3.859
"2024-04-07 12:00:00","East of England",3.839
"2024-04-07 12:00:00","North West",4.315
"2024-04-08 12:00:00","London",2.442
"2024-04-08 12:00:00","South East",1.719
"2024-04-08 12:00:00","South West",3.308
"2024-04-08 12:00:00","Midlands",3.057
"2024-04-08 12:00:00","North East and Yorkshire",6.243
"2024-04-08 12:00:00","East of England",1.159
"2024-04-08 12:00:00","North West",7.094
"2024-04-09 12:00:00","London",4.27
"2024-04-09 12:00:00","South East",3.562
"2024-04-09 12:00:00","South West",3.516
"2024-04-09 12:00:00","Midlands",1.646
"2024-04-09 12:00:00","North East and Yorkshire",0.793
"2024-04-09 12:00:00","East of England",2.908
"2024-04-09 12:00:00","North West",1.149
"2024-04-10 12:00:00","London",-0.879
"2024-04-10 12:00:00","South East",-1.532
"2024-04-10 12:00:00","South West",-0.505
"2024-04-10 12:00:00","Midlands",-2.794
"2024-04-10 12:00:00","North East and Yorkshire",-3.902
"2024-04-10 12:00:00","East of England",-1.997
"2024-04-10 12:00:00","North West",-2.491
"2024-04-11 12:00:00","London",3.902
"2024-04-11 12:00:00","South East",3.239
"2024-04-11 12:00:00","South West",3.506
"2024-04-11 12:00:00","Midlands",1.134
"2024-04-11 12:00:00","North East and Yorkshire",0.464
"2024-04-11 12:00:00","East of England",2.15
"2024-04-11 12:00:00","North West",1.095
"2024-04-12 12:00:00","London",10.091
"2024-04-12 12:00:00","South East",8.735
"2024-04-12 12:00:00","South West",8.334
"2024-04-12 12:00:00","Midlands",7.767
"2024-04-12 12:00:00","North East and Yorkshire",7.273
"2024-04-12 12:00:00","East of England",8.802
"2024-04-12 12:00:00","North West",7.112
"2024-04-13 12:00:00","London",8.955
"2024-04-13 12:00:00","South East",8.064
"2024-04-13 12:00:00","South West",8.111
"2024-04-13 12:00:00","Midlands",8.346
"2024-04-13 12:00:00","North East and Yorkshire",7.531
"2024-04-13 12:00:00","East of England",7.695
"2024-04-13 12:00:00","North West",8.21
"2024-04-14 12:00:00","London",5.693
"2024-04-14 12:00:00","South East",4.144
"2024-04-14 12:00:00","South West",3.218
"2024-04-14 12:00:00","Midlands",3.974
"2024-04-14 12:00:00","North East and Yorkshire",4.173
"2024-04-14 12:00:00","East of England",5.148
"2024-04-14 12:00:00","North West",5.139
"2024-04-15 12:00:00","London",7.451
"2024-04-15 12:00:00","South East",6.283
"2024-04-15 12:00:00","South West",6.42
"2024-04-15 12:00:00","Midlands",5.931
"2024-04-15 12:00:00","North East and Yorkshire",5.98
"2024-04-15 12:00:00","East of England",6.064
"2024-04-15 12:00:00","North West",5.507
"2024-04-16 12:00:00","London",5.806
"2024-04-16 12:00:00","South East",3.861
"2024-04-16 12:00:00","South West",5.056
"2024-04-16 12:00:00","Midlands",4.971
"2024-04-16 12:00:00","North East and Yorkshire",6.732
"2024-04-16 12:00:00","East of England",3.612
"2024-04-16 12:00:00","North West",6.414
"2024-04-17 12:00:00","London",5.764
"2024-04-17 12:00:00","South East",4.132
"2024-04-17 12:00:00","South West",5.43
"2024-04-17 12:00:00","Midlands",5.252
"2024-04-17 12:00:00","North East and Yorkshire",6.852
"2024-04-17 12:00:00","East of England",3.739
"2024-04-17 12:00:00","North West",6.997
"2024-04-18 12:00:00","London",6.532
"2024-04-18 12:00:00","South East",4.472
"2024-04-18 12:00:00","South West",5.962
"2024-04-18 12:00:00","Midlands",4.691
"2024-04-18 12:00:00","North East and Yorkshire",5.122
"2024-04-18 12:00:00","East of England",4.424
"2024-04-18 12:00:00","North West",6.21
"2024-04-19 12:00:00","London",8.71
"2024-04-19 12:00:00","South East",6.662
"2024-04-19 12:00:00","South West",5.789
"2024-04-19 12:00:00","Midlands",7.613
"2024-04-19 12:00:00","North East and Yorkshire",8.067
"2024-04-19 12:00:00","East of England",7.872
"2024-04-19 12:00:00","North West",8.181
"2024-04-20 12:00:00","London",8.526
"2024-04-20 12:00:00","South East",8.044
"2024-04-20 12:00:00","South West",8.694
"2024-04-20 12:00:00","Midlands",9.112
"2024-04-20 12:00:00","North East and Yorkshire",8.893
"2024-04-20 12:00:00","East of England",9.152
"2024-04-20 12:00:00","North West",9.036
"2024-04-21 12:00:00","London",7.428
"2024-04-21 12:00:00","South East",6.621
"2024-04-21 12:00:00","South West",7.396
"2024-04-21 12:00:00","Midlands",7.668
"2024-04-21 12:00:00","North East and Yorkshire",8.096
"2024-04-21 12:00:00","East of England",6.294
"2024-04-21 12:00:00","North West",8.686
"2024-04-22 12:00:00","London",11.32
"2024-04-22 12:00:00","South East",9.739
"2024-04-22 12:00:00","South West",8.442
"2024-04-22 12:00:00","Midlands",7.513
"2024-04-22 12:00:00","North East and Yorkshire",7.889
"2024-04-22 12:00:00","East of England",9.851
"2024-04-22 12:00:00","North West",7.115
"2024-04-23 12:00:00","London",7.082
"2024-04-23 12:00:00","South East",6.049
"2024-04-23 12:00:00","South West",6.967
"2024-04-23 12:00:00","Midlands",4.355
"2024-04-23 12:00:00","North East and Yorkshire",5.469
"2024-04-23 12:00:00","East of England",5.201
"2024-04-23 12:00:00","North West",4.197
"2024-04-24 12:00:00","London",7.107
"2024-04-24 12:00:00","South East",6.058
"2024-04-24 12:00:00","South West",5.109
"2024-04-24 12:00:00","Midlands",3.835
"2024-04-24 12:00:00","North East and Yorkshire",2.578
"2024-04-24 12:00:00","East of England",5.249
"2024-04-24 12:00:00","North West",3.31
"2024-04-25 12:00:00","London",1.389
"2024-04-25 12:00:00","South East",0.614
"2024-04-25 12:00:00","South West",0.818
"2024-04-25 12:00:00","Midlands",-0.668
"2024-04-25 12:00:00","North East and Yorkshire",-0.099
"2024-04-25 12:00:00","East of England",-0.062
"2024-04-25 12:00:00","North West",-0.043
"2024-04-26 12:00:00","London",1.058
"2024-04-26 12:00:00","South East",0.244
"2024-04-26 12:00:00","South West",0.056
"2024-04-26 12:00:00","Midlands",-0.526
"2024-04-26 12:00:00","North East and Yorkshire",0.195
"2024-04-26 12:00:00","East of England",0.232
"2024-04-26 12:00:00","North West",0.02
"2024-04-27 12:00:00","London",-0.928
"2024-04-27 12:00:00","South East",-1.829
"2024-04-27 12:00:00","South West",-1.094
"2024-04-27 12:00:00","Midlands",-1.715
"2024-04-27 12:00:00","North East and Yorkshire",-0.553
"2024-04-27 12:00:00","East of England",-1.893
"2024-04-27 12:00:00","North West",0.398
"2024-04-28 12:00:00","London",-2.48
"2024-04-28 12:00:00","South East",-3.152
"2024-04-28 12:00:00","South West",-2.667
"2024-04-28 12:00:00","Midlands",-2.684
"2024-04-28 12:00:00","North East and Yorkshire",-0.932
"2024-04-28 12:00:00","East of England",-2.972
"2024-04-28 12:00:00","North West",-1.22
"2024-04-29 12:00:00","London",4.509
"2024-04-29 12:00:00","South East",3.008
"2024-04-29 12:00:00","South West",3.401
"2024-04-29 12:00:00","Midlands",3.56
"2024-04-29 12:00:00","North East and Yorkshire",5.001
"2024-04-29 12:00:00","East of England",3.935
"2024-04-29 12:00:00","North West",4.959
"2024-04-30 12:00:00","London",8.348
"2024-04-30 12:00:00","South East",6.535
"2024-04-30 12:00:00","South West",6.118
"2024-04-30 12:00:00","Midlands",7.422
"2024-04-30 12:00:00","North East and Yorkshire",6.878
"2024-04-30 12:00:00","East of England",7.854
"2024-04-30 12:00:00","North West",7.374
"2024-05-01 12:00:00","London",4.171
"2024-05-01 12:00:00","South East",3.813
"2024-05-01 12:00:00","South West",6.603
"2024-05-01 12:00:00","Midlands",4.464
"2024-05-01 12:00:00","North East and Yorkshire",4.499
"2024-05-01 12:00:00","East of England",2.704
"2024-05-01 12:00:00","North West",6.341
"2024-05-02 12:00:00","London",7.549
"2024-05-02 12:00:00","South East",6.548
"2024-05-02 12:00:00","South West",7.472
"2024-05-02 12:00:00","Midlands",5.218
"2024-05-02 12:00:00","North East and Yorkshire",5.941
"2024-05-02 12:00:00","East of England",5.924
"2024-05-02 12:00:00","North West",5.95
"2024-05-03 12:00:00","London",10.722
"2024-05-03 12:00:00","South East",9.805
"2024-05-03 12:00:00","South West",10.462
"2024-05-03 12:00:00","Midlands",10.345
"2024-05-03 12:00:00","North East and Yorkshire",7.889
"2024-05-03 12:00:00","East of England",9.867
"2024-05-03 12:00:00","North West",8.908
"2024-05-04 12:00:00","London",9.155
"2024-05-04 12:00:00","South East",8.761
"2024-05-04 12:00:00","South West",10.285
"2024-05-04 12:00:00","Midlands",9.97
"2024-05-04 12:00:00","North East and Yorkshire",8.537
"2024-05-04 12:00:00","East of England",8.433
"2024-05-04 12:00:00","North West",8.857
"2024-05-05 12:00:00","London",12.013
"2024-05-05 12:00:00","South East",10.58
"2024-05-05 12:00:00","South West",9.256
"2024-05-05 12:00:00","Midlands",11.638
"2024-05-05 12:00:00","North East and Yorkshire",11.415
"2024-05-05 12:00:00","East of England",11.454
"2024-05-05 12:00:00","North West",10.263
"2024-05-06 12:00:00","London",8.781
"2024-05-06 12:00:00","South East",7.925
"2024-05-06 12:00:00","South West",9.34
"2024-05-06 12:00:00","Midlands",9.486
"2024-05-06 12:00:00","North East and Yorkshire",9.786
"2024-05-06 12:00:00","East of England",8.212
"2024-05-06 12:00:00","North West",9.803
"2024-05-07 12:00:00","London",6.034
"2024-05-07 12:00:00","South East",6.119
"2024-05-07 12:00:00","South West",8.582
"2024-05-07 12:00:00","Midlands",7.433
"2024-05-07 12:00:00","North East and Yorkshire",8.092
"2024-05-07 12:00:00","East of England",5.963
"2024-05-07 12:00:00","North West",8.459
"2024-05-08 12:00:00","London",9.695
"2024-05-08 12:00:00","South East",7.758
"2024-05-08 12:00:00","South West",5.992
"2024-05-08 12:00:00","Midlands",8.642
"2024-05-08 12:00:00","North East and Yorkshire",8.254
"2024-05-08 12:00:00","East of England",9.354
"2024-05-08 12:00:00","North West",8.234
"2024-05-09 12:00:00","London",11.118
"2024-05-09 12:00:00","South East",10.086
"2024-05-09 12:00:00","South West",8.525
"2024-05-09 12:00:00","Midlands",9.555
"2024-05-09 12:00:00","North East and Yorkshire",8.362
"2024-05-09 12:00:00","East of England",9.933
"2024-05-09 12:00:00","North West",8.99
"2024-05-10 12:00:00","London",9.17
"2024-05-10 12:00:00","South East",8.199
"2024-05-10 12:00:00","South West",7.812
"2024-05-10 12:00:00","Midlands",9.45
"2024-05-10 12:00:00","North East and Yorkshire",8.29
"2024-05-10 12:00:00","East of England",9.395
"2024-05-10 12:00:00","North West",8.211
"2024-05-11 12:00:00","London",7.168
"2024-05-11 12:00:00","South East",5.828
"2024-05-11 12:00:00","South West",4.437
"2024-05-11 12:00:00","Midlands",8.329
"2024-05-11 12:00:00","North East and Yorkshire",9.425
"2024-05-11 12:00:00","East of England",6.378
"2024-05-11 12:00:00","North West",9.071
"2024-05-12 12:00:00","London",5.366
"2024-05-12 12:00:00","South East",4.199
"2024-05-12 12:00:00","South West",5.094
"2024-05-12 12:00:00","Midlands",5.288
"2024-05-12 12:00:00","North East and Yorkshire",8.271
"2024-05-12 12:00:00","East of England",5.401
"2024-05-12 12:00:00","North West",6.66
"2024-05-13 12:00:00","London",8.087
"2024-05-13 12:00:00","South East",7.639
"2024-05-13 12:00:00","South West",7.023
"2024-05-13 12:00:00","Midlands",8.208
"2024-05-13 12:00:00","North East and Yorkshire",9.368
"2024-05-13 12:00:00","East of England",7.811
"2024-05-13 12:00:00","North West",8.347
"2024-05-14 12:00:00","London",10.82
"2024-05-14 12:00:00","South East",8.707
"2024-05-14 12:00:00","South West",10.385
"2024-05-14 12:00:00","Midlands",9.068
"2024-05-14 12:00:00","North East and Yorkshire",7.101
"2024-05-14 12:00:00","East of England",8.755
"2024-05-14 12:00:00","North West",9.07
"2024-05-15 12:00:00","London",9.971
"2024-05-15 12:00:00","South East",8.454
"2024-05-15 12:00:00","South West",9.478
"2024-05-15 12:00:00","Midlands",6.656
"2024-05-15 12:00:00","North East and Yorkshire",5.829
"2024-05-15 12:00:00","East of England",7.392
"2024-05-15 12:00:00","North West",7.039
"2024-05-16 12:00:00","London",8.411
"2024-05-16 12:00:00","South East",7.119
"2024-05-16 12:00:00","South West",7.511
"2024-05-16 12:00:00","Midlands",6.623
"2024-05-16 12:00:00","North East and Yorkshire",6.158
"2024-05-16 12:00:00","East of England",7.433
"2024-05-16 12:00:00","North West",6.417
"2024-05-17 12:00:00","London",5.348
"2024-05-17 12:00:00","South East",4.755
"2024-05-17 12:00:00","South West",5.145
"2024-05-17 12:00:00","Midlands",4.479
"2024-05-17 12:00:00","North East and Yorkshire",4.495
"2024-05-17 12:00:00","East of England",4.519
"2024-05-17 12:00:00","North West",5.457
"2024-05-18 12:00:00","London",7.399
"2024-05-18 12:00:00","South East",6.564
"2024-05-18 12:00:00","South West",5.87
"2024-05-18 12:00:00","Midlands",5.783
"2024-05-18 12:00:00","North East and Yorkshire",6.194
"2024-05-18 12:00:00","East of England",6.566
"2024-05-18 12:00:00","North West",5.645
"2024-05-19 12:00:00","London",7.351
"2024-05-19 12:00:00","South East",6.166
"2024-05-19 12:00:00","South West",6.017
"2024-05-19 12:00:00","Midlands",5.816
"2024-05-19 12:00:00","North East and Yorkshire",4.71
"2024-05-19 12:00:00","East of England",6.259
"2024-05-19 12:00:00","North West",5.42
"2024-05-20 12:00:00","London",3.979
"2024-05-20 12:00:00","South East",3.587
"2024-05-20 12:00:00","South West",6.589
"2024-05-20 12:00:00","Midlands",3.724
"2024-05-20 12:00:00","North East and Yorkshire",3.37
"2024-05-20 12:00:00","East of England",3.08
"2024-05-20 12:00:00","North West",3.791
"2024-05-21 12:00:00","London",8.984
"2024-05-21 12:00:00","South East",7.693
"2024-05-21 12:00:00","South West",7.981
"2024-05-21 12:00:00","Midlands",7.123
"2024-05-21 12:00:00","North East and Yorkshire",7.527
"2024-05-21 12:00:00","East of England",8.184
"2024-05-21 12:00:00","North West",7.784
"2024-05-22 12:00:00","London",8.502
"2024-05-22 12:00:00","South East",6.236
"2024-05-22 12:00:00","South West",6.106
"2024-05-22 12:00:00","Midlands",4.516
"2024-05-22 12:00:00","North East and Yorkshire",4.399
"2024-05-22 12:00:00","East of England",6.58
"2024-05-22 12:00:00","North West",4.253
"2024-05-23 12:00:00","London",11.304
"2024-05-23 12:00:00","South East",9.7
"2024-05-23 12:00:00","South West",10.05
"2024-05-23 12:00:00","Midlands",10.056
"2024-05-23 12:00:00","North East and Yorkshire",10.674
"2024-05-23 12:00:00","East of England",11.082
"2024-05-23 12:00:00","North West",9.839
"2024-05-24 12:00:00","London",12.911
"2024-05-24 12:00:00","South East",11.251
"2024-05-24 12:00:00","South West",12.404
"2024-05-24 12:00:00","Midlands",11.551
"2024-05-24 12:00:00","North East and Yorkshire",13.083
"2024-05-24 12:00:00","East of England",10.941
"2024-05-24 12:00:00","North West",11.748
"2024-05-25 12:00:00","London",9.943
"2024-05-25 12:00:00","South East",7.892
"2024-05-25 12:00:00","South West",8.995
"2024-05-25 12:00:00","Midlands",11.215
"2024-05-25 12:00:00","North East and Yorkshire",11.029
"2024-05-25 12:00:00","East of England",10.12
"2024-05-25 12:00:00","North West",11.379
"2024-05-26 12:00:00","London",14.619
"2024-05-26 12:00:00","South East",12.448
"2024-05-26 12:00:00","South West",12.658
"2024-05-26 12:00:00","Midlands",15.288
"2024-05-26 12:00:00","North East and Yorkshire",14.22
"2024-05-26 12:00:00","East of England",14.15
"2024-05-26 12:00:00","North West",13.536
"2024-05-27 12:00:00","London",10.423
"2024-05-27 12:00:00","South East",8.731
"2024-05-27 12:00:00","South West",9.126
"2024-05-27 12:00:00","Midlands",9.708
"2024-05-27 12:00:00","North East and Yorkshire",10.685
"2024-05-27 12:00:00","East of England",9.444
"2024-05-27 12:00:00","North West",9.593
"2024-05-28 12:00:00","London",10.723
"2024-05-28 12:00:00","South East",9.034
"2024-05-28 12:00:00","South West",9.831
"2024-05-28 12:00:00","Midlands",8.735
"2024-05-28 12:00:00","North East and Yorkshire",7.164
"2024-05-28 12:00:00","East of England",8.43
"2024-05-28 12:00:00","North West",9.418
"2024-05-29 12:00:00","London",11.904
"2024-05-29 12:00:00","South East",9.913
"2024-05-29 12:00:00","South West",11.58
"2024-05-29 12:00:00","Midlands",10.518
"2024-05-29 12:00:00","North East and Yorkshire",8.268
"2024-05-29 12:00:00","East of England",10.024
"2024-05-29 12:00:00","North West",10.332
"2024-05-30 12:00:00","London",16.722
"2024-05-30 12:00:00","South East",13.361
"2024-05-30 12:00:00","South West",11.915
"2024-05-30 12:00:00","Midlands",14.4
"2024-05-30 12:00:00","North East and Yorkshire",10.662
"2024-05-30 12:00:00","East of England",13.965
"2024-05-30 12:00:00","North West",12.478
"2024-05-31 12:00:00","London",12.472
"2024-05-31 12:00:00","South East",9.958
"2024-05-31 12:00:00","South West",7.205
"2024-05-31 12:00:00","Midlands",9.693
"2024-05-31 12:00:00","North East and Yorkshire",9.309
"2024-05-31 12:00:00","East of England",11.586
"2024-05-31 12:00:00","North West",7.201
"2024-06-01 12:00:00","London",11.669
"2024-06-01 12:00:00","South East",8.651
"2024-06-01 12:00:00","South West",6.601
"2024-06-01 12:00:00","Midlands",8.065
"2024-06-01 12:00:00","North East and Yorkshire",7.328
"2024-06-01 12:00:00","East of England",11.114
"2024-06-01 12:00:00","North West",6.985
"2024-06-02 12:00:00","London",11.83
"2024-06-02 12:00:00","South East",10.041
"2024-06-02 12:00:00","South West",12.519
"2024-06-02 12:00:00","Midlands",13.473
"2024-06-02 12:00:00","North East and Yorkshire",12.22
"2024-06-02 12:00:00","East of England",10.075
"2024-06-02 12:00:00","North West",12.175
"2024-06-03 12:00:00","London",13.469
"2024-06-03 12:00:00","South East",11.162
"2024-06-03 12:00:00","South West",10.44
"2024-06-03 12:00:00","Midlands",12.348
"2024-06-03 12:00:00","North East and Yorkshire",10.576
"2024-06-03 12:00:00","East of England",12.691
"2024-06-03 12:00:00","North West",10.028
"2024-06-04 12:00:00","London",11.405
"2024-06-04 12:00:00","South East",8.58
"2024-06-04 12:00:00","South West",6.938
"2024-06-04 12:00:00","Midlands",8.562
"2024-06-04 12:00:00","North East and Yorkshire",8.96
"2024-06-04 12:00:00","East of England",10.468
"2024-06-04 12:00:00","North West",7.896
"2024-06-05 12:00:00","London",10.771
"2024-06-05 12:00:00","South East",8.296
"2024-06-05 12:00:00","South West",8.605
"2024-06-05 12:00:00","Midlands",10.554
"2024-06-05 12:00:00","North East and Yorkshire",10.614
"2024-06-05 12:00:00","East of England",10.511
"2024-06-05 12:00:00","North West",10.301
"2024-06-06 12:00:00","London",15.115
"2024-06-06 12:00:00","South East",13.125
"2024-06-06 12:00:00","South West",13.924
"2024-06-06 12:00:00","Midlands",15.006
"2024-06-06 12:00:00","North East and Yorkshire",14.81
"2024-06-06 12:00:00","East of England",13.987
"2024-06-06 12:00:00","North West",14.399
"2024-06-07 12:00:00","London",16.279
"2024-06-07 12:00:00","South East",13.889
"2024-06-07 12:00:00","South West",14.146
"2024-06-07 12:00:00","Midlands",15.812
"2024-06-07 12:00:00","North East and Yorkshire",15.543
"2024-06-07 12:00:00","East of England",15.112
"2024-06-07 12:00:00","North West",14.189
"2024-06-08 12:00:00","London",14.273
"2024-06-08 12:00:00","South East",12.343
"2024-06-08 12:00:00","South West",10.676
"2024-06-08 12:00:00","Midlands",10.831
"2024-06-08 12:00:00","North East and Yorkshire",10.256
"2024-06-08 12:00:00","East of England",13.118
"2024-06-08 12:00:00","North West",9.946
"2024-06-09 12:00:00","London",12.664
"2024-06-09 12:00:00","South East",10.853
"2024-06-09 12:00:00","South West",10.383
"2024-06-09 12:00:00","Midlands",10.05
"2024-06-09 12:00:00","North East and Yorkshire",10.977
"2024-06-09 12:00:00","East of England",9.813
"2024-06-09 12:00:00","North West",10.934
"2024-06-10 12:00:00","London",13.87
"2024-06-10 12:00:00","South East",11.172
"2024-06-10 12:00:00","South West",11.484
"2024-06-10 12:00:00","Midlands",15.516
"2024-06-10 12:00:00","North East and Yorkshire",14.651
"2024-06-10 12:00:00","East of England",13.554
"2024-06-10 12:00:00","North West",13.082
"2024-06-11 12:00:00","London",9.639
"2024-06-11 12:00:00","South East",8.182
"2024-06-11 12:00:00","South West",8.275
"2024-06-11 12:00:00","Midlands",8.949
"2024-06-11 12:00:00","North East and Yorkshire",9.281
"2024-06-11 12:00:00","East of England",9.668
"2024-06-11 12:00:00","North West",8.846
"2024-06-12 12:00:00","London",11.089
"2024-06-12 12:00:00","South East",9.548
"2024-06-12 12:00:00","South West",8.613
"2024-06-12 12:00:00","Midlands",8.349
"2024-06-12 12:00:00","North East and Yorkshire",8.714
"2024-06-12 12:00:00","East of England",10.199
"2024-06-12 12:00:00","North West",8.028
"2024-06-13 12:00:00","London",11.151
"2024-06-13 12:00:00","South East",9.746
"2024-06-13 12:00:00","South West",9.637
"2024-06-13 12:00:00","Midlands",9.69
"2024-06-13 12:00:00","North East and Yorkshire",9.254
"2024-06-13 12:00:00","East of England",10.443
"2024-06-13 12:00:00","North West",9.2
"2024-06-14 12:00:00","London",11.961
"2024-06-14 12:00:00","South East",10.757
"2024-06-14 12:00:00","South West",10.293
"2024-06-14 12:00:00","Midlands",9.302
"2024-06-14 12:00:00","North East and Yorkshire",8.014
"2024-06-14 12:00:00","East of England",11.011
"2024-06-14 12:00:00","North West",7.992
"2024-06-15 12:00:00","London",10.824
"2024-06-15 12:00:00","South East",9.502
"2024-06-15 12:00:00","South West",9.827
"2024-06-15 12:00:00","Midlands",8.761
"2024-06-15 12:00:00","North East and Yorkshire",9.185
"2024-06-15 12:00:00","East of England",9.75
"2024-06-15 12:00:00","North West",9.296
"2024-06-16 12:00:00","London",8.909
"2024-06-16 12:00:00","South East",8.143
"2024-06-16 12:00:00","South West",8.853
"2024-06-16 12:00:00","Midlands",7.658
"2024-06-16 12:00:00","North East and Yorkshire",6.617
"2024-06-16 12:00:00","East of England",8.419
"2024-06-16 12:00:00","North West",7.106
"2024-06-17 12:00:00","London",11.441
"2024-06-17 12:00:00","South East",10.453
"2024-06-17 12:00:00","South West",12.064
"2024-06-17 12:00:00","Midlands",12.141
"2024-06-17 12:00:00","North East and Yorkshire",11.693
"2024-06-17 12:00:00","East of England",10.916
"2024-06-17 12:00:00","North West",10.719
"2024-06-18 12:00:00","London",6.349
"2024-06-18 12:00:00","South East",5.238
"2024-06-18 12:00:00","South West",5.737
"2024-06-18 12:00:00","Midlands",6.825
"2024-06-18 12:00:00","North East and Yorkshire",6.768
"2024-06-18 12:00:00","East of England",5.832
"2024-06-18 12:00:00","North West",7.09
"2024-06-19 12:00:00","London",6.953
"2024-06-19 12:00:00","South East",6.282
"2024-06-19 12:00:00","South West",5.836
"2024-06-19 12:00:00","Midlands",7.766
"2024-06-19 12:00:00","North East and Yorkshire",8.159
"2024-06-19 12:00:00","East of England",6.63
"2024-06-19 12:00:00","North West",7.771
"2024-06-20 12:00:00","London",6.302
"2024-06-20 12:00:00","South East",5.023
"2024-06-20 12:00:00","South West",5.724
"2024-06-20 12:00:00","Midlands",4.98
"2024-06-20 12:00:00","North East and Yorkshire",4.453
"2024-06-20 12:00:00","East of England",5.916
"2024-06-20 12:00:00","North West",5.057
"2024-06-21 12:00:00","London",11.227
"2024-06-21 12:00:00","South East",10.014
"2024-06-21 12:00:00","South West",10.401
"2024-06-21 12:00:00","Midlands",10.484
"2024-06-21 12:00:00","North East and Yorkshire",10.237
"2024-06-21 12:00:00","East of England",10.751
"2024-06-21 12:00:00","North West",10.308
"2024-06-22 12:00:00","London",9.728
"2024-06-22 12:00:00","South East",8.229
"2024-06-22 12:00:00","South West",8.046
"2024-06-22 12:00:00","Midlands",8.719
"2024-06-22 12:00:00","North East and Yorkshire",8.523
"2024-06-22 12:00:00","East of England",9.411
"2024-06-22 12:00:00","North West",8.788
"2024-06-23 12:00:00","London",10.942
"2024-06-23 12:00:00","South East",10.041
"2024-06-23 12:00:00","South West",9.935
"2024-06-23 12:00:00","Midlands",8.887
"2024-06-23 12:00:00","North East and Yorkshire",7.256
"2024-06-23 12:00:00","East of England",10.469
"2024-06-23 12:00:00","North West",6.839
"2024-06-24 12:00:00","London",9.471
"2024-06-24 12:00:00","South East",7.89
"2024-06-24 12:00:00","South West",7.219
"2024-06-24 12:00:00","Midlands",9.093
"2024-06-24 12:00:00","North East and Yorkshire",10.849
"2024-06-24 12:00:00","East of England",8.752
"2024-06-24 12:00:00","North West",10.531
"2024-06-25 12:00:00","London",13.103
"2024-06-25 12:00:00","South East",11.691
"2024-06-25 12:00:00","South West",10.756
"2024-06-25 12:00:00","Midlands",10.81
"2024-06-25 12:00:00","North East and Yorkshire",10.691
"2024-06-25 12:00:00","East of England",11.951
"2024-06-25 12:00:00","North West",10.581
"2024-06-26 12:00:00","London",11.692
"2024-06-26 12:00:00","South East",10.476
"2024-06-26 12:00:00","South West",11.124
"2024-06-26 12:00:00","Midlands",9.948
"2024-06-26 12:00:00","North East and Yorkshire",9.47
"2024-06-26 12:00:00","East of England",10.572
"2024-06-26 12:00:00","North West",9.138
"2024-06-27 12:00:00","London",11.974
"2024-06-27 12:00:00","South East",10.454
"2024-06-27 12:00:00","South West",9.56
"2024-06-27 12:00:00","Midlands",8.838
"2024-06-27 12:00:00","North East and Yorkshire",9.08
"2024-06-27 12:00:00","East of England",10.534
"2024-06-27 12:00:00","North West",9.326
"2024-06-28 12:00:00","London",12.86
"2024-06-28 12:00:00","South East",11.806
"2024-06-28 12:00:00","South West",11.589
"2024-06-28 12:00:00","Midlands",11.006
"2024-06-28 12:00:00","North East and Yorkshire",10.444
"2024-06-28 12:00:00","East of England",12.037
"2024-06-28 12:00:00","North West",10.407
"2024-06-29 12:00:00","London",11.992
"2024-06-29 12:00:00","South East",10.588
"2024-06-29 12:00:00","South West",9.118
"2024-06-29 12:00:00","Midlands",9.52
"2024-06-29 12:00:00","North East and Yorkshire",8.448
"2024-06-29 12:00:00","East of England",11.305
"2024-06-29 12:00:00","North West",8.071
"2024-06-30 12:00:00","London",9.902
"2024-06-30 12:00:00","South East",9.23
"2024-06-30 12:00:00","South West",9.94
"2024-06-30 12:00:00","Midlands",8.828
"2024-06-30 12:00:00","North East and Yorkshire",8.757
"2024-06-30 12:00:00","East of England",8.35
"2024-06-30 12:00:00","North West",8.881
"2024-07-01 12:00:00","London",9.285
"2024-07-01 12:00:00","South East",7.849
"2024-07-01 12:00:00","South West",8.194
"2024-07-01 12:00:00","Midlands",7.366
"2024-07-01 12:00:00","North East and Yorkshire",7.261
"2024-07-01 12:00:00","East of England",8.115
"2024-07-01 12:00:00","North West",6.294
"2024-07-02 12:00:00","London",9.505
"2024-07-02 12:00:00","South East",8.664
"2024-07-02 12:00:00","South West",9.652
"2024-07-02 12:00:00","Midlands",8.95
"2024-07-02 12:00:00","North East and Yorkshire",7.416
"2024-07-02 12:00:00","East of England",10.104
"2024-07-02 12:00:00","North West",7.402
"2024-07-03 12:00:00","London",14.025
"2024-07-03 12:00:00","South East",12.416
"2024-07-03 12:00:00","South West",12.258
"2024-07-03 12:00:00","Midlands",13.192
"2024-07-03 12:00:00","North East and Yorkshire",10.821
"2024-07-03 12:00:00","East of England",13.002
"2024-07-03 12:00:00","North West",12.286
"2024-07-04 12:00:00","London",10.892
"2024-07-04 12:00:00","South East",9.199
"2024-07-04 12:00:00","South West",10.058
"2024-07-04 12:00:00","Midlands",8.871
"2024-07-04 12:00:00","North East and Yorkshire",10.257
"2024-07-04 12:00:00","East of England",9.843
"2024-07-04 12:00:00","North West",9.533
"2024-07-05 12:00:00","London",15.221
"2024-07-05 12:00:00","South East",13.032
"2024-07-05 12:00:00","South West",11.708
"2024-07-05 12:00:00","Midlands",11.518
"2024-07-05 12:00:00","North East and Yorkshire",11.962
"2024-07-05 12:00:00","East of England",13.726
"2024-07-05 12:00:00","North West",10.903
"2024-07-06 12:00:00","London",11.513
"2024-07-06 12:00:00","South East",9.946
"2024-07-06 12:00:00","South West",10.423
"2024-07-06 12:00:00","Midlands",10.525
"2024-07-06 12:00:00","North East and Yorkshire",11.48
"2024-07-06 12:00:00","East of England",10.344
"2024-07-06 12:00:00","North West",11.226
"2024-07-07 12:00:00","London",10.328
"2024-07-07 12:00:00","South East",8.591
"2024-07-07 12:00:00","South West",9.001
"2024-07-07 12:00:00","Midlands",10.122
"2024-07-07 12:00:00","North East and Yorkshire",11.091
"2024-07-07 12:00:00","East of England",9.499
"2024-07-07 12:00:00","North West",11.071
"2024-07-08 12:00:00","London",9.252
"2024-07-08 12:00:00","South East",7.803
"2024-07-08 12:00:00","South West",7.657
"2024-07-08 12:00:00","Midlands",9.035
"2024-07-08 12:00:00","North East and Yorkshire",8.368
"2024-07-08 12:00:00","East of England",8.607
"2024-07-08 12:00:00","North West",9.993
"2024-07-09 12:00:00","London",10.941
"2024-07-09 12:00:00","South East",9.265
"2024-07-09 12:00:00","South West",10.333
"2024-07-09 12:00:00","Midlands",10.427
"2024-07-09 12:00:00","North East and Yorkshire",10.073
"2024-07-09 12:00:00","East of England",10.178
"2024-07-09 12:00:00","North West",10.236
"2024-07-10 12:00:00","London",15.217
"2024-07-10 12:00:00","South East",13.463
"2024-07-10 12:00:00","South West",13.397
"2024-07-10 12:00:00","Midlands",13.462
"2024-07-10 12:00:00","North East and Yorkshire",11.888
"2024-07-10 12:00:00","East of England",13.787
"2024-07-10 12:00:00","North West",12.083
"2024-07-11 12:00:00","London",12.917
"2024-07-11 12:00:00","South East",10.259
"2024-07-11 12:00:00","South West",8.749
"2024-07-11 12:00:00","Midlands",9.168
"2024-07-11 12:00:00","North East and Yorkshire",10.034
"2024-07-11 12:00:00","East of England",10.474
"2024-07-11 12:00:00","North West",10.44
"2024-07-12 12:00:00","London",10.927
"2024-07-12 12:00:00","South East",9.133
"2024-07-12 12:00:00","South West",8.291
"2024-07-12 12:00:00","Midlands",8.706
"2024-07-12 12:00:00","North East and Yorkshire",10.412
"2024-07-12 12:00:00","East of England",9.395
"2024-07-12 12:00:00","North West",10.039
"2024-07-13 12:00:00","London",12.992
"2024-07-13 12:00:00","South East",10.655
"2024-07-13 12:00:00","South West",11.512
"2024-07-13 12:00:00","Midlands",12.364
"2024-07-13 12:00:00","North East and Yorkshire",11.779
"2024-07-13 12:00:00","East of England",12.138
"2024-07-13 12:00:00","North West",11.639
"2024-07-14 12:00:00","London",14.798
"2024-07-14 12:00:00","South East",13.528
"2024-07-14 12:00:00","South West",13.475
"2024-07-14 12:00:00","Midlands",13.499
"2024-07-14 12:00:00","North East and Yorkshire",13.321
"2024-07-14 12:00:00","East of England",14.201
"2024-07-14 12:00:00","North West",12.599
"2024-07-15 12:00:00","London",14.529
"2024-07-15 12:00:00","South East",12.907
"2024-07-15 12:00:00","South West",13.092
"2024-07-15 12:00:00","Midlands",11.476
"2024-07-15 12:00:00","North East and Yorkshire",10.395
"2024-07-15 12:00:00","East of England",13.336
"2024-07-15 12:00:00","North West",9.897
"2024-07-16 12:00:00","London",11.231
"2024-07-16 12:00:00","South East",9.102
"2024-07-16 12:00:00","South West",9.034
"2024-07-16 12:00:00","Midlands",8.873
"2024-07-16 12:00:00","North East and Yorkshire",9.18
"2024-07-16 12:00:00","East of England",9.736
"2024-07-16 12:00:00","North West",10.03
"2024-07-17 12:00:00","London",12.016
"2024-07-17 12:00:00","South East",10.477
"2024-07-17 12:00:00","South West",9.355
"2024-07-17 12:00:00","Midlands",9.551
"2024-07-17 12:00:00","North East and Yorkshire",8.141
"2024-07-17 12:00:00","East of England",10.892
"2024-07-17 12:00:00","North West",8.6
"2024-07-18 12:00:00","London",8.26
"2024-07-18 12:00:00","South East",6.798
"2024-07-18 12:00:00","South West",8.994
"2024-07-18 12:00:00","Midlands",8.95
"2024-07-18 12:00:00","North East and Yorkshire",9.513
"2024-07-18 12:00:00","East of England",6.276
"2024-07-18 12:00:00","North West",8.468
"2024-07-19 12:00:00","London",9.828
"2024-07-19 12:00:00","South East",8.152
"2024-07-19 12:00:00","South West",9.098
"2024-07-19 12:00:00","Midlands",10.765
"2024-07-19 12:00:00","North East and Yorkshire",10.528
"2024-07-19 12:00:00","East of England",7.875
"2024-07-19 12:00:00","North West",9.596
"2024-07-20 12:00:00","London",13.892
"2024-07-20 12:00:00","South East",12.322
"2024-07-20 12:00:00","South West",12.094
"2024-07-20 12:00:00","Midlands",12.731
"2024-07-20 12:00:00","North East and Yorkshire",12.062
"2024-07-20 12:00:00","East of England",12.515
"2024-07-20 12:00:00","North West",11.811
"2024-07-21 12:00:00","London",10.271
"2024-07-21 12:00:00","South East",8.878
"2024-07-21 12:00:00","South West",10.866
"2024-07-21 12:00:00","Midlands",11.101
"2024-07-21 12:00:00","North East and Yorkshire",11.599
"2024-07-21 12:00:00","East of England",9.409
"2024-07-21 12:00:00","North West",11.899
"2024-07-22 12:00:00","London",14.487
"2024-07-22 12:00:00","South East",11.637
"2024-07-22 12:00:00","South West",12.743
"2024-07-22 12:00:00","Midlands",14.366
"2024-07-22 12:00:00","North East and Yorkshire",12.22
"2024-07-22 12:00:00","East of England",13.429
"2024-07-22 12:00:00","North West",11.108
"2024-07-23 12:00:00","London",10.317
"2024-07-23 12:00:00","South East",8.748
"2024-07-23 12:00:00","South West",8.785
"2024-07-23 12:00:00","Midlands",8.523
"2024-07-23 12:00:00","North East and Yorkshire",8.94
"2024-07-23 12:00:00","East of England",9.35
"2024-07-23 12:00:00","North West",8.704
"2024-07-24 12:00:00","London",11.597
"2024-07-24 12:00:00","South East",9.404
"2024-07-24 12:00:00","South West",9.014
"2024-07-24 12:00:00","Midlands",7.738
"2024-07-24 12:00:00","North East and Yorkshire",7.405
"2024-07-24 12:00:00","East of England",8.784
"2024-07-24 12:00:00","North West",6.724
"2024-07-25 12:00:00","London",10.368
"2024-07-25 12:00:00","South East",8.038
"2024-07-25 12:00:00","South West",8.643
"2024-07-25 12:00:00","Midlands",9.229
"2024-07-25 12:00:00","North East and Yorkshire",10.054
"2024-07-25 12:00:00","East of England",8.081
"2024-07-25 12:00:00","North West",9.342
"2024-07-26 12:00:00","London",14.577
"2024-07-26 12:00:00","South East",11.38
"2024-07-26 12:00:00","South West",10.713
"2024-07-26 12:00:00","Midlands",12.477
"2024-07-26 12:00:00","North East and Yorkshire",13.319
"2024-07-26 12:00:00","East of England",12.789
"2024-07-26 12:00:00","North West",12.276
"2024-07-27 12:00:00","London",13.436
"2024-07-27 12:00:00","South East",11.734
"2024-07-27 12:00:00","South West",10.544
"2024-07-27 12:00:00","Midlands",12.38
"2024-07-27 12:00:00","North East and Yorkshire",13.772
"2024-07-27 12:00:00","East of England",12.071
"2024-07-27 12:00:00","North West",12.864
"2024-07-28 12:00:00","London",14.136
"2024-07-28 12:00:00","South East",12.955
"2024-07-28 12:00:00","South West",12.61
"2024-07-28 12:00:00","Midlands",9.835
"2024-07-28 12:00:00","North East and Yorkshire",9.074
"2024-07-28 12:00:00","East of England",12.107
"2024-07-28 12:00:00","North West",8.604
"2024-07-29 12:00:00","London",12.554
"2024-07-29 12:00:00","South East",10.113
"2024-07-29 12:00:00","South West",10.284
"2024-07-29 12:00:00","Midlands",9.902
"2024-07-29 12:00:00","North East and Yorkshire",8.396
"2024-07-29 12:00:00","East of England",9.907
"2024-07-29 12:00:00","North West",9.326
"2024-07-30 12:00:00","London",16.994
"2024-07-30 12:00:00","South East",14.761
"2024-07-30 12:00:00","South West",13.675
"2024-07-30 12:00:00","Midlands",14.098
"2024-07-30 12:00:00","North East and Yorkshire",13.757
"2024-07-30 12:00:00","East of England",16.195
"2024-07-30 12:00:00","North West",12.97
"2024-07-31 12:00:00","London",13.656
"2024-07-31 12:00:00","South East",11.838
"2024-07-31 12:00:00","South West",11.788
"2024-07-31 12:00:00","Midlands",11.361
"2024-07-31 12:00:00","North East and Yorkshire",12.065
"2024-07-31 12:00:00","East of England",12.706
"2024-07-31 12:00:00","North West",11.282
"2024-08-01 12:00:00","London",12.924
"2024-08-01 12:00:00","South East",11.435
"2024-08-01 12:00:00","South West",12.582
"2024-08-01 12:00:00","Midlands",12.207
"2024-08-01 12:00:00","North East and Yorkshire",11.232
"2024-08-01 12:00:00","East of England",11.764
"2024-08-01 12:00:00","North West",11.144
"2024-08-02 12:00:00","London",13.415
"2024-08-02 12:00:00","South East",12.074
"2024-08-02 12:00:00","South West",12.999
"2024-08-02 12:00:00","Midlands",12.175
"2024-08-02 12:00:00","North East and Yorkshire",10.864
"2024-08-02 12:00:00","East of England",12.106
"2024-08-02 12:00:00","North West",11.955
"2024-08-03 12:00:00","London",15.289
"2024-08-03 12:00:00","South East",13.833
"2024-08-03 12:00:00","South West",13.283
"2024-08-03 12:00:00","Midlands",13.638
"2024-08-03 12:00:00","North East and Yorkshire",13.017
"2024-08-03 12:00:00","East of England",14.155
"2024-08-03 12:00:00","North West",12.957
"2024-08-04 12:00:00","London",14.351
"2024-08-04 12:00:00","South East",12.896
"2024-08-04 12:00:00","South West",12.239
"2024-08-04 12:00:00","Midlands",13.416
"2024-08-04 12:00:00","North East and Yorkshire",13.228
"2024-08-04 12:00:00","East of England",14.071
"2024-08-04 12:00:00","North West",12.422
"2024-08-05 12:00:00","London",12.23
"2024-08-05 12:00:00","South East",11.1
"2024-08-05 12:00:00","South West",11.013
"2024-08-05 12:00:00","Midlands",10.747
"2024-08-05 12:00:00","North East and Yorkshire",10.886
"2024-08-05 12:00:00","East of England",11.246
"2024-08-05 12:00:00","North West",11.354
"2024-08-06 12:00:00","London",11.665
"2024-08-06 12:00:00","South East",9.934
"2024-08-06 12:00:00","South West",9.39
"2024-08-06 12:00:00","Midlands",8.74
"2024-08-06 12:00:00","North East and Yorkshire",9.089
"2024-08-06 12:00:00","East of England",9.656
"2024-08-06 12:00:00","North West",8.326
"2024-08-07 12:00:00","London",9.151
"2024-08-07 12:00:00","South East",7.533
"2024-08-07 12:00:00","South West",7.253
"2024-08-07 12:00:00","Midlands",8.513
"2024-08-07 12:00:00","North East and Yorkshire",10.754
"2024-08-07 12:00:00","East of England",8.267
"2024-08-07 12:00:00","North West",10.33
"2024-08-08 12:00:00","London",14.837
"2024-08-08 12:00:00","South East",13.836
"2024-08-08 12:00:00","South West",14.433
"2024-08-08 12:00:00","Midlands",13.906
"2024-08-08 12:00:00","North East and Yorkshire",13.429
"2024-08-08 12:00:00","East of England",13.99
"2024-08-08 12:00:00","North West",12.948
"2024-08-09 12:00:00","London",16.454
"2024-08-09 12:00:00","South East",14.936
"2024-08-09 12:00:00","South West",14.343
"2024-08-09 12:00:00","Midlands",14.473
"2024-08-09 12:00:00","North East and Yorkshire",13.443
"2024-08-09 12:00:00","East of England",15.676
"2024-08-09 12:00:00","North West",13.036
"2024-08-10 12:00:00","London",15.864
"2024-08-10 12:00:00","South East",14.375
"2024-08-10 12:00:00","South West",13.585
"2024-08-10 12:00:00","Midlands",14.037
"2024-08-10 12:00:00","North East and Yorkshire",13.522
"2024-08-10 12:00:00","East of England",15.067
"2024-08-10 12:00:00","North West",12.905
"2024-08-11 12:00:00","London",14.481
"2024-08-11 12:00:00","South East",12.884
"2024-08-11 12:00:00","South West",12.939
"2024-08-11 12:00:00","Midlands",12.71
"2024-08-11 12:00:00","North East and Yorkshire",12.54
"2024-08-11 12:00:00","East of England",13.54
"2024-08-11 12:00:00","North West",12.465
"2024-08-12 12:00:00","London",16.323
"2024-08-12 12:00:00","South East",14.697
"2024-08-12 12:00:00","South West",14.726
"2024-08-12 12:00:00","Midlands",14.816
"2024-08-12 12:00:00","North East and Yorkshire",13.316
"2024-08-12 12:00:00","East of England",15.701
"2024-08-12 12:00:00","North West",12.709
"2024-08-13 12:00:00","London",14.829
"2024-08-13 12:00:00","South East",13.137
"2024-08-13 12:00:00","South West",13.019
"2024-08-13 12:00:00","Midlands",13.297
"2024-08-13 12:00:00","North East and Yorkshire",13.821
"2024-08-13 12:00:00","East of England",14.679
"2024-08-13 12:00:00","North West",12.474
"2024-08-14 12:00:00","London",14.279
"2024-08-14 12:00:00","South East",13.155
"2024-08-14 12:00:00","South West",13.337
"2024-08-14 12:00:00","Midlands",13.306
"2024-08-14 12:00:00","North East and Yorkshire",12.797
"2024-08-14 12:00:00","East of England",13.696
"2024-08-14 12:00:00","North West",12.069
"2024-08-15 12:00:00","London",13.447
"2024-08-15 12:00:00","South East",12.164
"2024-08-15 12:00:00","South West",13.134
"2024-08-15 12:00:00","Midlands",12.745
"2024-08-15 12:00:00","North East and Yorkshire",11.558
"2024-08-15 12:00:00","East of England",13.258
"2024-08-15 12:00:00","North West",11.494
"2024-08-16 12:00:00","London",14.566
"2024-08-16 12:00:00","South East",13.215
"2024-08-16 12:00:00","South West",12.905
"2024-08-16 12:00:00","Midlands",11.709
"2024-08-16 12:00:00","North East and Yorkshire",12.689
"2024-08-16 12:00:00","East of England",13.188
"2024-08-16 12:00:00","North West",11.685
"2024-08-17 12:00:00","London",12.386
"2024-08-17 12:00:00","South East",11.157
"2024-08-17 12:00:00","South West",11.539
"2024-08-17 12:00:00","Midlands",12.635
"2024-08-17 12:00:00","North East and Yorkshire",13.441
"2024-08-17 12:00:00","East of England",12.857
"2024-08-17 12:00:00","North West",12.443
"2024-08-18 12:00:00","London",12.401
"2024-08-18 12:00:00","South East",10.105
"2024-08-18 12:00:00","South West",10.058
"2024-08-18 12:00:00","Midlands",10.486
"2024-08-18 12:00:00","North East and Yorkshire",11.655
"2024-08-18 12:00:00","East of England",11.484
"2024-08-18 12:00:00","North West",10.071
"2024-08-19 12:00:00","London",14.027
"2024-08-19 12:00:00","South East",12.569
"2024-08-19 12:00:00","South West",13.334
"2024-08-19 12:00:00","Midlands",13.809
"2024-08-19 12:00:00","North East and Yorkshire",14.656
"2024-08-19 12:00:00","East of England",13.581
"2024-08-19 12:00:00","North West",14.063
"2024-08-20 12:00:00","London",10.968
"2024-08-20 12:00:00","South East",8.789
"2024-08-20 12:00:00","South West",8.88
"2024-08-20 12:00:00","Midlands",9.152
"2024-08-20 12:00:00","North East and Yorkshire",7.753
"2024-08-20 12:00:00","East of England",10.896
"2024-08-20 12:00:00","North West",6.978
"2024-08-21 12:00:00","London",11.197
"2024-08-21 12:00:00","South East",9.513
"2024-08-21 12:00:00","South West",10.087
"2024-08-21 12:00:00","Midlands",10.871
"2024-08-21 12:00:00","North East and Yorkshire",9.615
"2024-08-21 12:00:00","East of England",9.043
"2024-08-21 12:00:00","North West",8.665
"2024-08-22 12:00:00","London",12.229
"2024-08-22 12:00:00","South East",10.466
"2024-08-22 12:00:00","South West",11.865
"2024-08-22 12:00:00","Midlands",11.914
"2024-08-22 12:00:00","North East and Yorkshire",12.64
"2024-08-22 12:00:00","East of England",11.065
"2024-08-22 12:00:00","North West",11.762
"2024-08-23 12:00:00","London",15.353
"2024-08-23 12:00:00","South East",13.938
"2024-08-23 12:00:00","South West",13.787
"2024-08-23 12:00:00","Midlands",14.397
"2024-08-23 12:00:00","North East and Yorkshire",14.316
"2024-08-23 12:00:00","East of England",14.786
"2024-08-23 12:00:00","North West",13.576
"2024-08-24 12:00:00","London",13.003
"2024-08-24 12:00:00","South East",11.932
"2024-08-24 12:00:00","South West",11.397
"2024-08-24 12:00:00","Midlands",11.704
"2024-08-24 12:00:00","North East and Yorkshire",12.27
"2024-08-24 12:00:00","East of England",11.813
"2024-08-24 12:00:00","North West",12.067
"2024-08-25 12:00:00","London",13.31
"2024-08-25 12:00:00","South East",12.088
"2024-08-25 12:00:00","South West",12.419
"2024-08-25 12:00:00","Midlands",13.969
"2024-08-25 12:00:00","North East and Yorkshire",13.426
"2024-08-25 12:00:00","East of England",12.804
"2024-08-25 12:00:00","North West",12.865
"2024-08-26 12:00:00","London",12.69
"2024-08-26 12:00:00","South East",11.857
"2024-08-26 12:00:00","South West",12.246
"2024-08-26 12:00:00","Midlands",11.276
"2024-08-26 12:00:00","North East and Yorkshire",11.388
"2024-08-26 12:00:00","East of England",11.252
"2024-08-26 12:00:00","North West",11.369
"2024-08-27 12:00:00","London",13.58
"2024-08-27 12:00:00","South East",12.078
"2024-08-27 12:00:00","South West",11.897
"2024-08-27 12:00:00","Midlands",11.564
"2024-08-27 12:00:00","North East and Yorkshire",11.018
"2024-08-27 12:00:00","East of England",12.712
"2024-08-27 12:00:00","North West",10.828
"2024-08-28 12:00:00","London",10.679
"2024-08-28 12:00:00","South East",9.667
"2024-08-28 12:00:00","South West",9.369
"2024-08-28 12:00:00","Midlands",7.792
"2024-08-28 12:00:00","North East and Yorkshire",6.083
"2024-08-28 12:00:00","East of England",9.084
"2024-08-28 12:00:00","North West",7.318
"2024-08-29 12:00:00","London",11.486
"2024-08-29 12:00:00","South East",10.366
"2024-08-29 12:00:00","South West",10.86
"2024-08-29 12:00:00","Midlands",10.149
"2024-08-29 12:00:00","North East and Yorkshire",9.395
"2024-08-29 12:00:00","East of England",10.557
"2024-08-29 12:00:00","North West",9.115
"2024-08-30 12:00:00","London",9.272
"2024-08-30 12:00:00","South East",8.316
"2024-08-30 12:00:00","South West",7.745
"2024-08-30 12:00:00","Midlands",7.643
"2024-08-30 12:00:00","North East and Yorkshire",8.359
"2024-08-30 12:00:00","East of England",9.293
"2024-08-30 12:00:00","North West",7.825
"2024-08-31 12:00:00","London",3.41
"2024-08-31 12:00:00","South East",2.896
"2024-08-31 12:00:00","South West",4.43
"2024-08-31 12:00:00","Midlands",3.836
"2024-08-31 12:00:00","North East and Yorkshire",2.938
"2024-08-31 12:00:00","East of England",3.603
"2024-08-31 12:00:00","North West",3.518
"2024-09-01 12:00:00","London",4.229
"2024-09-01 12:00:00","South East",3.526
"2024-09-01 12:00:00","South West",5.327
"2024-09-01 12:00:00","Midlands",4.345
"2024-09-01 12:00:00","North East and Yorkshire",5.312
"2024-09-01 12:00:00","East of England",3.603
"2024-09-01 12:00:00","North West",4.694
"2024-09-02 12:00:00","London",9.906
"2024-09-02 12:00:00","South East",8.966
"2024-09-02 12:00:00","South West",9.634
"2024-09-02 12:00:00","Midlands",8.271
"2024-09-02 12:00:00","North East and Yorkshire",8.87
"2024-09-02 12:00:00","East of England",9.536
"2024-09-02 12:00:00","North West",8.328
"2024-09-03 12:00:00","London",12.908
"2024-09-03 12:00:00","South East",10.743
"2024-09-03 12:00:00","South West",10.418
"2024-09-03 12:00:00","Midlands",12.197
"2024-09-03 12:00:00","North East and Yorkshire",13.423
"2024-09-03 12:00:00","East of England",10.867
"2024-09-03 12:00:00","North West",12.706
"2024-09-04 12:00:00","London",13.563
"2024-09-04 12:00:00","South East",11.237
"2024-09-04 12:00:00","South West",11.269
"2024-09-04 12:00:00","Midlands",13.597
"2024-09-04 12:00:00","North East and Yorkshire",12.467
"2024-09-04 12:00:00","East of England",12.828
"2024-09-04 12:00:00","North West",11.394
"2024-09-05 12:00:00","London",15.464
"2024-09-05 12:00:00","South East",12.97
"2024-09-05 12:00:00","South West",11.044
"2024-09-05 12:00:00","Midlands",12.96
"2024-09-05 12:00:00","North East and Yorkshire",12.722
"2024-09-05 12:00:00","East of England",13.987
"2024-09-05 12:00:00","North West",12.519
"2024-09-06 12:00:00","London",12.489
"2024-09-06 12:00:00","South East",10.568
"2024-09-06 12:00:00","South West",8.49
"2024-09-06 12:00:00","Midlands",10.936
"2024-09-06 12:00:00","North East and Yorkshire",11.586
"2024-09-06 12:00:00","East of England",12.055
"2024-09-06 12:00:00","North West",9.012
"2024-09-07 12:00:00","London",10.756
"2024-09-07 12:00:00","South East",8.681
"2024-09-07 12:00:00","South West",8.715
"2024-09-07 12:00:00","Midlands",9.32
"2024-09-07 12:00:00","North East and Yorkshire",9.021
"2024-09-07 12:00:00","East of England",10.566
"2024-09-07 12:00:00","North West",7.344
"2024-09-08 12:00:00","London",9.617
"2024-09-08 12:00:00","South East",8.156
"2024-09-08 12:00:00","South West",8.353
"2024-09-08 12:00:00","Midlands",9.543
"2024-09-08 12:00:00","North East and Yorkshire",10.397
"2024-09-08 12:00:00","East of England",8.754
"2024-09-08 12:00:00","North West",9.25
"2024-09-09 12:00:00","London",13.893
"2024-09-09 12:00:00","South East",12.339
"2024-09-09 12:00:00","South West",11.56
"2024-09-09 12:00:00","Midlands",12.786
"2024-09-09 12:00:00","North East and Yorkshire",12.339
"2024-09-09 12:00:00","East of England",13.246
"2024-09-09 12:00:00","North West",11.496
"2024-09-10 12:00:00","London",13.749
"2024-09-10 12:00:00","South East",13.047
"2024-09-10 12:00:00","South West",13.713
"2024-09-10 12:00:00","Midlands",13.156
"2024-09-10 12:00:00","North East and Yorkshire",12.991
"2024-09-10 12:00:00","East of England",13.235
"2024-09-10 12:00:00","North West",12.55
"2024-09-11 12:00:00","London",14.565
"2024-09-11 12:00:00","South East",12.588
"2024-09-11 12:00:00","South West",12.409
"2024-09-11 12:00:00","Midlands",14.631
"2024-09-11 12:00:00","North East and Yorkshire",13.772
"2024-09-11 12:00:00","East of England",14.385
"2024-09-11 12:00:00","North West",12.417
"2024-09-12 12:00:00","London",8.704
"2024-09-12 12:00:00","South East",7.421
"2024-09-12 12:00:00","South West",7.404
"2024-09-12 12:00:00","Midlands",7.075
"2024-09-12 12:00:00","North East and Yorkshire",6.054
"2024-09-12 12:00:00","East of England",6.945
"2024-09-12 12:00:00","North West",7.183
"2024-09-13 12:00:00","London",7.322
"2024-09-13 12:00:00","South East",6.269
"2024-09-13 12:00:00","South West",7.054
"2024-09-13 12:00:00","Midlands",8.76
"2024-09-13 12:00:00","North East and Yorkshire",9.659
"2024-09-13 12:00:00","East of England",6.656
"2024-09-13 12:00:00","North West",9.492
"2024-09-14 12:00:00","London",11.738
"2024-09-14 12:00:00","South East",9.873
"2024-09-14 12:00:00","South West",11.308
"2024-09-14 12:00:00","Midlands",11.396
"2024-09-14 12:00:00","North East and Yorkshire",10.732
"2024-09-14 12:00:00","East of England",10.77
"2024-09-14 12:00:00","North West",10.605
"2024-09-15 12:00:00","London",12.146
"2024-09-15 12:00:00","South East",10.636
"2024-09-15 12:00:00","South West",10.302
"2024-09-15 12:00:00","Midlands",12.415
"2024-09-15 12:00:00","North East and Yorkshire",12.884
"2024-09-15 12:00:00","East of England",11.546
"2024-09-15 12:00:00","North West",12.212
"2024-09-16 12:00:00","London",9.877
"2024-09-16 12:00:00","South East",8.464
"2024-09-16 12:00:00","South West",9.22
"2024-09-16 12:00:00","Midlands",9.749
"2024-09-16 12:00:00","North East and Yorkshire",11.171
"2024-09-16 12:00:00","East of England",9.628
"2024-09-16 12:00:00","North West",8.87
"2024-09-17 12:00:00","London",9.277
"2024-09-17 12:00:00","South East",8.096
"2024-09-17 12:00:00","South West",9.341
"2024-09-17 12:00:00","Midlands",6.476
"2024-09-17 12:00:00","North East and Yorkshire",6.918
"2024-09-17 12:00:00","East of England",7.388
"2024-09-17 12:00:00","North West",7.13
"2024-09-18 12:00:00","London",6.204
"2024-09-18 12:00:00","South East",4.589
"2024-09-18 12:00:00","South West",6.275
"2024-09-18 12:00:00","Midlands",4.253
"2024-09-18 12:00:00","North East and Yorkshire",4.565
"2024-09-18 12:00:00","East of England",4.468
"2024-09-18 12:00:00","North West",4.9
"2024-09-19 12:00:00","London",6.873
"2024-09-19 12:00:00","South East",5.489
"2024-09-19 12:00:00","South West",6.426
"2024-09-19 12:00:00","Midlands",6.701
"2024-09-19 12:00:00","North East and Yorkshire",7.116
"2024-09-19 12:00:00","East of England",5.789
"2024-09-19 12:00:00","North West",6.409
"2024-09-20 12:00:00","London",8.464
"2024-09-20 12:00:00","South East",6.9
"2024-09-20 12:00:00","South West",8.395
"2024-09-20 12:00:00","Midlands",6.871
"2024-09-20 12:00:00","North East and Yorkshire",7.826
"2024-09-20 12:00:00","East of England",6.539
"2024-09-20 12:00:00","North West",6.996
"2024-09-21 12:00:00","London",10.748
"2024-09-21 12:00:00","South East",8.857
"2024-09-21 12:00:00","South West",10.346
"2024-09-21 12:00:00","Midlands",8.661
"2024-09-21 12:00:00","North East and Yorkshire",8.981
"2024-09-21 12:00:00","East of England",10.207
"2024-09-21 12:00:00","North West",9.155
"2024-09-22 12:00:00","London",15.554
"2024-09-22 12:00:00","South East",14.021
"2024-09-22 12:00:00","South West",14.156
"2024-09-22 12:00:00","Midlands",13.238
"2024-09-22 12:00:00","North East and Yorkshire",10.229
"2024-09-22 12:00:00","East of England",13.656
"2024-09-22 12:00:00","North West",12.398
"2024-09-23 12:00:00","London",12.995
"2024-09-23 12:00:00","South East",10.957
"2024-09-23 12:00:00","South West",10.098
"2024-09-23 12:00:00","Midlands",11.823
"2024-09-23 12:00:00","North East and Yorkshire",12.617
"2024-09-23 12:00:00","East of England",12.269
"2024-09-23 12:00:00","North West",11.452
"2024-09-24 12:00:00","London",16.648
"2024-09-24 12:00:00","South East",14.803
"2024-09-24 12:00:00","South West",15.157
"2024-09-24 12:00:00","Midlands",14.935
"2024-09-24 12:00:00","North East and Yorkshire",12.594
"2024-09-24 12:00:00","East of England",15.875
"2024-09-24 12:00:00","North West",12.248
"2024-09-25 12:00:00","London",14.01
"2024-09-25 12:00:00","South East",11.825
"2024-09-25 12:00:00","South West",10.705
"2024-09-25 12:00:00","Midlands",8.318
"2024-09-25 12:00:00","North East and Yorkshire",7.58
"2024-09-25 12:00:00","East of England",12.179
"2024-09-25 12:00:00","North West",6.688
"2024-09-26 12:00:00","London",11.675
"2024-09-26 12:00:00","South East",9.442
"2024-09-26 12:00:00","South West",9.131
"2024-09-26 12:00:00","Midlands",11.506
"2024-09-26 12:00:00","North East and Yorkshire",12.21
"2024-09-26 12:00:00","East of England",10.97
"2024-09-26 12:00:00","North West",11.792
"2024-09-27 12:00:00","London",10.543
"2024-09-27 12:00:00","South East",8.629
"2024-09-27 12:00:00","South West",9.48
"2024-09-27 12:00:00","Midlands",11.87
"2024-09-27 12:00:00","North East and Yorkshire",12.198
"2024-09-27 12:00:00","East of England",10.308
"2024-09-27 12:00:00","North West",11.973
"2024-09-28 12:00:00","London",12.614
"2024-09-28 12:00:00","South East",10.499
"2024-09-28 12:00:00","South West",10.78
"2024-09-28 12:00:00","Midlands",11.544
"2024-09-28 12:00:00","North East and Yorkshire",12.111
"2024-09-28 12:00:00","East of England",11.515
"2024-09-28 12:00:00","North West",11.228
"2024-09-29 12:00:00","London",15.963
"2024-09-29 12:00:00","South East",14.349
"2024-09-29 12:00:00","South West",13.787
"2024-09-29 12:00:00","Midlands",13.859
"2024-09-29 12:00:00","North East and Yorkshire",12.663
"2024-09-29 12:00:00","East of England",14.324
"2024-09-29 12:00:00","North West",12.793
"2024-09-30 12:00:00","London",15.801
"2024-09-30 12:00:00","South East",14.055
"2024-09-30 12:00:00","South West",12.822
"2024-09-30 12:00:00","Midlands",14.373
"2024-09-30 12:00:00","North East and Yorkshire",14.424
"2024-09-30 12:00:00","East of England",15.014
"2024-09-30 12:00:00","North West",13.276
"2024-10-01 12:00:00","London",11.996
"2024-10-01 12:00:00","South East",10.773
"2024-10-01 12:00:00","South West",11.984
"2024-10-01 12:00:00","Midlands",10.838
"2024-10-01 12:00:00","North East and Yorkshire",9.611
"2024-10-01 12:00:00","East of England",10.962
"2024-10-01 12:00:00","North West",9.877
"2024-10-02 12:00:00","London",13.184
"2024-10-02 12:00:00","South East",11.654
"2024-10-02 12:00:00","South West",10.8
"2024-10-02 12:00:00","Midlands",10.33
"2024-10-02 12:00:00","North East and Yorkshire",9.899
"2024-10-02 12:00:00","East of England",11.858
"2024-10-02 12:00:00","North West",9.786
"2024-10-03 12:00:00","London",15.172
"2024-10-03 12:00:00","South East",13.08
"2024-10-03 12:00:00","South West",12.016
"2024-10-03 12:00:00","Midlands",13.072
"2024-10-03 12:00:00","North East and Yorkshire",13.01
"2024-10-03 12:00:00","East of England",14.079
"2024-10-03 12:00:00","North West",12.616
"2024-10-04 12:00:00","London",15.244
"2024-10-04 12:00:00","South East",13.404
"2024-10-04 12:00:00","South West",11.102
"2024-10-04 12:00:00","Midlands",11.082
"2024-10-04 12:00:00","North East and Yorkshire",10.979
"2024-10-04 12:00:00","East of England",13.913
"2024-10-04 12:00:00","North West",10.552
"2024-10-05 12:00:00","London",10.247
"2024-10-05 12:00:00","South East",8.368
"2024-10-05 12:00:00","South West",8.782
"2024-10-05 12:00:00","Midlands",8.768
"2024-10-05 12:00:00","North East and Yorkshire",8.746
"2024-10-05 12:00:00","East of England",8.691
"2024-10-05 12:00:00","North West",8.999
"2024-10-06 12:00:00","London",13.951
"2024-10-06 12:00:00","South East",13.081
"2024-10-06 12:00:00","South West",13.366
"2024-10-06 12:00:00","Midlands",12.579
"2024-10-06 12:00:00","North East and Yorkshire",10.784
"2024-10-06 12:00:00","East of England",13.725
"2024-10-06 12:00:00","North West",10.272
"2024-10-07 12:00:00","London",15.292
"2024-10-07 12:00:00","South East",13.577
"2024-10-07 12:00:00","South West",13.918
"2024-10-07 12:00:00","Midlands",12.315
"2024-10-07 12:00:00","North East and Yorkshire",10.866
"2024-10-07 12:00:00","East of England",14.91
"2024-10-07 12:00:00","North West",10.752
"2024-10-08 12:00:00","London",9.896
"2024-10-08 12:00:00","South East",9.056
"2024-10-08 12:00:00","South West",9.582
"2024-10-08 12:00:00","Midlands",6.804
"2024-10-08 12:00:00","North East and Yorkshire",5.198
"2024-10-08 12:00:00","East of England",7.708
"2024-10-08 12:00:00","North West",6.902
"2024-10-09 12:00:00","London",12.891
"2024-10-09 12:00:00","South East",11.755
"2024-10-09 12:00:00","South West",12.729
"2024-10-09 12:00:00","Midlands",10.379
"2024-10-09 12:00:00","North East and Yorkshire",9.695
"2024-10-09 12:00:00","East of England",11.791
"2024-10-09 12:00:00","North West",9.873
"2024-10-10 12:00:00","London",13.841
"2024-10-10 12:00:00","South East",11.674
"2024-10-10 12:00:00","South West",10.008
"2024-10-10 12:00:00","Midlands",10.507
"2024-10-10 12:00:00","North East and Yorkshire",11.435
"2024-10-10 12:00:00","East of England",13.461
"2024-10-10 12:00:00","North West",9.588
"2024-10-11 12:00:00","London",7.488
"2024-10-11 12:00:00","South East",6.108
"2024-10-11 12:00:00","South West",6.757
"2024-10-11 12:00:00","Midlands",6.531
"2024-10-11 12:00:00","North East and Yorkshire",7.587
"2024-10-11 12:00:00","East of England",6.376
"2024-10-11 12:00:00","North West",7.664
"2024-10-12 12:00:00","London",9.887
"2024-10-12 12:00:00","South East",8.966
"2024-10-12 12:00:00","South West",9.713
"2024-10-12 12:00:00","Midlands",9.644
"2024-10-12 12:00:00","North East and Yorkshire",9.996
"2024-10-12 12:00:00","East of England",9.213
"2024-10-12 12:00:00","North West",9.88
"2024-10-13 12:00:00","London",9.463
"2024-10-13 12:00:00","South East",8.494
"2024-10-13 12:00:00","South West",9.456
"2024-10-13 12:00:00","Midlands",8.497
"2024-10-13 12:00:00","North East and Yorkshire",7.036
"2024-10-13 12:00:00","East of England",8.34
"2024-10-13 12:00:00","North West",7.741
"2024-10-14 12:00:00","London",11.753
"2024-10-14 12:00:00","South East",10.404
"2024-10-14 12:00:00","South West",10.195
"2024-10-14 12:00:00","Midlands",10.55
"2024-10-14 12:00:00","North East and Yorkshire",10.561
"2024-10-14 12:00:00","East of England",10.98
"2024-10-14 12:00:00","North West",10.302
"2024-10-15 12:00:00","London",9.047
"2024-10-15 12:00:00","South East",8.27
"2024-10-15 12:00:00","South West",9.093
"2024-10-15 12:00:00","Midlands",8.63
"2024-10-15 12:00:00","North East and Yorkshire",7.948
"2024-10-15 12:00:00","East of England",8.217
"2024-10-15 12:00:00","North West",8.149
"2024-10-16 12:00:00","London",8.305
"2024-10-16 12:00:00","South East",7.057
"2024-10-16 12:00:00","South West",6.573
"2024-10-16 12:00:00","Midlands",6.405
"2024-10-16 12:00:00","North East and Yorkshire",7.301
"2024-10-16 12:00:00","East of England",7.936
"2024-10-16 12:00:00","North West",7
"2024-10-17 12:00:00","London",6.091
"2024-10-17 12:00:00","South East",4.927
"2024-10-17 12:00:00","South West",6.449
"2024-10-17 12:00:00","Midlands",6.554
"2024-10-17 12:00:00","North East and Yorkshire",5.927
"2024-10-17 12:00:00","East of England",5.578
"2024-10-17 12:00:00","North West",6.394
"2024-10-18 12:00:00","London",11.944
"2024-10-18 12:00:00","South East",11.486
"2024-10-18 12:00:00","South West",12
"2024-10-18 12:00:00","Midlands",10.934
"2024-10-18 12:00:00","North East and Yorkshire",10.443
"2024-10-18 12:00:00","East of England",10.942
"2024-10-18 12:00:00","North West",10.365
"2024-10-19 12:00:00","London",6.438
"2024-10-19 12:00:00","South East",5.336
"2024-10-19 12:00:00","South West",6.716
"2024-10-19 12:00:00","Midlands",6.752
"2024-10-19 12:00:00","North East and Yorkshire",6.806
"2024-10-19 12:00:00","East of England",5.633
"2024-10-19 12:00:00","North West",7.049
"2024-10-20 12:00:00","London",9.988
"2024-10-20 12:00:00","South East",8.525
"2024-10-20 12:00:00","South West",7.394
"2024-10-20 12:00:00","Midlands",6.501
"2024-10-20 12:00:00","North East and Yorkshire",5.976
"2024-10-20 12:00:00","East of England",9.028
"2024-10-20 12:00:00","North West",6.064
"2024-10-21 12:00:00","London",9.63
"2024-10-21 12:00:00","South East",8.471
"2024-10-21 12:00:00","South West",8.105
"2024-10-21 12:00:00","Midlands",8.222
"2024-10-21 12:00:00","North East and Yorkshire",7.643
"2024-10-21 12:00:00","East of England",8.853
"2024-10-21 12:00:00","North West",7.672
"2024-10-22 12:00:00","London",5.527
"2024-10-22 12:00:00","South East",4.199
"2024-10-22 12:00:00","South West",3.694
"2024-10-22 12:00:00","Midlands",4.323
"2024-10-22 12:00:00","North East and Yorkshire",2.767
"2024-10-22 12:00:00","East of England",5.711
"2024-10-22 12:00:00","North West",3.262
"2024-10-23 12:00:00","London",3.492
"2024-10-23 12:00:00","South East",3.075
"2024-10-23 12:00:00","South West",3.133
"2024-10-23 12:00:00","Midlands",3.009
"2024-10-23 12:00:00","North East and Yorkshire",5.471
"2024-10-23 12:00:00","East of England",2.773
"2024-10-23 12:00:00","North West",4.891
"2024-10-24 12:00:00","London",8.768
"2024-10-24 12:00:00","South East",7.567
"2024-10-24 12:00:00","South West",5.605
"2024-10-24 12:00:00","Midlands",6.227
"2024-10-24 12:00:00","North East and Yorkshire",6.922
"2024-10-24 12:00:00","East of England",7.359
"2024-10-24 12:00:00","North West",6.118
"2024-10-25 12:00:00","London",8.976
"2024-10-25 12:00:00","South East",7.975
"2024-10-25 12:00:00","South West",8.386
"2024-10-25 12:00:00","Midlands",6.875
"2024-10-25 12:00:00","North East and Yorkshire",4.279
"2024-10-25 12:00:00","East of England",8.158
"2024-10-25 12:00:00","North West",5.114
"2024-10-26 12:00:00","London",11.766
"2024-10-26 12:00:00","South East",10.722
"2024-10-26 12:00:00","South West",11.122
"2024-10-26 12:00:00","Midlands",7.117
"2024-10-26 12:00:00","North East and Yorkshire",4.775
"2024-10-26 12:00:00","East of England",10.282
"2024-10-26 12:00:00","North West",5.289
"2024-10-27 12:00:00","London",3.558
"2024-10-27 12:00:00","South East",2.857
"2024-10-27 12:00:00","South West",1.99
"2024-10-27 12:00:00","Midlands",2.317
"2024-10-27 12:00:00","North East and Yorkshire",3.482
"2024-10-27 12:00:00","East of England",3.193
"2024-10-27 12:00:00","North West",3.785
"2024-10-28 12:00:00","London",0.666
"2024-10-28 12:00:00","South East",0.053
"2024-10-28 12:00:00","South West",1.085
"2024-10-28 12:00:00","Midlands",0.033
"2024-10-28 12:00:00","North East and Yorkshire",0.391
"2024-10-28 12:00:00","East of England",0.349
"2024-10-28 12:00:00","North West",-0.298
"2024-10-29 12:00:00","London",10.553
"2024-10-29 12:00:00","South East",9.558
"2024-10-29 12:00:00","South West",9.731
"2024-10-29 12:00:00","Midlands",9.089
"2024-10-29 12:00:00","North East and Yorkshire",8.918
"2024-10-29 12:00:00","East of England",9.636
"2024-10-29 12:00:00","North West",8.574
"2024-10-30 12:00:00","London",13.326
"2024-10-30 12:00:00","South East",12.38
"2024-10-30 12:00:00","South West",12.211
"2024-10-30 12:00:00","Midlands",11.317
"2024-10-30 12:00:00","North East and Yorkshire",10.704
"2024-10-30 12:00:00","East of England",12.084
"2024-10-30 12:00:00","North West",10.351
"2024-10-31 12:00:00","London",12.175
"2024-10-31 12:00:00","South East",11.581
"2024-10-31 12:00:00","South West",11.951
"2024-10-31 12:00:00","Midlands",11.301
"2024-10-31 12:00:00","North East and Yorkshire",10.582
"2024-10-31 12:00:00","East of England",11.734
"2024-10-31 12:00:00","North West",10.625
"2024-11-01 12:00:00","London",13.476
"2024-11-01 12:00:00","South East",12.503
"2024-11-01 12:00:00","South West",12.606
"2024-11-01 12:00:00","Midlands",13.255
"2024-11-01 12:00:00","North East and Yorkshire",12.018
"2024-11-01 12:00:00","East of England",13.247
"2024-11-01 12:00:00","North West",12.275
"2024-11-02 12:00:00","London",10.614
"2024-11-02 12:00:00","South East",9.706
"2024-11-02 12:00:00","South West",11.042
"2024-11-02 12:00:00","Midlands",10.458
"2024-11-02 12:00:00","North East and Yorkshire",8.902
"2024-11-02 12:00:00","East of England",9.5
"2024-11-02 12:00:00","North West",9.264
"2024-11-03 12:00:00","London",12.887
"2024-11-03 12:00:00","South East",12.028
"2024-11-03 12:00:00","South West",12.438
"2024-11-03 12:00:00","Midlands",11.243
"2024-11-03 12:00:00","North East and Yorkshire",9.749
"2024-11-03 12:00:00","East of England",12.392
"2024-11-03 12:00:00","North West",10.148
"2024-11-04 12:00:00","London",10.358
"2024-11-04 12:00:00","South East",9.962
"2024-11-04 12:00:00","South West",11.245
"2024-11-04 12:00:00","Midlands",10.294
"2024-11-04 12:00:00","North East and Yorkshire",9.217
"2024-11-04 12:00:00","East of England",10.37
"2024-11-04 12:00:00","North West",9.729
"2024-11-05 12:00:00","London",11.617
"2024-11-05 12:00:00","South East",10.368
"2024-11-05 12:00:00","South West",10.555
"2024-11-05 12:00:00","Midlands",9.061
"2024-11-05 12:00:00","North East and Yorkshire",8.776
"2024-11-05 12:00:00","East of England",10.326
"2024-11-05 12:00:00","North West",8.944
"2024-11-06 12:00:00","London",14.027
"2024-11-06 12:00:00","South East",12.689
"2024-11-06 12:00:00","South West",12.508
"2024-11-06 12:00:00","Midlands",12.688
"2024-11-06 12:00:00","North East and Yorkshire",11.367
"2024-11-06 12:00:00","East of England",12.898
"2024-11-06 12:00:00","North West",11.753
"2024-11-07 12:00:00","London",11.595
"2024-11-07 12:00:00","South East",10.777
"2024-11-07 12:00:00","South West",9.636
"2024-11-07 12:00:00","Midlands",8.635
"2024-11-07 12:00:00","North East and Yorkshire",8.492
"2024-11-07 12:00:00","East of England",11.202
"2024-11-07 12:00:00","North West",8.177
"2024-11-08 12:00:00","London",9.579
"2024-11-08 12:00:00","South East",7.926
"2024-11-08 12:00:00","South West",8.847
"2024-11-08 12:00:00","Midlands",5.036
"2024-11-08 12:00:00","North East and Yorkshire",4.375
"2024-11-08 12:00:00","East of England",8.072
"2024-11-08 12:00:00","North West",5.058
"2024-11-09 12:00:00","London",6.925
"2024-11-09 12:00:00","South East",5.992
"2024-11-09 12:00:00","South West",6.086
"2024-11-09 12:00:00","Midlands",5.304
"2024-11-09 12:00:00","North East and Yorkshire",4.996
"2024-11-09 12:00:00","East of England",5.791
"2024-11-09 12:00:00","North West",5.464
"2024-11-10 12:00:00","London",7.379
"2024-11-10 12:00:00","South East",6.807
"2024-11-10 12:00:00","South West",6.488
"2024-11-10 12:00:00","Midlands",6.019
"2024-11-10 12:00:00","North East and Yorkshire",5.401
"2024-11-10 12:00:00","East of England",7.153
"2024-11-10 12:00:00","North West",5.828
"2024-11-11 12:00:00","London",5.939
"2024-11-11 12:00:00","South East",4.91
"2024-11-11 12:00:00","South West",5.726
"2024-11-11 12:00:00","Midlands",5.177
"2024-11-11 12:00:00","North East and Yorkshire",5.329
"2024-11-11 12:00:00","East of England",5.228
"2024-11-11 12:00:00","North West",5.649
"2024-11-12 12:00:00","London",3.032
"2024-11-12 12:00:00","South East",2.406
"2024-11-12 12:00:00","South West",3.209
"2024-11-12 12:00:00","Midlands",2.92
"2024-11-12 12:00:00","North East and Yorkshire",3.706
"2024-11-12 12:00:00","East of England",2.592
"2024-11-12 12:00:00","North West",4.497
"2024-11-13 12:00:00","London",2.784
"2024-11-13 12:00:00","South East",2.102
"2024-11-13 12:00:00","South West",3.119
"2024-11-13 12:00:00","Midlands",2.08
"2024-11-13 12:00:00","North East and Yorkshire",-0.028
"2024-11-13 12:00:00","East of England",2.192
"2024-11-13 12:00:00","North West",1.284
"2024-11-14 12:00:00","London",3.686
"2024-11-14 12:00:00","South East",1.964
"2024-11-14 12:00:00","South West",0.568
"2024-11-14 12:00:00","Midlands",2.856
"2024-11-14 12:00:00","North East and Yorkshire",1.072
"2024-11-14 12:00:00","East of England",2.884
"2024-11-14 12:00:00","North West",2.761
"2024-11-15 12:00:00","London",3.497
"2024-11-15 12:00:00","South East",2.147
"2024-11-15 12:00:00","South West",1.985
"2024-11-15 12:00:00","Midlands",2.977
"2024-11-15 12:00:00","North East and Yorkshire",3.852
"2024-11-15 12:00:00","East of England",2.675
"2024-11-15 12:00:00","North West",3.984
"2024-11-16 12:00:00","London",4.524
"2024-11-16 12:00:00","South East",3.633
"2024-11-16 12:00:00","South West",4.427
"2024-11-16 12:00:00","Midlands",4.728
"2024-11-16 12:00:00","North East and Yorkshire",5.69
"2024-11-16 12:00:00","East of England",3.425
"2024-11-16 12:00:00","North West",5.289
"2024-11-17 12:00:00","London",1.456
"2024-11-17 12:00:00","South East",1.407
"2024-11-17 12:00:00","South West",1.759
"2024-11-17 12:00:00","Midlands",4.707
"2024-11-17 12:00:00","North East and Yorkshire",5.776
"2024-11-17 12:00:00","East of England",2.223
"2024-11-17 12:00:00","North West",4.516
"2024-11-18 12:00:00","London",2.686
"2024-11-18 12:00:00","South East",1.695
"2024-11-18 12:00:00","South West",2.225
"2024-11-18 12:00:00","Midlands",1.956
"2024-11-18 12:00:00","North East and Yorkshire",1.835
"2024-11-18 12:00:00","East of England",2.905
"2024-11-18 12:00:00","North West",0.144
"2024-11-19 12:00:00","London",3.638
"2024-11-19 12:00:00","South East",4.117
"2024-11-19 12:00:00","South West",5.502
"2024-11-19 12:00:00","Midlands",4.877
"2024-11-19 12:00:00","North East and Yorkshire",6.933
"2024-11-19 12:00:00","East of England",4.205
"2024-11-19 12:00:00","North West",5.388
"2024-11-20 12:00:00","London",8.282
"2024-11-20 12:00:00","South East",7.586
"2024-11-20 12:00:00","South West",8.399
"2024-11-20 12:00:00","Midlands",6.865
"2024-11-20 12:00:00","North East and Yorkshire",7.288
"2024-11-20 12:00:00","East of England",6.658
"2024-11-20 12:00:00","North West",7.119
"2024-11-21 12:00:00","London",5.585
"2024-11-21 12:00:00","South East",4.577
"2024-11-21 12:00:00","South West",4.336
"2024-11-21 12:00:00","Midlands",3.074
"2024-11-21 12:00:00","North East and Yorkshire",2.697
"2024-11-21 12:00:00","East of England",4.789
"2024-11-21 12:00:00","North West",3.035
"2024-11-22 12:00:00","London",1.229
"2024-11-22 12:00:00","South East",0.836
"2024-11-22 12:00:00","South West",1.291
"2024-11-22 12:00:00","Midlands",1.68
"2024-11-22 12:00:00","North East and Yorkshire",1.395
"2024-11-22 12:00:00","East of England",1.264
"2024-11-22 12:00:00","North West",2.294
"2024-11-23 12:00:00","London",2.284
"2024-11-23 12:00:00","South East",2.237
"2024-11-23 12:00:00","South West",4.307
"2024-11-23 12:00:00","Midlands",3.109
"2024-11-23 12:00:00","North East and Yorkshire",4.397
"2024-11-23 12:00:00","East of England",2.258
"2024-11-23 12:00:00","North West",4.487
"2024-11-24 12:00:00","London",4.181
"2024-11-24 12:00:00","South East",3.8
"2024-11-24 12:00:00","South West",3.697
"2024-11-24 12:00:00","Midlands",1.739
"2024-11-24 12:00:00","North East and Yorkshire",1.808
"2024-11-24 12:00:00","East of England",2.827
"2024-11-24 12:00:00","North West",2.776
"2024-11-25 12:00:00","London",3.827
"2024-11-25 12:00:00","South East",2.885
"2024-11-25 12:00:00","South West",3.262
"2024-11-25 12:00:00","Midlands",2.234
"2024-11-25 12:00:00","North East and Yorkshire",1.842
"2024-11-25 12:00:00","East of England",2.741
"2024-11-25 12:00:00","North West",2.242
"2024-11-26 12:00:00","London",9.784
"2024-11-26 12:00:00","South East",8.83
"2024-11-26 12:00:00","South West",9.005
"2024-11-26 12:00:00","Midlands",8.32
"2024-11-26 12:00:00","North East and Yorkshire",8.155
"2024-11-26 12:00:00","East of England",8.877
"2024-11-26 12:00:00","North West",8.033
"2024-11-27 12:00:00","London",11.371
"2024-11-27 12:00:00","South East",10.281
"2024-11-27 12:00:00","South West",10.877
"2024-11-27 12:00:00","Midlands",10.855
"2024-11-27 12:00:00","North East and Yorkshire",11.18
"2024-11-27 12:00:00","East of England",10.572
"2024-11-27 12:00:00","North West",10.844
"2024-11-28 12:00:00","London",7.92
"2024-11-28 12:00:00","South East",7.013
"2024-11-28 12:00:00","South West",6.995
"2024-11-28 12:00:00","Midlands",6.602
"2024-11-28 12:00:00","North East and Yorkshire",4.809
"2024-11-28 12:00:00","East of England",7.025
"2024-11-28 12:00:00","North West",5.5
"2024-11-29 12:00:00","London",0.631
"2024-11-29 12:00:00","South East",0.098
"2024-11-29 12:00:00","South West",2.111
"2024-11-29 12:00:00","Midlands",1.022
"2024-11-29 12:00:00","North East and Yorkshire",0.638
"2024-11-29 12:00:00","East of England",-0.287
"2024-11-29 12:00:00","North West",2.328
"2024-11-30 12:00:00","London",3.302
"2024-11-30 12:00:00","South East",3.033
"2024-11-30 12:00:00","South West",6.562
"2024-11-30 12:00:00","Midlands",5.107
"2024-11-30 12:00:00","North East and Yorkshire",4.314
"2024-11-30 12:00:00","East of England",2.442
"2024-11-30 12:00:00","North West",5.724
"2024-12-01 12:00:00","London",7.265
"2024-12-01 12:00:00","South East",7.614
"2024-12-01 12:00:00","South West",6.457
"2024-12-01 12:00:00","Midlands",3.493
"2024-12-01 12:00:00","North East and Yorkshire",4.652
"2024-12-01 12:00:00","East of England",5.612
"2024-12-01 12:00:00","North West",4.856
"2024-12-02 12:00:00","London",1.553
"2024-12-02 12:00:00","South East",1.408
"2024-12-02 12:00:00","South West",2.485
"2024-12-02 12:00:00","Midlands",-0.3
"2024-12-02 12:00:00","North East and Yorkshire",1.94
"2024-12-02 12:00:00","East of England",0.031
"2024-12-02 12:00:00","North West",1.354
"2024-12-03 12:00:00","London",-0.182
"2024-12-03 12:00:00","South East",-1.083
"2024-12-03 12:00:00","South West",-0.586
"2024-12-03 12:00:00","Midlands",0.138
"2024-12-03 12:00:00","North East and Yorkshire",2.336
"2024-12-03 12:00:00","East of England",-0.374
"2024-12-03 12:00:00","North West",0.236
"2024-12-04 12:00:00","London",-0.371
"2024-12-04 12:00:00","South East",-1.188
"2024-12-04 12:00:00","South West",-0.459
"2024-12-04 12:00:00","Midlands",-0.314
"2024-12-04 12:00:00","North East and Yorkshire",1.876
"2024-12-04 12:00:00","East of England",-0.497
"2024-12-04 12:00:00","North West",0.784
"2024-12-05 12:00:00","London",-1.58
"2024-12-05 12:00:00","South East",-2.537
"2024-12-05 12:00:00","South West",-1.06
"2024-12-05 12:00:00","Midlands",0.399
"2024-12-05 12:00:00","North East and Yorkshire",3.001
"2024-12-05 12:00:00","East of England",-1.473
"2024-12-05 12:00:00","North West",2.098
"2024-12-06 12:00:00","London",1.675
"2024-12-06 12:00:00","South East",0.573
"2024-12-06 12:00:00","South West",2.542
"2024-12-06 12:00:00","Midlands",2.646
"2024-12-06 12:00:00","North East and Yorkshire",5.338
"2024-12-06 12:00:00","East of England",1.686
"2024-12-06 12:00:00","North West",4.558
"2024-12-07 12:00:00","London",6.503
"2024-12-07 12:00:00","South East",5.948
"2024-12-07 12:00:00","South West",6.375
"2024-12-07 12:00:00","Midlands",7.117
"2024-12-07 12:00:00","North East and Yorkshire",7.203
"2024-12-07 12:00:00","East of England",6.281
"2024-12-07 12:00:00","North West",7.292
"2024-12-08 12:00:00","London",7.966
"2024-12-08 12:00:00","South East",7.294
"2024-12-08 12:00:00","South West",7.318
"2024-12-08 12:00:00","Midlands",6.89
"2024-12-08 12:00:00","North East and Yorkshire",6.495
"2024-12-08 12:00:00","East of England",7.352
"2024-12-08 12:00:00","North West",6.267
"2024-12-09 12:00:00","London",6.33
"2024-12-09 12:00:00","South East",5.465
"2024-12-09 12:00:00","South West",5.041
"2024-12-09 12:00:00","Midlands",4.828
"2024-12-09 12:00:00","North East and Yorkshire",4.465
"2024-12-09 12:00:00","East of England",4.756
"2024-12-09 12:00:00","North West",5.137
"2024-12-10 12:00:00","London",4.77
"2024-12-10 12:00:00","South East",3.167
"2024-12-10 12:00:00","South West",2.88
"2024-12-10 12:00:00","Midlands",2.016
"2024-12-10 12:00:00","North East and Yorkshire",2.871
"2024-12-10 12:00:00","East of England",3.453
"2024-12-10 12:00:00","North West",3.022
"2024-12-11 12:00:00","London",4.092
"2024-12-11 12:00:00","South East",3.28
"2024-12-11 12:00:00","South West",3.706
"2024-12-11 12:00:00","Midlands",1.982
"2024-12-11 12:00:00","North East and Yorkshire",-0.147
"2024-12-11 12:00:00","East of England",2.37
"2024-12-11 12:00:00","North West",0.313
"2024-12-12 12:00:00","London",-1.547
"2024-12-12 12:00:00","South East",-1.787
"2024-12-12 12:00:00","South West",-0.86
"2024-12-12 12:00:00","Midlands",-2.434
"2024-12-12 12:00:00","North East and Yorkshire",-1.565
"2024-12-12 12:00:00","East of England",-1.191
"2024-12-12 12:00:00","North West",-2.596
"2024-12-13 12:00:00","London",-0.378
"2024-12-13 12:00:00","South East",-0.795
"2024-12-13 12:00:00","South West",1.522
"2024-12-13 12:00:00","Midlands",-1.408
"2024-12-13 12:00:00","North East and Yorkshire",-0.577
"2024-12-13 12:00:00","East of England",-0.71
"2024-12-13 12:00:00","North West",-0.986
"2024-12-14 12:00:00","London",5.151
"2024-12-14 12:00:00","South East",6.032
"2024-12-14 12:00:00","South West",8.384
"2024-12-14 12:00:00","Midlands",4.75
"2024-12-14 12:00:00","North East and Yorkshire",4.45
"2024-12-14 12:00:00","East of England",4.502
"2024-12-14 12:00:00","North West",5.788
"2024-12-15 12:00:00","London",10.408
"2024-12-15 12:00:00","South East",9.949
"2024-12-15 12:00:00","South West",11.213
"2024-12-15 12:00:00","Midlands",10.614
"2024-12-15 12:00:00","North East and Yorkshire",9.694
"2024-12-15 12:00:00","East of England",9.359
"2024-12-15 12:00:00","North West",9.78
"2024-12-16 12:00:00","London",8.083
"2024-12-16 12:00:00","South East",7.062
"2024-12-16 12:00:00","South West",6.888
"2024-12-16 12:00:00","Midlands",6.65
"2024-12-16 12:00:00","North East and Yorkshire",6.874
"2024-12-16 12:00:00","East of England",7.303
"2024-12-16 12:00:00","North West",7.124
"2024-12-17 12:00:00","London",5.09
"2024-12-17 12:00:00","South East",5.172
"2024-12-17 12:00:00","South West",7.455
"2024-12-17 12:00:00","Midlands",3.956
"2024-12-17 12:00:00","North East and Yorkshire",2.374
"2024-12-17 12:00:00","East of England",3.84
"2024-12-17 12:00:00","North West",3.837
"2024-12-18 12:00:00","London",7.081
"2024-12-18 12:00:00","South East",6.044
"2024-12-18 12:00:00","South West",5.644
"2024-12-18 12:00:00","Midlands",5.801
"2024-12-18 12:00:00","North East and Yorkshire",5.047
"2024-12-18 12:00:00","East of England",6.446
"2024-12-18 12:00:00","North West",5.111
"2024-12-19 12:00:00","London",2.819
"2024-12-19 12:00:00","South East",1.45
"2024-12-19 12:00:00","South West",0.954
"2024-12-19 12:00:00","Midlands",-0.371
"2024-12-19 12:00:00","North East and Yorkshire",-0.224
"2024-12-19 12:00:00","East of England",1.448
"2024-12-19 12:00:00","North West",-0.516
"2024-12-20 12:00:00","London",3.228
"2024-12-20 12:00:00","South East",2.597
"2024-12-20 12:00:00","South West",3.958
"2024-12-20 12:00:00","Midlands",3.389
"2024-12-20 12:00:00","North East and Yorkshire",3.697
"2024-12-20 12:00:00","East of England",2.839
"2024-12-20 12:00:00","North West",4.357
"2024-12-21 12:00:00","London",4.67
"2024-12-21 12:00:00","South East",3.578
"2024-12-21 12:00:00","South West",5.318
"2024-12-21 12:00:00","Midlands",5.999
"2024-12-21 12:00:00","North East and Yorkshire",6.14
"2024-12-21 12:00:00","East of England",4.953
"2024-12-21 12:00:00","North West",5.737
"2024-12-22 12:00:00","London",8.965
"2024-12-22 12:00:00","South East",7.931
"2024-12-22 12:00:00","South West",8.32
"2024-12-22 12:00:00","Midlands",8.063
"2024-12-22 12:00:00","North East and Yorkshire",8.232
"2024-12-22 12:00:00","East of England",7.918
"2024-12-22 12:00:00","North West",6.427
"2024-12-23 12:00:00","London",9.129
"2024-12-23 12:00:00","South East",8.155
"2024-12-23 12:00:00","South West",8.473
"2024-12-23 12:00:00","Midlands",8.535
"2024-12-23 12:00:00","North East and Yorkshire",8.949
"2024-12-23 12:00:00","East of England",7.994
"2024-12-23 12:00:00","North West",8.612
"2024-12-24 12:00:00","London",3.623
"2024-12-24 12:00:00","South East",3.25
"2024-12-24 12:00:00","South West",3.71
"2024-12-24 12:00:00","Midlands",3.369
"2024-12-24 12:00:00","North East and Yorkshire",3.916
"2024-12-24 12:00:00","East of England",2.812
"2024-12-24 12:00:00","North West",4.263
"2024-12-25 12:00:00","London",6.962
"2024-12-25 12:00:00","South East",6.219
"2024-12-25 12:00:00","South West",6.024
"2024-12-25 12:00:00","Midlands",5.373
"2024-12-25 12:00:00","North East and Yorkshire",4.355
"2024-12-25 12:00:00","East of England",5.665
"2024-12-25 12:00:00","North West",5.205
"2024-12-26 12:00:00","London",7.518
"2024-12-26 12:00:00","South East",6.315
"2024-12-26 12:00:00","South West",6.447
"2024-12-26 12:00:00","Midlands",6.021
"2024-12-26 12:00:00","North East and Yorkshire",4.376
"2024-12-26 12:00:00","East of England",6.51
"2024-12-26 12:00:00","North West",5.536
"2024-12-27 12:00:00","London",7.486
"2024-12-27 12:00:00","South East",6.344
"2024-12-27 12:00:00","South West",6.152
"2024-12-27 12:00:00","Midlands",6.344
"2024-12-27 12:00:00","North East and Yorkshire",5.285
"2024-12-27 12:00:00","East of England",6.784
"2024-12-27 12:00:00","North West",5.962
"2024-12-28 12:00:00","London",5.886
"2024-12-28 12:00:00","South East",5.049
"2024-12-28 12:00:00","South West",5.676
"2024-12-28 12:00:00","Midlands",4.893
"2024-12-28 12:00:00","North East and Yorkshire",4.49
"2024-12-28 12:00:00","East of England",4.772
"2024-12-28 12:00:00","North West",4.993
"2024-12-29 12:00:00","London",4.063
"2024-12-29 12:00:00","South East",3.605
"2024-12-29 12:00:00","South West",3.173
"2024-12-29 12:00:00","Midlands",2.481
"2024-12-29 12:00:00","North East and Yorkshire",2.996
"2024-12-29 12:00:00","East of England",3.223
"2024-12-29 12:00:00","North West",3.369
"2024-12-30 12:00:00","London",2.256
"2024-12-30 12:00:00","South East",1.445
"2024-12-30 12:00:00","South West",1.952
"2024-12-30 12:00:00","Midlands",0.865
"2024-12-30 12:00:00","North East and Yorkshire",-0.289
"2024-12-30 12:00:00","East of England",1.036
"2024-12-30 12:00:00","North West",1.365
"2024-12-31 12:00:00","London",-4.376
"2024-12-31 12:00:00","South East",-3.682
"2024-12-31 12:00:00","South West",-3.997
"2024-12-31 12:00:00","Midlands",-3.741
"2024-12-31 12:00:00","North East and Yorkshire",0.871
"2024-12-31 12:00:00","East of England",-4.404
"2024-12-31 12:00:00","North West",0.591
