"Date","AvonWiltshire","Berkshire","Birmingham","BlackCountry","CheshireWirral","Cornwall","Devon","EastLondon","Essex","HerefordshireWorcesterhire","IsleOfWight","Leicester","Lincolnshire","Merseyside","Midlands","NorfolkSuffolk","Northamptonshire","NorthEastLondon","NorthStaffordshire","NorthumberlandTyneWear","Nottingham","Oxleas","Pennine","Southern","SouthWestLondonStGeorge","Sussex","TeesEskWearValleys"
"2020-04-07",NA,NA,NA,NA,NA,NA,NA,NA,NA,NA,NA,NA,NA,NA,NA,NA,NA,NA,NA,NA,NA,NA,64,NA,NA,NA,NA
"2020-04-08",NA,NA,NA,NA,155,NA,NA,NA,NA,NA,NA,NA,NA,NA,NA,NA,NA,NA,NA,NA,NA,NA,68,NA,108,NA,NA
"2020-04-09",NA,NA,NA,NA,187,NA,NA,NA,NA,NA,NA,NA,NA,NA,NA,NA,NA,NA,NA,NA,NA,NA,64,NA,138,NA,NA
"2020-04-10",NA,NA,NA,NA,136,NA,NA,NA,NA,NA,NA,NA,NA,NA,NA,NA,NA,NA,NA,NA,NA,NA,60,NA,147,NA,NA
"2020-04-11",NA,NA,NA,NA,139,NA,NA,NA,NA,NA,NA,NA,NA,NA,NA,NA,NA,NA,NA,NA,NA,NA,55,NA,123,NA,NA
"2020-04-12",NA,NA,NA,NA,175,NA,NA,NA,NA,NA,NA,NA,NA,NA,NA,NA,NA,NA,NA,NA,NA,NA,48,NA,121,NA,NA
"2020-04-13",NA,NA,NA,NA,187,NA,NA,NA,NA,NA,NA,NA,NA,NA,NA,NA,NA,NA,NA,NA,NA,NA,57,NA,158,NA,NA
"2020-04-14",NA,NA,NA,NA,143,NA,NA,NA,NA,NA,NA,NA,NA,NA,NA,NA,NA,NA,NA,NA,NA,NA,81,NA,160,NA,NA
"2020-04-15",NA,NA,NA,NA,155,NA,NA,NA,NA,NA,NA,NA,NA,NA,NA,NA,NA,NA,NA,NA,NA,NA,54,NA,143,NA,NA
"2020-04-16",NA,NA,NA,NA,99,NA,NA,NA,NA,NA,NA,NA,NA,NA,NA,NA,NA,NA,NA,NA,NA,NA,34,NA,166,NA,NA
"2020-04-17",NA,NA,NA,NA,126,NA,NA,NA,NA,NA,NA,NA,NA,NA,NA,NA,NA,NA,NA,NA,NA,NA,67,NA,138,NA,NA
"2020-04-18",NA,NA,NA,NA,176,NA,NA,NA,NA,NA,NA,NA,NA,NA,NA,NA,NA,NA,NA,NA,NA,NA,11,NA,101,NA,NA
"2020-04-19",NA,NA,NA,NA,129,NA,NA,NA,NA,NA,NA,NA,NA,NA,NA,NA,NA,NA,NA,NA,NA,NA,64,NA,93,NA,NA
"2020-04-20",NA,NA,NA,NA,117,NA,NA,NA,NA,NA,NA,NA,NA,NA,NA,NA,NA,NA,NA,NA,NA,NA,30,NA,115,NA,NA
"2020-04-21",NA,NA,NA,NA,157,NA,NA,NA,NA,NA,NA,NA,NA,NA,NA,NA,NA,NA,NA,NA,NA,NA,23,NA,130,NA,NA
"2020-04-22",NA,NA,NA,NA,145,NA,NA,NA,NA,NA,NA,NA,NA,NA,NA,NA,NA,NA,NA,NA,NA,NA,32,NA,133,NA,NA
"2020-04-23",NA,NA,NA,NA,112,NA,NA,NA,NA,NA,NA,NA,NA,NA,NA,NA,NA,NA,NA,NA,NA,NA,26,NA,184,NA,NA
"2020-04-24",NA,NA,NA,NA,131,NA,NA,NA,NA,NA,NA,NA,NA,NA,NA,NA,NA,NA,NA,NA,NA,NA,26,NA,146,NA,NA
"2020-04-25",NA,NA,NA,NA,163,NA,NA,NA,NA,NA,NA,NA,NA,NA,NA,NA,NA,NA,NA,NA,NA,NA,24,NA,105,NA,NA
"2020-04-26",NA,NA,NA,NA,162,NA,NA,NA,NA,NA,NA,NA,NA,NA,NA,NA,NA,NA,NA,NA,NA,NA,36,NA,110,NA,NA
"2020-04-27",NA,NA,NA,NA,171,NA,NA,NA,NA,NA,NA,NA,NA,NA,NA,NA,NA,NA,NA,NA,NA,NA,29,NA,149,NA,NA
"2020-04-28",NA,NA,NA,NA,160,NA,NA,NA,NA,NA,NA,NA,NA,NA,NA,NA,NA,NA,NA,NA,NA,NA,81,NA,163,NA,NA
"2020-04-29",NA,NA,NA,NA,175,NA,NA,NA,NA,NA,NA,NA,NA,NA,NA,NA,NA,NA,NA,NA,NA,NA,76,NA,149,NA,NA
"2020-04-30",NA,NA,NA,NA,100,NA,NA,NA,NA,NA,NA,NA,NA,NA,NA,NA,NA,NA,NA,NA,NA,NA,69,NA,150,NA,NA
"2020-05-01",NA,596,NA,NA,124,NA,169,NA,138,NA,NA,172,NA,NA,NA,NA,NA,23,277,17,NA,NA,69,41,119,NA,NA
"2020-05-02",NA,330,NA,NA,134,NA,112,NA,120,NA,NA,154,NA,NA,NA,NA,NA,58,175,7,NA,NA,68,48,141,NA,NA
"2020-05-03",NA,322,NA,NA,176,NA,126,NA,115,NA,NA,115,NA,NA,NA,NA,NA,42,181,4,NA,NA,63,72,112,NA,NA
"2020-05-04",NA,466,NA,NA,158,NA,156,NA,147,NA,NA,209,NA,NA,NA,NA,NA,31,291,17,NA,NA,77,73,169,NA,NA
"2020-05-05",NA,460,NA,NA,145,NA,164,NA,143,NA,NA,168,NA,NA,NA,NA,NA,27,441,15,NA,NA,7,65,0,NA,NA
"2020-05-06",NA,400,NA,NA,83,NA,277,NA,133,NA,NA,231,NA,NA,NA,NA,NA,30,235,20,NA,NA,3,67,0,NA,NA
"2020-05-07",NA,195,NA,NA,114,NA,164,NA,108,NA,NA,159,NA,NA,NA,NA,NA,17,256,20,NA,NA,10,54,0,NA,NA
"2020-05-08",NA,0,NA,NA,93,NA,263,NA,119,NA,NA,147,NA,NA,NA,NA,NA,34,411,9,NA,NA,5,64,1,NA,NA
"2020-05-09",NA,340,NA,NA,85,NA,145,NA,155,NA,NA,177,NA,NA,NA,NA,NA,54,84,11,NA,NA,4,62,0,NA,NA
"2020-05-10",NA,157,NA,NA,103,NA,120,NA,109,NA,NA,87,NA,NA,NA,NA,NA,33,158,1,NA,NA,8,65,0,NA,NA
"2020-05-11",NA,233,NA,NA,86,NA,139,NA,110,NA,NA,209,NA,NA,NA,NA,NA,32,348,20,NA,NA,10,69,0,NA,NA
"2020-05-12",NA,162,NA,NA,129,NA,197,NA,85,NA,NA,168,NA,NA,NA,NA,NA,29,262,25,NA,NA,5,65,0,NA,NA
"2020-05-13",NA,258,NA,NA,183,NA,258,NA,127,NA,NA,156,NA,NA,NA,NA,NA,33,422,11,NA,NA,6,52,0,NA,NA
"2020-05-14",NA,526,NA,NA,123,NA,178,NA,111,NA,NA,167,NA,NA,NA,NA,NA,31,218,14,NA,NA,10,41,0,NA,NA
"2020-05-15",NA,135,NA,NA,104,NA,254,NA,70,NA,NA,45,NA,NA,NA,NA,NA,25,156,15,NA,NA,17,46,0,NA,NA
"2020-05-16",NA,121,NA,NA,108,NA,194,NA,128,NA,NA,18,NA,NA,NA,NA,NA,44,139,0,NA,NA,9,38,0,NA,NA
"2020-05-17",NA,141,NA,NA,104,NA,184,NA,69,NA,NA,11,NA,NA,NA,NA,NA,36,105,1,NA,NA,12,64,0,NA,NA
"2020-05-18",NA,186,NA,NA,124,NA,220,NA,96,NA,NA,54,NA,NA,NA,NA,NA,28,173,8,NA,NA,17,43,0,NA,NA
"2020-05-19",NA,452,NA,NA,143,NA,186,NA,151,NA,NA,162,NA,NA,NA,NA,NA,42,399,36,NA,NA,67,48,124,NA,NA
"2020-05-20",NA,259,NA,NA,171,NA,249,NA,119,NA,NA,156,NA,NA,NA,NA,NA,28,230,15,NA,NA,45,49,137,NA,NA
"2020-05-21",NA,193,NA,NA,135,NA,202,NA,87,NA,NA,162,NA,113,NA,NA,NA,29,202,20,NA,NA,10,48,124,NA,NA
"2020-05-22",NA,596,NA,NA,144,NA,170,NA,120,NA,NA,171,NA,118,NA,NA,NA,31,327,8,NA,NA,68,51,120,NA,NA
"2020-05-23",NA,159,NA,NA,168,NA,117,NA,137,NA,NA,83,NA,60,NA,NA,NA,52,121,0,NA,NA,43,65,132,NA,NA
"2020-05-24",NA,324,NA,NA,90,NA,118,NA,128,NA,NA,122,NA,74,NA,NA,NA,33,114,4,NA,NA,58,72,124,NA,NA
"2020-05-25",NA,548,NA,NA,176,NA,73,NA,162,NA,NA,295,NA,90,NA,NA,NA,36,154,12,NA,NA,16,52,145,NA,NA
"2020-05-26",NA,460,NA,NA,157,NA,188,NA,138,NA,NA,214,NA,121,NA,NA,NA,30,322,33,NA,NA,81,52,156,NA,NA
"2020-05-27",NA,574,NA,NA,152,NA,197,NA,116,NA,NA,158,NA,120,NA,NA,NA,41,358,37,NA,NA,74,53,148,NA,NA
"2020-05-28",NA,546,NA,NA,154,NA,233,NA,120,NA,NA,162,NA,134,NA,NA,NA,40,367,15,NA,NA,64,34,130,NA,NA
"2020-05-29",NA,402,NA,NA,130,NA,149,NA,173,NA,NA,187,NA,118,NA,NA,NA,19,289,12,NA,NA,67,32,168,NA,NA
"2020-05-30",NA,290,NA,NA,140,NA,119,NA,134,NA,NA,137,NA,68,NA,NA,NA,39,192,12,NA,NA,63,55,147,NA,NA
"2020-05-31",NA,324,NA,NA,140,NA,120,NA,127,NA,NA,126,NA,69,NA,NA,NA,36,179,3,NA,NA,70,52,91,NA,NA
"2020-06-01",NA,468,NA,NA,132,NA,133,NA,120,NA,NA,201,NA,102,NA,NA,NA,32,260,25,NA,NA,51,65,170,NA,753
"2020-06-02",NA,524,NA,NA,175,NA,147,NA,85,NA,NA,222,NA,246,NA,NA,NA,36,306,18,NA,NA,14,62,153,NA,978
"2020-06-03",NA,148,NA,NA,146,NA,277,NA,127,NA,NA,183,NA,265,NA,NA,NA,25,264,16,NA,NA,23,58,148,NA,714
"2020-06-04",NA,193,NA,NA,158,NA,112,NA,93,NA,NA,98,NA,84,NA,NA,NA,36,367,6,NA,NA,64,59,138,NA,788
"2020-06-05",NA,406,NA,NA,176,NA,173,NA,136,NA,NA,163,NA,130,NA,NA,NA,25,230,8,NA,NA,22,43,117,NA,751
"2020-06-06",NA,212,NA,NA,160,NA,174,NA,93,NA,NA,111,NA,125,NA,NA,NA,58,93,2,NA,NA,39,88,95,NA,480
"2020-06-07",NA,414,NA,NA,129,NA,118,NA,109,NA,NA,118,NA,179,NA,NA,NA,56,112,2,NA,NA,40,64,113,NA,676
"2020-06-08",NA,502,NA,NA,117,NA,168,NA,73,NA,NA,135,NA,276,NA,NA,NA,33,170,18,NA,NA,67,44,118,NA,556
"2020-06-09",NA,392,NA,NA,148,NA,181,NA,114,NA,NA,200,NA,90,NA,NA,NA,40,371,12,NA,NA,42,57,105,NA,1005
"2020-06-10",NA,372,NA,NA,140,NA,175,NA,102,NA,NA,150,NA,104,NA,NA,NA,37,277,20,NA,NA,42,54,117,NA,912
"2020-06-11",NA,398,NA,NA,166,NA,152,NA,111,NA,NA,173,NA,100,NA,NA,NA,40,360,22,NA,NA,39,64,137,NA,832
"2020-06-12",NA,454,NA,NA,148,NA,173,NA,132,NA,NA,174,NA,102,NA,NA,NA,43,432,4,NA,NA,46,64,130,NA,975
"2020-06-13",NA,274,NA,NA,142,NA,136,NA,113,NA,NA,133,NA,35,NA,NA,NA,47,145,3,NA,NA,44,71,146,NA,723
"2020-06-14",NA,354,NA,NA,129,NA,141,NA,88,NA,NA,114,NA,58,NA,NA,NA,55,112,5,NA,NA,60,67,100,NA,763
"2020-06-15",NA,504,NA,NA,163,NA,153,NA,140,NA,NA,158,NA,138,NA,NA,NA,41,389,13,NA,NA,38,64,159,NA,1084
"2020-06-16",NA,460,NA,NA,157,NA,188,NA,138,NA,NA,214,NA,121,NA,NA,NA,30,322,33,NA,NA,81,52,156,NA,705
"2020-06-17",NA,574,NA,NA,152,NA,197,NA,116,NA,NA,158,NA,120,NA,NA,NA,41,358,37,NA,NA,74,53,148,NA,713
"2020-06-18",NA,546,NA,NA,154,NA,233,NA,120,NA,NA,162,NA,134,NA,NA,NA,40,367,15,NA,NA,64,34,130,NA,664
"2020-06-19",NA,402,NA,NA,130,NA,149,NA,173,NA,NA,187,NA,118,NA,NA,NA,19,289,12,NA,NA,67,32,168,NA,654
"2020-06-20",NA,290,NA,NA,140,NA,119,NA,134,NA,NA,137,NA,68,NA,NA,NA,39,192,12,NA,NA,63,55,147,NA,500
"2020-06-21",NA,324,NA,NA,140,NA,120,NA,127,NA,NA,126,NA,69,NA,NA,NA,36,179,3,NA,NA,70,52,91,NA,417
"2020-06-22",NA,468,NA,NA,132,NA,133,NA,120,NA,NA,201,NA,102,NA,NA,NA,32,260,25,NA,NA,51,65,170,NA,753
"2020-06-23",NA,392,NA,NA,202,NA,147,NA,157,NA,NA,156,NA,299,NA,NA,NA,30,309,14,NA,NA,58,62,217,NA,798
"2020-06-24",NA,372,NA,NA,196,NA,148,NA,128,NA,NA,189,NA,251,NA,NA,NA,22,371,22,NA,NA,49,62,139,NA,774
"2020-06-25",NA,362,NA,NA,165,NA,119,NA,97,NA,NA,195,NA,195,NA,NA,NA,24,254,24,NA,NA,59,54,141,NA,788
"2020-06-26",NA,478,NA,NA,145,NA,156,NA,157,NA,NA,170,NA,229,NA,NA,NA,18,230,32,NA,NA,60,53,204,NA,669
"2020-06-27",NA,494,NA,NA,152,NA,129,NA,140,NA,NA,154,NA,207,NA,NA,NA,45,136,9,NA,NA,45,63,110,NA,609
"2020-06-28",NA,192,NA,NA,174,NA,102,NA,94,NA,NA,168,NA,203,NA,NA,NA,42,121,11,NA,NA,50,64,153,NA,677
"2020-06-29",NA,220,NA,NA,168,NA,145,NA,153,NA,NA,203,NA,276,NA,NA,NA,26,270,19,NA,NA,60,57,137,NA,752
"2020-06-30",NA,524,NA,NA,144,NA,151,NA,151,NA,NA,125,NA,109,NA,NA,NA,44,424,12,NA,NA,73,60,129,NA,613
"2020-07-01",NA,554,NA,NA,46,NA,215,NA,136,NA,NA,167,NA,89,NA,NA,NA,26,284,13,NA,NA,56,46,128,NA,1870
"2020-07-02",NA,536,NA,NA,142,NA,167,NA,133,NA,NA,146,NA,88,NA,NA,NA,30,254,15,NA,NA,42,50,116,NA,697
"2020-07-03",NA,594,NA,NA,153,NA,183,NA,123,NA,NA,137,NA,93,NA,NA,NA,32,272,28,NA,NA,47,57,120,NA,1618
"2020-07-04",NA,308,NA,NA,154,NA,159,NA,124,NA,NA,147,NA,211,NA,NA,NA,49,95,3,NA,NA,40,49,124,NA,542
"2020-07-05",NA,360,NA,NA,97,NA,85,NA,115,NA,NA,47,NA,203,NA,NA,NA,60,186,2,NA,NA,63,43,84,NA,504
"2020-07-06",NA,404,NA,NA,166,NA,207,NA,109,NA,NA,105,NA,112,NA,NA,NA,36,270,18,NA,NA,27,56,106,NA,672
"2020-07-07",NA,584,NA,NA,169,NA,151,NA,122,NA,NA,181,NA,111,NA,NA,NA,29,249,13,NA,NA,65,58,108,NA,684
"2020-07-08",NA,516,NA,NA,152,NA,174,NA,134,NA,NA,150,NA,123,NA,NA,NA,22,258,15,NA,NA,74,57,152,NA,588
"2020-07-09",NA,532,NA,NA,144,NA,121,NA,119,NA,NA,144,NA,78,NA,NA,NA,26,313,23,NA,NA,67,60,158,NA,475
"2020-07-10",NA,478,NA,NA,148,NA,158,NA,152,NA,NA,137,NA,96,NA,NA,NA,27,248,16,NA,NA,79,37,130,NA,668
"2020-07-11",NA,298,NA,NA,152,NA,98,NA,134,NA,NA,128,NA,47,NA,NA,NA,38,136,7,NA,NA,69,20,108,NA,535
"2020-07-12",NA,280,NA,NA,149,NA,133,NA,114,NA,NA,102,NA,43,NA,NA,NA,36,130,9,NA,NA,53,40,100,NA,527
"2020-07-13",NA,470,NA,NA,151,NA,112,NA,121,NA,NA,126,NA,68,NA,NA,NA,24,285,23,NA,NA,81,35,183,NA,737
"2020-07-14",NA,265,NA,NA,133,NA,154,NA,106,NA,NA,107,NA,105,NA,NA,NA,28,143,10,NA,NA,36,61,0,NA,902
"2020-07-15",NA,231,NA,NA,108,NA,161,NA,106,NA,NA,72,NA,75,NA,NA,NA,30,186,5,NA,NA,21,67,0,NA,834
"2020-07-16",NA,257,NA,NA,135,NA,111,NA,110,NA,NA,102,NA,87,NA,NA,NA,39,178,3,NA,NA,43,56,0,NA,821
"2020-07-17",NA,218,NA,NA,104,NA,178,NA,110,NA,NA,107,NA,74,NA,NA,NA,28,205,17,NA,NA,47,50,0,NA,827
"2020-07-18",NA,268,NA,NA,93,NA,101,NA,107,NA,NA,33,NA,79,NA,NA,NA,60,168,12,NA,NA,23,77,0,NA,613
"2020-07-19",NA,196,NA,NA,102,NA,158,NA,86,NA,NA,36,NA,62,NA,NA,NA,48,92,3,NA,NA,34,90,0,NA,770
"2020-07-20",NA,281,NA,NA,112,NA,221,NA,112,NA,NA,90,NA,66,NA,NA,NA,40,195,12,NA,NA,35,71,0,NA,1056
"2020-07-21",NA,440,NA,NA,131,NA,165,NA,151,NA,NA,191,NA,263,NA,NA,NA,31,277,29,NA,NA,57,67,144,NA,878
"2020-07-22",NA,207,NA,NA,145,NA,215,NA,102,NA,NA,211,NA,265,NA,NA,NA,21,265,43,NA,NA,42,68,124,NA,798
"2020-07-23",NA,349,NA,NA,148,NA,136,NA,134,NA,NA,200,NA,265,NA,NA,NA,32,268,34,NA,NA,59,61,125,NA,710
"2020-07-24",NA,208,NA,NA,138,NA,124,NA,136,NA,NA,208,NA,212,NA,NA,NA,30,269,32,NA,NA,52,41,156,NA,674
"2020-07-25",NA,268,NA,NA,140,NA,99,NA,139,NA,NA,152,NA,165,NA,NA,NA,44,137,2,NA,NA,49,47,135,NA,575
"2020-07-26",NA,434,NA,NA,143,NA,85,NA,109,NA,NA,140,NA,153,NA,NA,NA,37,131,6,NA,NA,59,56,155,NA,502
"2020-07-27",NA,406,NA,NA,155,NA,164,NA,134,NA,NA,241,NA,307,NA,NA,NA,34,332,14,NA,NA,43,58,191,NA,738
"2020-07-28",NA,338,NA,64,140,NA,169,NA,120,NA,NA,140,NA,107,NA,NA,NA,26,198,19,NA,NA,68,50,163,NA,622
"2020-07-29",NA,510,NA,49,151,NA,202,NA,112,NA,NA,123,NA,142,NA,NA,NA,28,236,16,NA,NA,64,57,123,NA,694
"2020-07-30",NA,386,NA,70,142,NA,167,NA,112,NA,NA,161,NA,107,NA,NA,NA,22,258,10,NA,NA,54,54,127,NA,573
"2020-07-31",NA,372,NA,81,163,NA,137,NA,111,NA,NA,138,NA,86,NA,NA,NA,11,173,23,NA,NA,66,51,140,NA,613
"2020-08-01",NA,306,NA,70,160,NA,149,NA,150,NA,NA,103,NA,54,NA,NA,NA,34,147,6,NA,NA,67,42,130,NA,453
"2020-08-02",NA,368,NA,63,173,NA,126,NA,118,NA,NA,126,NA,98,NA,NA,NA,39,111,4,NA,NA,74,69,142,NA,483
"2020-08-03",NA,422,NA,96,178,NA,138,NA,156,NA,NA,180,NA,101,NA,NA,NA,26,221,16,NA,NA,67,63,141,NA,632
"2020-08-04",NA,280,NA,102,167,NA,184,NA,143,NA,NA,138,NA,72,NA,NA,NA,31,318,14,NA,NA,78,46,115,NA,1668
"2020-08-05",NA,510,NA,117,123,NA,161,NA,128,NA,NA,114,NA,124,NA,NA,NA,33,201,13,NA,NA,49,55,145,NA,450
"2020-08-06",NA,238,NA,0,148,NA,162,NA,139,NA,NA,131,NA,124,NA,NA,NA,34,200,15,NA,NA,40,47,124,NA,597
"2020-08-07",NA,294,NA,147,142,NA,152,NA,112,NA,NA,155,NA,252,NA,NA,NA,31,241,19,NA,NA,53,41,110,NA,1688
"2020-08-08",NA,424,NA,42,123,NA,101,NA,116,NA,NA,104,NA,44,NA,NA,NA,68,168,9,NA,NA,54,58,81,NA,509
"2020-08-09",NA,262,NA,78,149,NA,133,NA,107,NA,NA,49,NA,73,NA,NA,NA,60,161,3,NA,NA,49,72,73,NA,609
"2020-08-10",NA,588,NA,81,159,NA,96,NA,108,NA,NA,176,NA,102,NA,NA,NA,37,221,5,NA,NA,31,52,124,NA,615
"2020-08-11",NA,280,NA,59,139,NA,213,NA,99,NA,NA,104,NA,85,NA,NA,NA,17,236,10,NA,NA,26,46,0,NA,635
"2020-08-12",NA,261,NA,68,124,NA,212,NA,98,NA,NA,104,NA,101,NA,NA,NA,35,174,6,NA,NA,35,59,0,NA,676
"2020-08-13",NA,349,NA,137,141,NA,162,NA,118,NA,NA,85,NA,81,NA,NA,NA,32,182,10,NA,NA,13,59,0,NA,696
"2020-08-14",NA,294,NA,81,120,NA,170,NA,108,NA,NA,125,NA,93,NA,NA,NA,37,169,24,NA,NA,16,62,0,NA,646
"2020-08-15",NA,253,NA,82,117,NA,151,NA,92,NA,NA,40,NA,75,NA,NA,NA,59,113,2,NA,NA,33,64,0,NA,480
"2020-08-16",NA,205,NA,0,131,NA,106,NA,111,NA,NA,54,NA,80,NA,NA,NA,43,134,4,NA,NA,31,71,0,NA,493
"2020-08-17",NA,275,NA,73,146,NA,190,NA,100,NA,NA,156,NA,102,NA,NA,NA,41,223,13,NA,NA,26,40,0,NA,710
"2020-08-18",NA,226,NA,0,115,NA,144,NA,137,NA,NA,153,NA,70,NA,NA,NA,30,150,10,NA,NA,25,66,1,NA,724
"2020-08-19",NA,211,NA,1,120,NA,181,NA,136,NA,NA,142,NA,52,NA,NA,NA,26,173,16,NA,NA,23,42,2,NA,770
"2020-08-20",NA,176,NA,2,129,NA,176,NA,99,NA,NA,121,NA,64,NA,NA,NA,31,164,12,NA,NA,24,35,3,NA,711
"2020-08-21",NA,241,NA,1,146,NA,160,NA,120,NA,NA,125,NA,55,NA,NA,NA,25,122,17,NA,NA,20,58,0,NA,752
"2020-08-22",NA,183,NA,0,124,NA,133,NA,105,NA,NA,41,NA,64,NA,NA,NA,42,75,8,NA,NA,27,61,0,NA,569
"2020-08-23",NA,179,NA,0,131,NA,121,NA,71,NA,NA,28,NA,50,NA,NA,NA,46,88,3,NA,NA,15,63,0,NA,602
"2020-08-24",NA,287,NA,0,109,NA,147,NA,107,NA,NA,120,NA,59,NA,NA,NA,46,156,8,NA,NA,21,52,0,NA,669
"2020-08-25",NA,448,NA,95,181,NA,162,NA,181,NA,NA,179,NA,322,NA,NA,NA,18,255,21,NA,NA,41,51,173,NA,728
"2020-08-26",NA,198,NA,98,197,NA,186,NA,141,NA,NA,161,NA,351,NA,NA,NA,29,233,12,NA,NA,39,68,158,NA,632
"2020-08-27",NA,460,NA,108,176,NA,133,NA,130,NA,NA,165,NA,263,NA,NA,NA,27,288,26,NA,NA,42,58,203,NA,626
"2020-08-28",NA,188,NA,72,171,NA,107,NA,128,NA,NA,160,NA,257,NA,NA,NA,37,277,13,NA,NA,47,61,150,NA,595
"2020-08-29",NA,183,NA,97,149,NA,115,NA,140,NA,NA,125,NA,210,NA,NA,NA,42,187,4,NA,NA,38,62,145,NA,638
"2020-08-30",NA,332,NA,65,181,NA,127,NA,135,NA,NA,141,NA,150,NA,NA,NA,49,126,0,NA,NA,37,49,154,NA,636
"2020-08-31",NA,199,NA,102,184,NA,125,NA,155,NA,NA,140,NA,275,NA,NA,NA,28,371,14,NA,NA,37,59,148,NA,748
"2020-09-01",NA,614,NA,85,182,NA,181,NA,160,NA,NA,179,NA,133,NA,NA,NA,31,236,8,NA,NA,63,0,221,NA,501
"2020-09-02",NA,584,NA,116,157,NA,131,NA,135,NA,NA,150,NA,126,NA,NA,NA,31,336,21,NA,NA,71,0,159,NA,496
"2020-09-03",NA,574,NA,81,160,NA,176,NA,139,NA,NA,187,NA,124,NA,NA,NA,18,314,21,NA,NA,67,0,197,NA,605
"2020-09-04",NA,562,NA,98,128,NA,162,NA,123,NA,NA,135,NA,110,NA,NA,NA,24,261,13,NA,NA,59,0,187,NA,626
"2020-09-05",NA,424,NA,82,144,NA,110,NA,153,NA,NA,126,NA,72,NA,NA,NA,31,137,11,NA,NA,58,0,122,NA,509
"2020-09-06",NA,326,NA,71,140,NA,111,NA,133,NA,NA,144,NA,64,NA,NA,NA,36,104,5,NA,NA,54,0,151,NA,535
"2020-09-07",NA,446,NA,119,171,NA,145,NA,142,NA,NA,182,NA,89,NA,NA,NA,21,271,8,NA,NA,61,24,174,NA,603
"2020-09-08",NA,226,NA,71,122,NA,117,NA,174,NA,NA,105,NA,272,NA,NA,NA,33,140,12,NA,NA,49,69,104,NA,600
"2020-09-09",NA,552,NA,0,120,NA,120,NA,87,NA,NA,161,NA,74,NA,NA,NA,36,313,16,NA,NA,53,68,143,NA,450
"2020-09-10",NA,236,NA,2,117,NA,117,NA,161,NA,NA,158,NA,68,NA,NA,NA,21,327,14,NA,NA,57,42,136,NA,556
"2020-09-11",NA,244,NA,75,113,NA,119,NA,123,NA,NA,96,NA,63,NA,NA,NA,20,355,13,NA,NA,36,39,0,NA,601
"2020-09-12",NA,302,NA,71,134,NA,113,NA,97,NA,NA,113,NA,84,NA,NA,NA,35,124,5,NA,NA,46,0,101,NA,506
"2020-09-13",NA,620,NA,74,153,NA,77,NA,88,NA,NA,109,NA,102,NA,NA,NA,46,107,6,NA,NA,31,66,121,NA,386
"2020-09-14",NA,492,NA,4,171,NA,147,NA,167,NA,NA,140,NA,95,NA,NA,NA,20,361,16,NA,NA,42,61,174,NA,683
"2020-09-15",NA,229,NA,110,185,NA,160,NA,118,NA,NA,145,NA,84,NA,NA,NA,25,350,15,NA,NA,76,50,0,NA,750
"2020-09-16",NA,300,NA,91,199,NA,157,NA,152,NA,NA,108,NA,112,NA,NA,NA,16,236,12,NA,NA,56,66,129,NA,743
"2020-09-17",NA,220,NA,47,189,NA,153,NA,130,NA,NA,157,NA,206,NA,NA,NA,27,239,17,NA,NA,75,57,131,NA,672
"2020-09-18",NA,241,NA,75,140,NA,160,NA,131,NA,NA,134,NA,112,NA,NA,NA,21,210,12,NA,NA,62,66,102,NA,601
"2020-09-19",NA,302,NA,0,163,NA,133,NA,116,NA,NA,40,NA,64,NA,NA,NA,52,124,15,NA,NA,62,68,107,NA,1138
"2020-09-20",NA,153,NA,62,123,NA,162,NA,154,NA,NA,119,NA,185,NA,NA,NA,47,88,4,NA,NA,63,49,121,NA,485
"2020-09-21",NA,273,NA,4,185,NA,181,NA,126,NA,NA,227,NA,98,NA,NA,NA,53,360,17,NA,NA,68,52,117,NA,710
"2020-09-22",NA,186,NA,84,186,NA,151,NA,138,NA,NA,112,NA,241,NA,NA,NA,22,220,31,NA,NA,47,59,122,NA,610
"2020-09-23",NA,386,NA,81,167,NA,172,NA,164,NA,NA,159,NA,253,NA,NA,NA,24,232,32,NA,NA,44,60,145,NA,751
"2020-09-24",NA,542,NA,66,175,NA,134,NA,163,NA,NA,156,NA,250,NA,NA,NA,21,309,15,NA,NA,43,48,144,NA,815
"2020-09-25",NA,450,NA,107,206,NA,141,NA,128,NA,NA,162,NA,208,NA,NA,NA,23,286,18,NA,NA,36,57,124,NA,741
"2020-09-26",NA,494,NA,62,198,NA,98,NA,120,NA,NA,0,NA,146,NA,NA,NA,48,160,1,NA,NA,58,62,96,NA,633
"2020-09-27",NA,392,NA,105,188,NA,87,NA,100,NA,NA,138,NA,121,NA,NA,NA,36,130,0,NA,NA,59,71,106,NA,476
"2020-09-28",NA,287,NA,98,191,NA,111,NA,141,NA,NA,131,NA,230,NA,NA,NA,22,231,22,NA,NA,39,66,174,NA,753
"2020-09-29",NA,195,NA,95,171,NA,126,NA,149,NA,NA,164,NA,205,NA,NA,NA,29,313,19,NA,NA,36,69,112,NA,710
"2020-09-30",NA,206,NA,92,158,NA,127,NA,176,NA,NA,159,NA,238,NA,NA,NA,38,245,16,NA,NA,53,57,179,NA,769
"2020-10-01",NA,240,NA,117,187,NA,128,NA,164,NA,NA,157,NA,264,NA,NA,NA,39,229,22,NA,NA,50,55,159,NA,678
"2020-10-02",NA,498,NA,81,189,NA,90,NA,119,NA,NA,146,NA,262,NA,NA,NA,23,210,15,NA,NA,48,40,126,NA,616
"2020-10-03",NA,306,NA,71,151,NA,106,NA,144,NA,NA,137,NA,170,NA,NA,NA,46,151,4,NA,NA,46,64,121,NA,742
"2020-10-04",NA,406,NA,61,220,NA,96,NA,120,NA,NA,109,NA,135,NA,NA,NA,47,123,2,NA,NA,39,60,117,NA,635
"2020-10-05",NA,430,NA,91,210,NA,165,NA,192,NA,NA,162,NA,289,NA,NA,NA,20,367,14,NA,NA,47,61,129,NA,769
"2020-10-06",NA,226,NA,77,174,NA,134,NA,93,NA,NA,130,NA,69,NA,NA,NA,30,350,11,NA,NA,50,58,114,NA,653
"2020-10-07",NA,277,NA,0,168,NA,138,NA,135,NA,NA,142,NA,125,NA,NA,NA,38,245,24,NA,NA,70,68,143,NA,885
"2020-10-08",NA,197,NA,112,184,NA,108,NA,172,NA,NA,120,NA,253,NA,NA,NA,26,310,20,NA,NA,61,52,136,NA,539
"2020-10-09",NA,290,NA,107,171,NA,139,NA,138,NA,NA,158,NA,77,NA,NA,NA,23,178,17,NA,NA,54,40,150,NA,624
"2020-10-10",NA,176,NA,0,173,NA,128,NA,114,NA,NA,84,NA,94,NA,NA,NA,54,138,2,NA,NA,68,61,124,NA,710
"2020-10-11",NA,167,NA,55,139,NA,119,NA,101,NA,NA,146,NA,89,NA,NA,NA,62,139,24,NA,NA,66,56,121,NA,669
"2020-10-12",NA,384,NA,143,210,NA,147,NA,189,NA,NA,119,NA,289,NA,NA,NA,46,245,11,NA,NA,68,61,148,NA,730
"2020-10-13",NA,220,NA,4,121,NA,145,NA,102,NA,NA,119,NA,85,NA,NA,NA,17,196,11,NA,NA,34,68,130,NA,719
"2020-10-14",NA,185,NA,1,126,NA,216,NA,87,NA,NA,138,NA,75,NA,NA,NA,18,160,28,NA,NA,25,77,132,NA,619
"2020-10-15",NA,240,NA,2,105,NA,184,NA,107,NA,NA,129,NA,56,NA,NA,NA,28,164,19,NA,NA,29,73,132,NA,742
"2020-10-16",NA,184,NA,2,117,NA,162,NA,108,NA,NA,158,NA,73,NA,NA,NA,32,146,20,NA,NA,26,69,117,NA,658
"2020-10-17",NA,146,NA,1,131,NA,150,NA,114,NA,NA,64,NA,49,NA,NA,NA,56,110,13,NA,NA,25,65,101,NA,511
"2020-10-18",NA,205,NA,1,139,NA,139,NA,86,NA,NA,51,NA,36,NA,NA,NA,38,79,4,NA,NA,24,69,97,NA,489
"2020-10-19",NA,234,NA,2,128,NA,165,NA,110,NA,NA,132,NA,49,NA,NA,NA,32,161,28,NA,NA,20,46,110,NA,719
"2020-10-20",NA,204,NA,62,149,NA,183,NA,104,NA,NA,136,NA,121,NA,NA,NA,29,403,22,NA,NA,58,49,130,NA,1720
"2020-10-21",NA,216,NA,57,154,NA,138,NA,119,NA,NA,163,NA,125,NA,NA,NA,33,350,9,NA,NA,59,52,128,NA,1504
"2020-10-22",NA,220,NA,45,150,NA,146,NA,102,NA,NA,186,NA,103,NA,NA,NA,24,311,17,NA,NA,73,48,123,NA,1572
"2020-10-23",NA,290,NA,59,116,NA,165,NA,109,NA,NA,141,NA,83,NA,NA,NA,27,307,26,NA,NA,59,55,111,NA,1322
"2020-10-24",NA,176,NA,73,128,NA,149,NA,121,NA,NA,101,NA,66,NA,NA,NA,48,134,3,NA,NA,66,55,112,NA,1110
"2020-10-25",NA,142,NA,55,172,NA,152,NA,81,NA,NA,83,NA,77,NA,NA,NA,36,144,6,NA,NA,63,25,110,NA,1144
"2020-10-26",NA,222,NA,81,194,NA,146,NA,99,NA,NA,165,NA,161,NA,NA,NA,22,402,15,NA,NA,60,32,140,NA,1776
"2020-10-27",NA,544,NA,76,138,NA,152,NA,107,NA,NA,164,NA,152,NA,NA,NA,31,505,22,NA,NA,46,47,100,NA,1680
"2020-10-28",NA,534,NA,51,147,NA,199,NA,98,NA,NA,168,NA,118,NA,NA,NA,24,387,24,NA,NA,59,56,92,NA,1676
"2020-10-29",NA,492,NA,62,145,NA,174,NA,115,NA,NA,136,NA,81,NA,NA,NA,32,354,20,NA,NA,67,50,119,NA,1622
"2020-10-30",NA,440,NA,52,120,NA,156,NA,89,NA,NA,139,NA,93,NA,NA,NA,27,321,17,NA,NA,64,40,128,NA,1600
"2020-10-31",NA,366,NA,83,148,NA,140,NA,112,NA,NA,126,NA,66,NA,NA,NA,61,139,10,NA,NA,46,60,91,NA,1526
"2020-11-01",NA,348,NA,76,149,NA,154,NA,112,NA,NA,114,NA,92,NA,NA,NA,37,146,11,NA,NA,67,54,96,NA,1262
"2020-11-02",NA,526,NA,74,165,NA,175,NA,125,NA,NA,211,NA,94,NA,NA,NA,32,418,13,NA,NA,54,69,117,NA,1618
"2020-11-03",NA,462,NA,72,208,NA,114,NA,132,NA,NA,119,NA,103,NA,NA,NA,19,505,14,NA,NA,44,67,101,NA,1544
"2020-11-04",NA,227,NA,5,167,NA,153,NA,106,NA,NA,193,NA,53,NA,NA,NA,24,263,25,NA,NA,52,54,174,NA,655
"2020-11-05",NA,236,NA,50,171,NA,160,NA,184,NA,NA,142,NA,145,NA,NA,NA,32,278,13,NA,NA,59,53,112,NA,616
"2020-11-06",NA,510,NA,100,116,NA,166,NA,90,NA,NA,95,NA,105,NA,NA,NA,23,195,32,NA,NA,37,66,122,NA,778
"2020-11-07",NA,326,NA,2,137,NA,136,NA,121,NA,NA,143,NA,138,NA,NA,NA,37,126,8,NA,NA,25,53,132,NA,710
"2020-11-08",NA,336,NA,94,149,NA,119,NA,111,NA,NA,142,NA,72,NA,NA,NA,44,142,6,NA,NA,73,54,102,NA,631
"2020-11-09",NA,281,NA,111,139,NA,156,NA,166,NA,NA,194,NA,128,NA,NA,NA,30,235,23,NA,NA,27,50,103,NA,787
"2020-11-10",NA,226,NA,9,145,NA,128,NA,87,NA,NA,130,NA,80,NA,NA,NA,30,186,19,NA,NA,22,65,101,NA,566
"2020-11-11",NA,220,NA,2,136,NA,123,NA,112,NA,NA,111,NA,90,NA,NA,NA,32,120,9,NA,NA,27,53,113,NA,631
"2020-11-12",NA,266,NA,1,117,NA,137,NA,109,NA,NA,120,NA,66,NA,NA,NA,26,147,10,NA,NA,23,53,97,NA,565
"2020-11-13",NA,243,NA,3,114,NA,166,NA,88,NA,NA,124,NA,62,NA,NA,NA,28,130,9,NA,NA,24,62,98,NA,654
"2020-11-14",NA,216,NA,4,110,NA,130,NA,131,NA,NA,41,NA,42,NA,NA,NA,60,108,6,NA,NA,24,61,139,NA,497
"2020-11-15",NA,167,NA,4,97,NA,123,NA,85,NA,NA,44,NA,67,NA,NA,NA,50,83,7,NA,NA,28,82,94,NA,448
"2020-11-16",NA,260,NA,2,137,NA,141,NA,103,NA,NA,135,NA,81,NA,NA,NA,37,171,9,NA,NA,27,56,117,NA,730
"2020-11-17",NA,285,NA,57,174,NA,130,NA,114,NA,NA,166,NA,242,NA,NA,NA,36,236,19,NA,NA,44,50,104,NA,737
"2020-11-18",NA,578,NA,98,140,NA,100,NA,135,NA,NA,178,NA,222,NA,NA,NA,25,196,20,NA,NA,42,54,107,NA,745
"2020-11-19",NA,239,NA,74,193,NA,123,NA,133,NA,NA,165,NA,211,NA,NA,NA,26,163,17,NA,NA,53,54,111,NA,685
"2020-11-20",NA,243,NA,71,190,NA,123,NA,139,NA,NA,201,NA,257,NA,NA,432,32,162,39,NA,NA,40,42,118,NA,686
"2020-11-21",NA,314,NA,59,173,NA,126,NA,134,NA,NA,184,NA,257,NA,NA,333,49,117,8,NA,NA,40,39,123,NA,710
"2020-11-22",NA,506,NA,82,175,NA,98,NA,116,NA,NA,143,NA,145,NA,NA,327,44,132,4,NA,NA,48,75,147,NA,631
"2020-11-23",NA,468,NA,78,232,NA,124,NA,166,NA,NA,210,NA,363,NA,NA,368,27,246,32,NA,NA,44,60,169,NA,857
"2020-11-24",NA,502,NA,71,162,NA,145,NA,102,NA,NA,184,NA,103,NA,NA,296,23,349,22,NA,NA,52,70,104,NA,502
"2020-11-25",NA,584,NA,2,140,NA,104,NA,125,NA,NA,122,NA,227,NA,NA,393,32,177,32,NA,NA,52,54,148,NA,665
"2020-11-26",NA,720,NA,4,137,NA,157,NA,147,NA,NA,155,NA,309,NA,NA,308,32,215,18,NA,NA,23,63,115,NA,600
"2020-11-27",NA,117,NA,2,116,NA,123,NA,181,NA,NA,125,NA,123,NA,NA,241,29,130,22,NA,NA,28,40,180,NA,1456
"2020-11-28",NA,526,NA,38,138,NA,136,NA,136,NA,NA,128,NA,57,NA,NA,231,47,130,9,NA,NA,50,43,168,NA,594
"2020-11-29",NA,312,NA,90,134,NA,148,NA,83,NA,NA,86,NA,92,NA,NA,152,44,108,7,NA,NA,58,42,96,NA,594
"2020-11-30",NA,574,NA,114,255,NA,160,NA,193,NA,NA,214,NA,77,NA,NA,251,25,163,15,NA,NA,53,62,126,NA,1822
"2020-12-01",NA,314,NA,0,147,NA,135,NA,133,NA,NA,181,NA,135,NA,NA,442,36,357,14,NA,NA,32,72,124,NA,615
"2020-12-02",NA,436,NA,3,193,NA,153,NA,138,NA,NA,171,NA,115,NA,NA,369,17,392,9,NA,NA,20,54,164,NA,652
"2020-12-03",NA,175,NA,108,190,NA,171,NA,184,NA,NA,143,NA,263,NA,NA,361,14,246,6,NA,NA,64,61,110,NA,1618
"2020-12-04",NA,478,NA,2,132,NA,156,NA,102,NA,NA,139,NA,146,NA,NA,326,29,191,6,NA,NA,30,45,128,NA,1822
"2020-12-05",NA,196,NA,47,120,NA,117,NA,122,NA,NA,111,NA,69,NA,NA,201,43,130,4,NA,NA,37,45,133,NA,721
"2020-12-06",NA,160,NA,2,161,NA,68,NA,134,NA,NA,90,NA,63,NA,NA,251,33,106,10,NA,NA,78,54,102,NA,594
"2020-12-07",NA,231,NA,66,114,NA,110,NA,235,NA,NA,159,NA,63,NA,NA,246,34,322,9,NA,NA,27,63,169,NA,652
"2020-12-08",NA,252,NA,0,173,NA,145,NA,102,NA,NA,107,NA,68,NA,NA,181,27,289,14,NA,NA,24,50,132,NA,650
"2020-12-09",NA,234,NA,9,125,NA,153,NA,95,NA,NA,148,NA,71,NA,NA,234,29,282,11,NA,NA,29,66,122,NA,648
"2020-12-10",NA,175,NA,4,137,NA,167,NA,98,NA,NA,112,NA,63,NA,NA,209,33,315,18,NA,NA,31,63,171,NA,600
"2020-12-11",NA,207,NA,4,125,NA,138,NA,89,NA,NA,101,NA,90,NA,NA,169,27,255,13,NA,NA,24,58,137,NA,683
"2020-12-12",NA,231,NA,1,3,NA,117,NA,126,NA,NA,45,NA,56,NA,NA,197,42,157,4,NA,NA,44,92,125,NA,496
"2020-12-13",NA,148,NA,1,0,NA,137,NA,101,NA,NA,31,NA,72,NA,NA,161,57,144,7,NA,NA,31,73,139,NA,427
"2020-12-14",NA,215,NA,7,95,NA,156,NA,132,NA,NA,134,NA,83,NA,NA,251,37,345,11,NA,NA,36,87,144,NA,626
"2020-12-15",NA,450,NA,83,172,NA,146,NA,107,NA,NA,162,NA,105,NA,NA,307,26,440,10,NA,NA,52,56,116,NA,1630
"2020-12-16",NA,394,NA,110,144,NA,157,NA,119,NA,NA,132,NA,105,NA,NA,323,31,338,31,NA,NA,67,42,114,NA,1698
"2020-12-17",NA,462,NA,175,157,NA,214,NA,113,NA,NA,171,NA,100,NA,NA,300,29,321,21,NA,NA,36,40,127,NA,1400
"2020-12-18",NA,570,NA,51,140,NA,182,NA,106,NA,NA,180,NA,81,NA,NA,224,31,318,28,NA,NA,57,55,139,NA,1822
"2020-12-19",NA,306,NA,94,140,NA,122,NA,130,NA,NA,90,NA,72,NA,NA,246,67,126,10,NA,NA,50,43,97,NA,1214
"2020-12-20",NA,232,NA,115,151,NA,157,NA,85,NA,NA,119,NA,89,NA,NA,235,52,132,6,NA,NA,50,56,105,NA,1190
"2020-12-21",NA,574,NA,114,155,NA,150,NA,128,NA,NA,172,NA,96,NA,NA,280,34,395,9,NA,NA,50,36,146,NA,1596
"2020-12-22",NA,208,NA,12,145,NA,161,NA,94,NA,NA,288,NA,68,NA,NA,231,43,407,13,NA,NA,48,41,178,NA,644
"2020-12-23",NA,180,NA,6,123,NA,155,NA,118,NA,NA,223,NA,86,NA,NA,217,29,369,14,NA,NA,35,42,172,NA,668
"2020-12-24",NA,178,NA,6,147,NA,148,NA,107,NA,NA,252,NA,65,NA,NA,236,19,287,5,NA,NA,25,56,182,NA,479
"2020-12-25",NA,193,NA,3,103,NA,180,NA,80,NA,NA,247,NA,59,NA,NA,228,13,264,3,NA,NA,24,55,106,NA,727
"2020-12-26",NA,146,NA,0,106,NA,157,NA,134,NA,NA,168,NA,63,NA,NA,199,43,93,7,NA,NA,35,65,129,NA,604
"2020-12-27",NA,149,NA,7,119,NA,146,NA,108,NA,NA,153,NA,52,NA,NA,245,45,116,4,NA,NA,22,48,110,NA,690
"2020-12-28",NA,221,NA,5,127,NA,161,NA,117,NA,NA,225,NA,67,NA,NA,224,30,352,13,NA,NA,37,42,180,NA,645
"2020-12-29",NA,209,NA,3,104,NA,135,NA,97,NA,NA,203,NA,79,NA,NA,250,23,243,8,NA,NA,21,58,191,NA,502
"2020-12-30",NA,236,NA,6,138,NA,142,NA,97,NA,NA,180,NA,70,NA,NA,179,19,220,9,NA,NA,17,51,113,NA,450
"2020-12-31",NA,147,NA,6,101,NA,140,NA,79,NA,NA,127,NA,45,NA,NA,153,21,222,8,NA,NA,15,45,143,NA,508
"2021-01-01",NA,117,NA,5,68,NA,108,NA,61,NA,NA,63,NA,52,NA,153,110,30,63,0,NA,NA,22,43,85,NA,359
"2021-01-02",NA,106,NA,0,100,NA,119,NA,122,NA,NA,98,NA,41,NA,178,116,47,92,4,NA,NA,23,56,102,NA,433
"2021-01-03",NA,160,NA,1,142,NA,131,NA,179,NA,NA,110,NA,63,NA,182,224,57,118,5,NA,NA,29,71,134,NA,484
"2021-01-04",NA,216,NA,6,140,NA,142,NA,211,NA,NA,118,NA,65,NA,159,202,64,218,0,NA,NA,28,70,162,NA,493
"2021-01-05",NA,766,NA,3,179,NA,116,NA,116,NA,NA,147,NA,102,65,0,252,30,254,29,NA,NA,59,45,106,NA,623
"2021-01-06",NA,180,NA,53,193,NA,97,NA,82,NA,NA,117,NA,69,69,0,391,31,297,8,NA,NA,39,57,126,NA,1574
"2021-01-07",NA,496,NA,67,173,NA,101,NA,175,NA,NA,145,NA,79,36,0,371,24,249,17,NA,NA,44,54,123,NA,621
"2021-01-08",NA,222,NA,5,183,NA,194,NA,176,NA,NA,124,NA,129,17,0,344,25,141,15,NA,NA,45,50,138,NA,728
"2021-01-09",NA,418,NA,60,195,NA,102,NA,113,NA,NA,98,NA,97,47,0,197,43,47,9,NA,NA,32,54,123,NA,544
"2021-01-10",NA,332,NA,0,149,NA,121,NA,133,NA,NA,110,NA,70,54,0,224,39,115,4,NA,NA,65,72,131,NA,549
"2021-01-11",NA,222,NA,8,138,NA,153,NA,92,NA,NA,291,NA,139,70,0,306,23,324,11,NA,NA,37,43,157,NA,888
"2021-01-12",NA,508,NA,79,197,NA,98,NA,79,NA,NA,212,NA,74,25,0,422,24,296,25,NA,NA,29,58,127,NA,718
"2021-01-13",NA,486,NA,70,186,NA,132,NA,92,NA,NA,139,NA,70,39,0,203,25,410,28,NA,NA,45,34,131,NA,789
"2021-01-14",NA,362,NA,6,112,NA,148,NA,117,NA,NA,165,NA,145,43,0,376,31,184,8,NA,NA,25,51,142,NA,725
"2021-01-15",NA,198,NA,8,68,NA,147,NA,130,NA,NA,247,NA,133,24,0,349,33,242,13,NA,NA,80,60,99,NA,659
"2021-01-16",NA,200,NA,67,133,NA,103,NA,185,NA,NA,168,NA,215,54,0,384,43,115,4,NA,NA,56,59,132,NA,764
"2021-01-17",NA,181,NA,72,152,NA,146,NA,135,NA,NA,98,NA,44,49,0,152,39,81,3,NA,NA,52,71,82,NA,484
"2021-01-18",NA,502,NA,91,160,NA,83,NA,209,NA,NA,211,NA,293,32,0,230,64,405,33,NA,NA,22,48,139,NA,638
"2021-01-19",NA,446,NA,89,178,NA,98,NA,152,NA,NA,182,NA,265,35,181,561,35,260,20,NA,NA,59,75,124,NA,683
"2021-01-20",NA,209,NA,70,197,NA,116,NA,187,NA,NA,179,NA,258,69,182,402,28,223,28,NA,NA,54,76,175,NA,672
"2021-01-21",NA,283,NA,103,219,NA,125,NA,152,NA,NA,171,NA,304,56,179,316,26,224,26,NA,NA,42,67,135,NA,746
"2021-01-22",NA,590,NA,89,190,NA,132,NA,173,NA,NA,149,NA,268,49,161,323,33,242,32,NA,NA,42,67,109,NA,1338
"2021-01-23",NA,320,NA,60,176,NA,91,NA,134,NA,NA,133,NA,183,61,149,382,51,125,7,NA,NA,47,65,87,NA,500
"2021-01-24",NA,155,NA,103,210,NA,88,NA,136,NA,NA,112,NA,245,65,135,316,50,100,9,NA,NA,52,56,90,NA,526
"2021-01-25",NA,518,NA,82,203,NA,137,NA,183,NA,NA,171,NA,305,60,155,381,34,270,23,NA,NA,52,52,142,NA,638
"2021-01-26",NA,508,NA,80,169,NA,139,NA,116,NA,NA,203,NA,127,51,187,374,20,238,26,NA,NA,62,51,141,NA,699
"2021-01-27",NA,528,NA,59,137,NA,164,NA,119,NA,NA,189,NA,148,39,216,414,25,224,13,NA,NA,51,52,132,NA,587
"2021-01-28",NA,382,NA,59,109,NA,161,NA,138,NA,NA,177,NA,129,37,159,349,18,233,20,NA,NA,53,58,119,NA,672
"2021-01-29",NA,492,NA,97,163,NA,153,NA,154,NA,NA,212,NA,132,36,174,323,21,254,26,NA,NA,67,51,110,NA,702
"2021-01-30",NA,416,NA,55,117,NA,177,NA,133,NA,NA,141,NA,109,68,181,357,41,127,2,NA,NA,74,48,142,NA,578
"2021-01-31",NA,406,NA,131,149,NA,103,NA,102,NA,NA,124,NA,85,49,204,322,38,137,1,NA,NA,61,64,120,NA,544
"2021-02-01",NA,502,NA,105,147,NA,154,NA,161,NA,NA,208,NA,114,34,178,394,21,280,15,NA,NA,55,44,103,NA,699
"2021-02-02",NA,508,NA,80,169,NA,139,NA,116,NA,NA,203,NA,127,51,187,374,20,238,26,NA,NA,62,51,141,NA,699
"2021-02-03",NA,528,NA,59,137,NA,164,NA,119,NA,NA,189,NA,148,39,216,414,25,224,13,NA,NA,51,52,132,NA,587
"2021-02-04",NA,382,NA,59,109,NA,161,NA,138,NA,NA,177,NA,129,37,159,349,18,233,20,NA,NA,53,58,119,NA,672
"2021-02-05",NA,492,NA,97,163,NA,153,NA,154,NA,NA,212,NA,132,36,174,323,21,254,26,NA,NA,67,51,110,NA,702
"2021-02-06",NA,416,NA,55,117,NA,177,NA,133,NA,NA,141,NA,109,68,181,357,41,127,2,NA,NA,74,48,142,NA,578
"2021-02-07",NA,406,NA,131,149,NA,103,NA,102,NA,NA,124,NA,85,49,204,322,38,137,1,NA,NA,61,64,120,NA,544
"2021-02-08",NA,502,NA,105,147,NA,154,NA,161,NA,NA,208,NA,114,34,178,394,21,280,15,NA,NA,55,44,103,NA,699
"2021-02-09",NA,428,NA,97,125,NA,118,NA,153,NA,NA,196,NA,99,34,171,469,27,314,35,NA,NA,61,55,131,NA,782
"2021-02-10",NA,498,NA,87,138,NA,174,NA,152,NA,NA,197,NA,115,58,135,350,34,261,23,NA,NA,62,70,129,NA,690
"2021-02-11",NA,462,NA,76,123,NA,163,NA,155,NA,NA,202,NA,162,49,179,369,15,271,38,NA,NA,60,61,132,NA,663
"2021-02-12",NA,554,NA,86,130,NA,193,NA,144,NA,NA,183,NA,131,36,192,383,32,244,19,NA,NA,56,52,133,NA,641
"2021-02-13",NA,456,NA,47,134,NA,162,NA,174,NA,NA,158,NA,103,60,188,311,49,129,6,NA,NA,58,61,131,NA,592
"2021-02-14",NA,400,NA,122,146,NA,116,NA,142,NA,NA,154,NA,99,42,237,377,28,133,3,NA,NA,60,55,149,NA,606
"2021-02-15",NA,616,NA,84,156,NA,131,NA,179,NA,NA,248,NA,145,31,195,514,32,243,24,NA,NA,47,55,134,NA,600
"2021-02-16",NA,74,NA,84,140,NA,147,NA,190,NA,NA,201,NA,160,31,193,293,24,236,19,NA,NA,67,42,132,NA,0
"2021-02-17",NA,48,NA,95,132,NA,156,NA,156,NA,NA,167,NA,153,43,215,288,31,264,24,NA,NA,62,53,131,NA,0
"2021-02-18",NA,150,NA,116,167,NA,171,NA,155,NA,NA,211,NA,114,40,162,294,31,268,23,NA,NA,73,56,149,NA,679
"2021-02-19",NA,82,NA,64,166,NA,200,NA,173,NA,NA,257,NA,145,28,187,385,35,261,25,NA,NA,64,58,156,NA,598
"2021-02-20",NA,74,NA,95,156,NA,153,NA,151,NA,NA,126,NA,106,88,195,263,43,114,9,NA,NA,61,46,116,NA,548
"2021-02-21",NA,126,NA,119,159,NA,114,NA,142,NA,NA,124,NA,119,51,230,250,43,62,6,NA,NA,54,46,121,NA,504
"2021-02-22",NA,342,NA,121,193,NA,179,NA,166,NA,NA,209,NA,150,49,214,315,29,5,22,NA,NA,48,51,143,NA,678
"2021-02-23",NA,418,NA,73,196,NA,168,NA,135,NA,NA,206,NA,118,24,169,246,24,363,28,NA,NA,65,45,140,NA,821
"2021-02-24",NA,404,NA,85,183,NA,181,NA,130,NA,NA,149,NA,140,26,160,389,36,303,21,NA,NA,60,69,153,NA,628
"2021-02-25",NA,436,NA,106,164,NA,176,NA,127,NA,NA,204,NA,107,26,126,353,22,334,16,NA,NA,69,53,127,NA,705
"2021-02-26",NA,482,NA,111,167,NA,158,NA,119,NA,NA,240,NA,100,28,142,344,33,293,29,NA,NA,46,48,122,NA,693
"2021-02-27",NA,302,NA,99,149,NA,170,NA,153,NA,NA,150,NA,100,67,139,366,49,137,11,NA,NA,45,59,117,NA,519
"2021-02-28",NA,420,NA,109,156,NA,117,NA,118,NA,NA,135,NA,82,61,145,251,32,141,3,NA,NA,44,54,133,NA,551
"2021-03-01",NA,574,NA,72,192,NA,156,NA,141,NA,NA,219,NA,117,30,173,320,30,322,7,NA,NA,82,60,137,NA,836
"2021-03-02",NA,418,NA,60,202,NA,120,NA,166,NA,NA,184,NA,356,59,157,436,31,223,13,NA,NA,61,55,114,NA,676
"2021-03-03",NA,404,NA,69,198,NA,106,NA,211,NA,NA,211,NA,260,63,187,384,29,212,47,NA,NA,36,29,136,NA,679
"2021-03-04",NA,290,NA,127,221,NA,134,NA,124,NA,NA,130,NA,276,41,192,330,28,241,28,NA,NA,61,30,123,NA,695
"2021-03-05",NA,206,NA,93,176,NA,153,NA,115,NA,NA,175,NA,286,38,150,411,28,203,20,NA,NA,47,42,132,NA,943
"2021-03-06",NA,200,NA,85,141,NA,131,NA,172,NA,NA,159,NA,217,52,177,392,62,114,4,NA,NA,52,68,105,NA,658
"2021-03-07",NA,336,NA,71,125,NA,101,NA,118,NA,NA,119,NA,196,63,196,473,58,164,4,NA,NA,60,49,91,NA,776
"2021-03-08",NA,616,NA,129,148,NA,159,NA,166,NA,NA,167,NA,305,50,195,465,27,261,35,NA,NA,53,57,160,NA,679
"2021-03-09",NA,329,NA,92,171,NA,189,NA,165,NA,NA,225,NA,149,41,180,262,24,41,19,NA,NA,66,54,127,NA,661
"2021-03-10",NA,367,NA,86,171,NA,193,NA,151,NA,NA,206,NA,163,63,175,316,24,244,33,NA,NA,45,58,156,NA,654
"2021-03-11",NA,290,NA,125,157,NA,149,NA,151,NA,NA,201,NA,166,36,185,274,11,235,10,NA,NA,62,46,189,NA,692
"2021-03-12",NA,273,NA,83,137,NA,184,NA,180,NA,NA,188,NA,120,34,180,316,19,338,18,NA,NA,67,62,170,NA,689
"2021-03-13",NA,199,NA,113,137,NA,125,NA,160,NA,NA,144,NA,143,69,254,241,53,148,4,NA,NA,74,66,150,NA,522
"2021-03-14",NA,185,NA,100,133,NA,113,NA,143,NA,NA,145,NA,114,67,219,248,36,183,0,NA,NA,60,45,134,NA,584
"2021-03-15",NA,265,NA,120,206,NA,165,NA,180,NA,NA,221,NA,145,40,203,372,29,378,32,NA,NA,47,51,167,NA,796
"2021-03-16",NA,520,NA,73,183,NA,143,NA,168,NA,NA,159,NA,143,38,187,333,36,215,48,NA,NA,27,58,161,NA,610
"2021-03-17",NA,620,NA,13,171,NA,133,NA,211,NA,NA,158,NA,89,21,181,319,33,225,22,NA,NA,33,48,146,NA,898
"2021-03-18",NA,496,NA,71,173,NA,154,NA,147,NA,NA,139,NA,106,37,176,353,22,229,24,NA,NA,52,34,135,NA,777
"2021-03-19",NA,216,NA,78,152,NA,178,NA,140,NA,NA,138,NA,108,20,165,385,33,257,15,NA,NA,55,66,141,NA,931
"2021-03-20",NA,74,NA,4,176,NA,140,NA,113,NA,NA,113,NA,217,62,169,215,36,157,9,NA,NA,61,72,100,NA,865
"2021-03-21",NA,434,NA,9,138,NA,133,NA,106,NA,NA,126,NA,72,37,140,264,47,165,6,NA,NA,38,59,90,NA,581
"2021-03-22",NA,398,NA,12,187,NA,156,NA,143,NA,NA,166,NA,99,61,144,354,22,299,14,NA,NA,23,47,125,NA,749
"2021-03-23",NA,598,NA,128,147,NA,159,NA,138,NA,NA,159,NA,105,59,187,358,36,215,27,NA,NA,27,52,161,NA,583
"2021-03-24",NA,204,NA,91,141,NA,181,NA,105,NA,NA,158,NA,116,21,181,400,33,225,5,NA,NA,37,60,146,NA,676
"2021-03-25",NA,496,NA,80,151,NA,155,NA,85,NA,NA,139,NA,166,37,176,436,22,229,18,NA,NA,69,55,135,NA,568
"2021-03-26",NA,292,NA,95,148,NA,120,NA,141,NA,NA,138,NA,95,46,165,298,33,257,19,NA,NA,23,45,141,NA,687
"2021-03-27",NA,0,NA,76,156,NA,125,NA,119,NA,NA,113,NA,81,60,169,193,36,157,10,NA,NA,0,46,100,NA,639
"2021-03-28",NA,147,NA,3,152,NA,100,NA,109,NA,NA,126,NA,196,65,140,188,47,165,6,NA,NA,44,65,90,NA,436
"2021-03-29",NA,0,NA,31,148,NA,165,NA,124,NA,NA,166,NA,214,68,144,315,22,299,22,NA,NA,58,62,125,NA,981
"2021-03-30",NA,190,NA,109,155,NA,181,NA,143,NA,NA,159,NA,90,24,187,320,36,215,19,NA,NA,49,32,161,NA,767
"2021-03-31",NA,367,NA,129,141,NA,149,NA,132,NA,NA,158,NA,242,49,181,320,33,225,33,NA,NA,63,56,146,NA,625
"2021-04-01",NA,310,NA,125,174,NA,120,NA,155,NA,NA,139,NA,86,70,176,307,22,229,23,NA,NA,12,74,135,NA,865
"2021-04-02",NA,82,NA,104,152,NA,116,NA,157,NA,NA,138,NA,73,68,165,309,33,257,28,NA,NA,34,66,141,NA,641
"2021-04-03",NA,326,NA,60,141,NA,126,NA,152,NA,NA,113,NA,190,60,169,237,36,157,9,NA,NA,39,65,100,NA,604
"2021-04-04",NA,0,NA,74,133,NA,172,NA,83,NA,NA,126,NA,123,47,140,232,47,165,1,NA,NA,36,59,90,NA,685
"2021-04-05",NA,265,NA,12,180,NA,165,NA,99,NA,NA,166,NA,145,57,144,360,22,299,32,NA,NA,29,70,125,NA,930
"2021-04-06",NA,0,NA,25,157,NA,188,NA,161,NA,NA,202,NA,79,52,0,297,32,342,32,NA,NA,23,52,130,NA,956
"2021-04-07",NA,0,NA,25,145,NA,158,NA,115,NA,NA,234,NA,78,49,0,331,33,295,20,NA,NA,32,48,133,NA,692
"2021-04-08",NA,0,NA,21,112,NA,180,NA,100,NA,NA,256,NA,68,68,0,317,29,308,23,NA,NA,26,51,184,NA,777
"2021-04-09",NA,0,NA,15,131,NA,178,NA,100,NA,NA,239,NA,64,60,0,309,25,268,12,NA,NA,26,75,146,NA,687
"2021-04-10",NA,0,NA,7,163,NA,192,NA,87,NA,NA,139,NA,100,41,0,227,46,142,5,NA,NA,24,86,105,NA,599
"2021-04-11",NA,0,NA,9,162,NA,156,NA,83,NA,NA,126,NA,72,62,0,235,54,112,1,NA,NA,36,63,110,NA,522
"2021-04-12",NA,0,NA,21,171,NA,178,NA,143,NA,NA,265,NA,76,71,0,309,29,457,14,NA,NA,29,62,149,NA,900
"2021-04-13",NA,266,NA,111,168,NA,223,NA,135,NA,NA,202,NA,138,45,193,390,25,359,12,NA,NA,80,45,158,NA,685
"2021-04-14",NA,412,NA,119,165,NA,159,NA,151,NA,NA,177,NA,146,59,145,400,31,324,5,NA,NA,57,56,150,NA,616
"2021-04-15",NA,246,NA,84,138,NA,141,NA,113,NA,NA,147,NA,105,68,142,331,25,274,21,NA,NA,70,32,151,NA,667
"2021-04-16",NA,296,NA,108,151,NA,146,NA,112,NA,NA,157,NA,132,46,140,284,27,269,11,NA,NA,65,23,143,NA,583
"2021-04-17",NA,270,NA,121,134,NA,109,NA,162,NA,NA,114,NA,100,66,145,304,44,134,6,NA,NA,68,45,131,NA,550
"2021-04-18",NA,184,NA,92,121,NA,102,NA,115,NA,NA,108,NA,72,93,126,208,36,123,5,NA,NA,75,43,144,NA,521
"2021-04-19",NA,464,NA,131,162,NA,171,NA,117,NA,NA,146,NA,115,57,137,349,25,331,12,NA,NA,62,45,138,NA,627
"2021-04-20",NA,306,NA,121,145,NA,137,NA,154,NA,NA,197,NA,287,49,188,325,25,399,12,NA,NA,7,74,0,NA,842
"2021-04-21",NA,143,NA,17,83,NA,156,NA,138,NA,NA,195,NA,49,33,150,267,35,213,5,NA,NA,3,86,0,NA,790
"2021-04-22",NA,0,NA,119,114,NA,147,NA,132,NA,NA,182,NA,204,29,0,338,19,353,27,NA,NA,10,54,0,NA,666
"2021-04-23",NA,378,NA,28,93,NA,195,NA,95,NA,NA,156,NA,76,68,133,251,24,261,28,NA,NA,5,54,1,NA,659
"2021-04-24",NA,0,NA,7,85,NA,121,NA,93,NA,NA,116,NA,78,55,0,294,36,130,5,NA,NA,4,70,0,NA,587
"2021-04-25",NA,332,NA,24,103,NA,84,NA,83,NA,NA,104,NA,55,62,185,239,41,134,7,NA,NA,8,61,0,NA,621
"2021-04-26",NA,306,NA,61,86,NA,178,NA,147,NA,NA,124,NA,78,37,0,231,33,174,23,NA,NA,10,53,0,NA,812
"2021-04-27",NA,460,NA,76,157,NA,188,NA,138,NA,NA,214,NA,121,43,160,362,30,322,33,NA,NA,81,52,156,NA,705
"2021-04-28",NA,574,NA,86,152,NA,197,NA,116,NA,NA,158,NA,120,47,128,357,41,358,37,NA,NA,74,53,148,NA,713
"2021-04-29",NA,546,NA,83,154,NA,233,NA,120,NA,NA,162,NA,134,49,130,223,40,367,15,NA,NA,64,34,130,NA,664
"2021-04-30",NA,402,NA,72,130,NA,149,NA,173,NA,NA,187,NA,118,66,179,264,19,289,12,NA,NA,67,32,168,NA,654
"2021-05-01",NA,290,NA,114,140,NA,119,NA,134,NA,NA,137,NA,68,64,150,192,39,192,12,NA,NA,63,55,147,NA,500
"2021-05-02",NA,324,NA,147,140,NA,120,NA,127,NA,NA,126,NA,69,64,127,218,36,179,3,NA,NA,70,52,91,NA,417
"2021-05-03",NA,468,NA,64,132,NA,133,NA,120,NA,NA,201,NA,102,38,121,267,32,260,25,NA,NA,51,65,170,NA,753
"2021-05-04",NA,490,NA,24,163,NA,232,NA,134,NA,NA,172,NA,97,55,105,330,33,437,15,NA,NA,50,60,127,NA,978
"2021-05-05",NA,538,NA,37,156,NA,153,NA,104,NA,NA,147,NA,87,47,98,273,32,383,8,NA,NA,39,63,117,NA,801
"2021-05-06",109,446,NA,32,124,NA,178,NA,135,NA,NA,132,NA,78,35,71,267,33,339,17,NA,NA,35,53,104,NA,726
"2021-05-07",108,430,NA,27,134,NA,199,NA,102,NA,NA,137,NA,77,49,89,230,36,358,14,NA,NA,38,53,101,NA,876
"2021-05-08",140,308,NA,25,131,NA,151,NA,136,NA,NA,89,NA,87,46,90,243,43,177,11,NA,NA,52,80,128,NA,740
"2021-05-09",190,334,NA,14,92,NA,154,NA,135,NA,NA,102,NA,83,44,109,181,44,158,8,NA,NA,40,59,105,NA,800
"2021-05-10",217,246,NA,33,129,NA,131,NA,110,NA,NA,109,NA,63,68,105,144,48,170,4,NA,NA,47,64,95,NA,746
"2021-05-11",139,145,NA,24,133,NA,194,NA,87,NA,NA,226,NA,149,43,112,372,37,148,6,NA,NA,14,47,0,NA,753
"2021-05-12",178,214,NA,21,121,NA,172,NA,90,NA,NA,186,NA,301,47,0,267,25,151,8,NA,NA,12,40,1,NA,785
"2021-05-13",113,193,NA,29,112,NA,183,NA,90,NA,NA,203,NA,120,47,150,308,40,153,14,NA,NA,18,48,0,NA,777
"2021-05-14",93,215,NA,35,110,NA,192,NA,92,NA,NA,244,NA,118,37,149,323,29,162,15,NA,NA,12,65,0,NA,751
"2021-05-15",148,159,NA,100,114,NA,195,NA,119,NA,NA,197,NA,82,59,164,324,45,81,1,NA,NA,19,65,0,NA,640
"2021-05-16",128,113,NA,55,103,NA,149,NA,120,NA,NA,124,NA,72,49,0,214,46,65,3,NA,NA,16,44,0,NA,560
"2021-05-17",173,233,NA,40,111,NA,132,NA,134,NA,NA,156,NA,73,57,152,335,55,129,4,NA,NA,17,67,0,NA,558
"2021-05-18",169,406,NA,97,206,NA,161,NA,118,NA,NA,162,NA,127,52,151,304,17,284,16,NA,NA,59,58,127,NA,629
"2021-05-19",107,518,NA,90,146,NA,146,NA,137,NA,NA,156,NA,87,47,151,274,27,264,27,NA,NA,53,52,128,NA,624
"2021-05-20",113,362,NA,71,159,NA,121,NA,208,NA,NA,158,NA,79,63,242,221,49,254,6,NA,NA,81,57,124,NA,696
"2021-05-21",98,454,NA,86,149,NA,128,NA,163,NA,NA,115,NA,78,54,196,210,57,241,9,NA,NA,67,57,114,NA,637
"2021-05-22",125,348,NA,57,147,NA,117,NA,181,NA,NA,98,NA,60,55,166,306,51,125,10,NA,NA,51,53,114,NA,680
"2021-05-23",127,306,NA,50,130,NA,123,NA,128,NA,NA,158,NA,79,58,133,283,50,151,6,NA,NA,83,76,82,NA,560
"2021-05-24",98,568,NA,105,159,NA,184,NA,124,NA,NA,205,NA,90,42,128,328,44,323,30,NA,NA,79,44,149,NA,747
"2021-05-25",164,388,NA,27,140,NA,190,NA,111,NA,NA,146,NA,76,57,77,282,41,389,19,NA,NA,41,41,133,NA,999
"2021-05-26",157,542,NA,15,120,NA,258,NA,112,NA,NA,134,NA,97,36,81,273,28,335,15,NA,NA,41,51,99,NA,914
"2021-05-27",173,526,NA,41,140,NA,202,NA,80,NA,NA,156,NA,92,35,103,233,26,356,16,NA,NA,34,54,120,NA,812
"2021-05-28",163,480,NA,27,138,NA,180,NA,82,NA,NA,161,NA,89,51,96,215,29,337,18,NA,NA,34,50,113,NA,769
"2021-05-29",142,398,NA,21,124,NA,167,NA,117,NA,NA,105,NA,71,51,93,156,67,226,5,NA,NA,50,66,114,NA,665
"2021-05-30",147,496,NA,16,143,NA,163,NA,105,NA,NA,109,NA,95,61,99,176,43,132,6,NA,NA,56,60,91,NA,747
"2021-05-31",173,502,NA,34,150,NA,216,NA,139,NA,NA,169,NA,92,45,109,224,43,456,15,NA,NA,42,56,103,NA,1061
"2021-06-01",125,494,NA,37,164,39,179,NA,120,NA,NA,142,NA,78,47,108,306,33,439,12,NA,NA,34,60,136,NA,978
"2021-06-02",155,388,NA,38,157,36,149,NA,118,NA,NA,140,NA,88,68,1,254,34,343,7,NA,NA,48,50,106,NA,923
"2021-06-03",154,494,NA,49,158,32,158,NA,102,NA,NA,146,NA,84,68,92,334,31,358,8,NA,NA,42,69,112,NA,859
"2021-06-04",120,394,NA,35,125,53,207,NA,143,NA,NA,118,NA,87,41,100,241,30,325,10,NA,NA,48,56,117,NA,836
"2021-06-05",146,302,NA,25,118,48,175,NA,99,NA,NA,147,NA,54,64,103,203,51,170,8,NA,NA,32,54,119,NA,708
"2021-06-06",124,274,NA,34,131,48,175,NA,112,NA,NA,99,NA,57,68,103,197,46,185,4,NA,NA,44,75,121,NA,761
"2021-06-07",178,408,NA,39,145,47,168,NA,109,NA,NA,167,NA,95,40,90,242,36,422,16,NA,NA,40,65,117,NA,1019
"2021-06-08",126,524,NA,119,202,53,147,NA,157,NA,NA,156,NA,299,32,193,323,30,309,14,NA,NA,58,62,217,NA,798
"2021-06-09",148,199,NA,79,196,52,148,NA,128,NA,NA,189,NA,251,54,207,304,22,371,22,NA,NA,49,62,139,NA,774
"2021-06-10",175,452,NA,79,165,54,119,NA,97,NA,NA,195,NA,195,34,182,353,24,254,24,NA,NA,59,54,141,NA,788
"2021-06-11",148,179,NA,101,145,89,156,NA,157,NA,NA,170,NA,229,30,159,312,18,230,32,NA,NA,60,53,204,NA,669
"2021-06-12",156,159,NA,86,152,57,129,NA,140,NA,NA,154,NA,207,54,197,361,45,136,9,NA,NA,45,63,110,NA,609
"2021-06-13",106,148,NA,100,174,71,102,NA,94,NA,NA,168,NA,203,45,171,520,42,121,11,NA,NA,50,64,153,NA,677
"2021-06-14",113,203,NA,128,168,80,145,NA,153,NA,NA,203,NA,276,42,189,410,26,270,19,NA,NA,60,57,137,NA,752
"2021-06-15",133,406,NA,26,134,63,165,NA,85,NA,NA,162,NA,65,38,0,359,36,277,5,NA,NA,65,42,129,NA,566
"2021-06-16",137,255,NA,35,145,56,149,NA,134,NA,NA,166,NA,89,46,0,273,31,230,33,NA,NA,42,64,128,NA,1712
"2021-06-17",148,248,NA,32,140,32,173,NA,109,NA,NA,137,NA,78,38,0,267,28,360,18,NA,NA,61,36,116,NA,723
"2021-06-18",145,245,NA,72,130,54,174,NA,100,NA,NA,131,NA,118,59,0,324,31,162,27,NA,NA,22,61,120,NA,674
"2021-06-19",139,168,NA,47,140,33,99,NA,167,NA,NA,154,NA,84,46,0,282,59,187,5,NA,NA,45,58,124,NA,585
"2021-06-20",145,239,NA,66,85,48,123,NA,108,NA,NA,100,NA,54,44,0,197,41,151,2,NA,NA,40,41,84,NA,1104
"2021-06-21",122,630,NA,98,132,47,191,NA,120,NA,NA,160,NA,95,47,0,340,43,217,14,NA,NA,52,48,106,NA,753
"2021-06-22",139,512,NA,85,111,63,174,NA,142,NA,NA,165,NA,106,50,145,303,24,306,19,NA,NA,61,68,146,NA,651
"2021-06-23",122,536,NA,76,129,52,155,NA,146,NA,NA,171,NA,112,44,171,289,23,299,12,NA,NA,73,54,156,NA,621
"2021-06-24",125,452,NA,89,135,57,142,NA,165,NA,NA,137,NA,78,57,147,276,36,282,9,NA,NA,62,54,119,NA,708
"2021-06-25",114,462,NA,90,167,53,140,NA,123,NA,NA,140,NA,80,39,144,316,20,237,15,NA,NA,58,43,182,NA,730
"2021-06-26",140,364,NA,47,158,57,157,NA,153,NA,NA,169,NA,125,77,192,253,53,187,5,NA,NA,68,58,125,NA,577
"2021-06-27",124,414,NA,85,134,62,122,NA,131,NA,NA,159,NA,83,69,184,226,44,119,10,NA,NA,59,45,114,NA,568
"2021-06-28",131,510,NA,119,173,54,145,NA,136,NA,NA,204,NA,109,46,163,399,28,372,19,NA,NA,72,58,127,NA,672
"2021-06-29",202,492,NA,104,147,96,140,NA,163,NA,NA,170,NA,299,35,197,264,25,231,26,NA,NA,37,45,140,NA,780
"2021-06-30",153,261,NA,124,183,56,157,NA,130,NA,NA,167,NA,312,47,164,282,39,230,16,NA,NA,38,60,192,NA,819
"2021-07-01",124,372,NA,91,155,70,196,NA,147,NA,NA,178,NA,274,34,203,312,20,280,21,NA,NA,42,39,174,NA,786
"2021-07-02",133,508,NA,86,153,53,143,NA,137,NA,NA,152,NA,252,45,145,325,24,233,15,NA,NA,35,40,155,NA,646
"2021-07-03",146,338,NA,116,154,81,102,NA,127,NA,NA,157,NA,211,56,203,297,51,99,4,NA,NA,57,47,139,NA,632
"2021-07-04",162,386,NA,117,168,56,98,NA,122,NA,NA,152,NA,183,61,173,240,47,144,8,NA,NA,54,68,155,NA,630
"2021-07-05",150,618,NA,113,183,80,157,NA,170,NA,NA,250,NA,250,51,179,375,36,281,32,NA,NA,37,41,150,NA,771
"2021-07-06",115,338,NA,64,140,63,169,NA,120,NA,NA,140,NA,107,14,108,311,26,198,19,NA,NA,68,50,163,NA,622
"2021-07-07",123,510,NA,49,151,56,202,NA,112,NA,NA,123,NA,142,45,128,267,28,236,16,NA,NA,64,57,123,NA,694
"2021-07-08",138,386,NA,70,142,57,167,NA,112,NA,NA,161,NA,107,39,122,319,22,258,10,NA,NA,54,54,127,NA,573
"2021-07-09",123,372,NA,81,163,58,137,NA,111,NA,NA,138,NA,86,42,129,382,11,173,23,NA,NA,66,51,140,NA,613
"2021-07-10",147,306,NA,70,160,33,149,NA,150,NA,NA,103,NA,54,56,152,223,34,147,6,NA,NA,67,42,130,NA,453
"2021-07-11",128,368,NA,63,173,38,126,NA,118,NA,NA,126,NA,98,77,152,263,39,111,4,NA,NA,74,69,142,NA,483
"2021-07-12",132,422,NA,96,178,81,138,NA,156,NA,NA,180,NA,101,42,131,317,26,221,16,NA,NA,67,63,141,NA,632
"2021-07-13",130,512,NA,92,199,49,99,NA,147,NA,NA,130,NA,301,29,164,343,23,258,22,NA,NA,45,55,102,NA,680
"2021-07-14",116,414,NA,75,185,77,142,NA,122,NA,NA,143,NA,245,19,192,322,27,252,28,NA,NA,49,58,107,NA,512
"2021-07-15",140,386,NA,70,145,43,124,NA,151,NA,NA,127,NA,249,39,159,295,26,278,30,NA,NA,43,47,123,NA,558
"2021-07-16",151,244,NA,104,118,73,105,NA,125,NA,NA,135,NA,248,29,158,280,34,241,23,NA,NA,51,38,161,NA,641
"2021-07-17",109,302,NA,92,128,49,106,NA,129,NA,NA,116,NA,137,33,155,247,46,142,5,NA,NA,55,58,141,NA,590
"2021-07-18",147,306,NA,169,170,56,114,NA,147,NA,NA,120,NA,182,40,167,281,45,130,5,NA,NA,48,43,103,NA,532
"2021-07-19",115,406,NA,130,168,55,160,NA,164,NA,NA,176,NA,280,30,201,399,27,234,30,NA,NA,45,54,126,NA,615
"2021-07-20",127,538,NA,61,138,53,155,NA,157,NA,NA,188,NA,114,63,120,314,31,256,33,NA,NA,74,59,126,NA,606
"2021-07-21",147,660,NA,58,149,56,153,NA,110,NA,NA,152,NA,116,48,131,320,27,288,34,NA,NA,78,47,125,NA,625
"2021-07-22",153,508,NA,96,147,56,170,NA,133,NA,NA,138,NA,104,47,105,293,30,277,25,NA,NA,61,41,120,NA,616
"2021-07-23",128,438,NA,75,143,58,159,NA,123,NA,NA,139,NA,103,44,132,303,22,220,31,NA,NA,91,41,141,NA,563
"2021-07-24",102,440,NA,81,136,60,131,NA,136,NA,NA,93,NA,66,46,145,261,40,117,9,NA,NA,78,48,96,NA,539
"2021-07-25",129,428,NA,74,139,56,91,NA,97,NA,NA,100,NA,47,64,179,210,52,107,3,NA,NA,63,33,128,NA,609
"2021-07-26",139,630,NA,75,166,67,153,NA,144,NA,NA,165,NA,103,37,140,340,24,297,24,NA,NA,69,55,168,NA,730
"2021-07-27",183,390,NA,52,104,53,205,NA,115,NA,NA,159,NA,100,54,78,273,36,358,10,NA,NA,27,42,93,NA,839
"2021-07-28",179,382,NA,40,46,56,228,NA,106,NA,NA,149,NA,115,46,96,264,33,361,11,NA,NA,33,64,104,NA,992
"2021-07-29",122,426,NA,59,124,57,48,NA,96,NA,NA,162,NA,111,65,91,303,31,317,10,NA,NA,43,41,109,NA,1682
"2021-07-30",136,514,NA,35,144,53,198,NA,133,NA,NA,152,NA,89,48,97,327,17,317,10,NA,NA,39,57,116,NA,1632
"2021-07-31",140,320,NA,39,138,49,146,NA,158,NA,NA,114,NA,66,52,90,203,57,155,3,NA,NA,39,62,95,NA,1590
"2021-08-01",133,306,NA,57,137,56,138,NA,122,NA,NA,79,NA,94,62,96,207,56,186,7,NA,NA,41,66,131,NA,1448
"2021-08-02",153,448,NA,53,146,54,225,NA,145,NA,NA,153,NA,104,68,92,276,42,436,15,NA,NA,44,52,99,NA,1886
"2021-08-03",112,265,NA,102,164,79,162,NA,134,NA,NA,129,NA,306,31,181,301,24,203,32,NA,NA,36,74,111,NA,613
"2021-08-04",148,568,NA,92,156,48,136,NA,136,NA,NA,151,NA,267,42,161,262,32,246,13,NA,NA,43,60,122,NA,645
"2021-08-05",150,532,NA,135,156,73,143,NA,117,NA,NA,140,NA,285,27,209,321,35,180,14,NA,NA,38,57,136,NA,579
"2021-08-06",90,508,NA,147,152,145,147,NA,108,NA,NA,142,NA,300,34,174,330,32,240,17,NA,NA,46,43,122,NA,711
"2021-08-07",64,330,NA,100,182,55,159,NA,150,NA,NA,126,NA,196,60,178,270,51,107,5,NA,NA,42,41,114,NA,604
"2021-08-08",160,112,NA,81,165,36,104,NA,125,NA,NA,146,NA,158,43,211,304,46,122,5,NA,NA,44,55,96,NA,750
"2021-08-09",138,406,NA,87,184,64,128,NA,150,NA,NA,139,NA,250,26,174,350,29,278,13,NA,NA,39,52,156,NA,807
"2021-08-10",148,227,NA,0,103,49,168,NA,99,NA,NA,108,NA,84,44,0,281,28,139,9,NA,NA,36,62,0,NA,731
"2021-08-11",130,212,NA,2,111,65,162,NA,74,NA,NA,108,NA,58,54,192,239,34,184,14,NA,NA,36,61,1,NA,696
"2021-08-12",136,184,NA,0,117,73,159,NA,110,NA,NA,89,NA,64,39,228,346,35,120,7,NA,NA,22,58,0,NA,678
"2021-08-13",159,150,NA,1,108,58,159,NA,90,NA,NA,104,NA,48,47,0,277,32,131,12,NA,NA,35,52,0,NA,649
"2021-08-14",139,165,NA,0,123,72,146,NA,94,NA,NA,34,NA,75,41,101,246,56,82,2,NA,NA,20,67,0,NA,627
"2021-08-15",144,120,NA,0,105,56,103,NA,91,NA,NA,34,NA,86,33,0,211,32,70,4,NA,NA,24,63,0,NA,552
"2021-08-16",137,148,NA,0,105,86,138,NA,111,NA,NA,34,NA,82,35,95,282,55,93,2,NA,NA,23,67,0,NA,643
"2021-08-17",149,516,NA,95,181,68,162,NA,181,NA,NA,179,NA,322,28,178,345,18,255,21,NA,NA,41,51,173,NA,728
"2021-08-18",122,261,NA,98,197,65,186,NA,141,NA,NA,161,NA,351,30,166,258,29,233,12,NA,NA,39,68,158,NA,632
"2021-08-19",166,185,NA,108,176,62,133,NA,130,NA,NA,165,NA,263,23,144,266,27,288,26,NA,NA,42,58,203,NA,626
"2021-08-20",132,294,NA,72,171,73,107,NA,128,NA,NA,160,NA,257,29,138,303,37,277,13,NA,NA,47,61,150,NA,595
"2021-08-21",121,137,NA,97,149,45,115,NA,140,NA,NA,125,NA,210,48,130,235,42,187,4,NA,NA,38,62,145,NA,638
"2021-08-22",143,358,NA,65,181,61,127,NA,135,NA,NA,141,NA,150,37,163,428,49,126,0,NA,NA,37,49,154,NA,636
"2021-08-23",131,588,NA,102,184,64,125,NA,155,NA,NA,140,NA,275,33,179,353,28,371,14,NA,NA,37,59,148,NA,748
"2021-08-24",143,434,NA,77,154,68,185,NA,105,NA,NA,156,NA,132,21,105,352,42,350,14,NA,NA,42,51,97,NA,1814
"2021-08-25",144,456,NA,23,164,85,204,NA,113,NA,NA,174,NA,74,47,86,315,38,380,23,NA,NA,59,35,125,NA,1288
"2021-08-26",135,498,NA,46,179,62,122,NA,127,NA,NA,184,NA,105,52,77,351,30,426,20,NA,NA,64,42,130,NA,1632
"2021-08-27",119,478,NA,60,158,62,174,NA,111,NA,NA,158,NA,114,39,100,369,33,337,13,NA,NA,71,53,106,NA,1410
"2021-08-28",126,440,NA,40,148,47,142,NA,156,NA,NA,143,NA,114,39,81,274,45,210,9,NA,NA,85,59,108,NA,1080
"2021-08-29",129,406,NA,57,127,55,126,NA,104,NA,NA,111,NA,87,61,94,229,38,191,9,NA,NA,64,54,106,NA,1302
"2021-08-30",128,500,NA,57,155,72,199,NA,135,NA,NA,173,NA,114,58,87,295,33,360,17,NA,NA,58,45,128,NA,1656
"2021-08-31",115,516,NA,130,150,69,159,NA,129,NA,NA,149,NA,94,53,136,324,18,217,7,NA,NA,59,0,177,NA,638
"2021-09-01",136,502,NA,76,153,37,147,NA,144,NA,NA,148,NA,124,43,136,268,32,241,37,NA,NA,49,0,182,NA,546
"2021-09-02",155,586,NA,61,141,62,145,NA,110,NA,NA,163,NA,106,44,141,312,18,207,26,NA,NA,57,0,222,NA,477
"2021-09-03",135,496,NA,77,155,145,152,NA,123,NA,NA,144,NA,90,44,167,271,27,214,22,NA,NA,59,0,191,NA,536
"2021-09-04",127,362,NA,86,174,45,104,NA,134,NA,NA,126,NA,79,75,188,196,33,145,0,NA,NA,52,0,182,NA,462
"2021-09-05",133,358,NA,78,167,55,87,NA,107,NA,NA,167,NA,89,63,160,211,34,121,4,NA,NA,74,0,131,NA,512
"2021-09-06",162,422,NA,129,187,76,174,NA,119,NA,NA,176,NA,144,50,171,282,27,280,11,NA,NA,73,0,230,NA,590
"2021-09-07",158,428,NA,95,186,56,248,NA,112,NA,NA,145,NA,295,41,0,439,35,221,16,NA,NA,24,39,115,NA,637
"2021-09-08",130,394,NA,114,183,48,161,NA,114,NA,NA,108,NA,98,53,0,316,38,223,22,NA,NA,42,55,129,NA,889
"2021-09-09",155,211,NA,76,146,63,155,NA,152,NA,NA,157,NA,66,41,0,391,26,209,9,NA,NA,58,58,93,NA,641
"2021-09-10",141,604,NA,0,125,73,219,NA,104,NA,NA,136,NA,59,39,0,298,25,210,19,NA,NA,26,51,127,NA,692
"2021-09-11",156,832,NA,83,167,54,83,NA,92,NA,NA,157,NA,56,60,0,306,50,75,5,NA,NA,62,65,91,NA,541
"2021-09-12",123,320,NA,72,151,65,121,NA,121,NA,NA,91,NA,58,61,0,186,65,97,24,NA,NA,70,44,106,NA,535
"2021-09-13",143,560,NA,91,123,46,183,NA,163,NA,NA,34,NA,209,50,0,353,46,371,26,NA,NA,43,57,100,NA,643
"2021-09-14",149,195,NA,95,181,68,162,NA,181,NA,NA,179,NA,322,28,178,345,18,255,21,NA,NA,41,51,173,NA,728
"2021-09-15",122,520,NA,98,197,53,186,NA,141,NA,NA,161,NA,351,30,166,258,29,233,12,NA,NA,39,68,158,NA,632
"2021-09-16",166,596,NA,108,176,56,133,NA,130,NA,NA,165,NA,263,23,144,266,27,288,26,NA,NA,42,58,203,NA,626
"2021-09-17",132,244,NA,72,171,56,107,NA,128,NA,NA,160,NA,257,29,138,303,37,277,13,NA,NA,47,61,150,NA,595
"2021-09-18",121,176,NA,97,149,75,115,NA,140,NA,NA,125,NA,210,48,130,235,42,187,4,NA,NA,38,62,145,NA,638
"2021-09-19",143,179,NA,65,181,65,127,NA,135,NA,NA,141,NA,150,37,163,428,49,126,0,NA,NA,37,49,154,NA,636
"2021-09-20",131,228,NA,102,184,64,125,NA,155,NA,NA,140,NA,275,33,179,353,28,371,14,NA,NA,37,59,148,NA,748
"2021-09-21",148,488,NA,71,139,56,175,NA,131,NA,NA,139,NA,82,35,89,209,23,336,14,NA,NA,48,45,133,NA,1754
"2021-09-22",142,500,NA,46,159,53,180,NA,120,NA,NA,167,NA,87,54,89,239,32,340,11,NA,NA,46,55,144,NA,1674
"2021-09-23",133,534,NA,57,154,53,157,NA,112,NA,NA,151,NA,71,48,76,346,22,265,12,NA,NA,57,44,130,NA,1606
"2021-09-24",162,504,NA,49,142,71,141,NA,117,NA,NA,134,NA,71,52,86,290,26,326,19,NA,NA,50,62,176,NA,1400
"2021-09-25",156,310,NA,53,171,54,146,NA,135,NA,NA,87,NA,84,39,83,256,56,124,9,NA,NA,57,68,103,NA,1332
"2021-09-26",162,336,NA,48,161,53,164,NA,113,NA,NA,100,NA,53,40,70,255,52,128,4,NA,NA,70,49,105,NA,1258
"2021-09-27",155,588,NA,57,143,79,141,NA,167,NA,NA,134,NA,123,45,95,287,21,389,9,NA,NA,71,46,135,NA,1824
"2021-09-28",152,438,NA,70,203,67,141,NA,103,NA,NA,193,NA,93,34,148,292,28,251,31,NA,NA,64,62,165,NA,760
"2021-09-29",157,466,NA,98,168,44,167,NA,106,NA,NA,158,NA,120,58,218,294,20,242,47,NA,NA,57,51,132,NA,697
"2021-09-30",146,498,NA,112,171,56,138,NA,126,NA,NA,113,NA,75,44,150,251,21,217,23,NA,NA,70,55,139,NA,662
"2021-10-01",134,402,NA,94,169,51,130,NA,123,NA,NA,162,NA,107,28,145,279,14,218,37,NA,NA,77,56,123,NA,622
"2021-10-02",116,494,NA,96,181,47,86,NA,129,NA,NA,122,NA,55,75,177,297,35,141,20,NA,NA,89,51,115,NA,515
"2021-10-03",117,376,NA,113,163,62,107,NA,115,NA,NA,146,NA,73,73,172,216,31,109,8,NA,NA,67,54,112,NA,550
"2021-10-04",120,454,NA,83,164,59,140,NA,162,NA,NA,200,NA,138,46,162,245,26,250,25,NA,NA,59,52,136,NA,635
"2021-10-05",101,216,NA,3,122,69,146,NA,106,NA,NA,109,NA,69,32,163,280,33,140,9,NA,NA,25,60,146,NA,732
"2021-10-06",150,206,NA,2,105,60,132,NA,100,NA,NA,94,NA,74,52,174,323,24,184,12,NA,NA,24,66,139,NA,637
"2021-10-07",156,191,NA,0,117,63,134,NA,97,NA,NA,116,NA,83,27,144,286,43,190,6,NA,NA,13,73,124,NA,501
"2021-10-08",143,244,NA,2,121,78,107,NA,114,NA,NA,120,NA,77,48,0,236,24,211,22,NA,NA,16,66,133,NA,708
"2021-10-09",125,254,NA,2,103,42,138,NA,90,NA,NA,89,NA,117,60,177,267,36,88,2,NA,NA,25,73,116,NA,510
"2021-10-10",122,168,NA,0,105,83,135,NA,76,NA,NA,48,NA,89,58,81,299,46,92,2,NA,NA,30,61,80,NA,485
"2021-10-11",141,281,NA,0,144,43,180,NA,123,NA,NA,116,NA,109,24,81,361,43,177,16,NA,NA,32,76,118,NA,724
"2021-10-12",139,332,NA,4,124,68,131,NA,83,NA,NA,153,NA,103,32,0,280,22,220,24,NA,NA,55,59,156,NA,1384
"2021-10-13",168,220,NA,1,167,60,161,NA,97,NA,NA,120,NA,79,45,0,440,26,180,16,NA,NA,18,47,103,NA,530
"2021-10-14",115,236,NA,104,170,61,135,NA,111,NA,NA,156,NA,264,50,0,399,31,213,16,NA,NA,67,56,180,NA,747
"2021-10-15",122,470,NA,60,116,62,139,NA,106,NA,NA,141,NA,206,49,0,286,23,219,17,NA,NA,25,45,144,NA,600
"2021-10-16",155,364,NA,96,130,42,95,NA,152,NA,NA,28,NA,195,39,0,305,51,139,3,NA,NA,51,55,121,NA,1110
"2021-10-17",117,338,NA,82,151,62,141,NA,76,NA,NA,48,NA,64,40,0,236,41,120,8,NA,NA,44,63,110,NA,669
"2021-10-18",157,234,NA,83,109,76,169,NA,133,NA,NA,130,NA,49,35,0,386,34,252,13,NA,NA,44,68,134,NA,669
"2021-10-19",148,404,NA,73,0,55,123,NA,137,NA,NA,200,NA,112,32,163,260,21,231,32,NA,NA,71,53,156,NA,623
"2021-10-20",183,392,NA,90,0,58,127,NA,131,NA,NA,159,NA,79,47,172,300,21,267,24,NA,NA,66,52,166,NA,575
"2021-10-21",156,430,NA,94,0,61,179,NA,121,NA,NA,162,NA,128,52,155,335,27,239,16,NA,NA,77,67,164,NA,641
"2021-10-22",178,594,NA,59,0,51,139,NA,149,NA,NA,149,NA,105,44,159,307,30,219,10,NA,NA,70,63,155,NA,633
"2021-10-23",144,364,NA,96,0,48,98,NA,133,NA,NA,179,NA,83,71,191,256,39,135,10,NA,NA,71,49,128,NA,478
"2021-10-24",128,506,NA,143,0,48,119,NA,114,NA,NA,121,NA,62,69,197,244,46,98,7,NA,NA,96,61,146,NA,515
"2021-10-25",127,656,NA,135,0,76,143,NA,154,NA,NA,151,NA,94,35,172,327,20,228,21,NA,NA,76,55,136,NA,630
"2021-10-26",154,226,NA,9,145,63,128,NA,87,NA,NA,130,NA,80,30,0,259,30,186,19,NA,NA,22,65,101,NA,566
"2021-10-27",190,220,4,2,136,39,123,NA,112,NA,NA,111,NA,90,25,144,308,32,120,9,NA,NA,27,53,113,NA,631
"2021-10-28",137,266,0,1,117,61,137,NA,109,NA,NA,120,NA,66,26,160,349,26,147,10,NA,NA,23,53,97,NA,565
"2021-10-29",147,243,1,3,114,53,166,NA,88,NA,NA,124,NA,62,24,133,329,28,130,9,NA,NA,24,62,98,NA,654
"2021-10-30",164,216,0,4,110,68,130,NA,131,NA,NA,41,NA,42,63,0,263,60,108,6,NA,NA,24,61,139,NA,497
"2021-10-31",147,167,1,4,97,38,123,NA,85,NA,NA,44,NA,67,69,0,249,50,83,7,NA,NA,28,82,94,NA,448
"2021-11-01",146,260,0,2,137,76,141,NA,103,NA,NA,135,NA,81,35,175,303,37,171,9,NA,81,27,56,117,NA,730
"2021-11-02",173,305,1,84,162,79,170,NA,114,NA,NA,183,NA,154,40,0,260,36,385,11,NA,102,43,44,123,NA,734
"2021-11-03",136,184,4,51,181,39,127,NA,110,NA,NA,167,NA,90,38,0,369,24,232,22,NA,76,56,46,122,NA,751
"2021-11-04",129,200,1,1,132,62,154,NA,94,NA,NA,116,NA,75,43,0,394,30,211,20,NA,70,23,58,121,NA,788
"2021-11-05",142,526,3,2,174,62,162,NA,149,NA,NA,158,NA,62,24,0,363,34,216,9,NA,68,64,57,129,NA,683
"2021-11-06",168,306,3,62,131,73,126,NA,114,NA,NA,113,NA,51,53,0,242,65,122,10,NA,52,24,52,115,NA,482
"2021-11-07",130,312,4,93,188,43,117,NA,111,NA,NA,121,NA,177,59,0,292,24,151,6,NA,93,59,47,91,NA,1278
"2021-11-08",144,271,2,0,128,66,165,NA,99,NA,NA,200,NA,143,58,0,432,31,322,12,NA,70,47,53,103,NA,730
"2021-11-09",159,305,1,6,130,80,169,NA,110,NA,NA,155,NA,67,45,180,442,24,328,10,NA,73,32,61,124,NA,734
"2021-11-10",183,248,4,8,176,58,136,NA,91,NA,NA,126,NA,78,47,83,239,42,324,14,NA,51,23,68,134,NA,684
"2021-11-11",168,239,0,4,166,93,118,NA,103,NA,NA,125,NA,74,38,133,252,26,321,6,NA,68,27,68,121,NA,788
"2021-11-12",125,271,1,7,134,72,189,NA,89,NA,NA,114,NA,54,44,140,228,34,328,17,NA,63,30,46,121,NA,638
"2021-11-13",155,224,0,0,112,73,154,NA,101,NA,NA,50,NA,59,63,155,125,67,107,2,NA,72,31,68,122,NA,680
"2021-11-14",168,202,2,3,140,49,105,NA,83,NA,NA,54,NA,51,43,72,136,52,100,2,NA,81,26,57,123,NA,607
"2021-11-15",132,309,2,11,134,77,164,NA,114,NA,NA,142,NA,96,24,156,220,33,307,5,NA,77,36,51,162,NA,727
"2021-11-16",235,285,3,57,139,92,152,NA,151,NA,NA,179,NA,105,33,0,260,23,276,21,NA,66,47,61,96,NA,667
"2021-11-17",124,564,1,5,157,58,158,NA,87,NA,NA,168,NA,127,53,0,364,27,267,21,NA,66,74,34,125,NA,619
"2021-11-18",133,594,1,1,0,81,160,NA,108,NA,NA,112,NA,227,43,0,234,32,219,25,NA,49,73,62,120,NA,1528
"2021-11-19",134,486,1,109,148,93,132,NA,132,NA,NA,169,NA,93,40,0,288,32,281,28,NA,105,68,44,95,NA,654
"2021-11-20",107,314,4,95,199,75,116,NA,114,NA,NA,64,NA,54,63,0,333,47,115,5,NA,36,82,61,117,NA,529
"2021-11-21",174,232,0,55,203,70,114,NA,107,NA,NA,148,NA,70,41,0,247,44,120,9,NA,62,94,69,100,NA,409
"2021-11-22",197,271,4,78,163,114,164,NA,154,NA,NA,164,NA,127,34,0,386,30,243,21,NA,70,36,51,118,NA,629
"2021-11-23",138,305,0,6,130,78,169,NA,110,NA,NA,155,NA,67,28,0,197,24,328,10,NA,56,32,61,124,NA,734
"2021-11-24",119,248,4,8,176,60,136,NA,91,NA,NA,126,NA,78,56,173,323,42,324,14,NA,51,23,68,134,NA,684
"2021-11-25",145,239,2,4,166,67,118,NA,103,NA,NA,125,NA,74,30,186,268,26,321,6,NA,68,27,68,121,NA,788
"2021-11-26",104,271,0,7,134,49,189,NA,89,NA,NA,114,NA,54,35,0,228,34,328,17,NA,70,30,46,121,NA,638
"2021-11-27",141,224,4,0,112,42,154,NA,101,NA,NA,50,NA,59,36,0,125,67,107,2,NA,49,31,68,122,NA,680
"2021-11-28",143,202,1,3,140,43,105,NA,83,NA,NA,54,NA,51,40,0,136,52,100,2,NA,81,26,57,123,NA,607
"2021-11-29",142,309,2,11,134,74,164,NA,114,NA,NA,142,NA,96,46,0,220,33,307,5,NA,76,36,51,162,NA,727
"2021-11-30",150,211,1,12,150,78,181,NA,126,NA,NA,165,NA,72,32,68,225,21,357,13,NA,102,26,70,137,NA,574
"2021-12-01",128,218,2,6,118,72,149,NA,125,NA,NA,164,NA,69,49,0,270,27,330,13,NA,65,35,86,169,NA,631
"2021-12-02",168,193,1,6,135,65,151,NA,100,NA,NA,115,NA,67,36,153,281,37,328,13,NA,60,25,58,150,NA,596
"2021-12-03",122,222,1,12,132,93,178,NA,148,NA,NA,128,NA,76,49,0,320,39,261,10,NA,55,22,70,136,NA,560
"2021-12-04",143,149,9,0,90,73,113,NA,172,NA,NA,53,NA,57,57,191,231,54,228,1,NA,74,44,78,128,NA,500
"2021-12-05",134,140,0,3,105,70,114,NA,98,NA,NA,28,NA,46,56,0,145,44,166,4,NA,67,24,72,109,NA,467
"2021-12-06",143,193,2,5,120,66,145,NA,151,NA,NA,108,NA,79,39,156,311,21,324,20,NA,69,24,62,188,NA,629
"2021-12-07",103,486,4,89,184,69,117,NA,119,NA,NA,127,NA,214,38,176,339,32,258,22,NA,72,30,35,142,NA,615
"2021-12-08",118,466,2,92,206,71,96,NA,143,NA,NA,165,NA,235,40,141,251,34,264,16,NA,51,44,62,126,NA,584
"2021-12-09",145,548,1,78,199,93,93,NA,102,NA,NA,129,NA,260,43,152,262,18,163,14,NA,63,33,62,181,NA,559
"2021-12-10",145,434,0,77,202,54,74,NA,155,NA,NA,124,NA,229,50,153,250,32,182,16,NA,62,24,55,110,NA,577
"2021-12-11",118,488,0,74,163,68,88,NA,183,NA,NA,111,NA,186,49,190,211,48,101,5,NA,71,34,65,118,NA,594
"2021-12-12",116,406,6,67,189,71,70,NA,140,NA,NA,86,NA,163,55,179,251,31,92,5,NA,67,31,46,82,NA,478
"2021-12-13",67,500,3,44,214,89,51,NA,116,NA,NA,87,NA,118,32,125,230,29,128,3,NA,51,39,37,97,NA,432
"2021-12-14",103,305,0,89,184,82,117,NA,119,NA,NA,127,NA,214,38,176,339,32,258,22,NA,72,30,35,142,NA,615
"2021-12-15",118,462,2,92,206,86,96,NA,143,NA,NA,165,NA,235,40,141,251,34,264,16,NA,51,44,62,126,NA,584
"2021-12-16",145,548,3,78,199,65,93,NA,102,NA,NA,129,NA,260,43,152,262,18,163,14,NA,63,33,62,181,NA,559
"2021-12-17",145,253,1,77,202,49,74,NA,155,NA,NA,124,NA,229,50,153,250,32,182,16,NA,62,24,55,110,NA,577
"2021-12-18",118,374,4,74,163,46,88,NA,183,NA,NA,111,NA,186,49,190,211,48,101,5,NA,71,34,65,118,NA,594
"2021-12-19",116,506,5,67,189,57,70,NA,140,NA,NA,86,NA,163,55,179,251,31,92,5,NA,67,31,46,82,NA,478
"2021-12-20",67,414,4,44,214,113,51,NA,116,NA,NA,87,NA,118,32,125,230,29,128,3,NA,51,39,37,97,NA,432
"2021-12-21",167,252,0,0,173,69,145,NA,102,NA,NA,107,NA,68,65,177,181,27,289,14,NA,61,24,50,132,NA,650
"2021-12-22",95,234,4,9,125,71,153,NA,95,NA,NA,148,NA,71,25,189,234,29,282,11,NA,40,29,66,122,NA,648
"2021-12-23",123,175,3,4,137,93,167,NA,98,NA,NA,112,NA,63,10,0,209,33,315,18,NA,66,31,63,171,NA,600
"2021-12-24",125,207,2,4,125,73,138,NA,89,NA,NA,101,NA,90,32,159,169,27,255,13,NA,89,24,58,137,NA,683
"2021-12-25",118,231,4,1,3,100,117,NA,126,NA,NA,45,NA,56,43,260,197,42,157,4,NA,51,44,92,125,NA,496
"2021-12-26",132,148,7,1,0,57,137,NA,101,NA,NA,31,NA,72,35,169,161,57,144,7,NA,58,31,73,139,NA,427
"2021-12-27",135,215,1,7,95,74,156,NA,132,NA,NA,134,NA,83,29,0,251,37,345,11,NA,60,36,87,144,NA,626
"2021-12-28",152,251,4,12,197,69,119,NA,107,NA,NA,169,NA,67,45,0,259,26,425,8,NA,64,56,58,114,NA,652
"2021-12-29",125,472,1,92,114,72,154,NA,107,NA,NA,139,NA,111,47,0,345,27,297,11,NA,60,17,60,130,NA,668
"2021-12-30",148,362,3,4,177,70,113,NA,152,NA,NA,241,NA,148,31,0,304,19,373,10,NA,66,75,29,171,NA,563
"2021-12-31",122,193,7,9,158,49,141,NA,121,NA,NA,75,NA,52,17,0,310,33,120,13,NA,63,55,15,149,NA,746
"2022-01-01",119,330,0,87,199,91,77,NA,155,NA,NA,119,NA,57,29,0,336,53,103,7,NA,76,75,70,87,NA,1214
"2022-01-02",116,160,5,4,175,57,132,NA,93,NA,NA,91,NA,182,35,0,173,37,90,8,NA,50,31,58,117,NA,427
"2022-01-03",109,566,9,81,205,89,156,NA,92,NA,NA,175,NA,148,32,0,230,25,267,3,NA,77,37,45,146,NA,1822
"2022-01-04",123,209,0,3,104,82,135,NA,97,NA,NA,203,NA,79,44,0,250,23,243,8,NA,62,21,58,191,NA,502
"2022-01-05",124,236,12,6,138,82,142,NA,97,NA,NA,180,NA,70,34,193,179,19,220,9,NA,80,17,51,113,NA,450
"2022-01-06",120,147,3,6,101,81,140,NA,79,NA,NA,127,NA,45,25,218,153,21,222,8,NA,106,15,45,143,NA,508
"2022-01-07",110,117,0,5,68,81,108,NA,61,NA,NA,63,NA,52,30,0,110,30,63,0,NA,62,22,43,85,NA,359
"2022-01-08",114,106,0,0,100,100,119,NA,122,NA,NA,98,NA,41,36,203,116,47,92,4,NA,59,23,56,102,NA,433
"2022-01-09",146,160,5,1,142,71,131,NA,179,NA,NA,110,NA,63,27,0,224,57,118,5,NA,43,29,71,134,NA,484
"2022-01-10",123,216,9,6,140,86,142,NA,211,NA,NA,118,NA,65,33,213,202,64,218,0,NA,83,28,70,162,NA,493
"2022-01-11",128,208,8,12,145,61,161,NA,94,NA,NA,288,NA,68,9,0,231,43,407,13,NA,57,48,41,178,NA,644
"2022-01-12",143,180,5,6,123,72,155,NA,118,NA,NA,223,NA,86,7,0,217,29,369,14,NA,106,35,42,172,NA,668
"2022-01-13",117,178,1,6,147,91,148,NA,107,NA,NA,252,NA,65,10,0,236,19,287,5,NA,80,25,56,182,NA,479
"2022-01-14",110,193,4,3,103,76,180,NA,80,NA,NA,247,NA,59,8,0,228,13,264,3,NA,63,24,55,106,NA,727
"2022-01-15",156,146,1,0,106,60,157,NA,134,NA,NA,168,NA,63,26,0,199,43,93,7,NA,59,35,65,129,NA,604
"2022-01-16",110,149,6,7,119,71,146,NA,108,NA,NA,153,NA,52,26,0,245,45,116,4,NA,43,22,48,110,NA,690
"2022-01-17",67,221,6,5,127,72,161,NA,117,NA,NA,225,NA,67,10,0,224,30,352,13,NA,73,37,42,180,NA,645
"2022-01-18",137,194,5,6,109,101,142,NA,79,NA,NA,217,NA,74,14,0,256,21,291,10,NA,55,25,56,159,NA,623
"2022-01-19",134,179,4,5,114,73,159,NA,85,NA,NA,234,NA,69,19,0,273,35,264,8,NA,106,31,44,140,NA,580
"2022-01-20",150,196,0,7,112,81,175,NA,103,NA,NA,194,NA,79,17,0,280,27,279,14,NA,80,31,37,130,NA,655
"2022-01-21",136,245,2,3,159,109,174,NA,111,NA,NA,288,NA,89,19,0,286,29,331,15,NA,83,28,53,132,NA,633
"2022-01-22",116,217,1,3,128,100,142,NA,114,NA,NA,153,NA,83,25,0,209,47,139,1,NA,72,32,63,115,NA,585
"2022-01-23",112,181,5,0,123,48,146,NA,109,NA,NA,98,NA,77,35,0,173,36,113,8,NA,58,19,68,131,NA,510
"2022-01-24",135,256,3,4,138,113,176,NA,141,NA,NA,245,NA,71,16,0,250,23,338,10,NA,83,30,48,163,NA,732
"2022-01-25",139,208,11,95,172,82,80,NA,165,NA,NA,167,NA,240,42,190,319,31,215,23,NA,68,62,67,115,NA,885
"2022-01-26",136,472,4,89,184,89,109,NA,138,NA,NA,183,NA,224,38,158,310,30,200,23,NA,81,48,53,107,NA,766
"2022-01-27",145,578,0,68,183,50,143,NA,132,NA,NA,211,NA,279,38,190,326,34,208,16,NA,60,54,58,206,NA,782
"2022-01-28",136,620,2,107,200,76,109,NA,149,NA,NA,242,NA,266,40,135,425,32,213,35,NA,85,45,52,141,NA,724
"2022-01-29",180,139,3,86,179,72,83,NA,168,NA,NA,111,NA,274,59,184,335,48,162,6,NA,97,48,33,101,NA,662
"2022-01-30",132,400,5,98,168,77,73,NA,154,NA,NA,120,NA,180,60,171,309,48,138,2,NA,52,34,34,105,NA,561
"2022-01-31",133,518,6,98,229,56,121,NA,146,NA,NA,178,NA,268,81,173,424,23,254,21,NA,73,55,50,141,NA,701
"2022-02-01",137,428,0,102,179,82,82,NA,169,NA,NA,169,NA,216,39,185,396,25,256,18,NA,88,47,69,114,NA,670
"2022-02-02",96,180,1,97,165,69,97,NA,157,NA,NA,139,NA,247,44,189,386,40,230,15,NA,74,41,63,126,NA,586
"2022-02-03",118,112,8,87,188,86,137,NA,152,NA,NA,173,NA,245,42,188,303,20,200,17,NA,74,47,73,134,NA,550
"2022-02-04",110,198,0,60,183,72,124,NA,138,NA,NA,144,NA,221,54,153,297,30,182,16,NA,67,37,49,122,NA,567
"2022-02-05",126,146,7,90,158,70,102,NA,131,NA,NA,116,NA,215,44,181,256,34,104,7,NA,75,43,49,89,NA,549
"2022-02-06",131,151,5,103,171,84,95,NA,93,NA,NA,117,NA,249,39,169,258,39,135,1,NA,43,41,62,82,NA,379
"2022-02-07",128,221,4,103,202,72,89,NA,176,NA,NA,150,NA,277,40,195,406,26,294,24,NA,54,48,62,126,NA,690
"2022-02-08",130,288,3,6,126,61,162,NA,121,NA,NA,187,NA,82,20,0,247,23,312,12,NA,95,22,63,172,NA,685
"2022-02-09",175,252,1,9,117,89,144,NA,98,NA,NA,203,NA,73,13,0,270,33,348,6,NA,80,29,56,162,NA,608
"2022-02-10",118,211,4,11,138,62,180,NA,99,NA,NA,196,NA,75,21,0,274,34,294,15,NA,100,32,59,130,NA,727
"2022-02-11",124,163,4,14,124,83,149,NA,76,NA,NA,234,NA,89,22,0,285,32,331,6,NA,85,25,51,147,NA,704
"2022-02-12",138,179,4,13,133,60,149,NA,116,NA,NA,126,NA,76,25,0,294,36,161,8,NA,60,27,94,125,NA,613
"2022-02-13",104,136,2,4,125,77,126,NA,82,NA,NA,111,NA,59,29,0,253,47,139,3,NA,67,34,73,108,NA,625
"2022-02-14",155,194,7,2,172,84,164,NA,109,NA,NA,241,NA,91,24,0,340,26,344,14,NA,109,25,66,153,NA,868
"2022-02-15",144,508,4,80,169,77,139,NA,116,NA,NA,203,NA,127,51,187,374,20,238,26,NA,70,62,51,141,NA,699
"2022-02-16",143,528,4,59,137,73,164,NA,119,NA,NA,189,NA,148,39,216,414,25,224,13,NA,92,51,52,132,NA,587
"2022-02-17",143,382,3,59,109,73,161,NA,138,NA,NA,177,NA,129,37,159,349,18,233,20,NA,88,53,58,119,NA,672
"2022-02-18",183,492,0,97,163,73,153,NA,154,NA,NA,212,NA,132,36,174,323,21,254,26,NA,75,67,51,110,NA,702
"2022-02-19",163,416,3,55,117,59,177,NA,133,NA,NA,141,NA,109,68,181,357,41,127,2,NA,58,74,48,142,NA,578
"2022-02-20",140,406,6,131,149,77,103,NA,102,NA,NA,124,NA,85,49,204,322,38,137,1,NA,58,61,64,120,NA,544
"2022-02-21",155,502,6,105,147,86,154,NA,161,NA,NA,208,NA,114,34,178,394,21,280,15,NA,88,55,44,103,NA,699
"2022-02-22",142,74,7,84,140,98,147,NA,190,NA,NA,201,NA,160,31,193,293,24,236,19,NA,95,67,42,132,NA,0
"2022-02-23",178,48,11,95,132,66,156,NA,156,NA,NA,167,NA,153,43,215,288,31,264,24,NA,71,62,53,131,NA,0
"2022-02-24",150,150,6,116,167,91,171,NA,155,NA,NA,211,NA,114,40,162,294,31,268,23,NA,93,73,56,149,NA,679
"2022-02-25",165,82,5,64,166,47,200,NA,173,NA,NA,257,NA,145,28,187,385,35,261,25,NA,102,64,58,156,NA,598
"2022-02-26",165,74,12,95,156,60,153,NA,151,NA,NA,126,NA,106,88,195,263,43,114,9,NA,58,61,46,116,NA,548
"2022-02-27",166,126,2,119,159,77,114,NA,142,NA,NA,124,NA,119,51,230,250,43,62,6,NA,73,54,46,121,NA,504
"2022-02-28",170,342,4,121,193,56,179,NA,166,NA,NA,209,NA,150,49,214,315,29,5,22,NA,69,48,51,143,NA,678
"2022-03-01",164,416,5,89,148,77,181,NA,125,NA,NA,183,NA,96,51,145,311,31,341,16,NA,90,54,45,98,NA,708
"2022-03-02",152,568,5,91,166,64,188,NA,129,NA,NA,195,NA,105,39,169,320,25,341,22,NA,78,43,59,155,NA,730
"2022-03-03",118,636,4,96,138,72,154,NA,134,NA,NA,160,NA,114,33,143,275,27,458,19,NA,63,65,46,159,NA,798
"2022-03-04",124,718,6,46,152,90,149,NA,157,NA,NA,154,NA,116,25,153,388,29,306,20,NA,73,71,48,164,NA,710
"2022-03-05",110,432,5,100,163,59,128,NA,170,NA,NA,101,NA,79,31,134,284,57,171,4,NA,62,38,55,100,NA,539
"2022-03-06",104,512,2,109,146,69,153,NA,116,NA,NA,127,NA,95,59,132,242,40,125,1,NA,56,56,55,129,NA,583
"2022-03-07",127,626,2,72,148,93,145,NA,139,NA,NA,196,NA,98,39,162,315,43,365,28,NA,87,55,54,126,NA,749
"2022-03-08",143,254,8,11,153,48,185,NA,108,NA,NA,231,NA,77,16,0,373,32,363,35,NA,95,29,58,155,NA,656
"2022-03-09",136,180,5,24,149,64,180,NA,88,NA,NA,290,NA,100,9,0,260,25,343,21,NA,79,29,56,157,NA,691
"2022-03-10",154,181,5,3,173,75,187,NA,97,NA,NA,252,NA,77,24,0,226,25,400,13,NA,73,27,64,164,NA,694
"2022-03-11",136,193,3,0,123,57,206,NA,244,NA,NA,227,NA,72,36,0,302,29,337,9,NA,79,31,42,162,NA,740
"2022-03-12",126,138,7,6,146,68,139,NA,122,NA,NA,126,NA,114,53,0,250,41,145,1,NA,47,23,72,154,NA,608
"2022-03-13",102,151,5,2,138,70,135,NA,95,NA,NA,107,NA,58,30,0,170,42,149,1,NA,73,24,59,99,NA,581
"2022-03-14",134,201,7,0,148,58,165,NA,108,NA,NA,198,NA,82,20,0,347,30,331,23,NA,68,27,72,146,NA,888
"2022-03-15",156,276,8,11,164,81,143,NA,138,80,NA,269,NA,79,21,0,267,32,377,22,NA,67,24,57,138,NA,688
"2022-03-16",125,204,8,11,164,107,188,NA,117,98,NA,292,NA,57,21,0,270,29,298,9,NA,64,36,57,171,NA,801
"2022-03-17",129,274,4,7,153,74,160,NA,117,131,NA,279,NA,59,20,0,342,29,335,18,NA,68,30,55,128,NA,865
"2022-03-18",112,216,6,5,168,68,199,NA,115,109,NA,293,NA,90,89,0,285,30,357,17,NA,79,28,82,161,NA,943
"2022-03-19",165,118,1,10,144,94,175,NA,112,88,NA,167,NA,58,55,0,236,58,144,0,NA,67,35,89,136,NA,639
"2022-03-20",84,98,10,25,156,85,165,NA,99,90,NA,117,NA,52,63,0,188,50,140,7,NA,36,27,73,102,NA,681
"2022-03-21",175,236,9,12,180,84,188,NA,126,113,NA,321,NA,82,34,0,322,46,366,19,NA,98,38,85,129,NA,981
"2022-03-22",152,329,8,92,171,109,189,NA,165,102,NA,225,NA,149,41,180,262,24,41,19,NA,60,66,54,127,NA,661
"2022-03-23",164,367,2,86,171,84,193,NA,151,116,NA,206,NA,163,63,175,316,24,244,33,NA,72,45,58,156,NA,654
"2022-03-24",168,290,7,125,157,94,149,NA,151,88,NA,201,NA,166,36,185,274,11,235,10,NA,85,62,46,189,NA,692
"2022-03-25",164,273,11,83,137,70,184,NA,180,100,NA,188,NA,120,34,180,316,19,338,18,NA,77,67,62,170,NA,689
"2022-03-26",176,199,1,113,137,105,125,NA,160,82,NA,144,NA,143,69,254,241,53,148,4,NA,59,74,66,150,NA,522
"2022-03-27",142,185,1,100,133,70,113,NA,143,60,NA,145,NA,114,67,219,248,36,183,0,NA,49,60,45,134,NA,584
"2022-03-28",165,265,5,120,206,71,165,NA,180,141,NA,221,NA,145,40,203,372,29,378,32,NA,89,47,51,167,NA,796
"2022-03-29",184,278,5,89,174,81,137,NA,172,100,NA,222,NA,233,48,188,369,34,259,27,NA,93,64,32,153,NA,767
"2022-03-30",121,195,9,89,155,107,146,NA,133,86,NA,170,NA,200,36,147,386,32,249,14,NA,79,68,28,108,NA,625
"2022-03-31",129,214,4,97,187,95,120,NA,147,101,NA,182,NA,243,56,144,338,39,238,27,NA,75,64,45,138,NA,615
"2022-04-01",140,230,5,78,136,70,99,NA,140,127,NA,152,NA,231,40,147,290,22,180,35,NA,70,60,54,147,NA,651
"2022-04-02",184,0,13,116,139,83,104,NA,120,80,NA,177,NA,158,37,190,213,60,134,8,NA,89,55,57,123,NA,600
"2022-04-03",143,163,5,88,175,101,100,NA,122,90,NA,155,NA,149,47,215,274,48,143,3,NA,65,48,58,121,NA,514
"2022-04-04",159,356,6,97,187,58,164,NA,135,110,NA,268,NA,214,34,166,354,29,248,9,NA,103,57,64,158,NA,711
"2022-04-05",143,0,6,31,156,81,170,NA,122,96,NA,278,NA,90,40,0,320,44,371,21,NA,93,33,59,217,NA,991
"2022-04-06",141,0,3,12,154,91,156,NA,132,116,NA,276,NA,97,67,0,314,30,346,18,NA,82,26,58,136,NA,756
"2022-04-07",122,0,7,18,158,95,218,NA,117,85,NA,225,NA,86,54,0,360,25,356,19,NA,64,29,58,137,NA,780
"2022-04-08",150,0,11,20,126,100,209,NA,95,60,NA,191,NA,73,47,0,303,24,300,23,NA,62,23,54,159,NA,931
"2022-04-09",114,0,10,7,126,83,183,NA,117,88,NA,116,NA,81,54,0,203,61,131,2,NA,67,32,61,131,NA,696
"2022-04-10",143,0,2,23,108,89,141,NA,105,93,NA,136,NA,83,60,0,190,51,121,7,NA,74,40,49,102,NA,685
"2022-04-11",122,0,4,11,115,93,165,NA,144,102,NA,235,NA,78,74,0,262,26,372,13,NA,81,30,49,147,NA,798
"2022-04-12",118,0,6,19,177,70,171,NA,139,126,NA,148,NA,81,71,0,282,32,399,24,NA,114,27,74,152,NA,789
"2022-04-13",169,0,3,21,172,78,168,NA,96,109,NA,17,NA,73,48,99,265,39,422,12,NA,59,24,60,141,NA,827
"2022-04-14",171,0,4,29,157,74,165,NA,85,85,NA,198,NA,69,70,0,298,33,417,12,NA,79,31,48,152,NA,883
"2022-04-15",112,0,5,22,137,79,157,NA,103,104,NA,185,NA,82,57,0,279,29,307,16,NA,89,20,51,159,NA,723
"2022-04-16",126,0,7,17,135,65,145,NA,89,92,NA,96,NA,65,57,0,304,54,130,3,NA,89,43,69,154,NA,670
"2022-04-17",159,0,7,11,113,70,192,NA,90,93,NA,89,NA,62,50,0,209,40,133,4,NA,48,37,65,109,NA,659
"2022-04-18",149,0,9,31,176,58,173,NA,115,132,NA,168,NA,71,68,0,290,28,414,26,NA,96,27,62,176,NA,1045
"2022-04-19",194,342,5,96,120,81,137,NA,169,75,NA,208,NA,253,38,167,272,29,242,24,NA,111,54,28,145,NA,610
"2022-04-20",136,620,5,57,121,60,133,NA,132,91,NA,201,NA,227,49,129,360,29,207,18,NA,75,55,28,160,NA,618
"2022-04-21",193,310,4,71,138,66,138,NA,157,118,NA,186,NA,192,38,173,318,31,246,17,NA,68,48,47,207,NA,658
"2022-04-22",167,570,5,90,157,100,90,NA,171,86,NA,156,NA,173,58,233,279,44,150,4,NA,74,68,59,162,NA,551
"2022-04-23",157,318,9,60,162,86,91,NA,171,78,NA,111,NA,150,55,212,189,47,130,2,NA,40,47,76,132,NA,570
"2022-04-24",138,336,7,74,140,62,96,NA,121,61,NA,131,NA,158,37,196,224,41,102,9,NA,48,51,42,137,NA,511
"2022-04-25",149,135,7,61,184,74,82,NA,140,63,NA,138,NA,167,48,255,285,46,169,5,NA,58,51,70,171,NA,529
"2022-04-26",135,162,6,19,105,109,187,NA,89,100,NA,227,NA,146,63,162,210,32,181,16,NA,61,24,38,0,NA,720
"2022-04-27",121,148,8,86,106,60,249,NA,72,83,NA,245,NA,238,49,94,296,36,199,7,NA,79,21,54,0,NA,800
"2022-04-28",193,193,6,89,99,65,147,NA,93,149,NA,208,NA,82,36,97,270,31,157,6,NA,74,16,54,0,NA,658
"2022-04-29",140,179,5,21,101,68,195,NA,85,123,NA,213,NA,79,68,83,279,27,170,10,NA,74,18,55,0,NA,808
"2022-04-30",85,197,5,19,92,86,197,NA,93,74,NA,120,NA,62,57,0,293,59,84,1,NA,62,28,65,0,NA,495
"2022-05-01",110,159,5,11,100,NA,139,NA,76,93,NA,103,NA,83,58,135,208,59,106,0,NA,48,21,46,0,NA,421
"2022-05-02",109,159,9,91,128,NA,191,NA,90,82,NA,209,NA,78,53,0,231,32,174,3,NA,63,24,55,0,NA,656
"2022-05-03",123,0,11,19,177,NA,171,NA,139,136,NA,148,NA,81,71,0,282,32,399,24,NA,93,27,74,152,NA,789
"2022-05-04",149,0,7,21,172,NA,168,NA,96,106,NA,17,NA,73,48,99,265,39,422,12,NA,66,24,60,141,NA,827
"2022-05-05",111,0,4,29,157,NA,165,NA,85,149,NA,198,NA,69,70,0,298,33,417,12,NA,47,31,48,152,NA,883
"2022-05-06",98,0,7,22,137,NA,157,NA,103,99,NA,185,NA,82,57,0,279,29,307,16,NA,89,20,51,159,NA,723
"2022-05-07",147,0,8,17,135,NA,145,NA,89,83,NA,96,NA,65,57,0,304,54,130,3,NA,79,43,69,154,NA,670
"2022-05-08",143,0,6,11,113,NA,192,NA,90,90,NA,89,NA,62,50,0,209,40,133,4,NA,55,37,65,109,NA,659
"2022-05-09",136,0,13,31,176,NA,173,NA,115,122,NA,168,NA,71,68,0,290,28,414,26,NA,63,27,62,176,NA,1045
"2022-05-10",160,496,10,27,164,NA,163,NA,151,75,NA,156,NA,95,64,72,325,34,380,18,NA,83,26,67,179,NA,914
"2022-05-11",157,522,7,35,167,NA,171,NA,111,108,NA,158,NA,108,74,78,371,33,460,16,NA,60,33,69,146,NA,865
"2022-05-12",111,542,7,15,185,NA,200,NA,131,69,NA,127,NA,113,54,93,317,29,374,14,NA,64,21,52,151,NA,807
"2022-05-13",147,448,7,21,163,NA,171,NA,122,73,NA,153,NA,85,66,90,236,38,411,25,NA,79,24,64,115,NA,788
"2022-05-14",129,340,13,42,146,NA,161,NA,137,90,NA,118,NA,62,76,76,245,50,136,5,NA,51,43,78,118,NA,570
"2022-05-15",127,408,5,24,129,NA,165,NA,101,104,NA,87,NA,84,62,79,206,41,124,7,NA,71,36,91,85,NA,705
"2022-05-16",132,414,5,40,163,NA,170,NA,118,87,NA,207,NA,85,96,81,286,43,409,19,NA,87,36,75,120,NA,875
"2022-05-17",118,246,9,132,141,NA,308,NA,90,80,NA,211,NA,105,27,77,250,38,159,13,NA,71,15,49,0,NA,677
"2022-05-18",188,199,10,88,156,NA,221,NA,73,108,NA,192,NA,92,54,144,274,25,186,11,NA,60,23,53,0,NA,703
"2022-05-19",139,211,4,104,141,NA,173,NA,109,129,NA,123,NA,88,68,151,313,30,151,3,NA,72,25,55,0,NA,637
"2022-05-20",145,245,7,84,189,NA,227,NA,95,93,NA,145,NA,90,26,83,270,21,141,8,NA,78,25,64,0,NA,631
"2022-05-21",171,205,5,93,109,NA,170,NA,118,86,NA,39,NA,72,65,171,193,52,108,3,NA,86,15,61,0,NA,565
"2022-05-22",132,214,4,50,97,NA,163,NA,105,66,NA,49,NA,73,62,168,230,46,122,2,NA,57,25,54,0,NA,432
"2022-05-23",178,203,5,98,130,NA,199,NA,97,117,NA,110,NA,102,34,121,335,38,150,19,NA,91,14,51,1,NA,762
"2022-05-24",190,436,6,88,141,NA,170,NA,157,110,NA,227,NA,256,25,192,306,35,352,52,NA,114,51,65,174,NA,730
"2022-05-25",178,418,5,86,159,NA,126,NA,140,116,NA,213,NA,211,38,172,319,36,294,36,NA,97,45,68,148,NA,800
"2022-05-26",203,0,6,89,163,NA,155,NA,127,74,NA,219,NA,219,51,183,270,20,319,18,NA,100,56,48,172,NA,672
"2022-05-27",194,406,5,91,140,NA,145,NA,156,99,NA,188,NA,244,35,175,251,38,189,32,NA,76,48,44,210,NA,659
"2022-05-28",147,197,5,70,154,NA,138,NA,146,132,NA,184,NA,183,70,171,261,35,132,6,NA,67,60,62,132,NA,572
"2022-05-29",159,354,2,82,148,NA,121,NA,122,116,NA,176,NA,190,59,185,271,42,86,6,NA,62,51,49,186,NA,596
"2022-05-30",124,233,5,91,184,NA,121,NA,131,90,NA,148,NA,185,89,210,231,52,153,5,NA,63,61,47,214,NA,579
"2022-05-31",160,492,4,26,119,NA,143,NA,138,111,NA,200,NA,299,57,0,210,39,424,12,NA,119,55,48,106,NA,1231
"2022-06-01",107,542,7,79,126,NA,192,NA,128,108,NA,167,NA,101,54,0,289,32,358,15,NA,60,42,54,124,NA,840
"2022-06-02",138,210,4,79,139,NA,210,NA,87,69,NA,158,NA,216,36,0,308,33,163,14,NA,90,28,83,117,NA,666
"2022-06-03",147,192,5,24,130,NA,180,NA,92,81,NA,118,NA,225,66,0,260,25,411,10,NA,75,37,64,127,NA,665
"2022-06-04",138,204,6,25,119,NA,177,NA,137,79,NA,98,NA,82,65,0,229,37,124,2,NA,51,52,58,110,NA,581
"2022-06-05",124,354,7,59,137,NA,84,NA,136,114,NA,151,NA,57,55,0,223,46,91,3,NA,61,50,60,89,NA,677
"2022-06-06",139,159,5,86,146,NA,131,NA,110,120,NA,206,NA,276,28,0,436,25,357,19,NA,85,40,52,147,NA,1019
"2022-06-07",126,460,12,56,163,NA,190,NA,115,100,NA,169,NA,106,35,0,283,44,259,15,NA,122,55,45,144,NA,806
"2022-06-08",110,428,4,25,171,NA,167,NA,165,118,NA,263,NA,94,36,0,315,27,358,13,NA,69,5,67,136,NA,621
"2022-06-09",101,203,6,41,132,NA,171,NA,90,100,NA,162,NA,118,68,0,308,33,239,22,NA,65,25,54,173,NA,708
"2022-06-10",128,179,5,73,110,NA,116,NA,97,83,NA,213,NA,130,52,0,284,30,141,15,NA,79,91,36,147,NA,665
"2022-06-11",125,274,9,75,142,NA,171,NA,134,86,NA,135,NA,35,54,0,229,57,170,13,NA,57,15,63,117,NA,632
"2022-06-12",124,274,4,108,143,NA,124,NA,115,73,NA,102,NA,57,62,0,218,55,101,4,NA,64,23,69,108,NA,432
"2022-06-13",131,548,5,105,150,NA,246,NA,90,84,NA,295,NA,250,42,0,289,25,456,4,NA,95,24,59,140,NA,752
"2022-06-14",127,214,12,119,163,NA,206,NA,143,104,NA,159,NA,322,51,0,239,28,187,10,NA,122,29,65,124,NA,842
"2022-06-15",147,584,7,88,149,NA,258,NA,143,131,NA,183,NA,101,31,0,277,41,243,25,NA,78,78,60,137,NA,625
"2022-06-16",134,508,5,41,127,NA,197,NA,134,100,NA,167,NA,84,34,0,303,40,254,20,NA,80,26,60,124,NA,702
"2022-06-17",145,588,5,63,160,NA,124,NA,119,117,NA,171,NA,79,44,0,230,34,269,28,NA,90,22,41,120,NA,631
"2022-06-18",104,290,9,116,159,NA,174,NA,167,74,NA,86,NA,82,55,0,275,39,106,9,NA,74,58,58,132,NA,584
"2022-06-19",124,209,2,100,134,NA,102,NA,128,104,NA,102,NA,74,45,0,157,47,151,2,NA,61,63,69,124,NA,601
"2022-06-20",141,470,8,86,111,NA,168,NA,96,104,NA,156,NA,95,50,0,314,38,170,10,NA,85,43,57,145,NA,1886
"2022-06-21",157,584,8,99,169,NA,151,NA,122,103,NA,181,NA,111,32,184,258,29,249,13,NA,49,65,58,108,NA,684
"2022-06-22",120,516,2,103,152,NA,174,NA,134,90,NA,150,NA,123,51,158,321,22,258,15,NA,67,74,57,152,NA,588
"2022-06-23",126,532,5,85,144,NA,121,NA,119,64,NA,144,NA,78,34,125,316,26,313,23,NA,106,67,60,158,NA,475
"2022-06-24",99,478,4,65,148,NA,158,NA,152,67,NA,137,NA,96,46,138,280,27,248,16,NA,109,79,37,130,NA,668
"2022-06-25",133,298,0,52,152,NA,98,NA,134,61,NA,128,NA,47,63,159,265,38,136,7,NA,77,69,20,108,NA,535
"2022-06-26",142,280,1,72,149,NA,133,NA,114,63,NA,102,NA,43,56,135,168,36,130,9,NA,74,53,40,100,NA,527
"2022-06-27",156,470,4,77,151,NA,112,NA,121,98,NA,126,NA,68,46,125,314,24,285,23,NA,70,81,35,183,NA,737
"2022-06-28",157,584,8,99,169,NA,151,NA,122,103,NA,181,NA,111,32,184,258,29,249,13,NA,49,65,58,108,NA,684
"2022-06-29",120,516,2,103,152,NA,174,NA,134,90,NA,150,NA,123,51,158,321,22,258,15,NA,67,74,57,152,NA,588
"2022-06-30",126,532,5,85,144,NA,121,NA,119,64,NA,144,NA,78,34,125,316,26,313,23,NA,106,67,60,158,NA,475
"2022-07-01",99,478,4,65,148,NA,158,NA,152,67,NA,137,NA,96,46,138,280,27,248,16,NA,109,79,37,130,NA,668
"2022-07-02",133,298,0,52,152,NA,98,NA,134,61,NA,128,NA,47,63,159,265,38,136,7,NA,77,69,20,108,NA,535
"2022-07-03",142,280,1,72,149,NA,133,NA,114,63,NA,102,NA,43,56,135,168,36,130,9,NA,74,53,40,100,NA,527
"2022-07-04",156,470,4,77,151,NA,112,NA,121,98,NA,126,NA,68,46,125,314,24,285,23,NA,70,81,35,183,NA,737
"2022-07-05",125,494,4,37,164,NA,179,NA,120,95,NA,142,NA,78,47,108,306,33,439,12,NA,73,34,60,136,NA,978
"2022-07-06",155,388,9,38,157,NA,149,NA,118,139,NA,140,NA,88,68,1,254,34,343,7,NA,72,48,50,106,NA,923
"2022-07-07",154,494,6,49,158,NA,158,NA,102,97,NA,146,NA,84,68,92,334,31,358,8,NA,47,42,69,112,NA,859
"2022-07-08",120,394,3,35,125,NA,207,NA,143,87,NA,118,NA,87,41,100,241,30,325,10,NA,69,48,56,117,NA,836
"2022-07-09",146,302,6,25,118,NA,175,NA,99,87,NA,147,NA,54,64,103,203,51,170,8,NA,66,32,54,119,NA,708
"2022-07-10",124,274,2,34,131,NA,175,NA,112,105,NA,99,NA,57,68,103,197,46,185,4,NA,49,44,75,121,NA,761
"2022-07-11",178,408,3,39,145,NA,168,NA,109,106,NA,167,NA,95,40,90,242,36,422,16,NA,90,40,65,117,NA,1019
"2022-07-12",126,214,1,54,120,NA,223,NA,110,129,NA,101,NA,105,46,181,258,36,181,15,NA,73,24,58,0,NA,717
"2022-07-13",142,207,4,74,103,NA,166,NA,82,80,NA,147,NA,94,46,0,267,36,173,2,NA,90,28,73,0,NA,717
"2022-07-14",187,203,2,96,117,NA,177,NA,82,64,NA,154,NA,86,47,156,295,30,169,13,NA,90,15,44,0,NA,738
"2022-07-15",123,208,5,54,115,NA,202,NA,98,103,NA,171,NA,130,45,145,377,28,181,16,NA,58,24,36,0,NA,926
"2022-07-16",140,213,6,92,104,NA,149,NA,92,104,NA,55,NA,82,75,179,203,45,107,4,NA,68,31,45,0,NA,628
"2022-07-17",133,148,5,85,99,NA,129,NA,66,104,NA,23,NA,64,45,104,197,46,86,2,NA,57,21,49,0,NA,516
"2022-07-18",141,220,1,82,126,NA,178,NA,93,111,NA,160,NA,78,18,82,322,37,191,11,NA,85,17,40,0,NA,767
"2022-07-19",130,255,4,0,102,NA,226,NA,78,96,NA,123,NA,55,54,0,258,29,168,12,NA,76,25,54,0,NA,885
"2022-07-20",125,197,5,0,139,NA,210,NA,80,131,NA,80,NA,87,37,80,268,38,141,11,NA,154,25,63,0,NA,745
"2022-07-21",124,216,4,1,112,NA,244,NA,101,108,NA,101,NA,66,44,125,316,40,166,7,NA,64,30,51,0,NA,422
"2022-07-22",160,245,0,3,118,NA,230,NA,100,148,9,97,NA,79,37,0,257,31,157,11,NA,84,28,57,0,NA,712
"2022-07-23",151,256,6,0,121,NA,168,NA,110,107,6,53,NA,55,56,171,233,58,99,3,NA,52,46,67,0,NA,717
"2022-07-24",162,213,1,0,111,NA,151,NA,107,63,10,26,NA,72,46,0,157,65,105,4,NA,64,39,67,0,NA,578
"2022-07-25",158,247,5,4,144,NA,254,NA,102,83,16,105,NA,72,50,140,399,36,213,17,NA,86,16,61,0,NA,873
"2022-07-26",159,608,5,61,186,NA,147,NA,138,122,5,150,NA,272,28,192,311,27,316,19,NA,74,43,43,107,NA,600
"2022-07-27",127,492,6,119,197,NA,123,NA,154,94,34,166,NA,263,37,192,317,38,161,18,NA,69,58,61,143,NA,593
"2022-07-28",134,450,6,78,163,NA,113,NA,161,62,12,158,NA,269,52,162,263,22,211,9,NA,49,35,64,151,NA,516
"2022-07-29",138,654,2,86,156,NA,116,NA,142,104,9,164,NA,265,28,176,305,23,224,20,NA,93,41,53,145,NA,558
"2022-07-30",139,476,0,58,197,NA,138,NA,143,103,5,105,NA,191,40,182,327,68,147,11,NA,55,43,65,166,NA,482
"2022-07-31",146,203,3,67,152,NA,110,NA,155,89,7,113,NA,202,45,188,349,36,136,6,NA,46,46,66,113,NA,600
"2022-08-01",153,520,4,73,170,NA,112,NA,165,124,9,197,NA,274,41,152,346,30,253,28,NA,76,41,47,127,NA,752
"2022-08-02",115,516,1,130,150,NA,159,NA,129,120,5,149,NA,94,53,136,324,18,217,7,NA,78,59,0,177,NA,638
"2022-08-03",136,502,4,76,153,NA,147,NA,144,117,13,148,NA,124,43,136,268,32,241,37,NA,69,49,0,182,NA,546
"2022-08-04",155,586,2,61,141,NA,145,NA,110,94,12,163,NA,106,44,141,312,18,207,26,NA,73,57,0,222,NA,477
"2022-08-05",135,496,6,77,155,NA,152,NA,123,103,9,144,NA,90,44,167,271,27,214,22,NA,58,59,0,191,NA,536
"2022-08-06",127,362,3,86,174,NA,104,NA,134,101,6,126,NA,79,75,188,196,33,145,0,NA,62,52,0,182,NA,462
"2022-08-07",133,358,7,78,167,NA,87,NA,107,75,7,167,NA,89,63,160,211,34,121,4,NA,68,74,0,131,NA,512
"2022-08-08",162,422,6,129,187,NA,174,NA,119,83,8,176,NA,144,50,171,282,27,280,11,NA,89,73,0,230,NA,590
"2022-08-09",145,402,1,53,165,NA,154,NA,131,105,18,179,NA,301,29,0,377,15,272,9,NA,49,39,59,72,NA,885
"2022-08-10",120,484,2,48,204,NA,153,NA,89,77,34,186,NA,108,39,0,267,33,336,24,NA,80,43,50,110,NA,714
"2022-08-11",155,536,2,0,148,NA,167,NA,112,134,14,140,NA,76,48,0,371,19,284,7,NA,72,42,71,126,NA,672
"2022-08-12",123,188,7,79,173,NA,170,NA,125,103,7,104,NA,104,29,0,305,26,169,20,NA,61,25,0,115,NA,707
"2022-08-13",127,248,3,70,167,NA,151,NA,157,107,5,29,NA,62,67,0,181,59,124,5,NA,95,54,48,93,NA,680
"2022-08-14",106,386,6,51,153,NA,126,NA,95,114,10,120,NA,182,57,0,277,52,99,3,NA,58,35,67,91,NA,519
"2022-08-15",142,247,0,39,197,NA,170,NA,130,75,11,173,NA,76,33,0,287,29,244,15,NA,45,67,54,112,NA,603
"2022-08-16",154,322,6,87,165,NA,111,NA,164,150,19,138,NA,295,30,188,382,35,230,16,NA,79,39,50,176,NA,650
"2022-08-17",127,568,5,117,176,NA,106,NA,136,113,11,125,NA,291,44,155,362,27,217,22,NA,81,41,63,147,NA,714
"2022-08-18",155,184,9,100,189,NA,115,NA,160,118,12,157,NA,250,31,132,257,31,243,36,NA,76,48,61,149,NA,635
"2022-08-19",150,562,1,64,188,NA,116,NA,134,91,6,136,NA,243,42,169,340,25,190,24,NA,62,36,58,167,NA,692
"2022-08-20",187,476,5,82,208,NA,90,NA,164,66,5,104,NA,181,33,193,261,59,157,11,NA,46,51,47,115,NA,681
"2022-08-21",167,205,1,77,180,NA,102,NA,108,100,15,119,NA,185,50,195,262,43,127,2,NA,47,37,57,112,NA,550
"2022-08-22",118,464,3,63,185,NA,96,NA,167,92,8,115,NA,209,56,175,264,47,161,4,NA,67,50,58,150,NA,534
"2022-08-23",181,432,4,108,140,NA,187,NA,135,86,3,138,NA,117,48,153,281,21,227,23,NA,96,60,54,128,NA,574
"2022-08-24",151,568,6,86,140,NA,149,NA,137,74,6,173,NA,123,39,127,288,24,230,31,NA,80,67,48,139,NA,597
"2022-08-25",134,460,6,103,148,NA,100,NA,111,111,5,21,NA,97,39,137,258,17,295,20,NA,69,58,8,126,NA,566
"2022-08-26",178,654,2,54,151,NA,140,NA,130,109,7,98,NA,101,37,131,283,19,245,23,NA,66,55,0,158,NA,501
"2022-08-27",124,468,9,91,161,NA,100,NA,123,87,10,117,NA,84,75,163,181,32,119,8,NA,60,72,0,112,NA,429
"2022-08-28",141,366,6,91,130,NA,95,NA,126,82,9,96,NA,73,91,159,264,41,131,3,NA,65,65,1,157,NA,469
"2022-08-29",116,556,2,105,156,NA,175,NA,143,131,7,153,NA,116,41,158,300,23,269,25,NA,68,65,0,144,NA,529
"2022-08-30",148,186,0,1,122,NA,175,NA,98,95,9,122,NA,69,28,157,304,33,190,12,NA,76,27,61,0,NA,677
"2022-08-31",127,198,6,0,131,NA,147,NA,86,86,12,92,NA,67,40,0,257,27,162,12,NA,69,27,68,0,NA,971
"2022-09-01",157,197,8,0,137,NA,142,NA,98,96,5,104,NA,65,47,153,371,26,187,14,NA,76,20,59,15,NA,1126
"2022-09-02",132,226,6,2,113,NA,160,NA,112,96,8,128,NA,59,29,151,366,28,132,13,NA,58,21,54,3,NA,644
"2022-09-03",156,152,0,0,86,NA,128,NA,92,87,5,40,NA,47,56,190,187,50,67,7,NA,55,27,45,0,NA,541
"2022-09-04",154,138,6,0,97,NA,143,NA,91,57,15,35,NA,45,59,0,262,45,83,3,NA,47,27,48,0,NA,524
"2022-09-05",155,205,10,3,125,NA,234,NA,136,111,10,141,NA,60,33,97,416,22,182,11,NA,76,34,52,0,NA,823
"2022-09-06",133,227,3,0,103,NA,168,NA,99,95,9,108,NA,84,40,0,382,28,139,9,NA,83,36,62,0,NA,731
"2022-09-07",172,212,5,2,111,NA,162,NA,74,94,8,108,NA,58,43,0,323,34,184,14,NA,61,36,61,1,NA,696
"2022-09-08",123,184,6,0,117,NA,159,NA,110,96,11,89,NA,64,23,167,270,35,120,7,NA,76,22,58,0,NA,678
"2022-09-09",159,150,0,1,108,NA,159,NA,90,97,9,104,NA,48,74,152,290,32,131,12,NA,93,35,52,0,NA,649
"2022-09-10",187,165,0,0,123,NA,146,NA,94,92,9,34,NA,75,92,79,235,56,82,2,NA,61,20,67,0,NA,627
"2022-09-11",143,120,7,0,105,NA,103,NA,91,97,10,34,NA,86,65,0,241,32,70,4,NA,57,24,63,0,NA,552
"2022-09-12",128,148,0,0,105,NA,138,NA,111,114,12,34,NA,82,24,173,255,55,93,2,NA,85,23,67,0,NA,643
"2022-09-13",148,322,0,77,164,NA,178,NA,80,139,9,93,NA,270,50,0,345,26,236,5,NA,60,43,66,132,NA,789
"2022-09-14",146,342,0,47,110,NA,151,NA,171,113,16,190,NA,244,35,0,321,28,177,13,NA,86,24,51,101,NA,1684
"2022-09-15",148,197,0,54,146,NA,159,NA,112,94,8,151,NA,205,48,0,257,26,229,24,NA,63,52,68,112,NA,672
"2022-09-16",143,478,1,112,158,NA,201,NA,101,103,6,160,NA,59,49,0,277,28,174,0,NA,70,48,54,119,NA,752
"2022-09-17",114,582,5,0,171,NA,90,NA,164,70,10,47,NA,69,92,0,306,42,171,3,NA,62,54,47,130,NA,1310
"2022-09-18",122,212,5,1,153,NA,121,NA,107,96,7,109,NA,64,60,0,241,45,128,5,NA,47,31,59,121,NA,535
"2022-09-19",166,281,5,90,142,NA,166,NA,107,88,13,182,NA,209,33,0,288,24,233,20,NA,78,24,80,134,NA,1702
"2022-09-20",148,216,2,3,122,NA,146,NA,106,101,19,109,NA,69,22,0,332,33,140,9,NA,99,25,60,146,NA,732
"2022-09-21",133,206,0,2,105,NA,132,NA,100,84,16,94,NA,74,57,0,321,24,184,12,NA,86,24,66,139,NA,637
"2022-09-22",120,191,1,0,117,NA,134,NA,97,97,9,116,NA,83,25,101,406,43,190,6,NA,85,13,73,124,NA,501
"2022-09-23",111,244,5,2,121,NA,107,NA,114,103,10,120,NA,77,37,0,298,24,211,22,NA,65,16,66,133,NA,708
"2022-09-24",144,254,1,2,103,NA,138,NA,90,115,9,89,NA,117,31,0,266,36,88,2,NA,57,25,73,116,NA,510
"2022-09-25",94,168,3,0,105,NA,135,NA,76,82,7,48,NA,89,76,70,290,46,92,2,NA,40,30,61,80,NA,485
"2022-09-26",128,281,4,0,144,NA,180,NA,123,88,8,116,NA,109,69,67,351,43,177,16,NA,81,32,76,118,NA,724
"2022-09-27",93,488,3,103,182,NA,167,NA,163,100,12,145,NA,251,34,252,262,30,198,32,NA,90,48,53,132,NA,593
"2022-09-28",133,277,0,114,177,NA,157,NA,140,116,14,170,NA,195,47,191,321,38,236,24,NA,59,42,69,138,NA,710
"2022-09-29",157,574,1,99,189,NA,146,NA,152,84,9,171,NA,216,32,228,329,28,250,37,NA,63,51,68,139,NA,704
"2022-09-30",170,536,2,75,179,NA,116,NA,154,101,7,156,NA,283,37,210,358,20,219,26,NA,99,55,49,146,NA,697
"2022-10-01",115,176,3,43,160,NA,83,NA,171,149,4,157,NA,183,59,167,341,49,132,8,NA,62,55,71,135,NA,611
"2022-10-02",140,138,0,91,191,NA,113,NA,133,114,12,156,NA,213,63,195,308,40,106,3,NA,71,35,66,118,NA,592
"2022-10-03",166,488,1,120,197,NA,183,NA,163,135,12,216,NA,300,39,216,355,29,329,25,NA,88,42,63,154,NA,729
"2022-10-04",104,216,1,79,162,NA,133,NA,172,116,5,184,NA,270,51,0,332,37,248,19,NA,103,41,39,156,NA,796
"2022-10-05",130,422,2,129,168,NA,144,NA,188,86,11,163,NA,316,40,165,292,25,267,18,NA,62,42,37,143,NA,885
"2022-10-06",132,526,0,94,161,NA,149,NA,172,110,13,161,NA,253,36,166,445,23,241,33,NA,62,42,61,128,NA,641
"2022-10-07",111,178,0,130,180,NA,111,NA,138,104,7,133,NA,211,38,56,366,31,221,26,NA,60,46,56,130,NA,748
"2022-10-08",144,146,0,74,209,NA,92,NA,133,88,7,137,NA,191,41,181,237,50,145,5,NA,73,35,50,117,NA,1148
"2022-10-09",154,258,2,98,180,NA,114,NA,128,123,7,118,NA,204,31,193,346,48,132,4,NA,77,51,45,126,NA,488
"2022-10-10",130,488,10,113,211,NA,147,NA,189,106,14,193,NA,309,43,180,416,35,320,31,NA,113,49,57,133,NA,753
"2022-10-11",138,226,1,9,145,NA,128,NA,87,83,9,130,NA,80,43,127,335,30,186,19,NA,81,22,65,101,NA,566
"2022-10-12",183,220,1,2,136,NA,123,NA,112,113,12,111,NA,90,33,159,286,32,120,9,NA,76,27,53,113,NA,631
"2022-10-13",121,266,0,1,117,NA,137,NA,109,88,6,120,NA,66,42,146,349,26,147,10,NA,70,23,53,97,NA,565
"2022-10-14",116,243,0,3,114,NA,166,NA,88,109,8,124,NA,62,33,0,334,28,130,9,NA,78,24,62,98,NA,654
"2022-10-15",144,216,0,4,110,NA,130,NA,131,115,10,41,NA,42,46,82,245,60,108,6,NA,58,24,61,139,NA,497
"2022-10-16",94,167,2,4,97,NA,123,NA,85,96,12,44,NA,67,65,91,280,50,83,7,NA,93,28,82,94,NA,448
"2022-10-17",173,260,4,2,137,NA,141,NA,103,88,14,135,NA,81,57,194,336,37,171,9,NA,100,27,56,117,NA,730
"2022-10-18",141,366,1,54,119,NA,160,NA,80,98,16,170,NA,79,22,86,377,31,330,29,NA,81,49,41,103,NA,1332
"2022-10-19",146,506,4,50,142,NA,132,NA,84,94,12,145,NA,113,35,0,463,37,420,23,NA,64,53,56,125,NA,1456
"2022-10-20",140,444,2,54,153,NA,135,NA,104,97,6,132,NA,136,59,0,509,28,327,17,NA,104,52,54,133,NA,1382
"2022-10-21",134,450,0,43,154,NA,168,NA,101,88,7,125,NA,91,31,0,445,25,287,19,NA,67,39,40,102,NA,1124
"2022-10-22",146,308,0,39,118,NA,141,NA,129,101,11,68,NA,77,23,0,334,39,170,5,NA,62,62,60,110,NA,1138
"2022-10-23",160,272,0,73,144,NA,142,NA,86,57,23,68,NA,64,37,0,286,46,139,8,NA,44,52,55,118,NA,1044
"2022-10-24",143,384,2,84,139,NA,166,NA,120,84,7,150,NA,95,35,0,390,24,377,21,NA,76,50,58,137,NA,1584
"2022-10-25",141,502,4,110,183,NA,140,NA,169,120,16,170,NA,274,40,181,427,30,241,21,NA,66,34,72,102,NA,739
"2022-10-26",143,578,4,138,182,NA,148,NA,178,100,5,169,NA,244,53,145,277,28,216,32,NA,71,36,74,125,NA,681
"2022-10-27",125,460,1,104,211,NA,171,NA,182,94,6,160,NA,237,34,165,309,23,211,28,NA,100,44,51,113,NA,625
"2022-10-28",150,698,3,100,204,NA,143,NA,163,100,8,164,NA,214,25,159,326,29,191,14,NA,84,38,70,117,NA,568
"2022-10-29",142,430,0,82,195,NA,69,NA,136,96,3,101,NA,193,34,187,322,37,95,4,NA,73,47,50,130,NA,560
"2022-10-30",147,202,9,87,220,NA,78,NA,135,89,16,111,NA,137,33,166,317,39,108,8,NA,46,33,54,74,NA,626
"2022-10-31",144,494,3,138,202,NA,153,NA,193,74,8,128,NA,234,36,169,357,30,239,15,NA,83,36,55,107,NA,720
"2022-11-01",111,205,2,84,186,NA,151,NA,138,94,11,112,NA,241,15,159,335,22,220,31,NA,95,47,59,122,NA,610
"2022-11-02",134,440,1,81,167,NA,172,NA,164,69,11,159,NA,253,28,66,377,24,232,32,NA,65,44,60,145,NA,751
"2022-11-03",137,200,1,66,175,NA,134,NA,163,97,9,156,NA,250,38,144,298,21,309,15,NA,75,43,48,144,NA,815
"2022-11-04",144,440,6,107,206,NA,141,NA,128,84,5,162,NA,208,28,179,304,23,286,18,NA,65,36,57,124,NA,741
"2022-11-05",121,284,5,62,198,NA,98,NA,120,94,10,0,NA,146,31,177,301,48,160,1,NA,83,58,62,96,NA,633
"2022-11-06",100,167,0,105,188,NA,87,NA,100,88,23,138,NA,121,30,170,370,36,130,0,NA,60,59,71,106,NA,476
"2022-11-07",179,430,2,98,191,NA,111,NA,141,93,12,131,NA,230,24,136,351,22,231,22,NA,81,39,66,174,NA,753
"2022-11-08",156,252,5,67,139,NA,198,NA,149,130,5,149,NA,279,15,0,380,20,186,8,NA,63,22,47,142,NA,1794
"2022-11-09",119,248,1,1,210,NA,167,NA,155,80,6,159,NA,232,42,0,377,25,250,20,NA,68,66,54,145,NA,636
"2022-11-10",114,498,1,65,117,NA,167,NA,126,69,6,153,NA,237,50,0,275,26,251,6,NA,66,34,58,180,NA,561
"2022-11-11",144,486,6,93,116,NA,95,NA,130,76,7,115,NA,124,25,0,279,28,281,9,NA,65,39,66,137,NA,1600
"2022-11-12",114,196,4,95,3,NA,152,NA,140,70,24,58,NA,69,63,0,244,67,117,8,NA,57,51,46,103,NA,560
"2022-11-13",132,348,2,91,171,NA,109,NA,120,89,13,91,NA,171,69,0,244,42,142,15,NA,53,80,47,74,NA,1278
"2022-11-14",167,528,0,74,160,NA,222,NA,132,83,12,160,NA,141,29,0,377,31,302,11,NA,69,36,48,114,NA,730
"2022-11-15",141,528,3,110,183,NA,140,NA,169,120,11,170,NA,274,40,181,427,30,241,21,NA,66,34,72,102,NA,739
"2022-11-16",143,234,0,138,182,NA,148,NA,178,100,11,169,NA,244,53,145,277,28,216,32,NA,71,36,74,125,NA,681
"2022-11-17",125,526,0,104,211,NA,171,NA,182,94,9,160,NA,237,34,165,309,23,211,28,NA,100,44,51,113,NA,625
"2022-11-18",150,434,3,100,204,NA,143,NA,163,100,8,164,NA,214,25,159,326,29,191,14,NA,84,38,70,117,NA,568
"2022-11-19",142,306,0,82,195,NA,69,NA,136,96,10,101,NA,193,34,187,322,37,95,4,NA,73,47,50,130,NA,560
"2022-11-20",147,328,2,87,220,NA,78,NA,135,89,7,111,NA,137,33,166,317,39,108,8,NA,46,33,54,74,NA,626
"2022-11-21",144,636,1,138,202,NA,153,NA,193,74,8,128,NA,234,36,169,357,30,239,15,NA,83,36,55,107,NA,720
"2022-11-22",134,211,4,17,163,NA,139,NA,146,79,12,140,NA,274,56,0,254,22,224,14,NA,73,32,61,123,NA,650
"2022-11-23",159,227,1,4,132,NA,189,NA,143,76,24,169,NA,128,40,0,387,21,298,32,NA,40,36,86,125,NA,614
"2022-11-24",156,200,5,62,132,NA,116,NA,145,118,9,162,NA,113,26,0,267,14,310,21,NA,47,31,51,84,NA,565
"2022-11-25",116,256,1,78,129,NA,144,NA,148,100,8,146,NA,76,35,0,307,39,202,9,349,84,25,62,118,NA,1538
"2022-11-26",131,364,0,41,137,NA,98,NA,144,80,24,142,NA,83,43,0,256,47,103,9,182,51,40,47,111,NA,448
"2022-11-27",174,165,3,4,183,NA,105,NA,135,62,5,104,NA,46,43,0,251,30,92,7,313,66,51,47,126,NA,535
"2022-11-28",131,438,2,15,160,NA,190,NA,114,117,10,214,NA,156,57,0,383,30,171,16,423,64,54,56,117,NA,857
"2022-11-29",240,544,0,76,138,NA,152,NA,107,79,11,164,NA,152,23,68,442,31,505,22,187,72,46,47,100,NA,1680
"2022-11-30",190,534,0,51,147,NA,199,NA,98,100,5,168,NA,118,49,93,375,24,387,24,415,77,59,56,92,NA,1676
"2022-12-01",168,492,2,62,145,NA,174,NA,115,129,10,136,NA,81,50,87,322,32,354,20,273,47,67,50,119,NA,1622
"2022-12-02",142,440,1,52,120,NA,156,NA,89,100,6,139,NA,93,28,67,329,27,321,17,260,85,64,40,128,NA,1600
"2022-12-03",139,366,4,83,148,NA,140,NA,112,79,6,126,NA,66,44,71,246,61,139,10,146,56,46,60,91,NA,1526
"2022-12-04",143,348,1,76,149,NA,154,NA,112,109,4,114,NA,92,56,72,294,37,146,11,363,65,67,54,96,NA,1262
"2022-12-05",171,526,0,74,165,NA,175,NA,125,117,10,211,NA,94,35,76,345,32,418,13,416,79,54,69,117,NA,1618
"2022-12-06",206,205,1,136,174,NA,155,NA,189,115,11,144,NA,273,28,182,322,32,259,26,402,70,48,55,150,NA,692
"2022-12-07",124,534,7,120,196,NA,126,NA,127,110,8,150,NA,239,27,198,367,27,191,41,469,82,51,65,135,NA,652
"2022-12-08",118,720,1,89,185,NA,110,NA,154,83,13,163,NA,263,42,172,361,24,213,33,205,66,50,77,84,NA,650
"2022-12-09",125,254,4,183,240,NA,114,NA,153,91,5,169,NA,224,43,159,309,22,279,14,438,89,49,54,149,NA,603
"2022-12-10",155,149,2,161,181,NA,73,NA,144,111,4,108,NA,168,39,155,266,53,103,6,306,74,49,60,95,NA,491
"2022-12-11",174,462,7,90,208,NA,68,NA,132,68,9,107,NA,163,41,205,264,40,137,15,360,93,48,60,118,NA,516
"2022-12-12",145,338,2,159,226,NA,105,NA,176,117,8,175,NA,249,29,185,887,25,243,23,423,76,53,45,165,NA,764
"2022-12-13",159,372,1,89,184,NA,139,NA,141,93,20,163,NA,132,40,0,231,32,376,14,289,85,21,45,142,NA,651
"2022-12-14",159,462,1,97,142,NA,142,NA,91,100,24,178,NA,154,53,0,450,20,221,28,310,67,27,66,146,NA,1574
"2022-12-15",145,502,2,88,211,NA,121,NA,127,104,3,153,NA,119,47,0,236,29,172,25,411,100,64,52,167,NA,522
"2022-12-16",104,434,1,93,158,NA,114,NA,128,90,5,134,NA,124,39,0,212,20,214,14,283,46,38,59,98,NA,620
"2022-12-17",106,146,2,41,120,NA,154,NA,144,92,11,108,NA,123,36,0,264,49,128,2,295,74,44,37,159,NA,721
"2022-12-18",147,320,5,58,171,NA,70,NA,169,68,16,34,NA,51,49,0,245,42,132,15,199,67,22,48,91,NA,548
"2022-12-19",123,580,4,93,120,NA,144,NA,169,102,11,128,NA,253,50,0,251,25,352,15,397,74,44,50,180,NA,1652
"2022-12-20",172,472,3,70,197,NA,162,NA,160,103,6,177,NA,85,25,174,342,33,214,33,270,72,62,58,130,NA,873
"2022-12-21",144,506,4,70,135,NA,132,NA,156,100,8,117,NA,145,34,203,305,20,313,28,290,71,68,48,138,NA,681
"2022-12-22",154,400,6,71,157,NA,128,NA,173,95,12,121,NA,148,28,168,327,18,216,23,255,76,58,58,123,NA,635
"2022-12-23",138,570,2,80,150,NA,147,NA,165,123,8,150,NA,121,31,151,353,32,244,39,348,78,50,44,113,NA,746
"2022-12-24",116,330,3,64,187,NA,95,NA,125,71,4,299,NA,87,44,178,293,43,126,9,199,65,57,45,105,NA,583
"2022-12-25",132,314,7,74,174,NA,97,NA,127,80,9,134,NA,74,41,201,319,36,146,4,203,47,44,51,80,NA,542
"2022-12-26",202,482,10,108,200,NA,150,NA,146,92,6,170,NA,139,47,182,287,20,276,44,360,58,64,64,117,NA,792
"2022-12-27",159,540,8,92,144,NA,139,NA,113,82,6,239,NA,132,36,154,316,26,265,29,289,73,64,45,116,NA,771
"2022-12-28",111,472,4,83,159,NA,154,NA,111,102,7,148,NA,131,40,149,401,24,298,20,316,74,76,39,143,NA,719
"2022-12-29",167,532,3,78,181,NA,161,NA,116,82,12,146,NA,144,32,130,287,29,237,20,295,83,67,46,124,NA,666
"2022-12-30",115,620,12,88,152,NA,169,NA,146,60,8,130,NA,129,39,175,321,27,214,13,321,86,70,53,167,NA,720
"2022-12-31",119,352,4,61,121,NA,115,NA,118,92,4,120,NA,97,39,127,371,51,101,4,315,59,75,57,105,NA,646
"2023-01-01",149,448,5,58,149,NA,109,NA,104,92,NA,95,NA,78,42,184,281,42,124,4,215,48,55,48,90,NA,573
"2023-01-02",138,522,6,81,191,NA,174,NA,159,100,NA,149,NA,143,21,175,418,28,293,20,292,75,55,56,97,NA,822
"2023-01-03",117,382,1,53,143,NA,102,NA,108,85,NA,186,NA,85,28,131,296,22,270,9,265,46,43,48,132,NA,1160
"2023-01-04",120,424,7,32,160,NA,152,NA,109,102,NA,139,NA,81,34,148,203,17,272,5,412,60,52,52,120,NA,1574
"2023-01-05",131,362,2,47,140,NA,113,NA,69,84,NA,110,NA,95,36,124,176,20,215,10,275,86,61,44,82,NA,1330
"2023-01-06",151,380,0,40,147,NA,106,NA,72,88,NA,75,NA,85,17,93,206,16,151,6,252,83,38,35,99,NA,1192
"2023-01-07",111,264,1,38,80,NA,83,NA,63,96,NA,76,NA,56,27,102,219,35,47,0,167,77,44,39,82,NA,878
"2023-01-08",155,334,2,53,134,NA,115,NA,102,107,NA,103,NA,73,29,169,202,33,106,3,292,80,42,54,95,NA,1104
"2023-01-09",142,360,2,49,138,NA,127,NA,145,92,NA,153,NA,96,50,164,246,36,163,0,359,56,51,51,184,NA,1822
"2023-01-10",172,209,4,3,104,NA,135,NA,97,78,NA,203,NA,79,28,161,250,23,243,8,438,57,21,58,191,NA,502
"2023-01-11",134,236,2,6,138,NA,142,NA,97,100,NA,180,NA,70,40,158,179,19,220,9,316,82,17,51,113,NA,450
"2023-01-12",120,147,8,6,101,NA,140,NA,79,84,NA,127,NA,45,42,218,153,21,222,8,428,78,15,45,143,NA,508
"2023-01-13",101,117,0,5,68,NA,108,NA,61,88,NA,63,NA,52,60,198,110,30,63,0,385,65,22,43,85,NA,359
"2023-01-14",161,106,3,0,100,NA,119,NA,122,58,NA,98,NA,41,49,124,116,47,92,4,170,53,23,56,102,NA,433
"2023-01-15",145,160,8,1,142,NA,131,NA,179,117,NA,110,NA,63,43,166,224,57,118,5,227,47,29,71,134,NA,484
"2023-01-16",131,216,6,6,140,NA,142,NA,211,82,NA,118,NA,65,32,0,202,64,218,0,349,97,28,70,162,NA,493
"2023-01-17",124,462,8,89,178,NA,98,NA,152,138,NA,182,NA,265,35,181,561,35,260,20,356,57,59,75,124,NA,683
"2023-01-18",131,486,2,70,197,NA,116,NA,187,132,NA,179,NA,258,69,182,402,28,223,28,443,115,54,76,175,NA,672
"2023-01-19",179,532,7,103,219,NA,125,NA,152,116,NA,171,NA,304,56,179,316,26,224,26,366,94,42,67,135,NA,746
"2023-01-20",131,256,4,89,190,NA,132,NA,173,100,NA,149,NA,268,49,161,323,33,242,32,423,102,42,67,109,NA,1338
"2023-01-21",141,440,6,60,176,NA,91,NA,134,121,NA,133,NA,183,61,149,382,51,125,7,345,91,47,65,87,NA,500
"2023-01-22",151,155,2,103,210,NA,88,NA,136,99,NA,112,NA,245,65,135,316,50,100,9,187,59,52,56,90,NA,526
"2023-01-23",208,227,6,82,203,NA,137,NA,183,139,NA,171,NA,305,60,155,381,34,270,23,484,84,52,52,142,NA,638
"2023-01-24",123,261,4,5,142,NA,128,NA,89,101,NA,228,NA,75,35,0,241,45,287,17,289,101,35,40,147,NA,792
"2023-01-25",125,226,5,8,166,NA,143,NA,102,142,NA,226,NA,65,28,0,267,41,301,11,271,98,32,34,142,NA,656
"2023-01-26",167,232,6,1,112,NA,168,NA,97,95,NA,205,NA,81,11,0,250,15,314,7,299,76,23,67,119,NA,630
"2023-01-27",120,198,5,6,141,NA,126,NA,99,130,NA,239,NA,85,13,0,219,20,301,13,316,85,23,48,122,NA,672
"2023-01-28",174,200,6,5,110,NA,120,NA,125,133,NA,108,NA,61,20,0,182,42,135,5,356,60,35,85,131,NA,653
"2023-01-29",103,179,2,1,126,NA,116,NA,85,78,NA,104,NA,51,49,0,177,46,106,5,314,43,40,67,98,NA,566
"2023-01-30",168,227,4,4,116,NA,174,NA,98,101,NA,253,NA,81,21,0,306,27,273,10,265,73,25,63,198,NA,674
"2023-01-31",122,428,5,97,125,NA,118,NA,153,93,NA,196,NA,99,34,171,469,27,314,35,253,45,61,55,131,NA,782
"2023-02-01",160,498,5,87,138,NA,174,NA,152,104,NA,197,NA,115,58,135,350,34,261,23,271,98,62,70,129,NA,690
"2023-02-02",150,462,0,76,123,NA,163,NA,155,76,NA,202,NA,162,49,179,369,15,271,38,227,99,60,61,132,NA,663
"2023-02-03",173,554,2,86,130,NA,193,NA,144,91,NA,183,NA,131,36,192,383,32,244,19,294,63,56,52,133,NA,641
"2023-02-04",174,456,5,47,134,NA,162,NA,174,77,NA,158,NA,103,60,188,311,49,129,6,223,57,58,61,131,NA,592
"2023-02-05",151,400,NA,122,146,NA,116,NA,142,74,NA,154,NA,99,42,237,377,28,133,3,217,52,60,55,149,NA,606
"2023-02-06",165,616,NA,84,156,NA,131,NA,179,82,NA,248,NA,145,31,195,514,32,243,24,377,70,47,55,134,NA,600
"2023-02-07",137,472,NA,102,179,NA,82,NA,169,106,NA,169,NA,216,39,185,396,25,256,18,449,88,47,69,114,NA,670
"2023-02-08",96,486,NA,97,165,NA,97,NA,157,78,NA,139,NA,247,44,189,386,40,230,15,455,74,41,63,126,NA,586
"2023-02-09",118,112,NA,87,188,NA,137,NA,152,92,NA,173,NA,245,42,188,303,20,200,17,383,74,47,73,134,NA,550
"2023-02-10",110,206,NA,60,183,NA,124,NA,138,91,NA,144,NA,221,54,153,297,30,182,16,435,67,37,49,122,NA,567
"2023-02-11",126,138,NA,90,158,NA,102,NA,131,107,NA,116,NA,215,44,181,256,34,104,7,408,75,43,49,89,NA,549
"2023-02-12",131,136,NA,103,171,NA,95,NA,93,93,NA,117,NA,249,39,169,258,39,135,1,369,43,41,62,82,NA,379
"2023-02-13",128,222,NA,103,202,NA,89,NA,176,112,NA,150,NA,277,40,195,406,26,294,24,448,54,48,62,126,NA,690
"2023-02-14",130,440,NA,83,146,NA,135,NA,89,70,NA,168,NA,97,29,202,422,36,396,19,329,78,44,49,127,NA,630
"2023-02-15",115,516,NA,91,144,NA,148,NA,105,80,NA,156,NA,70,38,213,391,28,375,16,273,90,55,56,160,NA,711
"2023-02-16",137,736,NA,67,140,NA,116,NA,89,116,NA,165,NA,82,31,218,399,23,336,18,311,64,39,57,142,NA,695
"2023-02-17",100,664,NA,40,130,NA,150,NA,98,105,NA,148,NA,110,30,164,380,22,314,15,429,82,34,57,114,NA,771
"2023-02-18",156,440,NA,67,142,NA,103,NA,101,116,NA,123,NA,78,29,197,384,34,153,6,345,53,30,65,121,NA,694
"2023-02-19",126,318,NA,51,147,NA,104,NA,95,74,NA,91,NA,81,44,242,212,36,133,8,196,50,54,70,84,NA,563
"2023-02-20",135,518,NA,62,137,NA,147,NA,116,101,NA,157,NA,99,29,220,314,23,394,16,298,77,43,48,156,NA,661
"2023-02-21",132,598,NA,76,162,NA,147,NA,183,126,NA,211,NA,119,17,133,416,27,340,16,329,89,49,35,150,NA,693
"2023-02-22",106,548,NA,55,143,NA,158,NA,149,98,NA,152,NA,111,17,194,273,30,359,26,321,70,54,46,149,NA,770
"2023-02-23",113,496,NA,55,113,NA,152,NA,138,96,NA,170,NA,106,9,187,336,27,298,24,282,66,44,44,139,NA,774
"2023-02-24",130,450,NA,54,120,NA,153,NA,137,72,NA,182,NA,103,21,132,301,36,285,26,276,62,54,45,134,NA,797
"2023-02-25",115,410,NA,82,141,NA,126,NA,172,70,NA,82,NA,88,52,138,305,42,133,2,272,47,52,25,140,NA,604
"2023-02-26",135,434,NA,37,120,NA,132,NA,114,81,NA,86,NA,123,55,164,193,41,113,6,257,74,55,33,86,NA,458
"2023-02-27",132,690,NA,64,153,NA,161,NA,135,100,NA,151,NA,124,59,166,360,21,372,17,298,63,72,29,149,NA,679
"2023-02-28",156,278,NA,108,161,NA,170,NA,124,108,NA,193,NA,143,26,209,448,30,342,48,352,81,54,43,180,NA,712
"2023-03-01",136,322,NA,78,141,NA,167,NA,189,91,NA,212,NA,104,38,190,255,27,285,29,360,77,54,46,184,NA,702
"2023-03-02",148,260,NA,121,150,NA,160,NA,152,131,NA,183,NA,125,40,168,337,25,310,23,285,79,58,57,135,NA,627
"2023-03-03",118,233,NA,100,137,NA,164,NA,139,95,NA,226,NA,115,29,183,248,27,234,28,316,76,67,46,133,NA,646
"2023-03-04",139,277,NA,82,176,NA,121,NA,136,88,NA,126,NA,105,31,160,257,36,139,12,243,64,68,51,143,520,514
"2023-03-05",134,163,NA,143,152,NA,100,NA,106,80,NA,174,NA,111,40,184,212,22,130,4,187,57,64,55,121,414,529
"2023-03-06",175,429,NA,94,146,NA,159,NA,160,107,NA,221,NA,231,43,172,400,27,287,9,298,85,70,62,173,456,810
"2023-03-07",104,520,NA,118,180,NA,100,NA,155,94,NA,137,NA,265,53,188,352,24,227,13,336,64,64,62,138,306,711
"2023-03-08",125,60,NA,70,193,NA,107,NA,165,110,NA,159,NA,320,72,178,454,30,247,25,420,51,51,45,136,333,713
"2023-03-09",125,436,NA,89,217,NA,83,242,154,121,NA,190,NA,283,38,185,369,25,323,19,466,73,47,46,128,330,627
"2023-03-10",129,426,NA,79,207,NA,103,219,125,107,NA,145,NA,286,45,177,373,24,244,19,476,79,55,53,141,308,756
"2023-03-11",107,410,NA,91,213,NA,90,134,135,106,NA,132,NA,213,51,151,381,57,135,11,384,66,53,60,93,326,541
"2023-03-12",146,384,NA,62,168,NA,75,180,123,104,NA,176,NA,225,41,172,334,45,115,2,314,51,53,67,111,371,531
"2023-03-13",110,429,NA,86,191,NA,90,280,169,91,NA,214,NA,358,61,179,445,31,279,27,510,68,64,41,130,294,681
"2023-03-14",137,329,NA,89,161,NA,129,83,135,89,NA,127,NA,79,40,0,272,25,231,48,251,90,54,60,111,327,1107
"2023-03-15",171,315,NA,78,155,NA,206,263,130,79,NA,187,NA,153,51,0,389,25,213,21,298,75,45,54,218,356,676
"2023-03-16",155,150,NA,55,173,NA,187,92,147,101,NA,176,NA,96,36,0,365,23,211,23,310,75,70,46,140,365,615
"2023-03-17",114,273,NA,83,168,NA,90,181,135,105,NA,141,NA,95,34,0,152,29,230,4,316,71,71,82,162,444,597
"2023-03-18",176,342,NA,87,176,NA,121,134,136,70,NA,128,NA,61,31,0,193,53,112,8,272,61,35,94,133,310,539
"2023-03-19",115,52,NA,92,125,NA,172,76,157,104,NA,141,NA,105,71,0,240,40,100,3,202,74,46,54,96,413,511
"2023-03-20",146,356,NA,71,173,NA,165,133,160,80,NA,177,NA,145,34,0,445,27,207,6,298,96,30,51,180,456,681
"2023-03-21",161,520,NA,80,183,NA,176,81,136,93,NA,208,NA,136,31,206,271,25,328,23,384,88,58,46,161,434,675
"2023-03-22",159,488,NA,62,186,NA,195,182,112,83,NA,226,NA,142,29,188,314,28,315,15,323,99,55,69,115,348,702
"2023-03-23",156,384,NA,88,157,NA,176,167,121,131,NA,158,NA,96,28,189,273,38,270,21,379,74,66,49,128,256,634
"2023-03-24",137,464,NA,64,225,NA,167,107,127,144,NA,158,NA,112,20,152,294,36,250,13,287,56,51,35,98,324,648
"2023-03-25",86,320,NA,72,209,NA,98,187,177,70,NA,140,NA,74,34,167,206,41,135,4,241,66,34,67,131,496,561
"2023-03-26",138,386,NA,71,165,NA,99,72,114,54,NA,146,NA,64,58,151,178,33,111,4,192,53,52,54,95,312,567
"2023-03-27",117,398,NA,71,168,NA,170,207,127,63,NA,225,NA,158,38,161,290,39,427,23,358,82,46,45,133,439,633
"2023-03-28",146,317,NA,6,165,NA,142,236,160,75,NA,152,NA,307,40,192,416,31,216,31,437,67,45,60,116,334,708
"2023-03-29",152,60,NA,110,96,NA,181,263,121,98,NA,161,NA,296,38,174,273,23,229,22,389,79,24,55,121,320,692
"2023-03-30",149,0,NA,70,129,NA,141,279,127,106,NA,163,NA,296,45,186,240,32,204,28,435,68,58,55,128,287,790
"2023-03-31",126,482,NA,67,137,NA,209,265,103,86,NA,167,NA,267,47,187,316,25,250,24,34,89,23,66,130,292,759
"2023-04-01",114,NA,NA,10,141,NA,86,249,187,78,NA,117,206,239,55,175,294,39,127,16,241,40,68,43,118,318,610
"2023-04-02",109,NA,NA,11,159,NA,102,147,110,81,NA,109,179,173,65,191,251,49,123,8,187,58,56,63,84,323,681
"2023-04-03",127,NA,NA,89,179,NA,165,255,138,125,NA,151,255,78,71,178,315,33,229,42,231,73,70,47,103,337,796
"2023-04-04",152,NA,NA,31,168,NA,172,81,106,108,NA,167,224,119,62,0,262,32,134,37,297,60,33,35,150,428,707
"2023-04-05",136,NA,NA,95,165,NA,159,118,149,116,NA,147,225,238,39,0,287,31,294,22,285,70,25,50,133,406,730
"2023-04-06",113,NA,NA,21,187,NA,218,244,155,94,NA,183,211,85,27,0,350,20,211,21,394,75,69,52,173,429,888
"2023-04-07",194,NA,NA,88,168,NA,164,107,115,123,NA,152,216,82,37,0,324,23,237,13,305,78,23,66,189,352,583
"2023-04-08",110,NA,NA,60,156,NA,194,110,171,80,NA,132,162,240,41,0,215,53,142,3,262,67,38,62,88,455,580
"2023-04-09",143,NA,NA,15,140,NA,146,66,109,93,NA,174,156,78,36,0,208,43,100,6,180,74,64,45,102,334,685
"2023-04-10",141,NA,NA,77,145,NA,107,133,170,111,NA,199,145,176,59,0,329,14,187,10,304,63,30,57,144,337,529
"2023-04-11",190,NA,NA,31,156,NA,170,139,122,96,NA,278,217,90,40,0,320,44,371,21,346,83,33,59,217,327,991
"2023-04-12",141,NA,NA,12,154,NA,156,149,132,104,NA,276,185,97,67,0,314,30,346,18,389,90,26,58,136,429,756
"2023-04-13",111,NA,NA,18,158,NA,218,167,117,101,NA,225,211,86,54,0,360,25,356,19,394,61,29,58,137,340,780
"2023-04-14",167,NA,NA,20,126,NA,209,94,95,80,NA,191,263,73,47,0,303,24,300,23,341,78,23,54,159,354,931
"2023-04-15",147,NA,NA,7,126,NA,183,151,117,92,NA,116,206,81,54,0,203,61,131,2,241,56,32,61,131,440,696
"2023-04-16",139,NA,NA,23,108,NA,141,76,105,53,NA,136,119,83,60,0,190,51,121,7,187,62,40,49,102,357,685
"2023-04-17",109,NA,NA,11,115,NA,165,185,144,125,NA,235,214,78,74,0,262,26,372,13,260,85,30,49,147,419,798
"2023-04-18",104,NA,NA,72,143,NA,197,257,143,71,NA,167,275,129,36,146,298,31,337,12,327,84,89,64,147,405,672
"2023-04-19",149,NA,NA,106,145,NA,161,115,114,73,NA,195,224,129,39,148,312,28,267,23,319,80,75,44,131,272,745
"2023-04-20",114,NA,NA,120,168,NA,166,92,92,102,NA,167,218,148,52,106,342,43,298,12,302,72,81,42,152,301,663
"2023-04-21",112,NA,NA,97,195,NA,170,201,125,123,NA,145,221,127,70,127,324,37,237,17,273,72,68,51,157,396,608
"2023-04-22",127,NA,NA,56,165,NA,103,187,155,74,NA,86,152,77,72,164,260,45,140,4,222,56,57,56,139,363,496
"2023-04-23",124,NA,NA,85,156,NA,106,173,153,84,NA,104,156,80,84,187,214,41,134,5,218,57,61,59,108,407,421
"2023-04-24",103,NA,NA,77,195,NA,107,120,124,75,NA,141,201,95,64,161,178,56,143,6,320,51,70,69,121,327,681
"2023-04-25",184,NA,NA,89,174,NA,137,186,172,100,NA,222,205,233,48,188,369,34,259,27,384,93,64,32,153,405,767
"2023-04-26",121,NA,NA,89,155,NA,146,149,133,86,NA,170,224,200,36,147,386,32,249,14,319,79,68,28,108,389,625
"2023-04-27",129,NA,NA,97,187,NA,120,148,147,101,NA,182,202,243,56,144,338,39,238,27,287,75,64,45,138,365,615
"2023-04-28",140,NA,NA,78,136,NA,99,112,140,127,NA,152,216,231,40,147,290,22,180,35,305,70,60,54,147,352,651
"2023-04-29",184,NA,NA,116,139,NA,104,110,120,80,NA,177,151,158,37,190,213,60,134,8,266,89,55,57,123,432,600
"2023-04-30",143,NA,NA,88,175,NA,100,90,122,90,NA,155,119,149,47,215,274,48,143,3,202,65,48,58,121,413,514
"2023-05-01",159,NA,NA,97,187,NA,164,185,135,110,NA,268,214,214,34,166,354,29,248,9,361,103,57,64,158,394,711
"2023-05-02",118,NA,NA,135,175,NA,203,239,160,75,NA,164,219,149,63,184,372,34,355,30,346,94,69,54,147,492,753
"2023-05-03",141,NA,NA,66,158,NA,162,239,200,107,NA,270,185,153,54,94,450,30,377,14,323,106,69,86,149,406,744
"2023-05-04",114,NA,NA,58,164,NA,138,244,188,88,NA,186,221,148,40,142,398,31,334,33,287,78,73,64,153,365,740
"2023-05-05",93,NA,NA,77,168,NA,150,202,134,103,NA,191,183,114,49,159,363,29,280,23,259,62,92,50,177,352,688
"2023-05-06",128,NA,NA,61,157,NA,127,209,125,92,NA,115,176,62,64,171,249,33,121,9,303,91,60,64,126,363,495
"2023-05-07",128,NA,NA,89,166,NA,117,214,127,65,NA,151,130,97,57,127,210,48,105,0,208,62,58,64,146,326,560
"2023-05-08",146,NA,NA,105,176,NA,178,167,127,121,NA,175,201,140,41,147,343,33,348,23,361,99,81,63,166,387,668
"2023-05-09",119,NA,NA,27,129,NA,190,184,87,132,NA,214,242,109,34,0,298,30,437,27,346,84,62,47,146,369,726
"2023-05-10",136,NA,NA,21,123,NA,164,197,137,73,NA,152,185,117,54,0,273,23,372,14,324,85,68,45,108,406,801
"2023-05-11",114,NA,NA,32,175,NA,170,209,122,99,NA,182,195,148,38,0,267,31,241,20,253,88,27,49,132,366,702
"2023-05-12",95,NA,NA,80,131,NA,150,185,118,90,NA,186,183,212,36,0,313,22,237,18,368,89,68,74,164,396,720
"2023-05-13",128,NA,NA,93,152,NA,117,165,118,74,NA,154,176,87,70,0,192,50,114,9,247,51,14,62,146,487,506
"2023-05-14",147,NA,NA,16,175,NA,157,109,69,53,NA,11,156,190,59,0,298,45,132,6,202,52,8,60,130,427,531
"2023-05-15",132,NA,NA,100,198,NA,156,167,99,132,NA,265,195,85,42,0,287,29,426,4,326,65,77,47,125,349,762
"2023-05-16",139,NA,NA,94,129,NA,161,213,143,138,NA,185,275,80,47,0,287,32,441,26,327,84,55,37,124,393,672
"2023-05-17",132,NA,NA,35,183,NA,249,207,139,101,NA,192,178,92,64,0,303,35,402,25,254,85,45,68,137,344,800
"2023-05-18",134,NA,NA,94,168,NA,140,209,109,86,NA,167,221,82,52,0,280,39,262,12,338,64,81,52,124,429,698
"2023-05-19",108,NA,NA,27,212,NA,159,185,70,81,NA,244,183,146,54,0,290,34,141,16,271,69,12,45,120,354,675
"2023-05-20",174,NA,NA,87,119,NA,165,104,125,74,NA,138,224,78,65,0,241,47,134,12,262,66,57,65,132,363,740
"2023-05-21",101,NA,NA,24,129,NA,125,173,102,87,NA,103,116,211,38,0,230,56,106,6,258,62,60,58,124,410,621
"2023-05-22",146,NA,NA,31,124,NA,191,186,144,85,NA,110,145,274,53,0,224,18,409,24,316,66,77,44,145,412,1061
"2023-05-23",164,NA,NA,27,164,NA,163,194,151,73,NA,156,242,95,64,72,325,34,380,18,312,119,26,67,179,393,914
"2023-05-24",107,NA,NA,35,167,NA,171,193,111,118,NA,158,217,108,74,78,371,33,460,16,328,71,33,69,146,414,865
"2023-05-25",111,NA,NA,15,185,NA,200,244,131,102,NA,127,211,113,54,93,317,29,374,14,305,61,21,52,151,410,807
"2023-05-26",147,NA,NA,21,163,NA,171,209,122,123,NA,153,205,85,66,90,236,38,411,25,281,78,24,64,115,318,788
"2023-05-27",129,NA,NA,42,146,NA,161,165,137,90,NA,118,146,62,76,76,245,50,136,5,262,86,43,78,118,329,570
"2023-05-28",127,NA,NA,24,129,NA,165,214,101,104,NA,87,168,84,62,79,206,41,124,7,158,31,36,91,85,407,705
"2023-05-29",132,NA,NA,40,163,NA,170,257,118,93,NA,207,145,85,96,81,286,43,409,19,326,51,36,75,120,349,875
"2023-05-30",134,NA,NA,28,163,NA,165,257,143,73,NA,162,204,80,57,104,286,48,399,18,299,119,33,62,106,340,842
"2023-05-31",144,NA,NA,25,170,NA,156,232,140,92,NA,175,217,86,49,99,328,35,402,11,254,114,22,67,95,290,785
"2023-06-01",148,NA,NA,47,135,NA,193,252,122,99,NA,159,195,87,47,93,327,23,418,19,305,64,27,83,116,399,927
"2023-06-02",122,NA,NA,24,176,NA,203,209,119,118,NA,175,228,63,52,98,237,34,369,14,281,71,43,55,114,415,808
"2023-06-03",150,NA,NA,25,152,NA,149,165,167,88,NA,74,162,120,59,105,227,44,151,3,251,45,33,69,123,487,725
"2023-06-04",132,NA,NA,24,182,NA,155,109,98,99,NA,108,168,78,44,86,144,53,158,3,218,48,37,76,87,376,724
"2023-06-05",166,NA,NA,37,198,NA,186,222,144,128,NA,199,273,119,50,117,272,39,426,4,260,103,36,53,129,308,1005
"2023-06-06",141,NA,NA,117,149,NA,160,244,129,93,NA,140,219,248,45,190,283,26,262,12,260,119,59,49,142,492,706
"2023-06-07",188,NA,NA,87,143,NA,162,253,137,108,NA,183,194,203,34,164,314,23,179,19,254,69,43,57,140,441,700
"2023-06-08",133,NA,NA,88,143,NA,140,252,136,86,NA,167,205,195,20,160,313,24,191,29,241,70,63,67,144,427,604
"2023-06-09",167,NA,NA,115,131,NA,161,194,129,73,NA,157,211,268,37,156,317,22,208,22,282,79,62,49,126,415,720
"2023-06-10",138,NA,NA,76,141,NA,101,150,134,80,NA,116,224,177,42,176,219,34,93,9,219,80,54,54,172,397,506
"2023-06-11",124,NA,NA,79,138,NA,108,134,115,87,NA,159,168,211,49,154,269,29,91,5,158,70,57,69,127,410,579
"2023-06-12",122,NA,NA,94,146,NA,127,257,167,84,NA,176,275,317,28,152,289,25,217,24,316,70,53,72,136,308,708
"2023-06-13",139,NA,NA,85,111,NA,174,209,142,96,NA,165,184,106,50,145,303,24,306,19,346,89,61,68,146,408,651
"2023-06-14",122,NA,NA,76,129,NA,155,212,146,98,NA,171,185,112,44,171,289,23,299,12,391,54,73,54,156,384,621
"2023-06-15",125,NA,NA,89,135,NA,142,203,165,100,NA,137,232,78,57,147,276,36,282,9,241,95,62,54,119,379,708
"2023-06-16",114,NA,NA,90,167,NA,140,202,123,93,NA,140,177,80,39,144,316,20,237,15,368,77,58,43,182,338,730
"2023-06-17",140,NA,NA,47,158,NA,157,185,153,87,NA,169,146,125,77,192,253,53,187,5,219,62,68,58,125,358,577
"2023-06-18",124,NA,NA,85,134,NA,122,206,131,100,NA,159,116,83,69,184,226,44,119,10,283,51,59,45,114,325,568
"2023-06-19",131,NA,NA,119,173,NA,145,186,136,116,NA,204,193,109,46,163,399,28,372,19,360,90,72,58,127,390,672
"2023-06-20",160,NA,NA,81,169,NA,158,184,140,69,NA,168,208,241,22,154,210,34,268,25,318,86,58,60,133,352,640
"2023-06-21",122,NA,NA,88,187,NA,135,239,114,92,NA,200,178,268,42,164,277,29,235,34,352,60,65,55,132,354,690
"2023-06-22",132,NA,NA,64,162,NA,112,209,136,69,NA,147,195,216,36,178,308,31,275,20,253,47,54,59,133,366,696
"2023-06-23",127,NA,NA,95,117,NA,116,202,95,119,NA,195,191,219,31,147,284,25,217,27,293,79,47,61,159,366,610
"2023-06-24",171,NA,NA,110,164,NA,103,160,120,94,NA,136,171,158,40,182,229,47,100,9,303,34,49,54,134,382,499
"2023-06-25",122,NA,NA,74,116,NA,91,109,93,73,NA,146,163,172,32,156,223,31,96,3,203,51,53,43,126,326,577
"2023-06-26",144,NA,NA,51,135,NA,73,186,127,70,NA,135,197,156,20,151,271,39,143,6,202,65,47,74,119,384,556
"2023-06-27",133,NA,NA,119,148,NA,164,211,95,118,NA,101,198,306,46,0,287,36,203,19,312,73,24,42,106,492,717
"2023-06-28",188,NA,NA,38,124,NA,205,193,83,109,NA,183,193,101,47,0,280,27,179,7,391,64,56,61,124,310,714
"2023-06-29",124,NA,NA,88,143,NA,158,223,113,91,NA,146,166,90,45,0,264,37,356,3,305,95,67,53,117,427,723
"2023-06-30",123,NA,NA,35,145,NA,206,188,70,106,NA,208,242,300,50,0,316,34,120,14,391,63,68,43,127,346,646
"2023-07-01",163,NA,NA,52,133,NA,117,165,92,80,NA,143,188,74,55,0,253,54,117,7,219,66,53,47,110,427,542
"2023-07-02",124,NA,NA,32,125,NA,156,153,107,136,NA,120,178,179,61,0,520,39,106,4,158,74,50,64,89,351,560
"2023-07-03",132,NA,NA,113,119,NA,145,192,136,116,NA,97,193,109,30,0,436,27,381,13,363,52,39,64,147,404,1950
"2023-07-04",127,NA,NA,53,180,NA,151,195,83,129,NA,161,242,109,51,0,367,21,231,19,319,65,74,45,129,435,878
"2023-07-05",123,NA,NA,92,131,NA,149,214,136,75,NA,147,203,70,48,0,289,39,284,25,306,82,60,54,128,361,1712
"2023-07-06",140,NA,NA,0,166,NA,167,187,158,134,NA,98,166,78,74,0,299,32,203,10,326,106,79,53,116,363,767
"2023-07-07",145,NA,NA,98,144,NA,174,179,123,67,NA,204,221,93,39,0,290,28,325,15,361,69,58,52,120,447,594
"2023-07-08",174,NA,NA,87,154,NA,129,163,99,102,NA,116,188,70,66,0,233,59,142,2,220,74,44,42,124,404,480
"2023-07-09",128,NA,NA,66,159,NA,164,123,86,104,NA,120,178,179,45,0,254,41,130,5,231,48,68,65,84,376,959
"2023-07-10",178,NA,NA,87,152,NA,170,198,121,102,NA,193,253,276,18,0,375,38,165,19,416,83,43,55,106,401,767
"2023-07-11",117,NA,NA,85,190,NA,140,152,176,122,NA,142,199,270,24,191,303,34,230,15,325,55,50,45,138,333,752
"2023-07-12",18,NA,NA,75,186,NA,142,193,157,80,NA,137,211,263,8,159,354,26,202,14,343,63,33,48,161,345,631
"2023-07-13",135,NA,NA,79,176,NA,101,162,120,92,NA,143,214,242,24,167,371,21,200,31,373,66,40,71,136,377,707
"2023-07-14",160,NA,NA,76,154,NA,115,215,150,73,NA,144,253,262,29,179,377,30,222,28,341,66,44,68,154,387,595
"2023-07-15",131,NA,NA,110,143,NA,119,137,187,66,NA,110,193,217,44,208,291,39,108,6,276,59,48,49,153,419,675
"2023-07-16",150,NA,NA,74,149,NA,122,174,147,125,NA,126,149,205,33,155,277,42,127,0,391,34,49,66,174,445,661
"2023-07-17",146,NA,NA,81,195,NA,111,227,189,111,NA,168,215,326,14,232,417,32,243,21,374,78,35,45,143,394,622
"2023-07-18",131,NA,NA,46,144,NA,186,186,131,91,NA,157,206,104,46,88,257,21,357,13,346,96,57,56,78,333,1660
"2023-07-19",126,NA,NA,29,137,NA,143,184,122,91,NA,189,234,112,46,86,257,24,314,29,328,69,55,60,106,363,1816
"2023-07-20",130,NA,NA,44,140,NA,151,179,107,111,NA,177,166,80,45,99,278,30,362,12,373,56,37,55,109,386,1788
"2023-07-21",123,NA,NA,26,113,NA,137,215,101,83,NA,162,233,78,34,106,259,40,272,20,341,74,45,46,115,394,1876
"2023-07-22",202,NA,NA,39,145,NA,142,137,116,88,NA,108,161,92,41,101,233,54,175,4,286,55,54,49,91,412,1696
"2023-07-23",147,NA,NA,37,125,NA,199,159,127,63,NA,114,150,86,61,104,198,48,138,2,316,68,49,63,108,376,1944
"2023-07-24",142,NA,NA,46,151,NA,184,198,128,106,NA,173,238,102,46,110,272,27,391,18,375,73,72,45,124,320,1698
"2023-07-25",117,NA,NA,87,102,NA,151,209,99,80,NA,104,226,107,46,0,269,36,188,19,290,74,26,59,130,333,510
"2023-07-26",151,NA,NA,58,149,NA,171,184,110,117,NA,163,211,116,44,0,276,22,313,29,255,67,25,48,91,379,1712
"2023-07-27",130,NA,NA,79,140,NA,196,223,133,62,NA,155,191,273,44,0,258,35,180,12,413,106,23,0,130,308,696
"2023-07-28",138,NA,NA,3,127,NA,230,156,123,89,NA,144,253,130,42,0,305,24,241,16,300,66,52,41,138,387,711
"2023-07-29",133,NA,NA,90,137,NA,106,137,107,104,NA,54,155,77,40,0,270,51,113,3,369,59,65,63,110,427,1752
"2023-07-30",147,NA,NA,71,153,NA,151,123,147,76,NA,76,150,185,43,0,222,47,144,7,231,65,46,68,99,425,635
"2023-07-31",137,NA,NA,44,166,NA,96,149,156,119,NA,241,205,95,68,0,249,34,381,8,399,72,45,24,121,323,603
"2023-08-01",115,NA,NA,130,150,NA,159,188,129,120,NA,149,207,94,53,136,324,18,217,7,363,78,59,0,177,358,638
"2023-08-02",136,NA,NA,76,153,NA,147,193,144,117,NA,148,220,124,43,136,268,32,241,37,328,69,49,0,182,404,546
"2023-08-03",155,NA,NA,61,141,NA,145,212,110,94,NA,163,196,106,44,141,312,18,207,26,373,73,57,0,222,375,477
"2023-08-04",135,NA,NA,77,155,NA,152,215,123,103,NA,144,167,90,44,167,271,27,214,22,391,58,59,0,191,447,536
"2023-08-05",127,NA,NA,86,174,NA,104,131,134,101,NA,126,169,79,75,188,196,33,145,0,239,62,52,0,182,412,462
"2023-08-06",133,NA,NA,78,167,NA,87,175,107,75,NA,167,150,89,63,160,211,34,121,4,283,68,74,0,131,340,512
"2023-08-07",162,NA,NA,129,187,NA,174,227,119,83,NA,176,229,144,50,171,282,27,280,11,375,89,73,0,230,401,590
"2023-08-08",115,NA,NA,64,140,NA,169,152,120,95,NA,140,199,107,14,108,311,26,198,19,447,64,68,50,163,358,622
"2023-08-09",123,NA,NA,49,151,NA,202,184,112,100,NA,123,175,142,45,128,267,28,236,16,397,82,64,57,123,379,694
"2023-08-10",138,NA,NA,70,142,NA,167,212,112,97,NA,161,244,107,39,122,319,22,258,10,413,56,54,54,127,438,573
"2023-08-11",123,NA,NA,81,163,NA,137,198,111,87,NA,138,176,86,42,129,382,11,173,23,433,62,66,51,140,376,613
"2023-08-12",147,NA,NA,70,160,NA,149,190,150,104,NA,103,169,54,56,152,223,34,147,6,304,87,67,42,130,464,453
"2023-08-13",128,NA,NA,63,173,NA,126,153,118,105,NA,126,176,98,77,152,263,39,111,4,231,57,74,69,142,361,483
"2023-08-14",132,NA,NA,96,178,NA,138,198,156,119,NA,180,154,101,42,131,317,26,221,16,375,73,67,63,141,323,632
"2023-08-15",181,NA,NA,108,140,NA,187,199,135,86,NA,138,206,117,48,153,281,21,227,23,325,96,60,54,128,319,574
"2023-08-16",151,NA,NA,86,140,NA,149,214,137,74,NA,173,211,123,39,127,288,24,230,31,358,80,67,48,139,310,597
"2023-08-17",134,NA,NA,103,148,NA,100,251,111,111,NA,21,191,97,39,137,258,17,295,20,371,69,58,8,126,359,566
"2023-08-18",178,NA,NA,54,151,NA,140,261,130,109,NA,98,233,101,37,131,283,19,245,23,358,66,55,0,158,346,501
"2023-08-19",124,NA,NA,91,161,NA,100,190,123,87,NA,117,174,84,75,163,181,32,119,8,333,60,72,0,112,370,429
"2023-08-20",141,NA,NA,91,130,NA,95,153,126,82,NA,96,177,73,91,159,264,41,131,3,303,65,65,1,157,337,469
"2023-08-21",116,NA,NA,105,156,NA,175,227,143,131,NA,153,215,116,41,158,300,23,269,25,267,68,65,0,144,319,529
"2023-08-22",181,NA,NA,2,120,NA,162,219,83,150,NA,105,284,89,48,252,311,30,240,24,447,78,25,43,0,335,655
"2023-08-23",136,NA,NA,0,119,NA,162,166,82,100,NA,106,211,92,43,192,354,24,165,9,358,61,25,47,0,345,640
"2023-08-24",134,NA,NA,0,141,NA,187,197,73,84,NA,124,215,76,39,228,289,37,172,15,373,63,23,52,0,337,721
"2023-08-25",123,NA,NA,0,125,NA,211,176,80,130,NA,103,253,71,34,69,377,25,133,14,341,73,25,44,0,339,628
"2023-08-26",126,NA,NA,0,121,NA,143,158,123,74,NA,29,189,78,18,227,249,38,95,3,239,52,27,75,0,344,557
"2023-08-27",128,NA,NA,0,133,NA,143,153,86,89,NA,49,129,72,51,165,304,48,86,5,327,34,31,57,0,364,635
"2023-08-28",145,NA,NA,0,106,NA,148,200,94,114,NA,105,253,110,45,82,417,24,211,19,374,79,31,40,0,436,389
"2023-08-29",139,NA,NA,97,171,NA,161,185,137,95,NA,146,216,244,22,157,339,25,297,27,399,83,43,61,167,320,682
"2023-08-30",159,NA,NA,89,182,NA,146,221,160,128,NA,156,205,268,44,189,438,30,194,23,414,75,45,48,154,360,688
"2023-08-31",192,NA,NA,128,159,NA,145,266,160,114,NA,156,225,206,34,192,343,21,235,24,462,80,45,63,153,406,724
"2023-09-01",178,NA,NA,78,157,NA,143,191,135,103,NA,152,221,271,32,185,352,28,244,19,402,77,40,69,146,320,921
"2023-09-02",163,NA,NA,58,149,NA,98,158,128,92,NA,105,132,190,58,177,182,32,138,9,331,61,51,62,117,344,872
"2023-09-03",132,NA,NA,86,205,NA,83,150,154,81,NA,112,146,245,56,156,241,54,110,8,328,52,41,58,122,364,672
"2023-09-04",147,NA,NA,89,171,NA,153,230,174,122,NA,165,217,313,73,194,361,32,253,21,462,85,43,61,123,359,795
"2023-09-05",159,NA,NA,0,103,NA,168,246,99,98,NA,108,189,84,51,178,377,28,139,9,341,46,36,62,0,358,731
"2023-09-06",127,NA,NA,2,111,NA,162,221,74,122,NA,108,178,58,24,89,391,34,184,14,527,62,36,61,1,310,696
"2023-09-07",166,NA,NA,0,117,NA,159,251,110,94,NA,89,208,64,44,162,270,35,120,7,369,73,22,58,0,392,678
"2023-09-08",179,NA,NA,1,108,NA,159,193,90,97,NA,104,221,48,32,100,277,32,131,12,300,84,35,52,0,372,649
"2023-09-09",130,NA,NA,0,123,NA,146,131,94,103,NA,34,132,75,43,97,237,56,82,2,357,62,20,67,0,419,627
"2023-09-10",142,NA,NA,0,105,NA,103,160,91,114,NA,34,172,86,63,0,231,32,70,4,328,69,24,63,0,442,552
"2023-09-11",167,NA,NA,0,105,NA,138,231,111,124,NA,34,261,82,41,87,342,55,93,2,267,49,23,67,0,359,643
"2023-09-12",154,NA,NA,2,118,NA,196,177,83,104,NA,106,189,60,38,0,304,21,176,10,343,46,31,64,0,330,667
"2023-09-13",145,NA,NA,0,146,NA,174,221,95,91,NA,118,216,66,44,153,315,27,180,15,527,70,27,47,1,312,733
"2023-09-14",150,NA,NA,0,108,NA,215,198,88,62,NA,101,225,65,48,0,509,31,167,9,322,80,30,57,131,406,756
"2023-09-15",134,NA,NA,1,104,NA,153,261,106,105,NA,122,204,68,37,219,303,30,178,13,388,61,16,61,168,348,676
"2023-09-16",146,NA,NA,0,83,NA,117,158,102,88,NA,25,132,68,33,0,268,45,97,5,331,73,29,65,119,344,539
"2023-09-17",160,NA,NA,1,81,NA,141,159,76,82,NA,38,176,60,40,195,228,35,70,5,303,46,34,59,95,371,480
"2023-09-18",150,NA,NA,1,123,NA,176,200,113,92,NA,140,217,68,79,194,295,34,177,14,374,80,35,63,149,436,659
"2023-09-19",148,NA,NA,2,118,NA,196,185,83,82,NA,106,216,60,51,0,398,21,176,10,421,92,31,64,0,316,667
"2023-09-20",159,NA,NA,0,146,NA,174,247,95,96,NA,118,230,66,68,0,440,27,180,15,527,86,27,47,1,312,733
"2023-09-21",166,NA,NA,0,108,NA,215,212,88,94,NA,101,208,65,52,228,288,31,167,9,462,89,30,57,131,359,756
"2023-09-22",144,NA,NA,1,104,NA,153,261,106,116,NA,122,228,68,25,0,249,30,178,13,397,75,16,61,168,348,676
"2023-09-23",121,NA,NA,0,83,NA,117,179,102,87,NA,25,132,68,48,130,305,45,97,5,333,61,29,65,119,357,539
"2023-09-24",107,NA,NA,1,81,NA,141,175,76,88,NA,38,123,60,68,186,257,35,70,5,305,51,34,59,95,353,480
"2023-09-25",155,NA,NA,1,123,NA,176,230,113,137,NA,140,187,68,45,0,361,34,177,14,369,80,35,63,149,397,659
"2023-09-26",149,NA,NA,1,122,NA,175,186,98,112,NA,122,284,69,15,157,339,33,190,12,399,103,27,61,0,336,677
"2023-09-27",135,NA,NA,0,131,NA,147,214,86,84,NA,92,179,67,57,0,257,27,162,12,397,66,27,68,0,352,971
"2023-09-28",120,NA,NA,0,137,NA,142,177,98,110,NA,104,203,65,23,101,298,26,187,14,359,72,20,59,15,393,1126
"2023-09-29",136,NA,NA,2,113,NA,160,261,112,77,NA,128,221,59,41,219,304,28,132,13,388,84,21,54,3,372,644
"2023-09-30",114,NA,NA,0,86,NA,128,153,92,101,NA,40,189,47,45,227,237,50,67,7,333,60,27,45,0,363,541
"2023-10-01",144,NA,NA,0,97,NA,143,160,91,121,NA,35,159,45,59,0,311,45,83,3,330,85,27,48,0,347,524
"2023-10-02",179,NA,NA,3,125,NA,234,173,136,114,NA,141,246,60,39,78,390,22,182,11,369,113,34,52,0,331,823
"2023-10-03",152,NA,NA,3,122,NA,146,249,106,115,NA,109,284,69,41,163,451,33,140,9,364,103,25,60,146,319,732
"2023-10-04",166,NA,NA,2,105,NA,132,221,100,91,NA,94,205,74,40,144,393,24,184,12,412,72,24,66,139,339,637
"2023-10-05",166,NA,NA,0,117,NA,134,219,97,94,NA,116,206,83,27,146,266,43,190,6,359,80,13,73,124,406,501
"2023-10-06",170,NA,NA,2,121,NA,107,231,114,101,NA,120,228,77,32,0,289,24,211,22,402,57,16,66,133,308,708
"2023-10-07",134,NA,NA,2,103,NA,138,159,90,96,NA,89,182,117,58,69,333,36,88,2,308,73,25,73,116,370,510
"2023-10-08",140,NA,NA,0,105,NA,135,190,76,123,NA,48,146,89,59,150,286,46,92,2,264,32,30,61,80,371,485
"2023-10-09",162,NA,NA,0,144,NA,180,287,123,93,NA,116,187,109,33,194,203,43,177,16,317,79,32,76,118,414,724
"2023-10-10",152,NA,NA,70,203,NA,141,246,103,83,NA,193,203,93,34,148,292,28,251,31,421,73,64,62,165,299,760
"2023-10-11",157,NA,NA,98,168,NA,167,221,106,90,NA,158,211,120,58,218,294,20,242,47,527,76,57,51,132,360,697
"2023-10-12",146,NA,NA,112,171,NA,138,212,126,99,NA,113,225,75,44,150,251,21,217,23,462,72,70,55,139,392,662
"2023-10-13",134,NA,NA,94,169,NA,130,191,123,89,NA,162,216,107,28,145,279,14,218,37,420,77,77,56,123,332,622
"2023-10-14",116,NA,NA,96,181,NA,86,153,129,70,NA,122,195,55,75,177,297,35,141,20,277,58,89,51,115,483,515
"2023-10-15",117,NA,NA,113,163,NA,107,190,115,82,NA,146,123,73,73,172,216,31,109,8,328,32,67,54,112,312,550
"2023-10-16",120,NA,NA,83,164,NA,140,173,162,93,NA,200,200,138,46,162,245,26,250,25,444,66,59,52,136,362,635
"2023-10-17",141,NA,NA,95,187,NA,175,219,172,98,NA,164,203,120,30,0,339,20,319,23,414,83,36,61,100,319,653
"2023-10-18",175,NA,NA,89,105,NA,123,223,119,76,NA,207,225,268,47,0,343,26,350,9,392,65,25,56,179,325,769
"2023-10-19",123,NA,NA,54,214,NA,149,264,132,72,NA,132,227,264,50,0,322,31,247,13,401,49,16,73,119,325,662
"2023-10-20",143,NA,NA,94,116,NA,112,243,103,109,NA,175,216,112,14,0,246,28,355,9,370,85,18,66,117,356,1538
"2023-10-21",130,NA,NA,39,146,NA,130,206,141,92,NA,139,197,146,75,0,263,42,130,8,312,35,41,73,108,410,1526
"2023-10-22",160,NA,NA,55,143,NA,96,173,101,128,NA,94,137,48,43,0,140,46,110,9,245,95,51,46,117,364,476
"2023-10-23",141,NA,NA,2,139,NA,121,229,119,122,NA,172,230,95,35,0,432,22,259,18,403,76,59,59,146,368,769
"2023-10-24",145,NA,NA,57,174,NA,130,217,114,80,NA,166,236,242,27,157,305,36,236,19,341,85,44,50,104,299,737
"2023-10-25",139,NA,NA,98,140,NA,100,223,135,104,NA,178,225,222,28,174,393,25,196,20,392,64,42,54,107,329,745
"2023-10-26",133,NA,NA,74,193,NA,123,237,133,68,NA,165,202,211,33,200,349,26,163,17,401,73,53,54,111,317,685
"2023-10-27",160,NA,NA,71,190,NA,123,191,139,124,NA,201,206,257,53,151,432,32,162,39,370,57,40,42,118,385,686
"2023-10-28",155,NA,NA,59,173,NA,126,181,134,97,NA,184,178,257,47,189,333,49,117,8,277,67,40,39,123,378,710
"2023-10-29",138,NA,NA,82,175,NA,98,167,116,83,NA,143,137,145,29,150,327,44,132,4,245,55,48,75,147,312,631
"2023-10-30",132,NA,NA,78,232,NA,124,190,166,88,NA,210,200,363,34,175,368,27,246,32,336,78,44,60,169,320,857
"2023-10-31",148,NA,NA,73,0,NA,123,218,137,88,NA,200,228,112,32,163,260,21,231,32,421,72,71,53,156,324,623
"2023-11-01",183,NA,NA,90,0,NA,127,243,131,80,NA,159,216,79,47,172,300,21,267,24,375,69,66,52,166,378,575
"2023-11-02",156,NA,NA,94,0,NA,179,237,121,72,NA,162,177,128,52,155,335,27,239,16,401,49,77,67,164,287,641
"2023-11-03",178,NA,NA,59,0,NA,139,263,149,80,NA,149,228,105,44,159,307,30,219,10,397,67,70,63,155,334,633
"2023-11-04",144,NA,NA,96,0,NA,98,170,133,115,NA,179,178,83,71,191,256,39,135,10,312,80,71,49,128,410,478
"2023-11-05",128,NA,NA,143,0,NA,119,161,114,84,NA,121,137,62,69,197,244,46,98,7,328,62,96,61,146,355,515
"2023-11-06",127,NA,NA,135,0,NA,143,225,154,145,NA,151,234,94,35,172,327,20,228,21,438,79,76,55,136,448,630
"2023-11-07",159,NA,NA,0,124,NA,187,217,86,115,NA,114,212,108,41,83,392,28,192,11,435,72,20,70,106,324,653
"2023-11-08",165,NA,NA,0,113,NA,182,177,117,90,NA,138,223,119,49,66,369,27,209,15,361,65,18,49,103,329,636
"2023-11-09",133,NA,NA,1,141,NA,194,215,95,118,NA,108,202,66,38,143,252,31,196,37,340,69,16,57,106,363,642
"2023-11-10",150,NA,NA,1,116,NA,207,231,93,80,NA,106,228,79,28,151,241,21,127,22,418,90,28,52,122,316,749
"2023-11-11",151,NA,NA,0,121,NA,103,170,123,82,NA,28,156,51,51,0,197,46,89,9,295,53,22,70,90,393,616
"2023-11-12",144,NA,NA,1,140,NA,118,190,126,52,NA,35,135,48,52,0,249,44,96,6,305,46,20,69,96,297,531
"2023-11-13",167,NA,NA,0,144,NA,121,239,112,117,NA,119,200,91,49,0,288,30,245,27,344,74,26,55,109,321,787
"2023-11-14",156,NA,NA,89,163,NA,114,218,127,76,NA,139,157,273,31,169,384,28,252,21,407,89,39,47,123,324,696
"2023-11-15",124,NA,NA,89,197,NA,134,211,180,117,NA,113,211,257,25,171,444,24,221,18,401,65,35,71,96,307,550
"2023-11-16",142,NA,NA,108,198,NA,120,237,185,118,NA,149,170,263,27,166,394,20,221,16,340,52,34,40,112,287,608
"2023-11-17",116,NA,NA,65,174,NA,107,254,181,84,NA,152,193,214,40,153,344,21,203,22,418,105,39,60,91,310,598
"2023-11-18",120,NA,NA,82,198,NA,74,180,149,81,NA,104,138,146,39,184,234,43,126,1,295,53,40,37,102,393,721
"2023-11-19",87,NA,NA,90,203,NA,81,186,118,58,NA,161,164,177,53,165,274,47,94,5,313,52,39,50,95,405,598
"2023-11-20",153,NA,NA,135,186,NA,138,239,235,79,NA,164,234,224,16,207,383,27,256,12,438,71,42,51,111,372,774
"2023-11-21",148,NA,NA,73,0,NA,123,215,137,88,NA,200,234,112,32,163,260,21,231,32,378,72,71,53,156,354,623
"2023-11-22",183,NA,NA,90,0,NA,127,211,131,80,NA,159,229,79,47,172,300,21,267,24,454,69,66,52,166,308,575
"2023-11-23",156,NA,NA,94,0,NA,179,210,121,72,NA,162,170,128,52,155,335,27,239,16,275,49,77,67,164,334,641
"2023-11-24",178,NA,NA,59,0,NA,139,274,149,80,NA,149,176,105,44,159,307,30,219,10,436,67,70,63,155,385,633
"2023-11-25",144,NA,NA,96,0,NA,98,180,133,115,NA,179,178,83,71,191,256,39,135,10,306,80,71,49,128,419,478
"2023-11-26",128,NA,NA,143,0,NA,119,175,114,84,NA,121,139,62,69,197,244,46,98,7,270,62,96,61,146,304,515
"2023-11-27",127,NA,NA,135,0,NA,143,228,154,145,NA,151,200,94,35,172,327,20,228,21,287,79,76,55,136,332,630
"2023-11-28",154,NA,NA,41,133,NA,117,328,120,130,NA,184,130,120,56,0,197,32,505,26,412,63,34,72,137,330,625
"2023-11-29",141,NA,NA,89,123,NA,158,243,84,92,NA,137,229,74,28,0,323,24,306,15,361,67,61,42,148,285,584
"2023-11-30",133,NA,NA,64,161,NA,93,245,127,97,NA,142,170,137,47,0,262,32,251,8,279,61,61,63,171,347,575
"2023-12-01",150,NA,NA,51,240,NA,130,264,181,91,NA,140,213,93,24,0,277,29,151,22,241,65,22,45,128,298,482
"2023-12-02",127,NA,NA,66,100,NA,140,194,149,67,NA,120,130,88,30,0,259,49,115,10,298,77,50,56,139,342,497
"2023-12-03",161,NA,NA,3,162,NA,68,167,83,73,NA,34,135,100,56,0,202,33,94,7,294,65,31,72,105,372,484
"2023-12-04",120,NA,NA,124,165,NA,177,241,128,83,NA,175,257,249,36,0,220,30,245,15,344,76,39,63,111,372,550
"2023-12-05",235,NA,NA,67,139,NA,192,218,116,79,NA,184,234,115,57,0,392,19,349,8,407,73,56,49,114,330,1646
"2023-12-06",133,NA,NA,56,142,NA,153,209,105,92,NA,182,263,154,42,83,387,34,300,7,415,111,52,54,98,303,1518
"2023-12-07",133,NA,NA,65,134,NA,143,210,127,130,NA,154,205,145,30,0,329,26,362,16,279,61,66,46,123,351,1568
"2023-12-08",139,NA,NA,36,148,NA,160,264,86,97,NA,112,213,146,42,160,361,28,281,19,456,63,50,57,105,347,1456
"2023-12-09",143,NA,NA,47,137,NA,147,170,99,80,NA,128,148,101,46,158,338,49,176,3,244,74,41,47,139,342,1238
"2023-12-10",124,NA,NA,51,129,NA,120,159,86,52,NA,119,96,100,75,194,351,41,120,3,313,74,51,61,87,297,900
"2023-12-11",120,NA,NA,61,139,NA,156,190,115,60,NA,167,234,127,52,167,383,31,322,6,344,89,50,49,138,357,1652
"2023-12-12",126,NA,NA,96,178,NA,125,215,134,58,NA,144,196,157,40,139,327,31,187,24,256,64,55,30,87,308,557
"2023-12-13",128,NA,NA,97,148,NA,104,243,121,74,NA,142,177,111,36,154,360,22,165,27,279,40,71,37,139,349,590
"2023-12-14",120,NA,NA,84,143,NA,116,193,127,77,NA,143,159,113,25,119,268,19,172,16,214,70,68,34,167,347,527
"2023-12-15",81,NA,NA,92,121,NA,82,205,107,72,NA,145,228,124,48,114,349,33,120,17,241,46,63,38,121,356,245
"2023-12-16",127,NA,NA,40,138,NA,84,194,170,62,NA,94,138,91,40,124,197,15,158,2,146,36,50,35,117,376,508
"2023-12-17",89,NA,NA,45,121,NA,59,173,83,52,NA,83,142,49,47,98,165,30,81,3,86,22,53,34,93,375,367
"2023-12-18",123,NA,NA,71,113,NA,83,239,142,61,NA,97,234,95,26,188,159,42,77,4,129,52,54,19,126,321,564
"2023-12-19",141,NA,NA,110,183,NA,140,232,169,120,NA,170,227,274,40,181,427,30,241,21,306,66,34,72,102,308,739
"2023-12-20",143,NA,NA,138,182,NA,148,243,178,100,NA,169,229,244,53,145,277,28,216,32,361,71,36,74,125,360,681
"2023-12-21",125,NA,NA,104,211,NA,171,245,182,94,NA,160,183,237,34,165,309,23,211,28,410,100,44,51,113,334,625
"2023-12-22",150,NA,NA,100,204,NA,143,264,163,100,NA,164,228,214,25,159,326,29,191,14,466,84,38,70,117,334,568
"2023-12-23",142,NA,NA,82,195,NA,69,208,136,96,NA,101,173,193,34,187,322,37,95,4,279,73,47,50,130,330,560
"2023-12-24",147,NA,NA,87,220,NA,78,167,135,89,NA,111,135,137,33,166,317,39,108,8,327,46,33,54,74,346,626
"2023-12-25",144,NA,NA,138,202,NA,153,262,193,74,NA,128,234,234,36,169,357,30,239,15,430,83,36,55,107,321,720
"2023-12-26",126,NA,NA,96,178,NA,125,328,134,58,NA,144,217,157,40,139,327,31,187,24,256,64,55,30,87,336,557
"2023-12-27",128,NA,NA,97,148,NA,104,209,121,74,NA,142,188,111,36,154,360,22,165,27,279,40,71,37,139,314,590
"2023-12-28",120,NA,NA,84,143,NA,116,237,127,77,NA,143,159,113,25,119,268,19,172,16,214,70,68,34,167,300,527
"2023-12-29",81,NA,NA,92,121,NA,82,174,107,72,NA,145,205,124,48,114,349,33,120,17,241,46,63,38,121,310,245
"2023-12-30",127,NA,NA,40,138,NA,84,228,170,62,NA,94,178,91,40,124,197,15,158,2,146,36,50,35,117,341,508
"2023-12-31",89,NA,NA,45,121,NA,59,159,83,52,NA,83,143,49,47,98,165,30,81,3,86,22,53,34,93,405,367
"2024-01-01",123,NA,NA,71,113,NA,83,190,142,61,NA,97,257,95,26,188,159,42,77,4,129,52,54,19,126,295,564
"2024-01-02",212,NA,NA,83,143,NA,119,224,167,58,NA,129,234,135,66,0,230,22,297,5,378,63,30,49,159,365,630
"2024-01-03",166,NA,NA,53,217,NA,116,232,208,71,NA,185,188,230,45,0,345,31,177,8,279,65,31,63,149,314,621
"2024-01-04",118,NA,NA,89,135,NA,140,223,188,75,NA,144,159,118,51,0,281,19,222,24,297,70,42,69,150,299,666
"2024-01-05",112,NA,NA,88,145,NA,141,205,149,72,NA,131,176,272,48,0,257,25,214,7,438,82,55,55,106,340,721
"2024-01-06",119,NA,NA,60,133,NA,95,194,159,111,NA,133,180,69,61,0,296,47,158,1,270,72,26,43,119,385,506
"2024-01-07",140,NA,NA,1,105,NA,129,187,83,65,NA,93,181,78,44,0,273,30,146,6,154,39,24,71,132,372,1104
"2024-01-08",128,NA,NA,112,152,NA,241,228,183,60,NA,175,223,173,42,0,280,42,183,19,359,84,48,68,97,279,555
"2024-01-09",151,NA,NA,60,128,NA,118,163,186,74,NA,129,213,102,66,230,270,46,258,6,285,104,67,92,145,355,1906
"2024-01-10",134,NA,NA,53,153,NA,132,208,115,102,NA,171,206,111,39,198,345,27,314,11,316,100,74,43,130,349,1720
"2024-01-11",143,NA,NA,48,173,NA,155,199,127,92,NA,185,182,96,36,172,397,26,215,21,441,80,54,31,107,426,1778
"2024-01-12",112,NA,NA,51,149,NA,141,227,102,91,NA,134,176,94,32,153,268,22,207,11,316,69,39,28,128,356,1538
"2024-01-13",161,NA,NA,47,206,NA,119,200,113,59,NA,123,178,75,47,159,343,47,85,3,345,76,37,42,123,308,872
"2024-01-14",127,NA,NA,55,122,NA,102,164,133,102,NA,147,202,111,27,172,305,40,119,6,154,75,53,53,142,408,628
"2024-01-15",135,NA,NA,48,160,NA,120,258,188,92,NA,173,239,103,42,213,301,61,257,5,161,66,44,83,180,295,713
"2024-01-16",157,NA,NA,79,172,NA,167,243,110,85,NA,148,234,160,35,153,329,18,254,19,294,124,59,46,136,365,728
"2024-01-17",157,NA,NA,92,142,NA,173,241,123,90,NA,196,198,137,38,145,346,23,329,29,316,122,65,57,151,324,673
"2024-01-18",129,NA,NA,95,202,NA,237,237,126,101,NA,179,240,172,30,180,361,26,421,17,334,73,89,55,144,380,734
"2024-01-19",149,NA,NA,71,148,NA,175,228,130,87,NA,185,225,147,40,208,454,35,317,26,316,62,69,47,175,324,659
"2024-01-20",150,NA,NA,78,143,NA,161,158,113,59,NA,151,178,100,47,230,401,43,134,8,167,58,56,46,123,361,541
"2024-01-21",104,NA,NA,71,155,NA,88,118,111,82,NA,148,175,113,48,188,306,40,107,6,206,58,53,48,105,326,535
"2024-01-22",152,NA,NA,92,124,NA,136,243,111,101,NA,211,146,112,33,180,377,27,287,44,348,73,63,53,157,295,682
"2024-01-23",104,NA,NA,118,180,NA,100,220,155,94,NA,137,228,265,53,188,352,24,227,13,336,64,64,62,138,306,711
"2024-01-24",125,NA,NA,70,193,NA,107,225,165,110,NA,159,254,320,72,178,454,30,247,25,420,51,51,45,136,333,713
"2024-01-25",125,NA,NA,89,217,NA,83,242,154,121,NA,190,237,283,38,185,369,25,323,19,466,73,47,46,128,330,627
"2024-01-26",129,NA,NA,79,207,NA,103,219,125,107,NA,145,271,286,45,177,373,24,244,19,476,79,55,53,141,308,756
"2024-01-27",107,NA,NA,91,213,NA,90,134,135,106,NA,132,292,213,51,151,381,57,135,11,384,66,53,60,93,326,541
"2024-01-28",146,NA,NA,62,168,NA,75,180,123,104,NA,176,160,225,41,172,334,45,115,2,314,51,53,67,111,371,531
"2024-01-29",110,NA,NA,86,191,NA,90,280,169,91,NA,214,234,358,61,179,445,31,279,27,510,68,64,41,130,294,681
"2024-01-30",137,NA,NA,102,179,NA,82,230,169,106,NA,169,232,216,39,185,396,25,256,18,449,88,47,69,114,355,670
"2024-01-31",96,NA,NA,97,165,NA,97,232,157,78,NA,139,231,247,44,189,386,40,230,15,455,74,41,63,126,321,586
"2024-02-01",118,NA,NA,87,188,NA,137,237,152,92,NA,173,224,245,42,188,303,20,200,17,383,74,47,73,134,299,550
"2024-02-02",110,NA,NA,60,183,NA,124,174,138,91,NA,144,220,221,54,153,297,30,182,16,435,67,37,49,122,340,567
"2024-02-03",126,NA,NA,90,158,NA,102,179,131,107,NA,116,153,215,44,181,256,34,104,7,408,75,43,49,89,367,549
"2024-02-04",131,NA,NA,103,171,NA,95,187,93,93,NA,117,158,249,39,169,258,39,135,1,369,43,41,62,82,330,379
"2024-02-05",128,NA,NA,103,202,NA,89,243,176,112,NA,150,239,277,40,195,406,26,294,24,448,54,48,62,126,312,690
"2024-02-06",130,NA,NA,3,161,NA,150,224,79,78,NA,230,234,69,15,0,252,36,297,19,294,63,27,58,132,287,677
"2024-02-07",180,NA,NA,13,155,NA,142,219,82,109,NA,285,188,112,33,0,258,25,289,11,273,64,30,49,131,315,709
"2024-02-08",141,NA,NA,2,173,NA,175,266,93,95,NA,218,217,60,19,0,280,35,272,11,434,78,35,43,166,297,637
"2024-02-09",137,NA,NA,8,146,NA,154,219,102,115,NA,200,220,64,35,0,236,34,236,13,439,64,21,38,151,0,721
"2024-02-10",150,NA,NA,1,117,NA,135,173,110,114,NA,103,292,64,25,0,158,39,129,0,269,91,26,73,96,369,609
"2024-02-11",159,NA,NA,11,139,NA,129,164,97,93,NA,93,202,44,53,0,221,37,107,4,291,58,41,61,88,385,507
"2024-02-12",188,NA,NA,5,152,NA,176,243,101,92,NA,291,239,67,23,0,282,36,262,19,348,70,29,70,153,352,613
"2024-02-13",137,NA,NA,83,180,NA,149,257,153,104,NA,427,234,145,22,170,313,25,364,33,281,101,57,53,133,287,755
"2024-02-14",141,NA,NA,73,155,NA,135,219,173,90,NA,327,257,130,37,175,278,30,383,18,398,67,51,50,110,310,805
"2024-02-15",137,NA,NA,73,153,NA,196,250,114,76,NA,170,207,132,40,179,322,27,333,22,227,80,72,57,147,256,814
"2024-02-16",114,NA,NA,99,176,NA,177,227,126,91,NA,172,220,96,21,164,341,27,275,25,403,76,71,51,108,269,759
"2024-02-17",145,NA,NA,64,176,NA,174,228,157,71,NA,94,204,82,41,199,256,44,153,1,356,52,57,70,103,333,635
"2024-02-18",151,NA,NA,111,142,NA,130,167,139,78,NA,156,168,72,63,176,269,47,200,3,203,58,57,64,109,348,627
"2024-02-19",128,NA,NA,84,173,NA,173,207,142,139,NA,218,223,105,24,200,303,34,394,47,484,109,55,15,134,455,796
"2024-02-20",132,NA,NA,76,162,NA,147,220,183,126,NA,211,228,119,17,133,416,27,340,16,281,89,49,35,150,287,693
"2024-02-21",106,NA,NA,55,143,NA,158,232,149,98,NA,152,188,111,17,194,273,30,359,26,389,70,54,46,149,348,770
"2024-02-22",113,NA,NA,55,113,NA,152,250,138,96,NA,170,235,106,9,187,336,27,298,24,340,66,44,44,139,356,774
"2024-02-23",130,NA,NA,54,120,NA,153,202,137,72,NA,182,225,103,21,132,301,36,285,26,320,62,54,45,134,331,797
"2024-02-24",115,NA,NA,82,141,NA,126,184,172,70,NA,82,292,88,52,138,305,42,133,2,179,47,52,25,140,301,604
"2024-02-25",135,NA,NA,37,120,NA,132,164,114,81,NA,86,233,123,55,164,193,41,113,6,200,74,55,33,86,311,458
"2024-02-26",132,NA,NA,64,153,NA,161,232,135,100,NA,151,283,124,59,166,360,21,372,17,396,63,72,29,149,455,679
"2024-02-27",144,NA,NA,17,108,NA,178,236,130,90,NA,304,197,79,34,0,330,27,397,19,251,64,27,81,189,337,883
"2024-02-28",171,NA,NA,13,156,NA,151,118,120,79,NA,241,262,72,38,0,300,41,368,14,303,77,33,64,161,310,831
"2024-02-29",145,NA,NA,11,153,NA,203,199,130,55,NA,239,240,74,29,0,294,33,312,9,428,89,34,61,144,330,790
"2024-03-01",165,NA,NA,3,NA,NA,NA,231,NA,NA,NA,241,220,78,58,0,236,32,297,4,316,NA,23,43,134,269,NA
"2024-03-02",145,NA,NA,10,NA,NA,NA,184,NA,NA,NA,95,196,78,48,0,401,52,179,5,212,NA,30,60,125,369,NA
"2024-03-03",142,NA,NA,1,NA,NA,NA,147,NA,NA,NA,111,179,55,53,0,182,41,140,1,192,NA,24,66,129,311,NA
"2024-03-04",152,NA,NA,6,NA,NA,NA,94,NA,NA,NA,256,237,83,57,0,294,39,384,17,265,NA,34,64,125,330,NA
"2024-03-05",137,NA,NA,11,NA,NA,NA,186,NA,NA,NA,231,218,77,16,0,373,32,363,35,336,NA,29,58,155,449,NA
"2024-03-06",136,NA,NA,24,NA,NA,NA,106,NA,NA,NA,290,257,100,9,0,260,25,343,21,273,NA,29,56,157,320,NA
"2024-03-07",164,NA,NA,3,NA,NA,NA,250,NA,NA,NA,252,222,77,24,0,226,25,400,13,379,NA,27,64,164,356,NA
"2024-03-08",103,NA,NA,0,NA,NA,NA,107,NA,NA,NA,227,241,72,36,0,302,29,337,9,496,NA,31,42,162,398,NA
"2024-03-09",126,NA,NA,6,NA,NA,NA,196,NA,NA,NA,126,213,114,53,0,250,41,145,1,272,NA,23,72,154,496,NA
"2024-03-10",109,NA,NA,2,NA,NA,NA,72,NA,NA,NA,107,170,58,30,0,170,42,149,1,257,NA,24,59,99,348,NA
"2024-03-11",110,NA,NA,0,NA,NA,NA,70,NA,NA,NA,198,237,82,20,0,NA,30,331,23,377,NA,27,72,146,358,NA
"2024-03-12",179,NA,NA,110,NA,NA,NA,83,NA,NA,NA,194,234,183,32,170,NA,25,283,26,281,NA,61,58,155,327,NA
"2024-03-13",171,NA,NA,129,NA,NA,NA,225,NA,NA,NA,220,225,176,25,191,NA,28,264,21,273,NA,NA,57,152,335,NA
"2024-03-14",NA,NA,NA,84,NA,NA,NA,106,NA,NA,NA,184,235,116,46,172,NA,25,257,13,282,NA,NA,60,132,358,NA
"2024-03-15",NA,NA,NA,NA,NA,NA,NA,181,NA,NA,NA,175,215,108,37,181,NA,25,190,19,277,NA,NA,48,137,444,NA
"2024-03-16",NA,NA,NA,NA,NA,NA,NA,166,NA,NA,NA,150,292,93,55,206,NA,27,162,5,212,NA,NA,53,135,520,NA
"2024-03-17",NA,NA,NA,NA,NA,NA,NA,65,NA,NA,NA,145,154,91,38,213,NA,34,143,1,257,NA,NA,57,108,323,NA
"2024-03-18",NA,NA,NA,NA,NA,NA,NA,273,NA,NA,NA,168,237,135,35,185,NA,28,316,10,312,NA,NA,63,144,337,NA
"2024-03-19",NA,NA,NA,NA,NA,NA,NA,186,NA,NA,NA,161,197,292,46,185,NA,30,260,23,447,NA,NA,43,143,333,NA
"2024-03-20",NA,NA,NA,NA,NA,NA,NA,206,NA,NA,NA,154,212,348,NA,176,NA,20,260,37,476,NA,NA,41,119,335,NA
"2024-03-21",NA,NA,NA,NA,NA,NA,NA,224,NA,NA,NA,184,222,303,NA,165,NA,27,198,20,557,NA,NA,55,121,356,NA
"2024-03-22",NA,NA,NA,NA,NA,NA,NA,262,NA,NA,NA,172,220,297,NA,166,NA,26,223,29,403,NA,NA,64,147,273,NA
"2024-03-23",NA,NA,NA,NA,NA,NA,NA,191,NA,NA,NA,101,213,240,NA,212,NA,48,103,6,NA,NA,NA,65,105,301,NA
"2024-03-24",NA,NA,NA,NA,NA,NA,NA,146,NA,NA,NA,136,168,248,NA,185,NA,41,121,6,NA,NA,NA,69,92,334,NA
"2024-03-25",NA,NA,NA,NA,NA,NA,NA,267,NA,NA,NA,171,254,NA,NA,183,NA,27,258,23,NA,NA,NA,47,124,336,NA
"2024-03-26",NA,NA,NA,NA,NA,NA,NA,81,NA,NA,NA,158,197,NA,NA,138,NA,29,315,NA,NA,NA,NA,57,198,428,NA
"2024-03-27",NA,NA,NA,NA,NA,NA,NA,115,NA,NA,NA,162,224,NA,NA,122,NA,29,331,NA,NA,NA,NA,50,159,357,NA
"2024-03-28",NA,NA,NA,NA,NA,NA,NA,101,NA,NA,NA,119,185,NA,NA,124,NA,26,225,NA,NA,NA,NA,48,142,340,NA
"2024-03-29",NA,NA,NA,NA,NA,NA,NA,265,NA,NA,NA,132,215,NA,NA,133,NA,25,239,NA,NA,NA,NA,45,186,324,NA
"2024-03-30",NA,NA,NA,NA,NA,NA,NA,173,NA,NA,NA,102,152,NA,NA,176,NA,48,130,NA,NA,NA,NA,47,126,301,NA
"2024-03-31",NA,NA,NA,NA,NA,NA,NA,65,NA,NA,NA,122,154,NA,NA,135,NA,43,135,NA,NA,NA,NA,56,117,312,NA
"2024-04-01",NA,NA,NA,NA,NA,NA,NA,NA,NA,NA,NA,160,NA,NA,NA,130,NA,25,357,NA,NA,NA,NA,NA,153,385,NA
"2024-04-02",NA,NA,NA,NA,NA,NA,NA,NA,NA,NA,NA,199,NA,NA,NA,154,NA,24,364,NA,NA,NA,NA,NA,142,334,NA
"2024-04-03",NA,NA,NA,NA,NA,NA,NA,NA,NA,NA,NA,147,NA,NA,NA,149,NA,34,357,NA,NA,NA,NA,NA,122,NA,NA
"2024-04-04",NA,NA,NA,NA,NA,NA,NA,NA,NA,NA,NA,167,NA,NA,NA,142,NA,33,263,NA,NA,NA,NA,NA,144,NA,NA
"2024-04-05",NA,NA,NA,NA,NA,NA,NA,NA,NA,NA,NA,172,NA,NA,NA,112,NA,21,281,NA,NA,NA,NA,NA,138,NA,NA
"2024-04-06",NA,NA,NA,NA,NA,NA,NA,NA,NA,NA,NA,132,NA,NA,NA,150,NA,41,133,NA,NA,NA,NA,NA,128,NA,NA
"2024-04-07",NA,NA,NA,NA,NA,NA,NA,NA,NA,NA,NA,99,NA,NA,NA,113,NA,51,122,NA,NA,NA,NA,NA,115,NA,NA
"2024-04-08",NA,NA,NA,NA,NA,NA,NA,NA,NA,NA,NA,195,NA,NA,NA,157,NA,41,323,NA,NA,NA,NA,NA,169,NA,NA
"2024-04-09",NA,NA,NA,NA,NA,NA,NA,NA,NA,NA,NA,225,NA,NA,NA,180,NA,24,41,NA,NA,NA,NA,NA,127,NA,NA
"2024-04-10",NA,NA,NA,NA,NA,NA,NA,NA,NA,NA,NA,206,NA,NA,NA,175,NA,24,244,NA,NA,NA,NA,NA,156,NA,NA
"2024-04-11",NA,NA,NA,NA,NA,NA,NA,NA,NA,NA,NA,201,NA,NA,NA,185,NA,11,235,NA,NA,NA,NA,NA,189,NA,NA
"2024-04-12",NA,NA,NA,NA,NA,NA,NA,NA,NA,NA,NA,188,NA,NA,NA,180,NA,19,338,NA,NA,NA,NA,NA,170,NA,NA
"2024-04-13",NA,NA,NA,NA,NA,NA,NA,NA,NA,NA,NA,144,NA,NA,NA,254,NA,53,148,NA,NA,NA,NA,NA,150,NA,NA
"2024-04-14",NA,NA,NA,NA,NA,NA,NA,NA,NA,NA,NA,145,NA,NA,NA,219,NA,36,183,NA,NA,NA,NA,NA,134,NA,NA
"2024-04-15",NA,NA,NA,NA,NA,NA,NA,NA,NA,NA,NA,221,NA,NA,NA,203,NA,29,378,NA,NA,NA,NA,NA,167,NA,NA
"2024-04-16",NA,NA,NA,NA,NA,NA,NA,NA,NA,NA,NA,178,NA,NA,NA,168,NA,25,326,NA,NA,NA,NA,NA,112,NA,NA
"2024-04-17",NA,NA,NA,NA,NA,NA,NA,NA,NA,NA,NA,183,NA,NA,NA,138,NA,33,361,NA,NA,NA,NA,NA,131,NA,NA
"2024-04-18",NA,NA,NA,NA,NA,NA,NA,NA,NA,NA,NA,183,NA,NA,NA,162,NA,29,361,NA,NA,NA,NA,NA,144,NA,NA
"2024-04-19",NA,NA,NA,NA,NA,NA,NA,NA,NA,NA,NA,167,NA,NA,NA,137,NA,25,319,NA,NA,NA,NA,NA,97,NA,NA
"2024-04-20",NA,NA,NA,NA,NA,NA,NA,NA,NA,NA,NA,113,NA,NA,NA,127,NA,48,182,NA,NA,NA,NA,NA,99,NA,NA
"2024-04-21",NA,NA,NA,NA,NA,NA,NA,NA,NA,NA,NA,116,NA,NA,NA,153,NA,31,146,NA,NA,NA,NA,NA,98,NA,NA
"2024-04-22",NA,NA,NA,NA,NA,NA,NA,NA,NA,NA,NA,199,NA,NA,NA,179,NA,25,336,NA,NA,NA,NA,NA,139,NA,NA
"2024-04-23",NA,NA,NA,NA,NA,NA,NA,NA,NA,NA,NA,178,NA,NA,NA,168,NA,25,326,NA,NA,NA,NA,NA,112,NA,NA
"2024-04-24",NA,NA,NA,NA,NA,NA,NA,NA,NA,NA,NA,183,NA,NA,NA,138,NA,33,361,NA,NA,NA,NA,NA,131,NA,NA
"2024-04-25",NA,NA,NA,NA,NA,NA,NA,NA,NA,NA,NA,183,NA,NA,NA,162,NA,29,361,NA,NA,NA,NA,NA,144,NA,NA
"2024-04-26",NA,NA,NA,NA,NA,NA,NA,NA,NA,NA,NA,167,NA,NA,NA,137,NA,NA,319,NA,NA,NA,NA,NA,97,NA,NA
"2024-04-27",NA,NA,NA,NA,NA,NA,NA,NA,NA,NA,NA,113,NA,NA,NA,127,NA,NA,182,NA,NA,NA,NA,NA,99,NA,NA
"2024-04-28",NA,NA,NA,NA,NA,NA,NA,NA,NA,NA,NA,116,NA,NA,NA,153,NA,NA,146,NA,NA,NA,NA,NA,98,NA,NA
"2024-04-29",NA,NA,NA,NA,NA,NA,NA,NA,NA,NA,NA,NA,NA,NA,NA,179,NA,NA,336,NA,NA,NA,NA,NA,139,NA,NA
"2024-04-30",NA,NA,NA,NA,NA,NA,NA,NA,NA,NA,NA,NA,NA,NA,NA,192,NA,NA,352,NA,NA,NA,NA,NA,174,NA,NA
"2024-05-01",NA,NA,NA,NA,NA,NA,NA,NA,NA,NA,NA,NA,NA,NA,NA,172,NA,NA,NA,NA,NA,NA,NA,NA,148,NA,NA
"2024-05-02",NA,NA,NA,NA,NA,NA,NA,NA,NA,NA,NA,NA,NA,NA,NA,183,NA,NA,NA,NA,NA,NA,NA,NA,172,NA,NA
"2024-05-03",NA,NA,NA,NA,NA,NA,NA,NA,NA,NA,NA,NA,NA,NA,NA,175,NA,NA,NA,NA,NA,NA,NA,NA,210,NA,NA
"2024-05-04",NA,NA,NA,NA,NA,NA,NA,NA,NA,NA,NA,NA,NA,NA,NA,171,NA,NA,NA,NA,NA,NA,NA,NA,132,NA,NA
"2024-05-05",NA,NA,NA,NA,NA,NA,NA,NA,NA,NA,NA,NA,NA,NA,NA,185,NA,NA,NA,NA,NA,NA,NA,NA,186,NA,NA
"2024-05-06",NA,NA,NA,NA,NA,NA,NA,NA,NA,NA,NA,NA,NA,NA,NA,210,NA,NA,NA,NA,NA,NA,NA,NA,214,NA,NA
"2024-05-07",NA,NA,NA,NA,NA,NA,NA,NA,NA,NA,NA,NA,NA,NA,NA,0,NA,NA,NA,NA,NA,NA,NA,NA,150,NA,NA
"2024-05-08",NA,NA,NA,NA,NA,NA,NA,NA,NA,NA,NA,NA,NA,NA,NA,0,NA,NA,NA,NA,NA,NA,NA,NA,133,NA,NA
"2024-05-09",NA,NA,NA,NA,NA,NA,NA,NA,NA,NA,NA,NA,NA,NA,NA,0,NA,NA,NA,NA,NA,NA,NA,NA,173,NA,NA
"2024-05-10",NA,NA,NA,NA,NA,NA,NA,NA,NA,NA,NA,NA,NA,NA,NA,0,NA,NA,NA,NA,NA,NA,NA,NA,189,NA,NA
"2024-05-11",NA,NA,NA,NA,NA,NA,NA,NA,NA,NA,NA,NA,NA,NA,NA,0,NA,NA,NA,NA,NA,NA,NA,NA,88,NA,NA
"2024-05-12",NA,NA,NA,NA,NA,NA,NA,NA,NA,NA,NA,NA,NA,NA,NA,0,NA,NA,NA,NA,NA,NA,NA,NA,102,NA,NA
"2024-05-13",NA,NA,NA,NA,NA,NA,NA,NA,NA,NA,NA,NA,NA,NA,NA,0,NA,NA,NA,NA,NA,NA,NA,NA,144,NA,NA
"2024-05-14",NA,NA,NA,NA,NA,NA,NA,NA,NA,NA,NA,NA,NA,NA,NA,104,NA,NA,NA,NA,NA,NA,NA,NA,106,NA,NA
"2024-05-15",NA,NA,NA,NA,NA,NA,NA,NA,NA,NA,NA,NA,NA,NA,NA,99,NA,NA,NA,NA,NA,NA,NA,NA,95,NA,NA
"2024-05-16",NA,NA,NA,NA,NA,NA,NA,NA,NA,NA,NA,NA,NA,NA,NA,93,NA,NA,NA,NA,NA,NA,NA,NA,116,NA,NA
"2024-05-17",NA,NA,NA,NA,NA,NA,NA,NA,NA,NA,NA,NA,NA,NA,NA,98,NA,NA,NA,NA,NA,NA,NA,NA,114,NA,NA
"2024-05-18",NA,NA,NA,NA,NA,NA,NA,NA,NA,NA,NA,NA,NA,NA,NA,105,NA,NA,NA,NA,NA,NA,NA,NA,123,NA,NA
"2024-05-19",NA,NA,NA,NA,NA,NA,NA,NA,NA,NA,NA,NA,NA,NA,NA,86,NA,NA,NA,NA,NA,NA,NA,NA,87,NA,NA
"2024-05-20",NA,NA,NA,NA,NA,NA,NA,NA,NA,NA,NA,NA,NA,NA,NA,117,NA,NA,NA,NA,NA,NA,NA,NA,129,NA,NA
"2024-05-21",NA,NA,NA,NA,NA,NA,NA,NA,NA,NA,NA,NA,NA,NA,NA,184,NA,NA,NA,NA,NA,NA,NA,NA,147,NA,NA
"2024-05-22",NA,NA,NA,NA,NA,NA,NA,NA,NA,NA,NA,NA,NA,NA,NA,94,NA,NA,NA,NA,NA,NA,NA,NA,149,NA,NA
"2024-05-23",NA,NA,NA,NA,NA,NA,NA,NA,NA,NA,NA,NA,NA,NA,NA,142,NA,NA,NA,NA,NA,NA,NA,NA,153,NA,NA
"2024-05-24",NA,NA,NA,NA,NA,NA,NA,NA,NA,NA,NA,NA,NA,NA,NA,159,NA,NA,NA,NA,NA,NA,NA,NA,177,NA,NA
"2024-05-25",NA,NA,NA,NA,NA,NA,NA,NA,NA,NA,NA,NA,NA,NA,NA,171,NA,NA,NA,NA,NA,NA,NA,NA,126,NA,NA
"2024-05-26",NA,NA,NA,NA,NA,NA,NA,NA,NA,NA,NA,NA,NA,NA,NA,127,NA,NA,NA,NA,NA,NA,NA,NA,146,NA,NA
"2024-05-27",NA,NA,NA,NA,NA,NA,NA,NA,NA,NA,NA,NA,NA,NA,NA,147,NA,NA,NA,NA,NA,NA,NA,NA,166,NA,NA
"2024-05-28",NA,NA,NA,NA,NA,NA,NA,NA,NA,NA,NA,NA,NA,NA,NA,77,NA,NA,NA,NA,NA,NA,NA,NA,133,NA,NA
"2024-05-29",NA,NA,NA,NA,NA,NA,NA,NA,NA,NA,NA,NA,NA,NA,NA,81,NA,NA,NA,NA,NA,NA,NA,NA,99,NA,NA
"2024-05-30",NA,NA,NA,NA,NA,NA,NA,NA,NA,NA,NA,NA,NA,NA,NA,103,NA,NA,NA,NA,NA,NA,NA,NA,120,NA,NA
"2024-05-31",NA,NA,NA,NA,NA,NA,NA,NA,NA,NA,NA,NA,NA,NA,NA,96,NA,NA,NA,NA,NA,NA,NA,NA,113,NA,NA
"2024-06-01",NA,NA,NA,NA,NA,NA,NA,NA,NA,NA,NA,NA,NA,NA,NA,93,NA,NA,NA,NA,NA,NA,NA,NA,114,NA,NA
"2024-06-02",NA,NA,NA,NA,NA,NA,NA,NA,NA,NA,NA,NA,NA,NA,NA,99,NA,NA,NA,NA,NA,NA,NA,NA,91,NA,NA
"2024-06-03",NA,NA,NA,NA,NA,NA,NA,NA,NA,NA,NA,NA,NA,NA,NA,109,NA,NA,NA,NA,NA,NA,NA,NA,103,NA,NA
"2024-06-04",NA,NA,NA,NA,NA,NA,NA,NA,NA,NA,NA,NA,NA,NA,NA,112,NA,NA,NA,NA,NA,NA,NA,NA,105,NA,NA
"2024-06-05",NA,NA,NA,NA,NA,NA,NA,NA,NA,NA,NA,NA,NA,NA,NA,97,NA,NA,NA,NA,NA,NA,NA,NA,117,NA,NA
"2024-06-06",NA,NA,NA,NA,NA,NA,NA,NA,NA,NA,NA,NA,NA,NA,NA,106,NA,NA,NA,NA,NA,NA,NA,NA,137,NA,NA
"2024-06-07",NA,NA,NA,NA,NA,NA,NA,NA,NA,NA,NA,NA,NA,NA,NA,104,NA,NA,NA,NA,NA,NA,NA,NA,130,NA,NA
"2024-06-08",NA,NA,NA,NA,NA,NA,NA,NA,NA,NA,NA,NA,NA,NA,NA,94,NA,NA,NA,NA,NA,NA,NA,NA,146,NA,NA
"2024-06-09",NA,NA,NA,NA,NA,NA,NA,NA,NA,NA,NA,NA,NA,NA,NA,109,NA,NA,NA,NA,NA,NA,NA,NA,100,NA,NA
"2024-06-10",NA,NA,NA,NA,NA,NA,NA,NA,NA,NA,NA,NA,NA,NA,NA,82,NA,NA,NA,NA,NA,NA,NA,NA,159,NA,NA
"2024-06-11",NA,NA,NA,NA,NA,NA,NA,NA,NA,NA,NA,NA,NA,NA,NA,0,NA,NA,NA,NA,NA,NA,NA,NA,106,NA,NA
"2024-06-12",NA,NA,NA,NA,NA,NA,NA,NA,NA,NA,NA,NA,NA,NA,NA,0,NA,NA,NA,NA,NA,NA,NA,NA,124,NA,NA
"2024-06-13",NA,NA,NA,NA,NA,NA,NA,NA,NA,NA,NA,NA,NA,NA,NA,0,NA,NA,NA,NA,NA,NA,NA,NA,117,NA,NA
"2024-06-14",NA,NA,NA,NA,NA,NA,NA,NA,NA,NA,NA,NA,NA,NA,NA,0,NA,NA,NA,NA,NA,NA,NA,NA,127,NA,NA
"2024-06-15",NA,NA,NA,NA,NA,NA,NA,NA,NA,NA,NA,NA,NA,NA,NA,0,NA,NA,NA,NA,NA,NA,NA,NA,110,NA,NA
"2024-06-16",NA,NA,NA,NA,NA,NA,NA,NA,NA,NA,NA,NA,NA,NA,NA,0,NA,NA,NA,NA,NA,NA,NA,NA,89,NA,NA
"2024-06-17",NA,NA,NA,NA,NA,NA,NA,NA,NA,NA,NA,NA,NA,NA,NA,0,NA,NA,NA,NA,NA,NA,NA,NA,147,NA,NA
"2024-06-18",NA,NA,NA,NA,NA,NA,NA,NA,NA,NA,NA,NA,NA,NA,NA,0,NA,NA,NA,NA,NA,NA,NA,NA,129,NA,NA
"2024-06-19",NA,NA,NA,NA,NA,NA,NA,NA,NA,NA,NA,NA,NA,NA,NA,0,NA,NA,NA,NA,NA,NA,NA,NA,128,NA,NA
"2024-06-20",NA,NA,NA,NA,NA,NA,NA,NA,NA,NA,NA,NA,NA,NA,NA,0,NA,NA,NA,NA,NA,NA,NA,NA,116,NA,NA
"2024-06-21",NA,NA,NA,NA,NA,NA,NA,NA,NA,NA,NA,NA,NA,NA,NA,0,NA,NA,NA,NA,NA,NA,NA,NA,120,NA,NA
"2024-06-22",NA,NA,NA,NA,NA,NA,NA,NA,NA,NA,NA,NA,NA,NA,NA,0,NA,NA,NA,NA,NA,NA,NA,NA,124,NA,NA
"2024-06-23",NA,NA,NA,NA,NA,NA,NA,NA,NA,NA,NA,NA,NA,NA,NA,0,NA,NA,NA,NA,NA,NA,NA,NA,84,NA,NA
"2024-06-24",NA,NA,NA,NA,NA,NA,NA,NA,NA,NA,NA,NA,NA,NA,NA,0,NA,NA,NA,NA,NA,NA,NA,NA,106,NA,NA
"2024-06-25",NA,NA,NA,NA,NA,NA,NA,NA,NA,NA,NA,NA,NA,NA,NA,0,NA,NA,NA,NA,NA,NA,NA,NA,133,NA,NA
"2024-06-26",NA,NA,NA,NA,NA,NA,NA,NA,NA,NA,NA,NA,NA,NA,NA,0,NA,NA,NA,NA,NA,NA,NA,NA,127,NA,NA
"2024-06-27",NA,NA,NA,NA,NA,NA,NA,NA,NA,NA,NA,NA,NA,NA,NA,0,NA,NA,NA,NA,NA,NA,NA,NA,112,NA,NA
"2024-06-28",NA,NA,NA,NA,NA,NA,NA,NA,NA,NA,NA,NA,NA,NA,NA,0,NA,NA,NA,NA,NA,NA,NA,NA,111,NA,NA
"2024-06-29",NA,NA,NA,NA,NA,NA,NA,NA,NA,NA,NA,NA,NA,NA,NA,0,NA,NA,NA,NA,NA,NA,NA,NA,114,NA,NA
"2024-06-30",NA,NA,NA,NA,NA,NA,NA,NA,NA,NA,NA,NA,NA,NA,NA,0,NA,NA,NA,NA,NA,NA,NA,NA,115,NA,NA
"2024-07-01",NA,NA,NA,NA,NA,NA,NA,NA,NA,NA,NA,NA,NA,NA,NA,0,NA,NA,NA,NA,NA,NA,NA,NA,159,NA,NA
"2024-07-02",NA,NA,NA,NA,NA,NA,NA,NA,NA,NA,NA,NA,NA,NA,NA,159,NA,NA,NA,NA,NA,NA,NA,NA,175,NA,NA
"2024-07-03",NA,NA,NA,NA,NA,NA,NA,NA,NA,NA,NA,NA,NA,NA,NA,183,NA,NA,NA,NA,NA,NA,NA,NA,157,NA,NA
"2024-07-04",NA,NA,NA,NA,NA,NA,NA,NA,NA,NA,NA,NA,NA,NA,NA,161,NA,NA,NA,NA,NA,NA,NA,NA,139,NA,NA
"2024-07-05",NA,NA,NA,NA,NA,NA,NA,NA,NA,NA,NA,NA,NA,NA,NA,161,NA,NA,NA,NA,NA,NA,NA,NA,147,NA,NA
"2024-07-06",NA,NA,NA,NA,NA,NA,NA,NA,NA,NA,NA,NA,NA,NA,NA,137,NA,NA,NA,NA,NA,NA,NA,NA,179,NA,NA
"2024-07-07",NA,NA,NA,NA,NA,NA,NA,NA,NA,NA,NA,NA,NA,NA,NA,131,NA,NA,NA,NA,NA,NA,NA,NA,125,NA,NA
"2024-07-08",NA,NA,NA,NA,NA,NA,NA,NA,NA,NA,NA,NA,NA,NA,NA,176,NA,NA,NA,NA,NA,NA,NA,NA,153,NA,NA
"2024-07-09",NA,NA,NA,NA,NA,NA,NA,NA,NA,NA,NA,NA,NA,NA,NA,164,NA,NA,NA,NA,NA,NA,NA,NA,102,NA,NA
"2024-07-10",NA,NA,NA,NA,NA,NA,NA,NA,NA,NA,NA,NA,NA,NA,NA,192,NA,NA,NA,NA,NA,NA,NA,NA,107,NA,NA
"2024-07-11",NA,NA,NA,NA,NA,NA,NA,NA,NA,NA,NA,NA,NA,NA,NA,159,NA,NA,NA,NA,NA,NA,NA,NA,123,NA,NA
"2024-07-12",NA,NA,NA,NA,NA,NA,NA,NA,NA,NA,NA,NA,NA,NA,NA,158,NA,NA,NA,NA,NA,NA,NA,NA,161,NA,NA
"2024-07-13",NA,NA,NA,NA,NA,NA,NA,NA,NA,NA,NA,NA,NA,NA,NA,155,NA,NA,NA,NA,NA,NA,NA,NA,141,NA,NA
"2024-07-14",NA,NA,NA,NA,NA,NA,NA,NA,NA,NA,NA,NA,NA,NA,NA,167,NA,NA,NA,NA,NA,NA,NA,NA,103,NA,NA
"2024-07-15",NA,NA,NA,NA,NA,NA,NA,NA,NA,NA,NA,NA,NA,NA,NA,201,NA,NA,NA,NA,NA,NA,NA,NA,126,NA,NA
"2024-07-16",NA,NA,NA,NA,NA,NA,NA,NA,NA,NA,NA,NA,NA,NA,NA,0,NA,NA,NA,NA,NA,NA,NA,NA,142,NA,NA
"2024-07-17",NA,NA,NA,NA,NA,NA,NA,NA,NA,NA,NA,NA,NA,NA,NA,0,NA,NA,NA,NA,NA,NA,NA,NA,124,NA,NA
"2024-07-18",NA,NA,NA,NA,NA,NA,NA,NA,NA,NA,NA,NA,NA,NA,NA,0,NA,NA,NA,NA,NA,NA,NA,NA,159,NA,NA
"2024-07-19",NA,NA,NA,NA,NA,NA,NA,NA,NA,NA,NA,NA,NA,NA,NA,0,NA,NA,NA,NA,NA,NA,NA,NA,127,NA,NA
"2024-07-20",NA,NA,NA,NA,NA,NA,NA,NA,NA,NA,NA,NA,NA,NA,NA,0,NA,NA,NA,NA,NA,NA,NA,NA,117,NA,NA
"2024-07-21",NA,NA,NA,NA,NA,NA,NA,NA,NA,NA,NA,NA,NA,NA,NA,0,NA,NA,NA,NA,NA,NA,NA,NA,73,NA,NA
"2024-07-22",NA,NA,NA,NA,NA,NA,NA,NA,NA,NA,NA,NA,NA,NA,NA,0,NA,NA,NA,NA,NA,NA,NA,NA,95,NA,NA
"2024-07-23",NA,NA,NA,NA,NA,NA,NA,NA,NA,NA,NA,NA,NA,NA,NA,0,NA,NA,NA,NA,NA,NA,NA,NA,0,NA,NA
"2024-07-24",NA,NA,NA,NA,NA,NA,NA,NA,NA,NA,NA,NA,NA,NA,NA,0,NA,NA,NA,NA,NA,NA,NA,NA,1,NA,NA
"2024-07-25",NA,NA,NA,NA,NA,NA,NA,NA,NA,NA,NA,NA,NA,NA,NA,153,NA,NA,NA,NA,NA,NA,NA,NA,0,NA,NA
"2024-07-26",NA,NA,NA,NA,NA,NA,NA,NA,NA,NA,NA,NA,NA,NA,NA,90,NA,NA,NA,NA,NA,NA,NA,NA,0,NA,NA
"2024-07-27",NA,NA,NA,NA,NA,NA,NA,NA,NA,NA,NA,NA,NA,NA,NA,90,NA,NA,NA,NA,NA,NA,NA,NA,0,NA,NA
"2024-07-28",NA,NA,NA,NA,NA,NA,NA,NA,NA,NA,NA,NA,NA,NA,NA,0,NA,NA,NA,NA,NA,NA,NA,NA,0,NA,NA
"2024-07-29",NA,NA,NA,NA,NA,NA,NA,NA,NA,NA,NA,NA,NA,NA,NA,131,NA,NA,NA,NA,NA,NA,NA,NA,0,NA,NA
"2024-07-30",NA,NA,NA,NA,NA,NA,NA,NA,NA,NA,NA,NA,NA,NA,NA,203,NA,NA,NA,NA,NA,NA,NA,NA,128,NA,NA
"2024-07-31",NA,NA,NA,NA,NA,NA,NA,NA,NA,NA,NA,NA,NA,NA,NA,182,NA,NA,NA,NA,NA,NA,NA,NA,112,NA,NA
"2024-08-01",NA,NA,NA,NA,NA,NA,NA,NA,NA,NA,NA,NA,NA,NA,NA,188,NA,NA,NA,NA,NA,NA,NA,NA,129,NA,NA
"2024-08-02",NA,NA,NA,NA,NA,NA,NA,NA,NA,NA,NA,NA,NA,NA,NA,147,NA,NA,NA,NA,NA,NA,NA,NA,140,NA,NA
"2024-08-03",NA,NA,NA,NA,NA,NA,NA,NA,NA,NA,NA,NA,NA,NA,NA,190,NA,NA,NA,NA,NA,NA,NA,NA,116,NA,NA
"2024-08-04",NA,NA,NA,NA,NA,NA,NA,NA,NA,NA,NA,NA,NA,NA,NA,219,NA,NA,NA,NA,NA,NA,NA,NA,127,NA,NA
"2024-08-05",NA,NA,NA,NA,NA,NA,NA,NA,NA,NA,NA,NA,NA,NA,NA,189,NA,NA,NA,NA,NA,NA,NA,NA,159,NA,NA
"2024-08-06",NA,NA,NA,NA,NA,NA,NA,NA,NA,NA,NA,NA,NA,NA,NA,181,NA,NA,NA,NA,NA,NA,NA,NA,111,NA,NA
"2024-08-07",NA,NA,NA,NA,NA,NA,NA,NA,NA,NA,NA,NA,NA,NA,NA,161,NA,NA,NA,NA,NA,NA,NA,NA,122,NA,NA
"2024-08-08",NA,NA,NA,NA,NA,NA,NA,NA,NA,NA,NA,NA,NA,NA,NA,209,NA,NA,NA,NA,NA,NA,NA,NA,136,NA,NA
"2024-08-09",NA,NA,NA,NA,NA,NA,NA,NA,NA,NA,NA,NA,NA,NA,NA,174,NA,NA,NA,NA,NA,NA,NA,NA,122,NA,NA
"2024-08-10",NA,NA,NA,NA,NA,NA,NA,NA,NA,NA,NA,NA,NA,NA,NA,178,NA,NA,NA,NA,NA,NA,NA,NA,114,NA,NA
"2024-08-11",NA,NA,NA,NA,NA,NA,NA,NA,NA,NA,NA,NA,NA,NA,NA,211,NA,NA,NA,NA,NA,NA,NA,NA,96,NA,NA
"2024-08-12",NA,NA,NA,NA,NA,NA,NA,NA,NA,NA,NA,NA,NA,NA,NA,174,NA,NA,NA,NA,NA,NA,NA,NA,156,NA,NA
"2024-08-13",NA,NA,NA,NA,NA,NA,NA,NA,NA,NA,NA,NA,NA,NA,NA,182,NA,NA,NA,NA,NA,NA,NA,NA,130,NA,NA
"2024-08-14",NA,NA,NA,NA,NA,NA,NA,NA,NA,NA,NA,NA,NA,NA,NA,133,NA,NA,NA,NA,NA,NA,NA,NA,146,NA,NA
"2024-08-15",NA,NA,NA,NA,NA,NA,NA,NA,NA,NA,NA,NA,NA,NA,NA,131,NA,NA,NA,NA,NA,NA,NA,NA,152,NA,NA
"2024-08-16",NA,NA,NA,NA,NA,NA,NA,NA,NA,NA,NA,NA,NA,NA,NA,152,NA,NA,NA,NA,NA,NA,NA,NA,101,NA,NA
"2024-08-17",NA,NA,NA,NA,NA,NA,NA,NA,NA,NA,NA,NA,NA,NA,NA,184,NA,NA,NA,NA,NA,NA,NA,NA,140,NA,NA
"2024-08-18",NA,NA,NA,NA,NA,NA,NA,NA,NA,NA,NA,NA,NA,NA,NA,196,NA,NA,NA,NA,NA,NA,NA,NA,114,NA,NA
"2024-08-19",NA,NA,NA,NA,NA,NA,NA,NA,NA,NA,NA,NA,NA,NA,NA,130,NA,NA,NA,NA,NA,NA,NA,NA,133,NA,NA
"2024-08-20",NA,NA,NA,NA,NA,NA,NA,NA,NA,NA,NA,NA,NA,NA,NA,121,NA,NA,NA,NA,NA,NA,NA,NA,123,NA,NA
"2024-08-21",NA,NA,NA,NA,NA,NA,NA,NA,NA,NA,NA,NA,NA,NA,NA,114,NA,NA,NA,NA,NA,NA,NA,NA,113,NA,NA
"2024-08-22",NA,NA,NA,NA,NA,NA,NA,NA,NA,NA,NA,NA,NA,NA,NA,89,NA,NA,NA,NA,NA,NA,NA,NA,120,NA,NA
"2024-08-23",NA,NA,NA,NA,NA,NA,NA,NA,NA,NA,NA,NA,NA,NA,NA,90,NA,NA,NA,NA,NA,NA,NA,NA,129,NA,NA
"2024-08-24",NA,NA,NA,NA,NA,NA,NA,NA,NA,NA,NA,NA,NA,NA,NA,100,NA,NA,NA,NA,NA,NA,NA,NA,92,NA,NA
"2024-08-25",NA,NA,NA,NA,NA,NA,NA,NA,NA,NA,NA,NA,NA,NA,NA,93,NA,NA,NA,NA,NA,NA,NA,NA,86,NA,NA
"2024-08-26",NA,NA,NA,NA,NA,NA,NA,NA,NA,NA,NA,NA,NA,NA,NA,82,NA,NA,NA,NA,NA,NA,NA,NA,135,NA,NA
"2024-08-27",NA,NA,NA,NA,NA,NA,NA,NA,NA,NA,NA,NA,NA,NA,NA,0,NA,NA,NA,NA,NA,NA,NA,NA,107,NA,NA
"2024-08-28",NA,NA,NA,NA,NA,NA,NA,NA,NA,NA,NA,NA,NA,NA,NA,0,NA,NA,NA,NA,NA,NA,NA,NA,154,NA,NA
"2024-08-29",NA,NA,NA,NA,NA,NA,NA,NA,NA,NA,NA,NA,NA,NA,NA,0,NA,NA,NA,NA,NA,NA,NA,NA,136,NA,NA
"2024-08-30",NA,NA,NA,NA,NA,NA,NA,NA,NA,NA,NA,NA,NA,NA,NA,0,NA,NA,NA,NA,NA,NA,NA,NA,115,NA,NA
"2024-08-31",NA,NA,NA,NA,NA,NA,NA,NA,NA,NA,NA,NA,NA,NA,NA,0,NA,NA,NA,NA,NA,NA,NA,NA,90,NA,NA
"2024-09-01",NA,NA,NA,NA,NA,NA,NA,NA,NA,NA,NA,NA,NA,NA,NA,0,NA,NA,NA,NA,NA,NA,NA,NA,122,NA,NA
"2024-09-02",NA,NA,NA,NA,NA,NA,NA,NA,NA,NA,NA,NA,NA,NA,NA,0,NA,NA,NA,NA,NA,NA,NA,NA,125,NA,NA
"2024-09-03",NA,NA,NA,NA,NA,NA,NA,NA,NA,NA,NA,NA,NA,NA,NA,83,NA,NA,NA,NA,NA,NA,NA,NA,93,NA,NA
"2024-09-04",NA,NA,NA,NA,NA,NA,NA,NA,NA,NA,NA,NA,NA,NA,NA,80,NA,NA,NA,NA,NA,NA,NA,NA,118,NA,NA
"2024-09-05",NA,NA,NA,NA,NA,NA,NA,NA,NA,NA,NA,NA,NA,NA,NA,84,NA,NA,NA,NA,NA,NA,NA,NA,109,NA,NA
"2024-09-06",NA,NA,NA,NA,NA,NA,NA,NA,NA,NA,NA,NA,NA,NA,NA,0,NA,NA,NA,NA,NA,NA,NA,NA,133,NA,NA
"2024-09-07",NA,NA,NA,NA,NA,NA,NA,NA,NA,NA,NA,NA,NA,NA,NA,87,NA,NA,NA,NA,NA,NA,NA,NA,137,NA,NA
"2024-09-08",NA,NA,NA,NA,NA,NA,NA,NA,NA,NA,NA,NA,NA,NA,NA,96,NA,NA,NA,NA,NA,NA,NA,NA,99,NA,NA
"2024-09-09",NA,NA,NA,NA,NA,NA,NA,NA,NA,NA,NA,NA,NA,NA,NA,90,NA,NA,NA,NA,NA,NA,NA,NA,93,NA,NA
"2024-09-10",NA,NA,NA,NA,NA,NA,NA,NA,NA,NA,NA,NA,NA,NA,NA,175,NA,NA,NA,NA,NA,NA,NA,NA,0,NA,NA
"2024-09-11",NA,NA,NA,NA,NA,NA,NA,NA,NA,NA,NA,NA,NA,NA,NA,133,NA,NA,NA,NA,NA,NA,NA,NA,0,NA,NA
"2024-09-12",NA,NA,NA,NA,NA,NA,NA,NA,NA,NA,NA,NA,NA,NA,NA,80,NA,NA,NA,NA,NA,NA,NA,NA,NA,NA,NA
"2024-09-13",NA,NA,NA,NA,NA,NA,NA,NA,NA,NA,NA,NA,NA,NA,NA,100,NA,NA,NA,NA,NA,NA,NA,NA,NA,NA,NA
"2024-09-14",NA,NA,NA,NA,NA,NA,NA,NA,NA,NA,NA,NA,NA,NA,NA,0,NA,NA,NA,NA,NA,NA,NA,NA,NA,NA,NA
"2024-09-15",NA,NA,NA,NA,NA,NA,NA,NA,NA,NA,NA,NA,NA,NA,NA,0,NA,NA,NA,NA,NA,NA,NA,NA,NA,NA,NA
"2024-09-16",NA,NA,NA,NA,NA,NA,NA,NA,NA,NA,NA,NA,NA,NA,NA,141,NA,NA,NA,NA,NA,NA,NA,NA,NA,NA,NA
"2024-09-17",NA,NA,NA,NA,NA,NA,NA,NA,NA,NA,NA,NA,NA,NA,NA,127,NA,NA,NA,NA,NA,NA,NA,NA,NA,NA,NA
"2024-09-18",NA,NA,NA,NA,NA,NA,NA,NA,NA,NA,NA,NA,NA,NA,NA,145,NA,NA,NA,NA,NA,NA,NA,NA,NA,NA,NA
"2024-09-19",NA,NA,NA,NA,NA,NA,NA,NA,NA,NA,NA,NA,NA,NA,NA,146,NA,NA,NA,NA,NA,NA,NA,NA,NA,NA,NA
"2024-09-20",NA,NA,NA,NA,NA,NA,NA,NA,NA,NA,NA,NA,NA,NA,NA,142,NA,NA,NA,NA,NA,NA,NA,NA,NA,NA,NA
"2024-09-21",NA,NA,NA,NA,NA,NA,NA,NA,NA,NA,NA,NA,NA,NA,NA,172,NA,NA,NA,NA,NA,NA,NA,NA,NA,NA,NA
"2024-09-22",NA,NA,NA,NA,NA,NA,NA,NA,NA,NA,NA,NA,NA,NA,NA,189,NA,NA,NA,NA,NA,NA,NA,NA,NA,NA,NA
"2024-09-23",NA,NA,NA,NA,NA,NA,NA,NA,NA,NA,NA,NA,NA,NA,NA,155,NA,NA,NA,NA,NA,NA,NA,NA,NA,NA,NA
"2024-09-24",NA,NA,NA,NA,NA,NA,NA,NA,NA,NA,NA,NA,NA,NA,NA,178,NA,NA,NA,NA,NA,NA,NA,NA,NA,NA,NA
"2024-09-25",NA,NA,NA,NA,NA,NA,NA,NA,NA,NA,NA,NA,NA,NA,NA,166,NA,NA,NA,NA,NA,NA,NA,NA,NA,NA,NA
"2024-09-26",NA,NA,NA,NA,NA,NA,NA,NA,NA,NA,NA,NA,NA,NA,NA,144,NA,NA,NA,NA,NA,NA,NA,NA,NA,NA,NA
"2024-09-27",NA,NA,NA,NA,NA,NA,NA,NA,NA,NA,NA,NA,NA,NA,NA,138,NA,NA,NA,NA,NA,NA,NA,NA,NA,NA,NA
"2024-09-28",NA,NA,NA,NA,NA,NA,NA,NA,NA,NA,NA,NA,NA,NA,NA,130,NA,NA,NA,NA,NA,NA,NA,NA,NA,NA,NA
"2024-09-29",NA,NA,NA,NA,NA,NA,NA,NA,NA,NA,NA,NA,NA,NA,NA,163,NA,NA,NA,NA,NA,NA,NA,NA,NA,NA,NA
"2024-09-30",NA,NA,NA,NA,NA,NA,NA,NA,NA,NA,NA,NA,NA,NA,NA,179,NA,NA,NA,NA,NA,NA,NA,NA,NA,NA,NA
"2024-10-01",NA,NA,NA,NA,NA,NA,NA,NA,NA,NA,NA,NA,NA,NA,NA,0,NA,NA,NA,NA,NA,NA,NA,NA,NA,NA,NA
"2024-10-02",NA,NA,NA,NA,NA,NA,NA,NA,NA,NA,NA,NA,NA,NA,NA,165,NA,NA,NA,NA,NA,NA,NA,NA,NA,NA,NA
"2024-10-03",NA,NA,NA,NA,NA,NA,NA,NA,NA,NA,NA,NA,NA,NA,NA,166,NA,NA,NA,NA,NA,NA,NA,NA,NA,NA,NA
"2024-10-04",NA,NA,NA,NA,NA,NA,NA,NA,NA,NA,NA,NA,NA,NA,NA,56,NA,NA,NA,NA,NA,NA,NA,NA,NA,NA,NA
"2024-10-05",NA,NA,NA,NA,NA,NA,NA,NA,NA,NA,NA,NA,NA,NA,NA,181,NA,NA,NA,NA,NA,NA,NA,NA,NA,NA,NA
"2024-10-06",NA,NA,NA,NA,NA,NA,NA,NA,NA,NA,NA,NA,NA,NA,NA,193,NA,NA,NA,NA,NA,NA,NA,NA,NA,NA,NA
"2024-10-07",NA,NA,NA,NA,NA,NA,NA,NA,NA,NA,NA,NA,NA,NA,NA,180,NA,NA,NA,NA,NA,NA,NA,NA,NA,NA,NA
"2024-10-08",NA,NA,NA,NA,NA,NA,NA,NA,NA,NA,NA,NA,NA,NA,NA,0,NA,NA,NA,NA,NA,NA,NA,NA,NA,NA,NA
"2024-10-09",NA,NA,NA,NA,NA,NA,NA,NA,NA,NA,NA,NA,NA,NA,NA,0,NA,NA,NA,NA,NA,NA,NA,NA,NA,NA,NA
"2024-10-10",NA,NA,NA,NA,NA,NA,NA,NA,NA,NA,NA,NA,NA,NA,NA,0,NA,NA,NA,NA,NA,NA,NA,NA,NA,NA,NA
"2024-10-11",NA,NA,NA,NA,NA,NA,NA,NA,NA,NA,NA,NA,NA,NA,NA,0,NA,NA,NA,NA,NA,NA,NA,NA,NA,NA,NA
"2024-10-12",NA,NA,NA,NA,NA,NA,NA,NA,NA,NA,NA,NA,NA,NA,NA,0,NA,NA,NA,NA,NA,NA,NA,NA,NA,NA,NA
"2024-10-13",NA,NA,NA,NA,NA,NA,NA,NA,NA,NA,NA,NA,NA,NA,NA,0,NA,NA,NA,NA,NA,NA,NA,NA,NA,NA,NA
"2024-10-14",NA,NA,NA,NA,NA,NA,NA,NA,NA,NA,NA,NA,NA,NA,NA,0,NA,NA,NA,NA,NA,NA,NA,NA,NA,NA,NA
"2024-10-15",NA,NA,NA,NA,NA,NA,NA,NA,NA,NA,NA,NA,NA,NA,NA,86,NA,NA,NA,NA,NA,NA,NA,NA,NA,NA,NA
"2024-10-16",NA,NA,NA,NA,NA,NA,NA,NA,NA,NA,NA,NA,NA,NA,NA,0,NA,NA,NA,NA,NA,NA,NA,NA,NA,NA,NA
"2024-10-17",NA,NA,NA,NA,NA,NA,NA,NA,NA,NA,NA,NA,NA,NA,NA,0,NA,NA,NA,NA,NA,NA,NA,NA,NA,NA,NA
"2024-10-18",NA,NA,NA,NA,NA,NA,NA,NA,NA,NA,NA,NA,NA,NA,NA,0,NA,NA,NA,NA,NA,NA,NA,NA,NA,NA,NA
"2024-10-19",NA,NA,NA,NA,NA,NA,NA,NA,NA,NA,NA,NA,NA,NA,NA,0,NA,NA,NA,NA,NA,NA,NA,NA,NA,NA,NA
"2024-10-20",NA,NA,NA,NA,NA,NA,NA,NA,NA,NA,NA,NA,NA,NA,NA,0,NA,NA,NA,NA,NA,NA,NA,NA,NA,NA,NA
"2024-10-21",NA,NA,NA,NA,NA,NA,NA,NA,NA,NA,NA,NA,NA,NA,NA,0,NA,NA,NA,NA,NA,NA,NA,NA,NA,NA,NA
"2024-10-22",NA,NA,NA,NA,NA,NA,NA,NA,NA,NA,NA,NA,NA,NA,NA,167,NA,NA,NA,NA,NA,NA,NA,NA,NA,NA,NA
"2024-10-23",NA,NA,NA,NA,NA,NA,NA,NA,NA,NA,NA,NA,NA,NA,NA,159,NA,NA,NA,NA,NA,NA,NA,NA,NA,NA,NA
"2024-10-24",NA,NA,NA,NA,NA,NA,NA,NA,NA,NA,NA,NA,NA,NA,NA,166,NA,NA,NA,NA,NA,NA,NA,NA,NA,NA,NA
"2024-10-25",NA,NA,NA,NA,NA,NA,NA,NA,NA,NA,NA,NA,NA,NA,NA,162,NA,NA,NA,NA,NA,NA,NA,NA,NA,NA,NA
"2024-10-26",NA,NA,NA,NA,NA,NA,NA,NA,NA,NA,NA,NA,NA,NA,NA,171,NA,NA,NA,NA,NA,NA,NA,NA,NA,NA,NA
"2024-10-27",NA,NA,NA,NA,NA,NA,NA,NA,NA,NA,NA,NA,NA,NA,NA,171,NA,NA,NA,NA,NA,NA,NA,NA,NA,NA,NA
"2024-10-28",NA,NA,NA,NA,NA,NA,NA,NA,NA,NA,NA,NA,NA,NA,NA,194,NA,NA,NA,NA,NA,NA,NA,NA,NA,NA,NA
"2024-10-29",NA,NA,NA,NA,NA,NA,NA,NA,NA,NA,NA,NA,NA,NA,NA,163,NA,NA,NA,NA,NA,NA,NA,NA,NA,NA,NA
"2024-10-30",NA,NA,NA,NA,NA,NA,NA,NA,NA,NA,NA,NA,NA,NA,NA,172,NA,NA,NA,NA,NA,NA,NA,NA,NA,NA,NA
"2024-10-31",NA,NA,NA,NA,NA,NA,NA,NA,NA,NA,NA,NA,NA,NA,NA,155,NA,NA,NA,NA,NA,NA,NA,NA,NA,NA,NA
"2024-11-01",NA,NA,NA,NA,NA,NA,NA,NA,NA,NA,NA,NA,NA,NA,NA,159,NA,NA,NA,NA,NA,NA,NA,NA,NA,NA,NA
"2024-11-02",NA,NA,NA,NA,NA,NA,NA,NA,NA,NA,NA,NA,NA,NA,NA,191,NA,NA,NA,NA,NA,NA,NA,NA,NA,NA,NA
"2024-11-03",NA,NA,NA,NA,NA,NA,NA,NA,NA,NA,NA,NA,NA,NA,NA,197,NA,NA,NA,NA,NA,NA,NA,NA,NA,NA,NA
"2024-11-04",NA,NA,NA,NA,NA,NA,NA,NA,NA,NA,NA,NA,NA,NA,NA,172,NA,NA,NA,NA,NA,NA,NA,NA,NA,NA,NA
"2024-11-05",NA,NA,NA,NA,NA,NA,NA,NA,NA,NA,NA,NA,NA,NA,NA,181,NA,NA,NA,NA,NA,NA,NA,NA,NA,NA,NA
"2024-11-06",NA,NA,NA,NA,NA,NA,NA,NA,NA,NA,NA,NA,NA,NA,NA,0,NA,NA,NA,NA,NA,NA,NA,NA,NA,NA,NA
"2024-11-07",NA,NA,NA,NA,NA,NA,NA,NA,NA,NA,NA,NA,NA,NA,NA,107,NA,NA,NA,NA,NA,NA,NA,NA,NA,NA,NA
"2024-11-08",NA,NA,NA,NA,NA,NA,NA,NA,NA,NA,NA,NA,NA,NA,NA,123,NA,NA,NA,NA,NA,NA,NA,NA,NA,NA,NA
"2024-11-09",NA,NA,NA,NA,NA,NA,NA,NA,NA,NA,NA,NA,NA,NA,NA,82,NA,NA,NA,NA,NA,NA,NA,NA,NA,NA,NA
"2024-11-10",NA,NA,NA,NA,NA,NA,NA,NA,NA,NA,NA,NA,NA,NA,NA,92,NA,NA,NA,NA,NA,NA,NA,NA,NA,NA,NA
"2024-11-11",NA,NA,NA,NA,NA,NA,NA,NA,NA,NA,NA,NA,NA,NA,NA,128,NA,NA,NA,NA,NA,NA,NA,NA,NA,NA,NA
"2024-11-12",NA,NA,NA,NA,NA,NA,NA,NA,NA,NA,NA,NA,NA,NA,NA,68,NA,NA,NA,NA,NA,NA,NA,NA,NA,NA,NA
"2024-11-13",NA,NA,NA,NA,NA,NA,NA,NA,NA,NA,NA,NA,NA,NA,NA,218,NA,NA,NA,NA,NA,NA,NA,NA,NA,NA,NA
"2024-11-14",NA,NA,NA,NA,NA,NA,NA,NA,NA,NA,NA,NA,NA,NA,NA,133,NA,NA,NA,NA,NA,NA,NA,NA,NA,NA,NA
"2024-11-15",NA,NA,NA,NA,NA,NA,NA,NA,NA,NA,NA,NA,NA,NA,NA,148,NA,NA,NA,NA,NA,NA,NA,NA,NA,NA,NA
"2024-11-16",NA,NA,NA,NA,NA,NA,NA,NA,NA,NA,NA,NA,NA,NA,NA,158,NA,NA,NA,NA,NA,NA,NA,NA,NA,NA,NA
"2024-11-17",NA,NA,NA,NA,NA,NA,NA,NA,NA,NA,NA,NA,NA,NA,NA,143,NA,NA,NA,NA,NA,NA,NA,NA,NA,NA,NA
"2024-11-18",NA,NA,NA,NA,NA,NA,NA,NA,NA,NA,NA,NA,NA,NA,NA,172,NA,NA,NA,NA,NA,NA,NA,NA,NA,NA,NA
"2024-11-19",NA,NA,NA,NA,NA,NA,NA,NA,NA,NA,NA,NA,NA,NA,NA,0,NA,NA,NA,NA,NA,NA,NA,NA,NA,NA,NA
"2024-11-20",NA,NA,NA,NA,NA,NA,NA,NA,NA,NA,NA,NA,NA,NA,NA,0,NA,NA,NA,NA,NA,NA,NA,NA,NA,NA,NA
"2024-11-21",NA,NA,NA,NA,NA,NA,NA,NA,NA,NA,NA,NA,NA,NA,NA,0,NA,NA,NA,NA,NA,NA,NA,NA,NA,NA,NA
"2024-11-22",NA,NA,NA,NA,NA,NA,NA,NA,NA,NA,NA,NA,NA,NA,NA,0,NA,NA,NA,NA,NA,NA,NA,NA,NA,NA,NA
"2024-11-23",NA,NA,NA,NA,NA,NA,NA,NA,NA,NA,NA,NA,NA,NA,NA,0,NA,NA,NA,NA,NA,NA,NA,NA,NA,NA,NA
"2024-11-24",NA,NA,NA,NA,NA,NA,NA,NA,NA,NA,NA,NA,NA,NA,NA,0,NA,NA,NA,NA,NA,NA,NA,NA,NA,NA,NA
"2024-11-25",NA,NA,NA,NA,NA,NA,NA,NA,NA,NA,NA,NA,NA,NA,NA,0,NA,NA,NA,NA,NA,NA,NA,NA,NA,NA,NA
"2024-11-26",NA,NA,NA,NA,NA,NA,NA,NA,NA,NA,NA,NA,NA,NA,NA,0,NA,NA,NA,NA,NA,NA,NA,NA,NA,NA,NA
"2024-11-27",NA,NA,NA,NA,NA,NA,NA,NA,NA,NA,NA,NA,NA,NA,NA,195,NA,NA,NA,NA,NA,NA,NA,NA,NA,NA,NA
"2024-11-28",NA,NA,NA,NA,NA,NA,NA,NA,NA,NA,NA,NA,NA,NA,NA,186,NA,NA,NA,NA,NA,NA,NA,NA,NA,NA,NA
"2024-11-29",NA,NA,NA,NA,NA,NA,NA,NA,NA,NA,NA,NA,NA,NA,NA,0,NA,NA,NA,NA,NA,NA,NA,NA,NA,NA,NA
"2024-11-30",NA,NA,NA,NA,NA,NA,NA,NA,NA,NA,NA,NA,NA,NA,NA,0,NA,NA,NA,NA,NA,NA,NA,NA,NA,NA,NA
"2024-12-01",NA,NA,NA,NA,NA,NA,NA,NA,NA,NA,NA,NA,NA,NA,NA,139,NA,NA,NA,NA,NA,NA,NA,NA,NA,NA,NA
"2024-12-02",NA,NA,NA,NA,NA,NA,NA,NA,NA,NA,NA,NA,NA,NA,NA,196,NA,NA,NA,NA,NA,NA,NA,NA,NA,NA,NA
"2024-12-03",NA,NA,NA,NA,NA,NA,NA,NA,NA,NA,NA,NA,NA,NA,NA,68,NA,NA,NA,NA,NA,NA,NA,NA,NA,NA,NA
"2024-12-04",NA,NA,NA,NA,NA,NA,NA,NA,NA,NA,NA,NA,NA,NA,NA,93,NA,NA,NA,NA,NA,NA,NA,NA,NA,NA,NA
"2024-12-05",NA,NA,NA,NA,NA,NA,NA,NA,NA,NA,NA,NA,NA,NA,NA,87,NA,NA,NA,NA,NA,NA,NA,NA,NA,NA,NA
"2024-12-06",NA,NA,NA,NA,NA,NA,NA,NA,NA,NA,NA,NA,NA,NA,NA,67,NA,NA,NA,NA,NA,NA,NA,NA,NA,NA,NA
"2024-12-07",NA,NA,NA,NA,NA,NA,NA,NA,NA,NA,NA,NA,NA,NA,NA,71,NA,NA,NA,NA,NA,NA,NA,NA,NA,NA,NA
"2024-12-08",NA,NA,NA,NA,NA,NA,NA,NA,NA,NA,NA,NA,NA,NA,NA,72,NA,NA,NA,NA,NA,NA,NA,NA,NA,NA,NA
"2024-12-09",NA,NA,NA,NA,NA,NA,NA,NA,NA,NA,NA,NA,NA,NA,NA,76,NA,NA,NA,NA,NA,NA,NA,NA,NA,NA,NA
"2024-12-10",NA,NA,NA,NA,NA,NA,NA,NA,NA,NA,NA,NA,NA,NA,NA,0,NA,NA,NA,NA,NA,NA,NA,NA,NA,NA,NA
"2024-12-11",NA,NA,NA,NA,NA,NA,NA,NA,NA,NA,NA,NA,NA,NA,NA,0,NA,NA,NA,NA,NA,NA,NA,NA,NA,NA,NA
"2024-12-12",NA,NA,NA,NA,NA,NA,NA,NA,NA,NA,NA,NA,NA,NA,NA,0,NA,NA,NA,NA,NA,NA,NA,NA,NA,NA,NA
"2024-12-13",NA,NA,NA,NA,NA,NA,NA,NA,NA,NA,NA,NA,NA,NA,NA,0,NA,NA,NA,NA,NA,NA,NA,NA,NA,NA,NA
"2024-12-14",NA,NA,NA,NA,NA,NA,NA,NA,NA,NA,NA,NA,NA,NA,NA,0,NA,NA,NA,NA,NA,NA,NA,NA,NA,NA,NA
"2024-12-15",NA,NA,NA,NA,NA,NA,NA,NA,NA,NA,NA,NA,NA,NA,NA,0,NA,NA,NA,NA,NA,NA,NA,NA,NA,NA,NA
"2024-12-16",NA,NA,NA,NA,NA,NA,NA,NA,NA,NA,NA,NA,NA,NA,NA,0,NA,NA,NA,NA,NA,NA,NA,NA,NA,NA,NA
"2024-12-17",NA,NA,NA,NA,NA,NA,NA,NA,NA,NA,NA,NA,NA,NA,NA,203,NA,NA,NA,NA,NA,NA,NA,NA,NA,NA,NA
"2024-12-18",NA,NA,NA,NA,NA,NA,NA,NA,NA,NA,NA,NA,NA,NA,NA,160,NA,NA,NA,NA,NA,NA,NA,NA,NA,NA,NA
"2024-12-19",NA,NA,NA,NA,NA,NA,NA,NA,NA,NA,NA,NA,NA,NA,NA,153,NA,NA,NA,NA,NA,NA,NA,NA,NA,NA,NA
"2024-12-20",NA,NA,NA,NA,NA,NA,NA,NA,NA,NA,NA,NA,NA,NA,NA,144,NA,NA,NA,NA,NA,NA,NA,NA,NA,NA,NA
"2024-12-21",NA,NA,NA,NA,NA,NA,NA,NA,NA,NA,NA,NA,NA,NA,NA,203,NA,NA,NA,NA,NA,NA,NA,NA,NA,NA,NA
"2024-12-22",NA,NA,NA,NA,NA,NA,NA,NA,NA,NA,NA,NA,NA,NA,NA,181,NA,NA,NA,NA,NA,NA,NA,NA,NA,NA,NA
"2024-12-23",NA,NA,NA,NA,NA,NA,NA,NA,NA,NA,NA,NA,NA,NA,NA,159,NA,NA,NA,NA,NA,NA,NA,NA,NA,NA,NA
"2024-12-24",NA,NA,NA,NA,NA,NA,NA,NA,NA,NA,NA,NA,NA,NA,NA,154,NA,NA,NA,NA,NA,NA,NA,NA,NA,NA,NA
"2024-12-25",NA,NA,NA,NA,NA,NA,NA,NA,NA,NA,NA,NA,NA,NA,NA,149,NA,NA,NA,NA,NA,NA,NA,NA,NA,NA,NA
"2024-12-26",NA,NA,NA,NA,NA,NA,NA,NA,NA,NA,NA,NA,NA,NA,NA,130,NA,NA,NA,NA,NA,NA,NA,NA,NA,NA,NA
"2024-12-27",NA,NA,NA,NA,NA,NA,NA,NA,NA,NA,NA,NA,NA,NA,NA,175,NA,NA,NA,NA,NA,NA,NA,NA,NA,NA,NA
"2024-12-28",NA,NA,NA,NA,NA,NA,NA,NA,NA,NA,NA,NA,NA,NA,NA,127,NA,NA,NA,NA,NA,NA,NA,NA,NA,NA,NA
"2024-12-29",NA,NA,NA,NA,NA,NA,NA,NA,NA,NA,NA,NA,NA,NA,NA,184,NA,NA,NA,NA,NA,NA,NA,NA,NA,NA,NA
"2024-12-30",NA,NA,NA,NA,NA,NA,NA,NA,NA,NA,NA,NA,NA,NA,NA,175,NA,NA,NA,NA,NA,NA,NA,NA,NA,NA,NA
"2024-12-31",NA,NA,NA,NA,NA,NA,NA,NA,NA,NA,NA,NA,NA,NA,NA,216,NA,NA,NA,NA,NA,NA,NA,NA,NA,NA,NA
